analysis_status,job,group,seed,metric,generation,gap,best_observed_coalition,best_observed_defender,mc_low,mc_high,simultaneous_cell_epsilon,episodes_per_cell,pool_size
complete,multigen_none_n7_r8_k10_s0,multigen_none_n7_r8_k10,0,any_false_ejection_rate,0,0.238,0,8,0.053775463092337494,0.36211226845383127,0.09211226845383126,500,11
complete,multigen_none_n7_r8_k10_s0,multigen_none_n7_r8_k10,0,any_false_ejection_rate,1,0.646,0,0,0.4617754630923375,0.8302245369076625,0.09211226845383126,500,11
complete,multigen_none_n7_r8_k10_s0,multigen_none_n7_r8_k10,0,any_false_ejection_rate,2,0.626,2,0,0.44177546309233745,0.8102245369076625,0.09211226845383126,500,11
complete,multigen_none_n7_r8_k10_s0,multigen_none_n7_r8_k10,0,any_false_ejection_rate,3,0.598,0,0,0.4137754630923375,0.7822245369076625,0.09211226845383126,500,11
complete,multigen_none_n7_r8_k10_s0,multigen_none_n7_r8_k10,0,any_false_ejection_rate,4,0.6579999999999999,4,0,0.4737754630923375,0.8422245369076625,0.09211226845383126,500,11
complete,multigen_none_n7_r8_k10_s0,multigen_none_n7_r8_k10,0,any_false_ejection_rate,5,0.646,0,0,0.46177546309233747,0.8302245369076625,0.09211226845383126,500,11
complete,multigen_none_n7_r8_k10_s0,multigen_none_n7_r8_k10,0,any_false_ejection_rate,6,0.55,6,0,0.3657754630923375,0.7342245369076625,0.09211226845383126,500,11
complete,multigen_none_n7_r8_k10_s0,multigen_none_n7_r8_k10,0,any_false_ejection_rate,7,0.6679999999999999,0,0,0.48377546309233743,0.8522245369076624,0.09211226845383126,500,11
complete,multigen_none_n7_r8_k10_s0,multigen_none_n7_r8_k10,0,any_false_ejection_rate,8,0.686,8,0,0.5017754630923374,0.8641122684538313,0.09211226845383126,500,11
complete,multigen_none_n7_r8_k10_s0,multigen_none_n7_r8_k10,0,any_false_ejection_rate,9,0.554,0,0,0.36977546309233755,0.7382245369076625,0.09211226845383126,500,11
complete,multigen_none_n7_r8_k10_s0,multigen_none_n7_r8_k10,0,any_false_ejection_rate,10,0.49,10,0,0.3057754630923375,0.6742245369076625,0.09211226845383126,500,11
complete,multigen_none_n7_r8_k10_s0,multigen_none_n7_r8_k10,0,coalition_game_win_rate,0,0.786,0,8,0.6017754630923375,0.9101122684538313,0.09211226845383126,500,11
complete,multigen_none_n7_r8_k10_s0,multigen_none_n7_r8_k10,0,coalition_game_win_rate,1,0.658,1,0,0.4737754630923375,0.8422245369076625,0.09211226845383126,500,11
complete,multigen_none_n7_r8_k10_s0,multigen_none_n7_r8_k10,0,coalition_game_win_rate,2,0.49799999999999994,2,0,0.31377546309233745,0.6822245369076625,0.09211226845383126,500,11
complete,multigen_none_n7_r8_k10_s0,multigen_none_n7_r8_k10,0,coalition_game_win_rate,3,0.506,3,0,0.3217754630923375,0.6902245369076625,0.09211226845383126,500,11
complete,multigen_none_n7_r8_k10_s0,multigen_none_n7_r8_k10,0,coalition_game_win_rate,4,0.6559999999999999,4,0,0.4717754630923374,0.8402245369076624,0.09211226845383126,500,11
complete,multigen_none_n7_r8_k10_s0,multigen_none_n7_r8_k10,0,coalition_game_win_rate,5,0.6499999999999999,5,0,0.46577546309233747,0.8342245369076625,0.09211226845383126,500,11
complete,multigen_none_n7_r8_k10_s0,multigen_none_n7_r8_k10,0,coalition_game_win_rate,6,0.53,6,0,0.34577546309233753,0.7142245369076625,0.09211226845383126,500,11
complete,multigen_none_n7_r8_k10_s0,multigen_none_n7_r8_k10,0,coalition_game_win_rate,7,0.608,7,0,0.4237754630923375,0.7922245369076625,0.09211226845383126,500,11
complete,multigen_none_n7_r8_k10_s0,multigen_none_n7_r8_k10,0,coalition_game_win_rate,8,0.71,8,0,0.5257754630923375,0.8942245369076626,0.09211226845383126,500,11
complete,multigen_none_n7_r8_k10_s0,multigen_none_n7_r8_k10,0,coalition_game_win_rate,9,0.6180000000000001,9,10,0.43377546309233755,0.8022245369076626,0.09211226845383126,500,11
complete,multigen_none_n7_r8_k10_s0,multigen_none_n7_r8_k10,0,coalition_game_win_rate,10,0.544,10,0,0.3597754630923375,0.7282245369076625,0.09211226845383126,500,11
complete,multigen_none_n7_r8_k10_s1,multigen_none_n7_r8_k10,1,any_false_ejection_rate,0,0.27,0,3,0.08577546309233752,0.3821122684538313,0.09211226845383126,500,11
complete,multigen_none_n7_r8_k10_s1,multigen_none_n7_r8_k10,1,any_false_ejection_rate,1,0.6699999999999999,8,0,0.48577546309233743,0.8542245369076624,0.09211226845383126,500,11
complete,multigen_none_n7_r8_k10_s1,multigen_none_n7_r8_k10,1,any_false_ejection_rate,2,0.6920000000000001,8,0,0.5077754630923375,0.8701122684538313,0.09211226845383126,500,11
complete,multigen_none_n7_r8_k10_s1,multigen_none_n7_r8_k10,1,any_false_ejection_rate,3,0.556,3,0,0.37177546309233755,0.7402245369076625,0.09211226845383126,500,11
complete,multigen_none_n7_r8_k10_s1,multigen_none_n7_r8_k10,1,any_false_ejection_rate,4,0.608,4,0,0.4237754630923375,0.7922245369076625,0.09211226845383126,500,11
complete,multigen_none_n7_r8_k10_s1,multigen_none_n7_r8_k10,1,any_false_ejection_rate,5,0.602,0,0,0.4177754630923375,0.7862245369076625,0.09211226845383126,500,11
complete,multigen_none_n7_r8_k10_s1,multigen_none_n7_r8_k10,1,any_false_ejection_rate,6,0.5720000000000001,6,0,0.3877754630923375,0.7562245369076626,0.09211226845383126,500,11
complete,multigen_none_n7_r8_k10_s1,multigen_none_n7_r8_k10,1,any_false_ejection_rate,7,0.658,0,0,0.47377546309233753,0.8161122684538312,0.09211226845383126,500,11
complete,multigen_none_n7_r8_k10_s1,multigen_none_n7_r8_k10,1,any_false_ejection_rate,8,0.512,8,0,0.32777546309233746,0.6962245369076625,0.09211226845383126,500,11
complete,multigen_none_n7_r8_k10_s1,multigen_none_n7_r8_k10,1,any_false_ejection_rate,9,0.546,0,0,0.3617754630923375,0.7302245369076625,0.09211226845383126,500,11
complete,multigen_none_n7_r8_k10_s1,multigen_none_n7_r8_k10,1,any_false_ejection_rate,10,0.62,0,0,0.4357754630923375,0.8042245369076625,0.09211226845383126,500,11
complete,multigen_none_n7_r8_k10_s1,multigen_none_n7_r8_k10,1,coalition_game_win_rate,0,0.856,0,6,0.6717754630923375,0.9701122684538313,0.09211226845383126,500,11
complete,multigen_none_n7_r8_k10_s1,multigen_none_n7_r8_k10,1,coalition_game_win_rate,1,0.6779999999999999,6,0,0.49377546309233744,0.8622245369076624,0.09211226845383126,500,11
complete,multigen_none_n7_r8_k10_s1,multigen_none_n7_r8_k10,1,coalition_game_win_rate,2,0.518,2,0,0.33377546309233747,0.7022245369076625,0.09211226845383126,500,11
complete,multigen_none_n7_r8_k10_s1,multigen_none_n7_r8_k10,1,coalition_game_win_rate,3,0.5640000000000001,3,0,0.3797754630923375,0.7482245369076626,0.09211226845383126,500,11
complete,multigen_none_n7_r8_k10_s1,multigen_none_n7_r8_k10,1,coalition_game_win_rate,4,0.6419999999999999,4,0,0.45777546309233746,0.8262245369076625,0.09211226845383126,500,11
complete,multigen_none_n7_r8_k10_s1,multigen_none_n7_r8_k10,1,coalition_game_win_rate,5,0.618,5,0,0.43377546309233744,0.8022245369076625,0.09211226845383126,500,11
complete,multigen_none_n7_r8_k10_s1,multigen_none_n7_r8_k10,1,coalition_game_win_rate,6,0.368,6,0,0.1837754630923375,0.5522245369076625,0.09211226845383126,500,11
complete,multigen_none_n7_r8_k10_s1,multigen_none_n7_r8_k10,1,coalition_game_win_rate,7,0.6699999999999999,7,6,0.4857754630923375,0.8542245369076625,0.09211226845383126,500,11
complete,multigen_none_n7_r8_k10_s1,multigen_none_n7_r8_k10,1,coalition_game_win_rate,8,0.528,8,0,0.34377546309233753,0.7122245369076625,0.09211226845383126,500,11
complete,multigen_none_n7_r8_k10_s1,multigen_none_n7_r8_k10,1,coalition_game_win_rate,9,0.5780000000000001,9,6,0.3937754630923375,0.7622245369076626,0.09211226845383126,500,11
complete,multigen_none_n7_r8_k10_s1,multigen_none_n7_r8_k10,1,coalition_game_win_rate,10,0.588,10,0,0.40377546309233747,0.7722245369076625,0.09211226845383126,500,11
complete,multigen_none_n7_r8_k10_s2,multigen_none_n7_r8_k10,2,any_false_ejection_rate,0,0.21999999999999997,0,2,0.03577546309233748,0.3701122684538313,0.09211226845383126,500,11
complete,multigen_none_n7_r8_k10_s2,multigen_none_n7_r8_k10,2,any_false_ejection_rate,1,0.65,10,0,0.46577546309233747,0.8342245369076625,0.09211226845383126,500,11
complete,multigen_none_n7_r8_k10_s2,multigen_none_n7_r8_k10,2,any_false_ejection_rate,2,0.58,2,0,0.39577546309233747,0.7642245369076625,0.09211226845383126,500,11
complete,multigen_none_n7_r8_k10_s2,multigen_none_n7_r8_k10,2,any_false_ejection_rate,3,0.592,3,0,0.4077754630923374,0.7762245369076625,0.09211226845383126,500,11
complete,multigen_none_n7_r8_k10_s2,multigen_none_n7_r8_k10,2,any_false_ejection_rate,4,0.5680000000000001,9,0,0.3837754630923375,0.7522245369076626,0.09211226845383126,500,11
complete,multigen_none_n7_r8_k10_s2,multigen_none_n7_r8_k10,2,any_false_ejection_rate,5,0.6000000000000001,0,0,0.41577546309233754,0.7842245369076626,0.09211226845383126,500,11
complete,multigen_none_n7_r8_k10_s2,multigen_none_n7_r8_k10,2,any_false_ejection_rate,6,0.66,4,0,0.47577546309233754,0.8341122684538312,0.09211226845383126,500,11
complete,multigen_none_n7_r8_k10_s2,multigen_none_n7_r8_k10,2,any_false_ejection_rate,7,0.686,7,0,0.5017754630923374,0.8702245369076625,0.09211226845383126,500,11
complete,multigen_none_n7_r8_k10_s2,multigen_none_n7_r8_k10,2,any_false_ejection_rate,8,0.692,0,0,0.5077754630923375,0.8762245369076624,0.09211226845383126,500,11
complete,multigen_none_n7_r8_k10_s2,multigen_none_n7_r8_k10,2,any_false_ejection_rate,9,0.628,9,0,0.4437754630923375,0.8122245369076625,0.09211226845383126,500,11
complete,multigen_none_n7_r8_k10_s2,multigen_none_n7_r8_k10,2,any_false_ejection_rate,10,0.6140000000000001,10,0,0.42977546309233755,0.7982245369076626,0.09211226845383126,500,11
complete,multigen_none_n7_r8_k10_s2,multigen_none_n7_r8_k10,2,coalition_game_win_rate,0,0.7899999999999999,0,9,0.6057754630923374,0.9441122684538312,0.09211226845383126,500,11
complete,multigen_none_n7_r8_k10_s2,multigen_none_n7_r8_k10,2,coalition_game_win_rate,1,0.772,1,0,0.5877754630923375,0.9562245369076625,0.09211226845383126,500,11
complete,multigen_none_n7_r8_k10_s2,multigen_none_n7_r8_k10,2,coalition_game_win_rate,2,0.658,2,3,0.47377546309233753,0.8422245369076625,0.09211226845383126,500,11
complete,multigen_none_n7_r8_k10_s2,multigen_none_n7_r8_k10,2,coalition_game_win_rate,3,0.66,3,9,0.47577546309233754,0.8442245369076625,0.09211226845383126,500,11
complete,multigen_none_n7_r8_k10_s2,multigen_none_n7_r8_k10,2,coalition_game_win_rate,4,0.646,9,0,0.46177546309233747,0.8302245369076625,0.09211226845383126,500,11
complete,multigen_none_n7_r8_k10_s2,multigen_none_n7_r8_k10,2,coalition_game_win_rate,5,0.6599999999999999,5,9,0.4757754630923375,0.8442245369076625,0.09211226845383126,500,11
complete,multigen_none_n7_r8_k10_s2,multigen_none_n7_r8_k10,2,coalition_game_win_rate,6,0.504,6,0,0.3197754630923375,0.6882245369076625,0.09211226845383126,500,11
complete,multigen_none_n7_r8_k10_s2,multigen_none_n7_r8_k10,2,coalition_game_win_rate,7,0.6819999999999999,7,0,0.49777546309233744,0.8662245369076624,0.09211226845383126,500,11
complete,multigen_none_n7_r8_k10_s2,multigen_none_n7_r8_k10,2,coalition_game_win_rate,8,0.74,8,0,0.5557754630923375,0.9242245369076625,0.09211226845383126,500,11
complete,multigen_none_n7_r8_k10_s2,multigen_none_n7_r8_k10,2,coalition_game_win_rate,9,0.586,9,3,0.40177546309233747,0.7702245369076625,0.09211226845383126,500,11
complete,multigen_none_n7_r8_k10_s2,multigen_none_n7_r8_k10,2,coalition_game_win_rate,10,0.6980000000000001,10,0,0.5137754630923376,0.8822245369076626,0.09211226845383126,500,11
complete,multigen_none_n7_r8_k10_s3,multigen_none_n7_r8_k10,3,any_false_ejection_rate,0,0.28,0,6,0.09577546309233753,0.3901122684538313,0.09211226845383126,500,11
complete,multigen_none_n7_r8_k10_s3,multigen_none_n7_r8_k10,3,any_false_ejection_rate,1,0.5,1,0,0.3157754630923375,0.6842245369076625,0.09211226845383126,500,11
complete,multigen_none_n7_r8_k10_s3,multigen_none_n7_r8_k10,3,any_false_ejection_rate,2,0.6539999999999999,2,0,0.4697754630923375,0.8382245369076625,0.09211226845383126,500,11
complete,multigen_none_n7_r8_k10_s3,multigen_none_n7_r8_k10,3,any_false_ejection_rate,3,0.594,3,0,0.4097754630923375,0.7782245369076625,0.09211226845383126,500,11
complete,multigen_none_n7_r8_k10_s3,multigen_none_n7_r8_k10,3,any_false_ejection_rate,4,0.5720000000000001,6,0,0.3877754630923375,0.7562245369076626,0.09211226845383126,500,11
complete,multigen_none_n7_r8_k10_s3,multigen_none_n7_r8_k10,3,any_false_ejection_rate,5,0.706,0,0,0.5217754630923375,0.8902245369076626,0.09211226845383126,500,11
complete,multigen_none_n7_r8_k10_s3,multigen_none_n7_r8_k10,3,any_false_ejection_rate,6,0.5760000000000001,6,0,0.3917754630923376,0.7461122684538313,0.09211226845383126,500,11
complete,multigen_none_n7_r8_k10_s3,multigen_none_n7_r8_k10,3,any_false_ejection_rate,7,0.594,7,0,0.4097754630923375,0.7782245369076625,0.09211226845383126,500,11
complete,multigen_none_n7_r8_k10_s3,multigen_none_n7_r8_k10,3,any_false_ejection_rate,8,0.646,8,0,0.46177546309233747,0.8302245369076625,0.09211226845383126,500,11
complete,multigen_none_n7_r8_k10_s3,multigen_none_n7_r8_k10,3,any_false_ejection_rate,9,0.692,0,0,0.5077754630923375,0.8762245369076626,0.09211226845383126,500,11
complete,multigen_none_n7_r8_k10_s3,multigen_none_n7_r8_k10,3,any_false_ejection_rate,10,0.6,0,0,0.4157754630923375,0.7842245369076625,0.09211226845383126,500,11
complete,multigen_none_n7_r8_k10_s3,multigen_none_n7_r8_k10,3,coalition_game_win_rate,0,0.76,0,1,0.5757754630923375,0.8781122684538313,0.09211226845383126,500,11
complete,multigen_none_n7_r8_k10_s3,multigen_none_n7_r8_k10,3,coalition_game_win_rate,1,0.646,9,6,0.46177546309233747,0.8302245369076625,0.09211226845383126,500,11
complete,multigen_none_n7_r8_k10_s3,multigen_none_n7_r8_k10,3,coalition_game_win_rate,2,0.734,2,0,0.5497754630923375,0.9182245369076625,0.09211226845383126,500,11
complete,multigen_none_n7_r8_k10_s3,multigen_none_n7_r8_k10,3,coalition_game_win_rate,3,0.64,3,4,0.45577546309233746,0.8242245369076625,0.09211226845383126,500,11
complete,multigen_none_n7_r8_k10_s3,multigen_none_n7_r8_k10,3,coalition_game_win_rate,4,0.576,4,0,0.39177546309233746,0.7602245369076625,0.09211226845383126,500,11
complete,multigen_none_n7_r8_k10_s3,multigen_none_n7_r8_k10,3,coalition_game_win_rate,5,0.58,5,0,0.39577546309233747,0.7642245369076625,0.09211226845383126,500,11
complete,multigen_none_n7_r8_k10_s3,multigen_none_n7_r8_k10,3,coalition_game_win_rate,6,0.714,6,7,0.5297754630923375,0.8982245369076625,0.09211226845383126,500,11
complete,multigen_none_n7_r8_k10_s3,multigen_none_n7_r8_k10,3,coalition_game_win_rate,7,0.6859999999999999,7,0,0.5017754630923374,0.8702245369076624,0.09211226845383126,500,11
complete,multigen_none_n7_r8_k10_s3,multigen_none_n7_r8_k10,3,coalition_game_win_rate,8,0.6619999999999999,8,0,0.4777754630923374,0.8462245369076624,0.09211226845383126,500,11
complete,multigen_none_n7_r8_k10_s3,multigen_none_n7_r8_k10,3,coalition_game_win_rate,9,0.708,9,0,0.5237754630923375,0.8922245369076625,0.09211226845383126,500,11
complete,multigen_none_n7_r8_k10_s3,multigen_none_n7_r8_k10,3,coalition_game_win_rate,10,0.5940000000000001,10,0,0.40977546309233753,0.7782245369076626,0.09211226845383126,500,11
complete,multigen_none_n7_r8_k10_s4,multigen_none_n7_r8_k10,4,any_false_ejection_rate,0,0.20399999999999996,0,6,0.019775463092337464,0.32211226845383123,0.09211226845383126,500,11
complete,multigen_none_n7_r8_k10_s4,multigen_none_n7_r8_k10,4,any_false_ejection_rate,1,0.652,1,0,0.4677754630923375,0.8362245369076625,0.09211226845383126,500,11
complete,multigen_none_n7_r8_k10_s4,multigen_none_n7_r8_k10,4,any_false_ejection_rate,2,0.5860000000000001,2,0,0.4017754630923375,0.7702245369076626,0.09211226845383126,500,11
complete,multigen_none_n7_r8_k10_s4,multigen_none_n7_r8_k10,4,any_false_ejection_rate,3,0.626,0,0,0.44177546309233745,0.8102245369076625,0.09211226845383126,500,11
complete,multigen_none_n7_r8_k10_s4,multigen_none_n7_r8_k10,4,any_false_ejection_rate,4,0.622,4,0,0.43777546309233745,0.8062245369076625,0.09211226845383126,500,11
complete,multigen_none_n7_r8_k10_s4,multigen_none_n7_r8_k10,4,any_false_ejection_rate,5,0.6539999999999999,9,0,0.4697754630923375,0.8382245369076625,0.09211226845383126,500,11
complete,multigen_none_n7_r8_k10_s4,multigen_none_n7_r8_k10,4,any_false_ejection_rate,6,0.5840000000000001,6,0,0.3997754630923375,0.7682245369076626,0.09211226845383126,500,11
complete,multigen_none_n7_r8_k10_s4,multigen_none_n7_r8_k10,4,any_false_ejection_rate,7,0.622,9,0,0.4377754630923375,0.8062245369076625,0.09211226845383126,500,11
complete,multigen_none_n7_r8_k10_s4,multigen_none_n7_r8_k10,4,any_false_ejection_rate,8,0.516,8,0,0.33177546309233746,0.7002245369076625,0.09211226845383126,500,11
complete,multigen_none_n7_r8_k10_s4,multigen_none_n7_r8_k10,4,any_false_ejection_rate,9,0.624,9,0,0.4397754630923375,0.8082245369076625,0.09211226845383126,500,11
complete,multigen_none_n7_r8_k10_s4,multigen_none_n7_r8_k10,4,any_false_ejection_rate,10,0.53,10,0,0.34577546309233753,0.7142245369076625,0.09211226845383126,500,11
complete,multigen_none_n7_r8_k10_s4,multigen_none_n7_r8_k10,4,coalition_game_win_rate,0,0.8019999999999999,0,9,0.6177754630923374,0.9241122684538312,0.09211226845383126,500,11
complete,multigen_none_n7_r8_k10_s4,multigen_none_n7_r8_k10,4,coalition_game_win_rate,1,0.726,1,0,0.5417754630923375,0.9102245369076626,0.09211226845383126,500,11
complete,multigen_none_n7_r8_k10_s4,multigen_none_n7_r8_k10,4,coalition_game_win_rate,2,0.5720000000000001,2,0,0.3877754630923375,0.7562245369076626,0.09211226845383126,500,11
complete,multigen_none_n7_r8_k10_s4,multigen_none_n7_r8_k10,4,coalition_game_win_rate,3,0.6599999999999999,3,0,0.4757754630923374,0.8442245369076624,0.09211226845383126,500,11
complete,multigen_none_n7_r8_k10_s4,multigen_none_n7_r8_k10,4,coalition_game_win_rate,4,0.632,4,0,0.4477754630923375,0.8162245369076625,0.09211226845383126,500,11
complete,multigen_none_n7_r8_k10_s4,multigen_none_n7_r8_k10,4,coalition_game_win_rate,5,0.5519999999999999,5,0,0.36777546309233744,0.7362245369076624,0.09211226845383126,500,11
complete,multigen_none_n7_r8_k10_s4,multigen_none_n7_r8_k10,4,coalition_game_win_rate,6,0.6859999999999999,6,9,0.5017754630923374,0.8702245369076625,0.09211226845383126,500,11
complete,multigen_none_n7_r8_k10_s4,multigen_none_n7_r8_k10,4,coalition_game_win_rate,7,0.706,9,6,0.5217754630923375,0.8902245369076625,0.09211226845383126,500,11
complete,multigen_none_n7_r8_k10_s4,multigen_none_n7_r8_k10,4,coalition_game_win_rate,8,0.6459999999999999,8,9,0.46177546309233747,0.8302245369076625,0.09211226845383126,500,11
complete,multigen_none_n7_r8_k10_s4,multigen_none_n7_r8_k10,4,coalition_game_win_rate,9,0.68,9,6,0.49577546309233755,0.8642245369076625,0.09211226845383126,500,11
complete,multigen_none_n7_r8_k10_s4,multigen_none_n7_r8_k10,4,coalition_game_win_rate,10,0.55,10,0,0.36577546309233755,0.7342245369076625,0.09211226845383126,500,11
complete,multigen_none_n7_r8_k10_s5,multigen_none_n7_r8_k10,5,any_false_ejection_rate,0,0.248,0,8,0.0637754630923375,0.36811226845383127,0.09211226845383126,500,11
complete,multigen_none_n7_r8_k10_s5,multigen_none_n7_r8_k10,5,any_false_ejection_rate,1,0.636,1,0,0.45177546309233746,0.8202245369076625,0.09211226845383126,500,11
complete,multigen_none_n7_r8_k10_s5,multigen_none_n7_r8_k10,5,any_false_ejection_rate,2,0.6179999999999999,2,0,0.43377546309233744,0.8022245369076625,0.09211226845383126,500,11
complete,multigen_none_n7_r8_k10_s5,multigen_none_n7_r8_k10,5,any_false_ejection_rate,3,0.61,3,0,0.4257754630923375,0.7942245369076625,0.09211226845383126,500,11
complete,multigen_none_n7_r8_k10_s5,multigen_none_n7_r8_k10,5,any_false_ejection_rate,4,0.644,4,0,0.4597754630923375,0.8282245369076625,0.09211226845383126,500,11
complete,multigen_none_n7_r8_k10_s5,multigen_none_n7_r8_k10,5,any_false_ejection_rate,5,0.638,5,0,0.45377546309233746,0.8222245369076625,0.09211226845383126,500,11
complete,multigen_none_n7_r8_k10_s5,multigen_none_n7_r8_k10,5,any_false_ejection_rate,6,0.61,0,0,0.4257754630923375,0.7942245369076625,0.09211226845383126,500,11
complete,multigen_none_n7_r8_k10_s5,multigen_none_n7_r8_k10,5,any_false_ejection_rate,7,0.612,0,0,0.4277754630923375,0.7962245369076625,0.09211226845383126,500,11
complete,multigen_none_n7_r8_k10_s5,multigen_none_n7_r8_k10,5,any_false_ejection_rate,8,0.6379999999999999,8,0,0.45377546309233746,0.8222245369076625,0.09211226845383126,500,11
complete,multigen_none_n7_r8_k10_s5,multigen_none_n7_r8_k10,5,any_false_ejection_rate,9,0.62,9,0,0.43577546309233745,0.8042245369076625,0.09211226845383126,500,11
complete,multigen_none_n7_r8_k10_s5,multigen_none_n7_r8_k10,5,any_false_ejection_rate,10,0.6599999999999999,0,0,0.4757754630923375,0.8442245369076625,0.09211226845383126,500,11
complete,multigen_none_n7_r8_k10_s5,multigen_none_n7_r8_k10,5,coalition_game_win_rate,0,0.822,0,8,0.6377754630923375,0.9461122684538312,0.09211226845383126,500,11
complete,multigen_none_n7_r8_k10_s5,multigen_none_n7_r8_k10,5,coalition_game_win_rate,1,0.7,5,0,0.5157754630923375,0.8842245369076625,0.09211226845383126,500,11
complete,multigen_none_n7_r8_k10_s5,multigen_none_n7_r8_k10,5,coalition_game_win_rate,2,0.628,2,0,0.4437754630923375,0.8122245369076625,0.09211226845383126,500,11
complete,multigen_none_n7_r8_k10_s5,multigen_none_n7_r8_k10,5,coalition_game_win_rate,3,0.6819999999999999,3,0,0.49777546309233744,0.8662245369076624,0.09211226845383126,500,11
complete,multigen_none_n7_r8_k10_s5,multigen_none_n7_r8_k10,5,coalition_game_win_rate,4,0.716,4,0,0.5317754630923375,0.9002245369076625,0.09211226845383126,500,11
complete,multigen_none_n7_r8_k10_s5,multigen_none_n7_r8_k10,5,coalition_game_win_rate,5,0.704,5,0,0.5197754630923375,0.8882245369076625,0.09211226845383126,500,11
complete,multigen_none_n7_r8_k10_s5,multigen_none_n7_r8_k10,5,coalition_game_win_rate,6,0.48,6,0,0.29577546309233743,0.6642245369076625,0.09211226845383126,500,11
complete,multigen_none_n7_r8_k10_s5,multigen_none_n7_r8_k10,5,coalition_game_win_rate,7,0.508,7,0,0.32377546309233746,0.6922245369076625,0.09211226845383126,500,11
complete,multigen_none_n7_r8_k10_s5,multigen_none_n7_r8_k10,5,coalition_game_win_rate,8,0.574,8,0,0.38977546309233746,0.7582245369076624,0.09211226845383126,500,11
complete,multigen_none_n7_r8_k10_s5,multigen_none_n7_r8_k10,5,coalition_game_win_rate,9,0.562,9,0,0.3777754630923375,0.7462245369076626,0.09211226845383126,500,11
complete,multigen_none_n7_r8_k10_s5,multigen_none_n7_r8_k10,5,coalition_game_win_rate,10,0.626,10,0,0.4417754630923375,0.8102245369076625,0.09211226845383126,500,11
complete,multigen_none_n7_r8_k10_s6,multigen_none_n7_r8_k10,6,any_false_ejection_rate,0,0.26,0,7,0.07577546309233751,0.3801122684538313,0.09211226845383126,500,11
complete,multigen_none_n7_r8_k10_s6,multigen_none_n7_r8_k10,6,any_false_ejection_rate,1,0.5760000000000001,3,0,0.3917754630923375,0.7602245369076626,0.09211226845383126,500,11
complete,multigen_none_n7_r8_k10_s6,multigen_none_n7_r8_k10,6,any_false_ejection_rate,2,0.62,0,0,0.43577546309233745,0.8042245369076625,0.09211226845383126,500,11
complete,multigen_none_n7_r8_k10_s6,multigen_none_n7_r8_k10,6,any_false_ejection_rate,3,0.5740000000000001,3,0,0.3897754630923375,0.7582245369076626,0.09211226845383126,500,11
complete,multigen_none_n7_r8_k10_s6,multigen_none_n7_r8_k10,6,any_false_ejection_rate,4,0.6699999999999999,4,0,0.4857754630923375,0.8542245369076625,0.09211226845383126,500,11
complete,multigen_none_n7_r8_k10_s6,multigen_none_n7_r8_k10,6,any_false_ejection_rate,5,0.486,5,0,0.3017754630923375,0.6702245369076625,0.09211226845383126,500,11
complete,multigen_none_n7_r8_k10_s6,multigen_none_n7_r8_k10,6,any_false_ejection_rate,6,0.6420000000000001,0,0,0.4577754630923376,0.8061122684538313,0.09211226845383126,500,11
complete,multigen_none_n7_r8_k10_s6,multigen_none_n7_r8_k10,6,any_false_ejection_rate,7,0.47400000000000003,9,0,0.28977546309233754,0.6582245369076625,0.09211226845383126,500,11
complete,multigen_none_n7_r8_k10_s6,multigen_none_n7_r8_k10,6,any_false_ejection_rate,8,0.7020000000000001,0,0,0.5177754630923375,0.8741122684538313,0.09211226845383126,500,11
complete,multigen_none_n7_r8_k10_s6,multigen_none_n7_r8_k10,6,any_false_ejection_rate,9,0.554,9,0,0.3697754630923375,0.7382245369076625,0.09211226845383126,500,11
complete,multigen_none_n7_r8_k10_s6,multigen_none_n7_r8_k10,6,any_false_ejection_rate,10,0.638,0,0,0.4537754630923375,0.8121122684538312,0.09211226845383126,500,11
complete,multigen_none_n7_r8_k10_s6,multigen_none_n7_r8_k10,6,coalition_game_win_rate,0,0.86,0,9,0.6757754630923375,0.9841122684538313,0.09211226845383126,500,11
complete,multigen_none_n7_r8_k10_s6,multigen_none_n7_r8_k10,6,coalition_game_win_rate,1,0.626,1,0,0.4417754630923375,0.8102245369076625,0.09211226845383126,500,11
complete,multigen_none_n7_r8_k10_s6,multigen_none_n7_r8_k10,6,coalition_game_win_rate,2,0.604,2,0,0.41977546309233743,0.7882245369076625,0.09211226845383126,500,11
complete,multigen_none_n7_r8_k10_s6,multigen_none_n7_r8_k10,6,coalition_game_win_rate,3,0.69,3,2,0.5057754630923375,0.8742245369076624,0.09211226845383126,500,11
complete,multigen_none_n7_r8_k10_s6,multigen_none_n7_r8_k10,6,coalition_game_win_rate,4,0.698,4,0,0.5137754630923375,0.8822245369076624,0.09211226845383126,500,11
complete,multigen_none_n7_r8_k10_s6,multigen_none_n7_r8_k10,6,coalition_game_win_rate,5,0.5519999999999999,5,0,0.36777546309233744,0.7362245369076624,0.09211226845383126,500,11
complete,multigen_none_n7_r8_k10_s6,multigen_none_n7_r8_k10,6,coalition_game_win_rate,6,0.698,6,7,0.5137754630923375,0.8822245369076626,0.09211226845383126,500,11
complete,multigen_none_n7_r8_k10_s6,multigen_none_n7_r8_k10,6,coalition_game_win_rate,7,0.518,7,0,0.3337754630923375,0.7022245369076625,0.09211226845383126,500,11
complete,multigen_none_n7_r8_k10_s6,multigen_none_n7_r8_k10,6,coalition_game_win_rate,8,0.5640000000000001,8,0,0.3797754630923375,0.7482245369076626,0.09211226845383126,500,11
complete,multigen_none_n7_r8_k10_s6,multigen_none_n7_r8_k10,6,coalition_game_win_rate,9,0.506,9,0,0.32177546309233745,0.6902245369076625,0.09211226845383126,500,11
complete,multigen_none_n7_r8_k10_s6,multigen_none_n7_r8_k10,6,coalition_game_win_rate,10,0.616,10,0,0.43177546309233744,0.8002245369076625,0.09211226845383126,500,11
complete,multigen_none_n7_r8_k10_s7,multigen_none_n7_r8_k10,7,any_false_ejection_rate,0,0.20599999999999996,0,7,0.021775463092337466,0.32211226845383123,0.09211226845383126,500,11
complete,multigen_none_n7_r8_k10_s7,multigen_none_n7_r8_k10,7,any_false_ejection_rate,1,0.504,0,0,0.3197754630923375,0.6882245369076625,0.09211226845383126,500,11
complete,multigen_none_n7_r8_k10_s7,multigen_none_n7_r8_k10,7,any_false_ejection_rate,2,0.622,0,0,0.43777546309233745,0.8062245369076625,0.09211226845383126,500,11
complete,multigen_none_n7_r8_k10_s7,multigen_none_n7_r8_k10,7,any_false_ejection_rate,3,0.61,3,0,0.4257754630923375,0.7942245369076625,0.09211226845383126,500,11
complete,multigen_none_n7_r8_k10_s7,multigen_none_n7_r8_k10,7,any_false_ejection_rate,4,0.524,4,0,0.33977546309233747,0.7082245369076625,0.09211226845383126,500,11
complete,multigen_none_n7_r8_k10_s7,multigen_none_n7_r8_k10,7,any_false_ejection_rate,5,0.654,0,0,0.46977546309233753,0.8382245369076625,0.09211226845383126,500,11
complete,multigen_none_n7_r8_k10_s7,multigen_none_n7_r8_k10,7,any_false_ejection_rate,6,0.53,6,0,0.3457754630923375,0.7142245369076625,0.09211226845383126,500,11
complete,multigen_none_n7_r8_k10_s7,multigen_none_n7_r8_k10,7,any_false_ejection_rate,7,0.516,7,0,0.33177546309233746,0.7002245369076625,0.09211226845383126,500,11
complete,multigen_none_n7_r8_k10_s7,multigen_none_n7_r8_k10,7,any_false_ejection_rate,8,0.548,8,0,0.3637754630923375,0.7322245369076625,0.09211226845383126,500,11
complete,multigen_none_n7_r8_k10_s7,multigen_none_n7_r8_k10,7,any_false_ejection_rate,9,0.742,9,0,0.5577754630923375,0.9262245369076625,0.09211226845383126,500,11
complete,multigen_none_n7_r8_k10_s7,multigen_none_n7_r8_k10,7,any_false_ejection_rate,10,0.636,0,0,0.45177546309233746,0.8202245369076625,0.09211226845383126,500,11
complete,multigen_none_n7_r8_k10_s7,multigen_none_n7_r8_k10,7,coalition_game_win_rate,0,0.758,0,6,0.5737754630923375,0.8801122684538313,0.09211226845383126,500,11
complete,multigen_none_n7_r8_k10_s7,multigen_none_n7_r8_k10,7,coalition_game_win_rate,1,0.586,9,0,0.40177546309233747,0.7702245369076625,0.09211226845383126,500,11
complete,multigen_none_n7_r8_k10_s7,multigen_none_n7_r8_k10,7,coalition_game_win_rate,2,0.562,2,0,0.3777754630923375,0.7462245369076626,0.09211226845383126,500,11
complete,multigen_none_n7_r8_k10_s7,multigen_none_n7_r8_k10,7,coalition_game_win_rate,3,0.638,3,6,0.4537754630923375,0.8222245369076625,0.09211226845383126,500,11
complete,multigen_none_n7_r8_k10_s7,multigen_none_n7_r8_k10,7,coalition_game_win_rate,4,0.6040000000000001,4,7,0.41977546309233754,0.7882245369076626,0.09211226845383126,500,11
complete,multigen_none_n7_r8_k10_s7,multigen_none_n7_r8_k10,7,coalition_game_win_rate,5,0.736,7,0,0.5517754630923375,0.9202245369076625,0.09211226845383126,500,11
complete,multigen_none_n7_r8_k10_s7,multigen_none_n7_r8_k10,7,coalition_game_win_rate,6,0.5920000000000001,6,7,0.40777546309233753,0.7762245369076626,0.09211226845383126,500,11
complete,multigen_none_n7_r8_k10_s7,multigen_none_n7_r8_k10,7,coalition_game_win_rate,7,0.6399999999999999,7,6,0.45577546309233746,0.8242245369076625,0.09211226845383126,500,11
complete,multigen_none_n7_r8_k10_s7,multigen_none_n7_r8_k10,7,coalition_game_win_rate,8,0.622,8,0,0.43777546309233745,0.8062245369076625,0.09211226845383126,500,11
complete,multigen_none_n7_r8_k10_s7,multigen_none_n7_r8_k10,7,coalition_game_win_rate,9,0.724,9,0,0.5397754630923375,0.9082245369076625,0.09211226845383126,500,11
complete,multigen_none_n7_r8_k10_s7,multigen_none_n7_r8_k10,7,coalition_game_win_rate,10,0.648,10,0,0.4637754630923375,0.8322245369076625,0.09211226845383126,500,11
complete,multigen_none_n7_r8_k10_s8,multigen_none_n7_r8_k10,8,any_false_ejection_rate,0,0.256,0,9,0.07177546309233751,0.3801122684538313,0.09211226845383126,500,11
complete,multigen_none_n7_r8_k10_s8,multigen_none_n7_r8_k10,8,any_false_ejection_rate,1,0.542,0,0,0.3577754630923375,0.7262245369076625,0.09211226845383126,500,11
complete,multigen_none_n7_r8_k10_s8,multigen_none_n7_r8_k10,8,any_false_ejection_rate,2,0.5760000000000001,2,0,0.3917754630923375,0.7602245369076626,0.09211226845383126,500,11
complete,multigen_none_n7_r8_k10_s8,multigen_none_n7_r8_k10,8,any_false_ejection_rate,3,0.648,3,0,0.4637754630923375,0.8322245369076625,0.09211226845383126,500,11
complete,multigen_none_n7_r8_k10_s8,multigen_none_n7_r8_k10,8,any_false_ejection_rate,4,0.64,8,0,0.4557754630923375,0.8242245369076625,0.09211226845383126,500,11
complete,multigen_none_n7_r8_k10_s8,multigen_none_n7_r8_k10,8,any_false_ejection_rate,5,0.57,5,0,0.38577546309233746,0.7542245369076624,0.09211226845383126,500,11
complete,multigen_none_n7_r8_k10_s8,multigen_none_n7_r8_k10,8,any_false_ejection_rate,6,0.488,6,0,0.3037754630923375,0.6722245369076625,0.09211226845383126,500,11
complete,multigen_none_n7_r8_k10_s8,multigen_none_n7_r8_k10,8,any_false_ejection_rate,7,0.6719999999999999,5,0,0.48777546309233744,0.8562245369076624,0.09211226845383126,500,11
complete,multigen_none_n7_r8_k10_s8,multigen_none_n7_r8_k10,8,any_false_ejection_rate,8,0.66,8,0,0.4757754630923375,0.8442245369076625,0.09211226845383126,500,11
complete,multigen_none_n7_r8_k10_s8,multigen_none_n7_r8_k10,8,any_false_ejection_rate,9,0.632,9,0,0.44777546309233746,0.8162245369076625,0.09211226845383126,500,11
complete,multigen_none_n7_r8_k10_s8,multigen_none_n7_r8_k10,8,any_false_ejection_rate,10,0.674,10,0,0.4897754630923375,0.8582245369076625,0.09211226845383126,500,11
complete,multigen_none_n7_r8_k10_s8,multigen_none_n7_r8_k10,8,coalition_game_win_rate,0,0.7999999999999999,0,9,0.6157754630923374,0.9321122684538312,0.09211226845383126,500,11
complete,multigen_none_n7_r8_k10_s8,multigen_none_n7_r8_k10,8,coalition_game_win_rate,1,0.6419999999999999,6,0,0.45777546309233746,0.8262245369076625,0.09211226845383126,500,11
complete,multigen_none_n7_r8_k10_s8,multigen_none_n7_r8_k10,8,coalition_game_win_rate,2,0.602,2,9,0.4177754630923375,0.7862245369076625,0.09211226845383126,500,11
complete,multigen_none_n7_r8_k10_s8,multigen_none_n7_r8_k10,8,coalition_game_win_rate,3,0.636,3,4,0.45177546309233746,0.8202245369076625,0.09211226845383126,500,11
complete,multigen_none_n7_r8_k10_s8,multigen_none_n7_r8_k10,8,coalition_game_win_rate,4,0.616,4,0,0.43177546309233744,0.8002245369076625,0.09211226845383126,500,11
complete,multigen_none_n7_r8_k10_s8,multigen_none_n7_r8_k10,8,coalition_game_win_rate,5,0.678,5,8,0.49377546309233755,0.8622245369076625,0.09211226845383126,500,11
complete,multigen_none_n7_r8_k10_s8,multigen_none_n7_r8_k10,8,coalition_game_win_rate,6,0.584,6,0,0.39977546309233747,0.7682245369076625,0.09211226845383126,500,11
complete,multigen_none_n7_r8_k10_s8,multigen_none_n7_r8_k10,8,coalition_game_win_rate,7,0.694,5,0,0.5097754630923375,0.8782245369076624,0.09211226845383126,500,11
complete,multigen_none_n7_r8_k10_s8,multigen_none_n7_r8_k10,8,coalition_game_win_rate,8,0.632,8,0,0.44777546309233746,0.8162245369076625,0.09211226845383126,500,11
complete,multigen_none_n7_r8_k10_s8,multigen_none_n7_r8_k10,8,coalition_game_win_rate,9,0.6799999999999999,9,2,0.4957754630923375,0.8642245369076625,0.09211226845383126,500,11
complete,multigen_none_n7_r8_k10_s8,multigen_none_n7_r8_k10,8,coalition_game_win_rate,10,0.6779999999999999,10,0,0.4937754630923375,0.8622245369076625,0.09211226845383126,500,11
complete,multigen_none_n7_r8_k10_s9,multigen_none_n7_r8_k10,9,any_false_ejection_rate,0,0.28600000000000003,0,2,0.10177546309233754,0.4041122684538313,0.09211226845383126,500,11
complete,multigen_none_n7_r8_k10_s9,multigen_none_n7_r8_k10,9,any_false_ejection_rate,1,0.444,2,0,0.25977546309233746,0.6282245369076624,0.09211226845383126,500,11
complete,multigen_none_n7_r8_k10_s9,multigen_none_n7_r8_k10,9,any_false_ejection_rate,2,0.718,2,0,0.5337754630923375,0.9022245369076625,0.09211226845383126,500,11
complete,multigen_none_n7_r8_k10_s9,multigen_none_n7_r8_k10,9,any_false_ejection_rate,3,0.552,0,0,0.3677754630923375,0.7362245369076625,0.09211226845383126,500,11
complete,multigen_none_n7_r8_k10_s9,multigen_none_n7_r8_k10,9,any_false_ejection_rate,4,0.5900000000000001,2,0,0.40577546309233753,0.7742245369076626,0.09211226845383126,500,11
complete,multigen_none_n7_r8_k10_s9,multigen_none_n7_r8_k10,9,any_false_ejection_rate,5,0.506,5,0,0.3217754630923375,0.6902245369076625,0.09211226845383126,500,11
complete,multigen_none_n7_r8_k10_s9,multigen_none_n7_r8_k10,9,any_false_ejection_rate,6,0.5680000000000001,6,0,0.3837754630923375,0.7522245369076626,0.09211226845383126,500,11
complete,multigen_none_n7_r8_k10_s9,multigen_none_n7_r8_k10,9,any_false_ejection_rate,7,0.7,7,0,0.5157754630923375,0.8842245369076625,0.09211226845383126,500,11
complete,multigen_none_n7_r8_k10_s9,multigen_none_n7_r8_k10,9,any_false_ejection_rate,8,0.6880000000000001,8,0,0.5037754630923374,0.8681122684538313,0.09211226845383126,500,11
complete,multigen_none_n7_r8_k10_s9,multigen_none_n7_r8_k10,9,any_false_ejection_rate,9,0.49600000000000005,0,0,0.31177546309233756,0.6802245369076625,0.09211226845383126,500,11
complete,multigen_none_n7_r8_k10_s9,multigen_none_n7_r8_k10,9,any_false_ejection_rate,10,0.648,10,0,0.46377546309233747,0.8322245369076625,0.09211226845383126,500,11
complete,multigen_none_n7_r8_k10_s9,multigen_none_n7_r8_k10,9,coalition_game_win_rate,0,0.83,0,6,0.6457754630923375,0.9581122684538312,0.09211226845383126,500,11
complete,multigen_none_n7_r8_k10_s9,multigen_none_n7_r8_k10,9,coalition_game_win_rate,1,0.5980000000000001,2,2,0.41377546309233754,0.7822245369076626,0.09211226845383126,500,11
complete,multigen_none_n7_r8_k10_s9,multigen_none_n7_r8_k10,9,coalition_game_win_rate,2,0.698,2,0,0.5137754630923375,0.8822245369076624,0.09211226845383126,500,11
complete,multigen_none_n7_r8_k10_s9,multigen_none_n7_r8_k10,9,coalition_game_win_rate,3,0.5900000000000001,3,0,0.40577546309233753,0.7742245369076626,0.09211226845383126,500,11
complete,multigen_none_n7_r8_k10_s9,multigen_none_n7_r8_k10,9,coalition_game_win_rate,4,0.642,4,7,0.4577754630923375,0.8262245369076625,0.09211226845383126,500,11
complete,multigen_none_n7_r8_k10_s9,multigen_none_n7_r8_k10,9,coalition_game_win_rate,5,0.714,5,6,0.5297754630923375,0.8701122684538313,0.09211226845383126,500,11
complete,multigen_none_n7_r8_k10_s9,multigen_none_n7_r8_k10,9,coalition_game_win_rate,6,0.668,6,7,0.48377546309233754,0.8522245369076625,0.09211226845383126,500,11
complete,multigen_none_n7_r8_k10_s9,multigen_none_n7_r8_k10,9,coalition_game_win_rate,7,0.646,7,0,0.4617754630923375,0.8302245369076625,0.09211226845383126,500,11
complete,multigen_none_n7_r8_k10_s9,multigen_none_n7_r8_k10,9,coalition_game_win_rate,8,0.39199999999999996,8,0,0.20777546309233746,0.5762245369076625,0.09211226845383126,500,11
complete,multigen_none_n7_r8_k10_s9,multigen_none_n7_r8_k10,9,coalition_game_win_rate,9,0.326,9,0,0.14177546309233752,0.5102245369076626,0.09211226845383126,500,11
complete,multigen_none_n7_r8_k10_s9,multigen_none_n7_r8_k10,9,coalition_game_win_rate,10,0.622,10,0,0.4377754630923375,0.8062245369076625,0.09211226845383126,500,11
complete,multigen_none_n7_r1_k10_s0,multigen_none_n7_r1_k10,0,false_ejection_rate,0,0.0059999999999999915,3,0,0.0,0.1902245369076625,0.09211226845383126,500,11
complete,multigen_none_n7_r1_k10_s0,multigen_none_n7_r1_k10,0,false_ejection_rate,1,0.51,1,0,0.32577546309233746,0.6741122684538312,0.09211226845383126,500,11
complete,multigen_none_n7_r1_k10_s0,multigen_none_n7_r1_k10,0,false_ejection_rate,2,0.578,2,0,0.39377546309233746,0.7181122684538312,0.09211226845383126,500,11
complete,multigen_none_n7_r1_k10_s0,multigen_none_n7_r1_k10,0,false_ejection_rate,3,0.41600000000000004,3,0,0.2317754630923375,0.6002245369076625,0.09211226845383126,500,11
complete,multigen_none_n7_r1_k10_s0,multigen_none_n7_r1_k10,0,false_ejection_rate,4,0.544,4,0,0.3597754630923375,0.7121122684538312,0.09211226845383126,500,11
complete,multigen_none_n7_r1_k10_s0,multigen_none_n7_r1_k10,0,false_ejection_rate,5,0.5439999999999999,5,0,0.35977546309233743,0.6741122684538312,0.09211226845383126,500,11
complete,multigen_none_n7_r1_k10_s0,multigen_none_n7_r1_k10,0,false_ejection_rate,6,0.46599999999999997,6,0,0.2817754630923374,0.6502245369076625,0.09211226845383126,500,11
complete,multigen_none_n7_r1_k10_s0,multigen_none_n7_r1_k10,0,false_ejection_rate,7,0.482,7,0,0.29777546309233743,0.6662245369076625,0.09211226845383126,500,11
complete,multigen_none_n7_r1_k10_s0,multigen_none_n7_r1_k10,0,false_ejection_rate,8,0.51,8,0,0.32577546309233746,0.6721122684538312,0.09211226845383126,500,11
complete,multigen_none_n7_r1_k10_s0,multigen_none_n7_r1_k10,0,false_ejection_rate,9,0.462,9,0,0.2777754630923375,0.6261122684538313,0.09211226845383126,500,11
complete,multigen_none_n7_r1_k10_s0,multigen_none_n7_r1_k10,0,false_ejection_rate,10,0.502,10,0,0.3177754630923375,0.6401122684538313,0.09211226845383126,500,11
complete,multigen_none_n7_r1_k10_s1,multigen_none_n7_r1_k10,1,false_ejection_rate,0,0.0,0,0,0.0,0.1842245369076625,0.09211226845383126,500,11
complete,multigen_none_n7_r1_k10_s1,multigen_none_n7_r1_k10,1,false_ejection_rate,1,0.534,1,0,0.3497754630923375,0.7061122684538312,0.09211226845383126,500,11
complete,multigen_none_n7_r1_k10_s1,multigen_none_n7_r1_k10,1,false_ejection_rate,2,0.45599999999999996,2,0,0.27177546309233747,0.6402245369076625,0.09211226845383126,500,11
complete,multigen_none_n7_r1_k10_s1,multigen_none_n7_r1_k10,1,false_ejection_rate,3,0.5820000000000001,3,0,0.3977754630923375,0.7601122684538313,0.09211226845383126,500,11
complete,multigen_none_n7_r1_k10_s1,multigen_none_n7_r1_k10,1,false_ejection_rate,4,0.492,4,0,0.30777546309233744,0.6762245369076625,0.09211226845383126,500,11
complete,multigen_none_n7_r1_k10_s1,multigen_none_n7_r1_k10,1,false_ejection_rate,5,0.438,5,0,0.2537754630923375,0.6081122684538313,0.09211226845383126,500,11
complete,multigen_none_n7_r1_k10_s1,multigen_none_n7_r1_k10,1,false_ejection_rate,6,0.496,6,0,0.3117754630923375,0.6802245369076625,0.09211226845383126,500,11
complete,multigen_none_n7_r1_k10_s1,multigen_none_n7_r1_k10,1,false_ejection_rate,7,0.43400000000000005,7,0,0.24977546309233753,0.6182245369076625,0.09211226845383126,500,11
complete,multigen_none_n7_r1_k10_s1,multigen_none_n7_r1_k10,1,false_ejection_rate,8,0.5179999999999999,8,0,0.3337754630923374,0.6621122684538312,0.09211226845383126,500,11
complete,multigen_none_n7_r1_k10_s1,multigen_none_n7_r1_k10,1,false_ejection_rate,9,0.41600000000000004,9,0,0.23177546309233749,0.5941122684538312,0.09211226845383126,500,11
complete,multigen_none_n7_r1_k10_s1,multigen_none_n7_r1_k10,1,false_ejection_rate,10,0.41600000000000004,10,0,0.23177546309233749,0.6002245369076625,0.09211226845383126,500,11
complete,multigen_none_n7_r1_k10_s2,multigen_none_n7_r1_k10,2,false_ejection_rate,0,0.0,0,0,0.0,0.18422453690766255,0.09211226845383126,500,11
complete,multigen_none_n7_r1_k10_s2,multigen_none_n7_r1_k10,2,false_ejection_rate,1,0.52,1,0,0.3357754630923375,0.6501122684538313,0.09211226845383126,500,11
complete,multigen_none_n7_r1_k10_s2,multigen_none_n7_r1_k10,2,false_ejection_rate,2,0.352,2,0,0.16777546309233748,0.5341122684538313,0.09211226845383126,500,11
complete,multigen_none_n7_r1_k10_s2,multigen_none_n7_r1_k10,2,false_ejection_rate,3,0.462,3,0,0.27777546309233747,0.6041122684538313,0.09211226845383126,500,11
complete,multigen_none_n7_r1_k10_s2,multigen_none_n7_r1_k10,2,false_ejection_rate,4,0.41600000000000004,4,0,0.2317754630923375,0.6002245369076625,0.09211226845383126,500,11
complete,multigen_none_n7_r1_k10_s2,multigen_none_n7_r1_k10,2,false_ejection_rate,5,0.502,5,0,0.31777546309233745,0.6781122684538312,0.09211226845383126,500,11
complete,multigen_none_n7_r1_k10_s2,multigen_none_n7_r1_k10,2,false_ejection_rate,6,0.46,6,0,0.2757754630923375,0.6281122684538313,0.09211226845383126,500,11
complete,multigen_none_n7_r1_k10_s2,multigen_none_n7_r1_k10,2,false_ejection_rate,7,0.33399999999999996,9,0,0.14977546309233747,0.5182245369076625,0.09211226845383126,500,11
complete,multigen_none_n7_r1_k10_s2,multigen_none_n7_r1_k10,2,false_ejection_rate,8,0.516,8,0,0.33177546309233746,0.6981122684538312,0.09211226845383126,500,11
complete,multigen_none_n7_r1_k10_s2,multigen_none_n7_r1_k10,2,false_ejection_rate,9,0.5640000000000001,9,0,0.3797754630923375,0.7421122684538313,0.09211226845383126,500,11
complete,multigen_none_n7_r1_k10_s2,multigen_none_n7_r1_k10,2,false_ejection_rate,10,0.4580000000000001,10,0,0.2737754630923376,0.6422245369076626,0.09211226845383126,500,11
complete,multigen_none_n7_r1_k10_s3,multigen_none_n7_r1_k10,3,false_ejection_rate,0,0.0,0,0,0.0,0.1842245369076625,0.09211226845383126,500,11
complete,multigen_none_n7_r1_k10_s3,multigen_none_n7_r1_k10,3,false_ejection_rate,1,0.40399999999999997,1,0,0.21977546309233748,0.5781122684538312,0.09211226845383126,500,11
complete,multigen_none_n7_r1_k10_s3,multigen_none_n7_r1_k10,3,false_ejection_rate,2,0.378,2,0,0.19377546309233748,0.5622245369076625,0.09211226845383126,500,11
complete,multigen_none_n7_r1_k10_s3,multigen_none_n7_r1_k10,3,false_ejection_rate,3,0.43000000000000005,3,0,0.2457754630923375,0.6121122684538313,0.09211226845383126,500,11
complete,multigen_none_n7_r1_k10_s3,multigen_none_n7_r1_k10,3,false_ejection_rate,4,0.43600000000000005,4,0,0.2517754630923375,0.6141122684538313,0.09211226845383126,500,11
complete,multigen_none_n7_r1_k10_s3,multigen_none_n7_r1_k10,3,false_ejection_rate,5,0.466,5,0,0.28177546309233753,0.6281122684538313,0.09211226845383126,500,11
complete,multigen_none_n7_r1_k10_s3,multigen_none_n7_r1_k10,3,false_ejection_rate,6,0.472,6,0,0.2877754630923375,0.6562245369076625,0.09211226845383126,500,11
complete,multigen_none_n7_r1_k10_s3,multigen_none_n7_r1_k10,3,false_ejection_rate,7,0.4640000000000001,7,0,0.27977546309233753,0.6421122684538313,0.09211226845383126,500,11
complete,multigen_none_n7_r1_k10_s3,multigen_none_n7_r1_k10,3,false_ejection_rate,8,0.444,8,0,0.2597754630923375,0.6061122684538313,0.09211226845383126,500,11
complete,multigen_none_n7_r1_k10_s3,multigen_none_n7_r1_k10,3,false_ejection_rate,9,0.544,9,0,0.3597754630923375,0.7061122684538312,0.09211226845383126,500,11
complete,multigen_none_n7_r1_k10_s3,multigen_none_n7_r1_k10,3,false_ejection_rate,10,0.404,10,0,0.2197754630923375,0.5882245369076625,0.09211226845383126,500,11
complete,multigen_none_n7_r1_k10_s4,multigen_none_n7_r1_k10,4,false_ejection_rate,0,0.0,0,0,0.0,0.1842245369076625,0.09211226845383126,500,11
complete,multigen_none_n7_r1_k10_s4,multigen_none_n7_r1_k10,4,false_ejection_rate,1,0.43800000000000006,1,0,0.2537754630923375,0.6201122684538313,0.09211226845383126,500,11
complete,multigen_none_n7_r1_k10_s4,multigen_none_n7_r1_k10,4,false_ejection_rate,2,0.394,2,0,0.20977546309233752,0.5782245369076625,0.09211226845383126,500,11
complete,multigen_none_n7_r1_k10_s4,multigen_none_n7_r1_k10,4,false_ejection_rate,3,0.48600000000000004,3,0,0.30177546309233755,0.6521122684538313,0.09211226845383126,500,11
complete,multigen_none_n7_r1_k10_s4,multigen_none_n7_r1_k10,4,false_ejection_rate,4,0.4620000000000001,4,0,0.2777754630923375,0.6462245369076626,0.09211226845383126,500,11
complete,multigen_none_n7_r1_k10_s4,multigen_none_n7_r1_k10,4,false_ejection_rate,5,0.436,5,0,0.2517754630923375,0.6121122684538313,0.09211226845383126,500,11
complete,multigen_none_n7_r1_k10_s4,multigen_none_n7_r1_k10,4,false_ejection_rate,6,0.45000000000000007,6,0,0.2657754630923375,0.6342245369076626,0.09211226845383126,500,11
complete,multigen_none_n7_r1_k10_s4,multigen_none_n7_r1_k10,4,false_ejection_rate,7,0.44199999999999995,7,0,0.25777546309233745,0.6262245369076624,0.09211226845383126,500,11
complete,multigen_none_n7_r1_k10_s4,multigen_none_n7_r1_k10,4,false_ejection_rate,8,0.53,8,0,0.3457754630923375,0.6961122684538312,0.09211226845383126,500,11
complete,multigen_none_n7_r1_k10_s4,multigen_none_n7_r1_k10,4,false_ejection_rate,9,0.342,9,0,0.15777546309233753,0.5262245369076626,0.09211226845383126,500,11
complete,multigen_none_n7_r1_k10_s4,multigen_none_n7_r1_k10,4,false_ejection_rate,10,0.48000000000000004,10,0,0.29577546309233754,0.6421122684538313,0.09211226845383126,500,11
complete,multigen_none_n7_r1_k10_s5,multigen_none_n7_r1_k10,5,false_ejection_rate,0,0.0,0,0,0.0,0.18422453690766255,0.09211226845383126,500,11
complete,multigen_none_n7_r1_k10_s5,multigen_none_n7_r1_k10,5,false_ejection_rate,1,0.48000000000000004,1,0,0.2957754630923375,0.6181122684538313,0.09211226845383126,500,11
complete,multigen_none_n7_r1_k10_s5,multigen_none_n7_r1_k10,5,false_ejection_rate,2,0.542,2,0,0.3577754630923375,0.7181122684538312,0.09211226845383126,500,11
complete,multigen_none_n7_r1_k10_s5,multigen_none_n7_r1_k10,5,false_ejection_rate,3,0.46599999999999997,3,0,0.2817754630923375,0.6502245369076625,0.09211226845383126,500,11
complete,multigen_none_n7_r1_k10_s5,multigen_none_n7_r1_k10,5,false_ejection_rate,4,0.5079999999999999,4,0,0.3237754630923374,0.6581122684538312,0.09211226845383126,500,11
complete,multigen_none_n7_r1_k10_s5,multigen_none_n7_r1_k10,5,false_ejection_rate,5,0.45,7,0,0.26577546309233746,0.5921122684538312,0.09211226845383126,500,11
complete,multigen_none_n7_r1_k10_s5,multigen_none_n7_r1_k10,5,false_ejection_rate,6,0.44800000000000006,6,0,0.26377546309233757,0.6322245369076626,0.09211226845383126,500,11
complete,multigen_none_n7_r1_k10_s5,multigen_none_n7_r1_k10,5,false_ejection_rate,7,0.504,7,0,0.3197754630923375,0.6882245369076625,0.09211226845383126,500,11
complete,multigen_none_n7_r1_k10_s5,multigen_none_n7_r1_k10,5,false_ejection_rate,8,0.42800000000000005,8,0,0.2437754630923375,0.6121122684538313,0.09211226845383126,500,11
complete,multigen_none_n7_r1_k10_s5,multigen_none_n7_r1_k10,5,false_ejection_rate,9,0.5740000000000001,9,0,0.38977546309233757,0.7582245369076626,0.09211226845383126,500,11
complete,multigen_none_n7_r1_k10_s5,multigen_none_n7_r1_k10,5,false_ejection_rate,10,0.33,10,0,0.1457754630923375,0.5142245369076626,0.09211226845383126,500,11
complete,multigen_none_n7_r1_k10_s6,multigen_none_n7_r1_k10,6,false_ejection_rate,0,0.0,0,0,0.0,0.1842245369076625,0.09211226845383126,500,11
complete,multigen_none_n7_r1_k10_s6,multigen_none_n7_r1_k10,6,false_ejection_rate,1,0.5399999999999999,1,0,0.35577546309233743,0.6821122684538312,0.09211226845383126,500,11
complete,multigen_none_n7_r1_k10_s6,multigen_none_n7_r1_k10,6,false_ejection_rate,2,0.48400000000000004,2,0,0.2997754630923375,0.6221122684538313,0.09211226845383126,500,11
complete,multigen_none_n7_r1_k10_s6,multigen_none_n7_r1_k10,6,false_ejection_rate,3,0.54,3,0,0.3557754630923375,0.7242245369076625,0.09211226845383126,500,11
complete,multigen_none_n7_r1_k10_s6,multigen_none_n7_r1_k10,6,false_ejection_rate,4,0.48000000000000004,4,0,0.29577546309233754,0.6421122684538313,0.09211226845383126,500,11
complete,multigen_none_n7_r1_k10_s6,multigen_none_n7_r1_k10,6,false_ejection_rate,5,0.46799999999999997,5,0,0.2837754630923375,0.6522245369076625,0.09211226845383126,500,11
complete,multigen_none_n7_r1_k10_s6,multigen_none_n7_r1_k10,6,false_ejection_rate,6,0.448,6,0,0.2637754630923375,0.6061122684538313,0.09211226845383126,500,11
complete,multigen_none_n7_r1_k10_s6,multigen_none_n7_r1_k10,6,false_ejection_rate,7,0.506,7,0,0.32177546309233745,0.6821122684538312,0.09211226845383126,500,11
complete,multigen_none_n7_r1_k10_s6,multigen_none_n7_r1_k10,6,false_ejection_rate,8,0.428,8,0,0.24377546309233747,0.5641122684538312,0.09211226845383126,500,11
complete,multigen_none_n7_r1_k10_s6,multigen_none_n7_r1_k10,6,false_ejection_rate,9,0.42200000000000004,9,0,0.2377754630923375,0.6062245369076625,0.09211226845383126,500,11
complete,multigen_none_n7_r1_k10_s6,multigen_none_n7_r1_k10,6,false_ejection_rate,10,0.48000000000000004,10,0,0.2957754630923375,0.6101122684538313,0.09211226845383126,500,11
complete,multigen_none_n7_r1_k10_s7,multigen_none_n7_r1_k10,7,false_ejection_rate,0,0.0,0,0,0.0,0.1842245369076625,0.09211226845383126,500,11
complete,multigen_none_n7_r1_k10_s7,multigen_none_n7_r1_k10,7,false_ejection_rate,1,0.46,1,0,0.2757754630923375,0.6181122684538313,0.09211226845383126,500,11
complete,multigen_none_n7_r1_k10_s7,multigen_none_n7_r1_k10,7,false_ejection_rate,2,0.44200000000000006,2,0,0.25777546309233756,0.6262245369076626,0.09211226845383126,500,11
complete,multigen_none_n7_r1_k10_s7,multigen_none_n7_r1_k10,7,false_ejection_rate,3,0.538,3,0,0.3537754630923375,0.6901122684538312,0.09211226845383126,500,11
complete,multigen_none_n7_r1_k10_s7,multigen_none_n7_r1_k10,7,false_ejection_rate,4,0.49400000000000005,4,0,0.3097754630923375,0.6421122684538313,0.09211226845383126,500,11
complete,multigen_none_n7_r1_k10_s7,multigen_none_n7_r1_k10,7,false_ejection_rate,5,0.458,5,0,0.2737754630923375,0.6101122684538313,0.09211226845383126,500,11
complete,multigen_none_n7_r1_k10_s7,multigen_none_n7_r1_k10,7,false_ejection_rate,6,0.47200000000000003,6,0,0.2877754630923375,0.6181122684538313,0.09211226845383126,500,11
complete,multigen_none_n7_r1_k10_s7,multigen_none_n7_r1_k10,7,false_ejection_rate,7,0.504,7,0,0.31977546309233745,0.6882245369076625,0.09211226845383126,500,11
complete,multigen_none_n7_r1_k10_s7,multigen_none_n7_r1_k10,7,false_ejection_rate,8,0.45400000000000007,8,0,0.2697754630923376,0.6382245369076626,0.09211226845383126,500,11
complete,multigen_none_n7_r1_k10_s7,multigen_none_n7_r1_k10,7,false_ejection_rate,9,0.5,9,0,0.3157754630923375,0.6241122684538313,0.09211226845383126,500,11
complete,multigen_none_n7_r1_k10_s7,multigen_none_n7_r1_k10,7,false_ejection_rate,10,0.43400000000000005,10,0,0.2497754630923375,0.6121122684538313,0.09211226845383126,500,11
complete,multigen_none_n7_r1_k10_s8,multigen_none_n7_r1_k10,8,false_ejection_rate,0,0.0,0,0,0.0,0.1842245369076625,0.09211226845383126,500,11
complete,multigen_none_n7_r1_k10_s8,multigen_none_n7_r1_k10,8,false_ejection_rate,1,0.598,1,0,0.4137754630923375,0.7822245369076625,0.09211226845383126,500,11
complete,multigen_none_n7_r1_k10_s8,multigen_none_n7_r1_k10,8,false_ejection_rate,2,0.592,2,0,0.4077754630923375,0.7381122684538313,0.09211226845383126,500,11
complete,multigen_none_n7_r1_k10_s8,multigen_none_n7_r1_k10,8,false_ejection_rate,3,0.5640000000000001,3,0,0.3797754630923375,0.7201122684538313,0.09211226845383126,500,11
complete,multigen_none_n7_r1_k10_s8,multigen_none_n7_r1_k10,8,false_ejection_rate,4,0.41000000000000003,4,0,0.2257754630923375,0.5942245369076625,0.09211226845383126,500,11
complete,multigen_none_n7_r1_k10_s8,multigen_none_n7_r1_k10,8,false_ejection_rate,5,0.5219999999999999,5,0,0.3377754630923374,0.6641122684538312,0.09211226845383126,500,11
complete,multigen_none_n7_r1_k10_s8,multigen_none_n7_r1_k10,8,false_ejection_rate,6,0.646,6,0,0.4617754630923375,0.7741122684538313,0.09211226845383126,500,11
complete,multigen_none_n7_r1_k10_s8,multigen_none_n7_r1_k10,8,false_ejection_rate,7,0.47600000000000003,7,0,0.29177546309233754,0.6521122684538313,0.09211226845383126,500,11
complete,multigen_none_n7_r1_k10_s8,multigen_none_n7_r1_k10,8,false_ejection_rate,8,0.502,6,0,0.31777546309233745,0.6561122684538312,0.09211226845383126,500,11
complete,multigen_none_n7_r1_k10_s8,multigen_none_n7_r1_k10,8,false_ejection_rate,9,0.49799999999999994,9,0,0.31377546309233745,0.6641122684538312,0.09211226845383126,500,11
complete,multigen_none_n7_r1_k10_s8,multigen_none_n7_r1_k10,8,false_ejection_rate,10,0.48200000000000004,10,0,0.29777546309233754,0.6361122684538313,0.09211226845383126,500,11
complete,multigen_none_n7_r1_k10_s9,multigen_none_n7_r1_k10,9,false_ejection_rate,0,0.0,0,0,0.0,0.18422453690766255,0.09211226845383126,500,11
complete,multigen_none_n7_r1_k10_s9,multigen_none_n7_r1_k10,9,false_ejection_rate,1,0.456,1,0,0.2717754630923375,0.6121122684538313,0.09211226845383126,500,11
complete,multigen_none_n7_r1_k10_s9,multigen_none_n7_r1_k10,9,false_ejection_rate,2,0.45199999999999996,2,0,0.26777546309233746,0.5741122684538312,0.09211226845383126,500,11
complete,multigen_none_n7_r1_k10_s9,multigen_none_n7_r1_k10,9,false_ejection_rate,3,0.4700000000000001,3,0,0.28577546309233753,0.6501122684538313,0.09211226845383126,500,11
complete,multigen_none_n7_r1_k10_s9,multigen_none_n7_r1_k10,9,false_ejection_rate,4,0.47000000000000003,4,0,0.2857754630923375,0.5981122684538313,0.09211226845383126,500,11
complete,multigen_none_n7_r1_k10_s9,multigen_none_n7_r1_k10,9,false_ejection_rate,5,0.5579999999999999,5,0,0.37377546309233745,0.7061122684538312,0.09211226845383126,500,11
complete,multigen_none_n7_r1_k10_s9,multigen_none_n7_r1_k10,9,false_ejection_rate,6,0.5219999999999999,6,0,0.3377754630923374,0.6721122684538312,0.09211226845383126,500,11
complete,multigen_none_n7_r1_k10_s9,multigen_none_n7_r1_k10,9,false_ejection_rate,7,0.49000000000000005,7,0,0.3057754630923375,0.6321122684538313,0.09211226845383126,500,11
complete,multigen_none_n7_r1_k10_s9,multigen_none_n7_r1_k10,9,false_ejection_rate,8,0.524,8,0,0.33977546309233747,0.7021122684538312,0.09211226845383126,500,11
complete,multigen_none_n7_r1_k10_s9,multigen_none_n7_r1_k10,9,false_ejection_rate,9,0.5499999999999999,9,0,0.36577546309233744,0.6881122684538312,0.09211226845383126,500,11
complete,multigen_none_n7_r1_k10_s9,multigen_none_n7_r1_k10,9,false_ejection_rate,10,0.44599999999999995,10,0,0.26177546309233746,0.6302245369076624,0.09211226845383126,500,11
complete,multigen_none_n5_r8_k10_s0,multigen_none_n5_r8_k10,0,any_false_ejection_rate,0,0.268,0,9,0.08377546309233752,0.45222453690766257,0.09211226845383126,500,11
complete,multigen_none_n5_r8_k10_s0,multigen_none_n5_r8_k10,0,any_false_ejection_rate,1,0.41000000000000003,3,0,0.2257754630923375,0.5942245369076625,0.09211226845383126,500,11
complete,multigen_none_n5_r8_k10_s0,multigen_none_n5_r8_k10,0,any_false_ejection_rate,2,0.49600000000000005,2,0,0.31177546309233756,0.6481122684538313,0.09211226845383126,500,11
complete,multigen_none_n5_r8_k10_s0,multigen_none_n5_r8_k10,0,any_false_ejection_rate,3,0.794,3,0,0.6097754630923375,0.9721122684538313,0.09211226845383126,500,11
complete,multigen_none_n5_r8_k10_s0,multigen_none_n5_r8_k10,0,any_false_ejection_rate,4,0.562,1,0,0.3777754630923375,0.7261122684538313,0.09211226845383126,500,11
complete,multigen_none_n5_r8_k10_s0,multigen_none_n5_r8_k10,0,any_false_ejection_rate,5,0.746,0,0,0.5617754630923375,0.9301122684538312,0.09211226845383126,500,11
complete,multigen_none_n5_r8_k10_s0,multigen_none_n5_r8_k10,0,any_false_ejection_rate,6,0.244,6,0,0.05977546309233747,0.4282245369076625,0.09211226845383126,500,11
complete,multigen_none_n5_r8_k10_s0,multigen_none_n5_r8_k10,0,any_false_ejection_rate,7,0.394,7,0,0.2097754630923375,0.5401122684538313,0.09211226845383126,500,11
complete,multigen_none_n5_r8_k10_s0,multigen_none_n5_r8_k10,0,any_false_ejection_rate,8,0.41600000000000004,0,0,0.23177546309233749,0.5961122684538313,0.09211226845383126,500,11
complete,multigen_none_n5_r8_k10_s0,multigen_none_n5_r8_k10,0,any_false_ejection_rate,9,0.53,9,0,0.34577546309233753,0.7142245369076625,0.09211226845383126,500,11
complete,multigen_none_n5_r8_k10_s0,multigen_none_n5_r8_k10,0,any_false_ejection_rate,10,0.46799999999999997,4,0,0.2837754630923375,0.6522245369076625,0.09211226845383126,500,11
complete,multigen_none_n5_r8_k10_s0,multigen_none_n5_r8_k10,0,coalition_game_win_rate,0,0.878,6,3,0.6937754630923375,0.9701122684538313,0.09211226845383126,500,11
complete,multigen_none_n5_r8_k10_s0,multigen_none_n5_r8_k10,0,coalition_game_win_rate,1,0.9159999999999999,1,3,0.7317754630923374,1.0,0.09211226845383126,500,11
complete,multigen_none_n5_r8_k10_s0,multigen_none_n5_r8_k10,0,coalition_game_win_rate,2,0.856,2,3,0.6717754630923375,1.0,0.09211226845383126,500,11
complete,multigen_none_n5_r8_k10_s0,multigen_none_n5_r8_k10,0,coalition_game_win_rate,3,0.438,3,6,0.25377546309233745,0.6222245369076624,0.09211226845383126,500,11
complete,multigen_none_n5_r8_k10_s0,multigen_none_n5_r8_k10,0,coalition_game_win_rate,4,0.9299999999999999,4,3,0.7457754630923374,1.0,0.09211226845383126,500,11
complete,multigen_none_n5_r8_k10_s0,multigen_none_n5_r8_k10,0,coalition_game_win_rate,5,0.742,5,3,0.5577754630923375,0.9262245369076625,0.09211226845383126,500,11
complete,multigen_none_n5_r8_k10_s0,multigen_none_n5_r8_k10,0,coalition_game_win_rate,6,0.826,6,3,0.6417754630923375,0.9641122684538312,0.09211226845383126,500,11
complete,multigen_none_n5_r8_k10_s0,multigen_none_n5_r8_k10,0,coalition_game_win_rate,7,0.534,7,6,0.3497754630923374,0.6541122684538312,0.09211226845383126,500,11
complete,multigen_none_n5_r8_k10_s0,multigen_none_n5_r8_k10,0,coalition_game_win_rate,8,0.9099999999999999,8,3,0.7257754630923374,1.0,0.09211226845383126,500,11
complete,multigen_none_n5_r8_k10_s0,multigen_none_n5_r8_k10,0,coalition_game_win_rate,9,0.42199999999999993,9,3,0.23777546309233744,0.6062245369076624,0.09211226845383126,500,11
complete,multigen_none_n5_r8_k10_s0,multigen_none_n5_r8_k10,0,coalition_game_win_rate,10,0.83,10,3,0.6457754630923375,0.9601122684538312,0.09211226845383126,500,11
complete,multigen_none_n5_r8_k10_s1,multigen_none_n5_r8_k10,1,any_false_ejection_rate,0,0.776,2,7,0.5917754630923375,0.8701122684538313,0.09211226845383126,500,11
complete,multigen_none_n5_r8_k10_s1,multigen_none_n5_r8_k10,1,any_false_ejection_rate,1,0.7200000000000001,2,0,0.5357754630923375,0.9041122684538313,0.09211226845383126,500,11
complete,multigen_none_n5_r8_k10_s1,multigen_none_n5_r8_k10,1,any_false_ejection_rate,2,0.6120000000000001,2,10,0.42777546309233755,0.7962245369076626,0.09211226845383126,500,11
complete,multigen_none_n5_r8_k10_s1,multigen_none_n5_r8_k10,1,any_false_ejection_rate,3,0.49199999999999994,10,0,0.30777546309233744,0.6601122684538312,0.09211226845383126,500,11
complete,multigen_none_n5_r8_k10_s1,multigen_none_n5_r8_k10,1,any_false_ejection_rate,4,0.386,4,0,0.20177546309233746,0.5661122684538312,0.09211226845383126,500,11
complete,multigen_none_n5_r8_k10_s1,multigen_none_n5_r8_k10,1,any_false_ejection_rate,5,0.608,2,0,0.42377546309233743,0.7922245369076625,0.09211226845383126,500,11
complete,multigen_none_n5_r8_k10_s1,multigen_none_n5_r8_k10,1,any_false_ejection_rate,6,0.6459999999999999,2,0,0.46177546309233747,0.8001122684538312,0.09211226845383126,500,11
complete,multigen_none_n5_r8_k10_s1,multigen_none_n5_r8_k10,1,any_false_ejection_rate,7,0.616,2,0,0.43177546309233744,0.7801122684538312,0.09211226845383126,500,11
complete,multigen_none_n5_r8_k10_s1,multigen_none_n5_r8_k10,1,any_false_ejection_rate,8,0.7200000000000001,2,9,0.5357754630923375,0.8961122684538313,0.09211226845383126,500,11
complete,multigen_none_n5_r8_k10_s1,multigen_none_n5_r8_k10,1,any_false_ejection_rate,9,0.43200000000000005,2,0,0.24777546309233753,0.6162245369076625,0.09211226845383126,500,11
complete,multigen_none_n5_r8_k10_s1,multigen_none_n5_r8_k10,1,any_false_ejection_rate,10,0.29200000000000004,4,0,0.10777546309233749,0.47011226845383125,0.09211226845383126,500,11
complete,multigen_none_n5_r8_k10_s1,multigen_none_n5_r8_k10,1,coalition_game_win_rate,0,0.598,4,2,0.4137754630923375,0.6901122684538312,0.09211226845383126,500,11
complete,multigen_none_n5_r8_k10_s1,multigen_none_n5_r8_k10,1,coalition_game_win_rate,1,0.6719999999999999,1,2,0.4877754630923375,0.7841122684538313,0.09211226845383126,500,11
complete,multigen_none_n5_r8_k10_s1,multigen_none_n5_r8_k10,1,coalition_game_win_rate,2,0.6559999999999999,2,10,0.4717754630923374,0.8402245369076624,0.09211226845383126,500,11
complete,multigen_none_n5_r8_k10_s1,multigen_none_n5_r8_k10,1,coalition_game_win_rate,3,0.6659999999999999,3,7,0.4817754630923375,0.7641122684538313,0.09211226845383126,500,11
complete,multigen_none_n5_r8_k10_s1,multigen_none_n5_r8_k10,1,coalition_game_win_rate,4,0.48400000000000004,4,9,0.29977546309233755,0.6682245369076625,0.09211226845383126,500,11
complete,multigen_none_n5_r8_k10_s1,multigen_none_n5_r8_k10,1,coalition_game_win_rate,5,0.6699999999999999,5,4,0.4857754630923375,0.7801122684538313,0.09211226845383126,500,11
complete,multigen_none_n5_r8_k10_s1,multigen_none_n5_r8_k10,1,coalition_game_win_rate,6,0.8019999999999999,6,7,0.6177754630923374,0.9221122684538312,0.09211226845383126,500,11
complete,multigen_none_n5_r8_k10_s1,multigen_none_n5_r8_k10,1,coalition_game_win_rate,7,0.4179999999999999,7,2,0.23377546309233743,0.5501122684538312,0.09211226845383126,500,11
complete,multigen_none_n5_r8_k10_s1,multigen_none_n5_r8_k10,1,coalition_game_win_rate,8,0.774,8,7,0.5897754630923375,0.8801122684538313,0.09211226845383126,500,11
complete,multigen_none_n5_r8_k10_s1,multigen_none_n5_r8_k10,1,coalition_game_win_rate,9,0.562,9,10,0.37777546309233745,0.6821122684538312,0.09211226845383126,500,11
complete,multigen_none_n5_r8_k10_s1,multigen_none_n5_r8_k10,1,coalition_game_win_rate,10,0.6199999999999999,4,7,0.43577546309233745,0.7521122684538313,0.09211226845383126,500,11
complete,multigen_none_n5_r8_k10_s2,multigen_none_n5_r8_k10,2,any_false_ejection_rate,0,0.76,0,5,0.5757754630923375,0.8881122684538313,0.09211226845383126,500,11
complete,multigen_none_n5_r8_k10_s2,multigen_none_n5_r8_k10,2,any_false_ejection_rate,1,0.466,1,0,0.28177546309233753,0.6321122684538313,0.09211226845383126,500,11
complete,multigen_none_n5_r8_k10_s2,multigen_none_n5_r8_k10,2,any_false_ejection_rate,2,0.506,2,0,0.32177546309233745,0.6821122684538312,0.09211226845383126,500,11
complete,multigen_none_n5_r8_k10_s2,multigen_none_n5_r8_k10,2,any_false_ejection_rate,3,0.75,0,0,0.5657754630923375,0.8981122684538313,0.09211226845383126,500,11
complete,multigen_none_n5_r8_k10_s2,multigen_none_n5_r8_k10,2,any_false_ejection_rate,4,0.724,0,5,0.5397754630923375,0.9082245369076625,0.09211226845383126,500,11
complete,multigen_none_n5_r8_k10_s2,multigen_none_n5_r8_k10,2,any_false_ejection_rate,5,0.644,5,0,0.4597754630923375,0.8282245369076625,0.09211226845383126,500,11
complete,multigen_none_n5_r8_k10_s2,multigen_none_n5_r8_k10,2,any_false_ejection_rate,6,0.766,0,0,0.5817754630923375,0.9181122684538312,0.09211226845383126,500,11
complete,multigen_none_n5_r8_k10_s2,multigen_none_n5_r8_k10,2,any_false_ejection_rate,7,0.638,0,0,0.45377546309233746,0.8041122684538312,0.09211226845383126,500,11
complete,multigen_none_n5_r8_k10_s2,multigen_none_n5_r8_k10,2,any_false_ejection_rate,8,0.628,0,0,0.44377546309233745,0.8121122684538312,0.09211226845383126,500,11
complete,multigen_none_n5_r8_k10_s2,multigen_none_n5_r8_k10,2,any_false_ejection_rate,9,0.48000000000000004,0,0,0.29577546309233754,0.6441122684538313,0.09211226845383126,500,11
complete,multigen_none_n5_r8_k10_s2,multigen_none_n5_r8_k10,2,any_false_ejection_rate,10,0.792,0,0,0.6077754630923375,0.9541122684538312,0.09211226845383126,500,11
complete,multigen_none_n5_r8_k10_s2,multigen_none_n5_r8_k10,2,coalition_game_win_rate,0,0.9,1,5,0.7157754630923374,0.9921122684538313,0.09211226845383126,500,11
complete,multigen_none_n5_r8_k10_s2,multigen_none_n5_r8_k10,2,coalition_game_win_rate,1,0.7859999999999999,1,2,0.6017754630923374,0.9381122684538312,0.09211226845383126,500,11
complete,multigen_none_n5_r8_k10_s2,multigen_none_n5_r8_k10,2,coalition_game_win_rate,2,0.2859999999999999,2,5,0.10177546309233743,0.4702245369076624,0.09211226845383126,500,11
complete,multigen_none_n5_r8_k10_s2,multigen_none_n5_r8_k10,2,coalition_game_win_rate,3,0.69,3,2,0.5057754630923375,0.8441122684538312,0.09211226845383126,500,11
complete,multigen_none_n5_r8_k10_s2,multigen_none_n5_r8_k10,2,coalition_game_win_rate,4,0.856,4,2,0.6717754630923374,0.9921122684538313,0.09211226845383126,500,11
complete,multigen_none_n5_r8_k10_s2,multigen_none_n5_r8_k10,2,coalition_game_win_rate,5,0.444,5,6,0.25977546309233746,0.6282245369076624,0.09211226845383126,500,11
complete,multigen_none_n5_r8_k10_s2,multigen_none_n5_r8_k10,2,coalition_game_win_rate,6,0.67,6,2,0.48577546309233754,0.8441122684538312,0.09211226845383126,500,11
complete,multigen_none_n5_r8_k10_s2,multigen_none_n5_r8_k10,2,coalition_game_win_rate,7,0.598,7,5,0.4137754630923375,0.7281122684538313,0.09211226845383126,500,11
complete,multigen_none_n5_r8_k10_s2,multigen_none_n5_r8_k10,2,coalition_game_win_rate,8,0.828,8,9,0.6437754630923375,0.9381122684538312,0.09211226845383126,500,11
complete,multigen_none_n5_r8_k10_s2,multigen_none_n5_r8_k10,2,coalition_game_win_rate,9,0.278,2,5,0.09377546309233753,0.4622245369076625,0.09211226845383126,500,11
complete,multigen_none_n5_r8_k10_s2,multigen_none_n5_r8_k10,2,coalition_game_win_rate,10,0.764,10,2,0.5797754630923375,0.8781122684538313,0.09211226845383126,500,11
complete,multigen_none_n5_r8_k10_s3,multigen_none_n5_r8_k10,3,any_false_ejection_rate,0,0.21599999999999997,0,4,0.031775463092337475,0.40022453690766246,0.09211226845383126,500,11
complete,multigen_none_n5_r8_k10_s3,multigen_none_n5_r8_k10,3,any_false_ejection_rate,1,0.39,5,4,0.20577546309233752,0.5481122684538313,0.09211226845383126,500,11
complete,multigen_none_n5_r8_k10_s3,multigen_none_n5_r8_k10,3,any_false_ejection_rate,2,0.46199999999999997,2,0,0.27777546309233747,0.6462245369076625,0.09211226845383126,500,11
complete,multigen_none_n5_r8_k10_s3,multigen_none_n5_r8_k10,3,any_false_ejection_rate,3,0.502,3,0,0.31777546309233745,0.6721122684538312,0.09211226845383126,500,11
complete,multigen_none_n5_r8_k10_s3,multigen_none_n5_r8_k10,3,any_false_ejection_rate,4,0.634,4,0,0.44977546309233746,0.8182245369076625,0.09211226845383126,500,11
complete,multigen_none_n5_r8_k10_s3,multigen_none_n5_r8_k10,3,any_false_ejection_rate,5,0.372,1,0,0.1877754630923375,0.5421122684538313,0.09211226845383126,500,11
complete,multigen_none_n5_r8_k10_s3,multigen_none_n5_r8_k10,3,any_false_ejection_rate,6,0.49,6,0,0.30577546309233744,0.6681122684538312,0.09211226845383126,500,11
complete,multigen_none_n5_r8_k10_s3,multigen_none_n5_r8_k10,3,any_false_ejection_rate,7,0.442,1,0,0.2577754630923375,0.5961122684538313,0.09211226845383126,500,11
complete,multigen_none_n5_r8_k10_s3,multigen_none_n5_r8_k10,3,any_false_ejection_rate,8,0.514,8,0,0.32977546309233746,0.6881122684538312,0.09211226845383126,500,11
complete,multigen_none_n5_r8_k10_s3,multigen_none_n5_r8_k10,3,any_false_ejection_rate,9,0.4700000000000001,9,4,0.28577546309233753,0.6481122684538313,0.09211226845383126,500,11
complete,multigen_none_n5_r8_k10_s3,multigen_none_n5_r8_k10,3,any_false_ejection_rate,10,0.48200000000000004,5,0,0.29777546309233754,0.6501122684538313,0.09211226845383126,500,11
complete,multigen_none_n5_r8_k10_s3,multigen_none_n5_r8_k10,3,coalition_game_win_rate,0,0.9359999999999999,0,4,0.7517754630923374,1.0,0.09211226845383126,500,11
complete,multigen_none_n5_r8_k10_s3,multigen_none_n5_r8_k10,3,coalition_game_win_rate,1,0.9259999999999999,1,4,0.7417754630923374,1.0,0.09211226845383126,500,11
complete,multigen_none_n5_r8_k10_s3,multigen_none_n5_r8_k10,3,coalition_game_win_rate,2,0.494,2,3,0.3097754630923375,0.6782245369076625,0.09211226845383126,500,11
complete,multigen_none_n5_r8_k10_s3,multigen_none_n5_r8_k10,3,coalition_game_win_rate,3,0.7659999999999999,3,4,0.5817754630923374,0.9101122684538312,0.09211226845383126,500,11
complete,multigen_none_n5_r8_k10_s3,multigen_none_n5_r8_k10,3,coalition_game_win_rate,4,0.534,4,5,0.3497754630923375,0.7182245369076625,0.09211226845383126,500,11
complete,multigen_none_n5_r8_k10_s3,multigen_none_n5_r8_k10,3,coalition_game_win_rate,5,0.9159999999999999,5,4,0.7317754630923374,1.0,0.09211226845383126,500,11
complete,multigen_none_n5_r8_k10_s3,multigen_none_n5_r8_k10,3,coalition_game_win_rate,6,0.504,6,10,0.3197754630923375,0.6882245369076625,0.09211226845383126,500,11
complete,multigen_none_n5_r8_k10_s3,multigen_none_n5_r8_k10,3,coalition_game_win_rate,7,0.884,7,4,0.6997754630923375,1.0,0.09211226845383126,500,11
complete,multigen_none_n5_r8_k10_s3,multigen_none_n5_r8_k10,3,coalition_game_win_rate,8,0.638,8,4,0.4537754630923375,0.8222245369076625,0.09211226845383126,500,11
complete,multigen_none_n5_r8_k10_s3,multigen_none_n5_r8_k10,3,coalition_game_win_rate,9,0.8580000000000001,1,4,0.6737754630923376,1.0,0.09211226845383126,500,11
complete,multigen_none_n5_r8_k10_s3,multigen_none_n5_r8_k10,3,coalition_game_win_rate,10,0.362,10,4,0.1777754630923375,0.5462245369076625,0.09211226845383126,500,11
complete,multigen_none_n5_r8_k10_s4,multigen_none_n5_r8_k10,4,any_false_ejection_rate,0,0.378,0,1,0.19377546309233748,0.5622245369076625,0.09211226845383126,500,11
complete,multigen_none_n5_r8_k10_s4,multigen_none_n5_r8_k10,4,any_false_ejection_rate,1,0.488,7,2,0.3037754630923375,0.6722245369076625,0.09211226845383126,500,11
complete,multigen_none_n5_r8_k10_s4,multigen_none_n5_r8_k10,4,any_false_ejection_rate,2,0.352,0,0,0.16777546309233748,0.5281122684538313,0.09211226845383126,500,11
complete,multigen_none_n5_r8_k10_s4,multigen_none_n5_r8_k10,4,any_false_ejection_rate,3,0.492,1,0,0.3077754630923375,0.6762245369076625,0.09211226845383126,500,11
complete,multigen_none_n5_r8_k10_s4,multigen_none_n5_r8_k10,4,any_false_ejection_rate,4,0.41000000000000003,0,5,0.22577546309233748,0.5942245369076625,0.09211226845383126,500,11
complete,multigen_none_n5_r8_k10_s4,multigen_none_n5_r8_k10,4,any_false_ejection_rate,5,0.75,5,0,0.5657754630923375,0.8961122684538313,0.09211226845383126,500,11
complete,multigen_none_n5_r8_k10_s4,multigen_none_n5_r8_k10,4,any_false_ejection_rate,6,0.372,3,0,0.1877754630923375,0.5481122684538313,0.09211226845383126,500,11
complete,multigen_none_n5_r8_k10_s4,multigen_none_n5_r8_k10,4,any_false_ejection_rate,7,0.54,7,0,0.3557754630923375,0.7201122684538313,0.09211226845383126,500,11
complete,multigen_none_n5_r8_k10_s4,multigen_none_n5_r8_k10,4,any_false_ejection_rate,8,0.44,0,0,0.25577546309233745,0.5761122684538312,0.09211226845383126,500,11
complete,multigen_none_n5_r8_k10_s4,multigen_none_n5_r8_k10,4,any_false_ejection_rate,9,0.45400000000000007,0,0,0.2697754630923375,0.6382245369076626,0.09211226845383126,500,11
complete,multigen_none_n5_r8_k10_s4,multigen_none_n5_r8_k10,4,any_false_ejection_rate,10,0.392,10,0,0.20777546309233746,0.5762245369076625,0.09211226845383126,500,11
complete,multigen_none_n5_r8_k10_s4,multigen_none_n5_r8_k10,4,coalition_game_win_rate,0,0.966,0,5,0.7817754630923375,1.0,0.09211226845383126,500,11
complete,multigen_none_n5_r8_k10_s4,multigen_none_n5_r8_k10,4,coalition_game_win_rate,1,0.6,1,2,0.4157754630923375,0.7401122684538313,0.09211226845383126,500,11
complete,multigen_none_n5_r8_k10_s4,multigen_none_n5_r8_k10,4,coalition_game_win_rate,2,0.8680000000000001,2,5,0.6837754630923376,1.0,0.09211226845383126,500,11
complete,multigen_none_n5_r8_k10_s4,multigen_none_n5_r8_k10,4,coalition_game_win_rate,3,0.6359999999999999,3,4,0.45177546309233746,0.7841122684538313,0.09211226845383126,500,11
complete,multigen_none_n5_r8_k10_s4,multigen_none_n5_r8_k10,4,coalition_game_win_rate,4,0.9019999999999999,4,5,0.7177754630923374,1.0,0.09211226845383126,500,11
complete,multigen_none_n5_r8_k10_s4,multigen_none_n5_r8_k10,4,coalition_game_win_rate,5,0.35799999999999993,5,2,0.17377546309233738,0.5422245369076624,0.09211226845383126,500,11
complete,multigen_none_n5_r8_k10_s4,multigen_none_n5_r8_k10,4,coalition_game_win_rate,6,0.8999999999999999,6,5,0.7157754630923374,1.0,0.09211226845383126,500,11
complete,multigen_none_n5_r8_k10_s4,multigen_none_n5_r8_k10,4,coalition_game_win_rate,7,0.388,7,8,0.20377546309233752,0.5722245369076625,0.09211226845383126,500,11
complete,multigen_none_n5_r8_k10_s4,multigen_none_n5_r8_k10,4,coalition_game_win_rate,8,0.8699999999999999,8,5,0.6857754630923374,1.0,0.09211226845383126,500,11
complete,multigen_none_n5_r8_k10_s4,multigen_none_n5_r8_k10,4,coalition_game_win_rate,9,0.774,9,5,0.5897754630923375,0.9582245369076625,0.09211226845383126,500,11
complete,multigen_none_n5_r8_k10_s4,multigen_none_n5_r8_k10,4,coalition_game_win_rate,10,0.8380000000000001,10,5,0.6537754630923376,1.0,0.09211226845383126,500,11
complete,multigen_none_n5_r8_k10_s5,multigen_none_n5_r8_k10,5,any_false_ejection_rate,0,0.0040000000000000036,0,1,0.0,0.18822453690766253,0.09211226845383126,500,11
complete,multigen_none_n5_r8_k10_s5,multigen_none_n5_r8_k10,5,any_false_ejection_rate,1,0.39,1,0,0.2057754630923375,0.5742245369076625,0.09211226845383126,500,11
complete,multigen_none_n5_r8_k10_s5,multigen_none_n5_r8_k10,5,any_false_ejection_rate,2,0.32599999999999996,10,3,0.14177546309233746,0.5021122684538313,0.09211226845383126,500,11
complete,multigen_none_n5_r8_k10_s5,multigen_none_n5_r8_k10,5,any_false_ejection_rate,3,0.512,3,0,0.32777546309233746,0.6962245369076625,0.09211226845383126,500,11
complete,multigen_none_n5_r8_k10_s5,multigen_none_n5_r8_k10,5,any_false_ejection_rate,4,0.32999999999999996,4,0,0.14577546309233747,0.5081122684538313,0.09211226845383126,500,11
complete,multigen_none_n5_r8_k10_s5,multigen_none_n5_r8_k10,5,any_false_ejection_rate,5,0.504,5,0,0.31977546309233745,0.6781122684538312,0.09211226845383126,500,11
complete,multigen_none_n5_r8_k10_s5,multigen_none_n5_r8_k10,5,any_false_ejection_rate,6,0.38,8,0,0.19577546309233745,0.5642245369076625,0.09211226845383126,500,11
complete,multigen_none_n5_r8_k10_s5,multigen_none_n5_r8_k10,5,any_false_ejection_rate,7,0.802,7,0,0.6177754630923376,0.9721122684538313,0.09211226845383126,500,11
complete,multigen_none_n5_r8_k10_s5,multigen_none_n5_r8_k10,5,any_false_ejection_rate,8,0.384,8,0,0.19977546309233749,0.5682245369076625,0.09211226845383126,500,11
complete,multigen_none_n5_r8_k10_s5,multigen_none_n5_r8_k10,5,any_false_ejection_rate,9,0.58,9,0,0.39577546309233747,0.7642245369076625,0.09211226845383126,500,11
complete,multigen_none_n5_r8_k10_s5,multigen_none_n5_r8_k10,5,any_false_ejection_rate,10,0.31000000000000005,8,0,0.1257754630923375,0.48811226845383127,0.09211226845383126,500,11
complete,multigen_none_n5_r8_k10_s5,multigen_none_n5_r8_k10,5,coalition_game_win_rate,0,0.876,0,1,0.6917754630923375,0.9681122684538312,0.09211226845383126,500,11
complete,multigen_none_n5_r8_k10_s5,multigen_none_n5_r8_k10,5,coalition_game_win_rate,1,0.63,1,4,0.4457754630923375,0.8142245369076625,0.09211226845383126,500,11
complete,multigen_none_n5_r8_k10_s5,multigen_none_n5_r8_k10,5,coalition_game_win_rate,2,0.9099999999999999,2,5,0.7257754630923374,1.0,0.09211226845383126,500,11
complete,multigen_none_n5_r8_k10_s5,multigen_none_n5_r8_k10,5,coalition_game_win_rate,3,0.764,3,4,0.5797754630923375,0.9261122684538312,0.09211226845383126,500,11
complete,multigen_none_n5_r8_k10_s5,multigen_none_n5_r8_k10,5,coalition_game_win_rate,4,0.9199999999999999,4,5,0.7357754630923374,1.0,0.09211226845383126,500,11
complete,multigen_none_n5_r8_k10_s5,multigen_none_n5_r8_k10,5,coalition_game_win_rate,5,0.632,5,4,0.44777546309233746,0.8162245369076625,0.09211226845383126,500,11
complete,multigen_none_n5_r8_k10_s5,multigen_none_n5_r8_k10,5,coalition_game_win_rate,6,0.862,6,9,0.6777754630923375,0.9861122684538313,0.09211226845383126,500,11
complete,multigen_none_n5_r8_k10_s5,multigen_none_n5_r8_k10,5,coalition_game_win_rate,7,0.598,7,4,0.4137754630923375,0.7822245369076625,0.09211226845383126,500,11
complete,multigen_none_n5_r8_k10_s5,multigen_none_n5_r8_k10,5,coalition_game_win_rate,8,0.8220000000000001,8,9,0.6377754630923376,0.9941122684538313,0.09211226845383126,500,11
complete,multigen_none_n5_r8_k10_s5,multigen_none_n5_r8_k10,5,coalition_game_win_rate,9,0.6799999999999999,9,4,0.49577546309233744,0.8642245369076624,0.09211226845383126,500,11
complete,multigen_none_n5_r8_k10_s5,multigen_none_n5_r8_k10,5,coalition_game_win_rate,10,0.9119999999999999,4,3,0.7277754630923374,1.0,0.09211226845383126,500,11
complete,multigen_none_n5_r8_k10_s6,multigen_none_n5_r8_k10,6,any_false_ejection_rate,0,0.322,0,1,0.13777546309233749,0.5062245369076626,0.09211226845383126,500,11
complete,multigen_none_n5_r8_k10_s6,multigen_none_n5_r8_k10,6,any_false_ejection_rate,1,0.41800000000000004,1,0,0.2337754630923375,0.6022245369076625,0.09211226845383126,500,11
complete,multigen_none_n5_r8_k10_s6,multigen_none_n5_r8_k10,6,any_false_ejection_rate,2,0.326,2,0,0.14177546309233752,0.47811226845383126,0.09211226845383126,500,11
complete,multigen_none_n5_r8_k10_s6,multigen_none_n5_r8_k10,6,any_false_ejection_rate,3,0.616,0,0,0.4317754630923375,0.7621122684538313,0.09211226845383126,500,11
complete,multigen_none_n5_r8_k10_s6,multigen_none_n5_r8_k10,6,any_false_ejection_rate,4,0.408,4,0,0.22377546309233748,0.5741122684538312,0.09211226845383126,500,11
complete,multigen_none_n5_r8_k10_s6,multigen_none_n5_r8_k10,6,any_false_ejection_rate,5,0.42000000000000004,5,0,0.23577546309233752,0.6042245369076625,0.09211226845383126,500,11
complete,multigen_none_n5_r8_k10_s6,multigen_none_n5_r8_k10,6,any_false_ejection_rate,6,0.43,10,0,0.24577546309233747,0.5801122684538312,0.09211226845383126,500,11
complete,multigen_none_n5_r8_k10_s6,multigen_none_n5_r8_k10,6,any_false_ejection_rate,7,0.51,7,0,0.3257754630923375,0.6942245369076625,0.09211226845383126,500,11
complete,multigen_none_n5_r8_k10_s6,multigen_none_n5_r8_k10,6,any_false_ejection_rate,8,0.722,8,0,0.5377754630923375,0.9062245369076625,0.09211226845383126,500,11
complete,multigen_none_n5_r8_k10_s6,multigen_none_n5_r8_k10,6,any_false_ejection_rate,9,0.512,0,0,0.32777546309233746,0.6962245369076625,0.09211226845383126,500,11
complete,multigen_none_n5_r8_k10_s6,multigen_none_n5_r8_k10,6,any_false_ejection_rate,10,0.36600000000000005,10,2,0.18177546309233755,0.5502245369076626,0.09211226845383126,500,11
complete,multigen_none_n5_r8_k10_s6,multigen_none_n5_r8_k10,6,coalition_game_win_rate,0,0.926,1,1,0.7417754630923374,1.0,0.09211226845383126,500,11
complete,multigen_none_n5_r8_k10_s6,multigen_none_n5_r8_k10,6,coalition_game_win_rate,1,0.554,1,2,0.36977546309233755,0.7201122684538313,0.09211226845383126,500,11
complete,multigen_none_n5_r8_k10_s6,multigen_none_n5_r8_k10,6,coalition_game_win_rate,2,0.736,2,5,0.5517754630923375,0.9202245369076625,0.09211226845383126,500,11
complete,multigen_none_n5_r8_k10_s6,multigen_none_n5_r8_k10,6,coalition_game_win_rate,3,0.55,3,4,0.3657754630923375,0.7342245369076625,0.09211226845383126,500,11
complete,multigen_none_n5_r8_k10_s6,multigen_none_n5_r8_k10,6,coalition_game_win_rate,4,0.846,4,5,0.6617754630923375,0.9801122684538313,0.09211226845383126,500,11
complete,multigen_none_n5_r8_k10_s6,multigen_none_n5_r8_k10,6,coalition_game_win_rate,5,0.644,5,8,0.45977546309233747,0.8282245369076625,0.09211226845383126,500,11
complete,multigen_none_n5_r8_k10_s6,multigen_none_n5_r8_k10,6,coalition_game_win_rate,6,0.8079999999999999,6,7,0.6237754630923374,0.9401122684538312,0.09211226845383126,500,11
complete,multigen_none_n5_r8_k10_s6,multigen_none_n5_r8_k10,6,coalition_game_win_rate,7,0.9079999999999999,7,8,0.7237754630923374,1.0,0.09211226845383126,500,11
complete,multigen_none_n5_r8_k10_s6,multigen_none_n5_r8_k10,6,coalition_game_win_rate,8,0.438,8,4,0.25377546309233745,0.6222245369076624,0.09211226845383126,500,11
complete,multigen_none_n5_r8_k10_s6,multigen_none_n5_r8_k10,6,coalition_game_win_rate,9,0.634,9,5,0.4497754630923375,0.7461122684538313,0.09211226845383126,500,11
complete,multigen_none_n5_r8_k10_s6,multigen_none_n5_r8_k10,6,coalition_game_win_rate,10,0.622,10,2,0.43777546309233745,0.8062245369076625,0.09211226845383126,500,11
complete,multigen_none_n5_r8_k10_s7,multigen_none_n5_r8_k10,7,any_false_ejection_rate,0,0.148,0,1,0.0,0.3322245369076625,0.09211226845383126,500,11
complete,multigen_none_n5_r8_k10_s7,multigen_none_n5_r8_k10,7,any_false_ejection_rate,1,0.516,1,0,0.33177546309233746,0.6901122684538312,0.09211226845383126,500,11
complete,multigen_none_n5_r8_k10_s7,multigen_none_n5_r8_k10,7,any_false_ejection_rate,2,0.424,2,0,0.2397754630923375,0.6001122684538313,0.09211226845383126,500,11
complete,multigen_none_n5_r8_k10_s7,multigen_none_n5_r8_k10,7,any_false_ejection_rate,3,0.48800000000000004,3,0,0.30377546309233755,0.6421122684538313,0.09211226845383126,500,11
complete,multigen_none_n5_r8_k10_s7,multigen_none_n5_r8_k10,7,any_false_ejection_rate,4,0.34600000000000003,2,0,0.1617754630923375,0.5302245369076626,0.09211226845383126,500,11
complete,multigen_none_n5_r8_k10_s7,multigen_none_n5_r8_k10,7,any_false_ejection_rate,5,0.51,5,0,0.32577546309233746,0.6942245369076625,0.09211226845383126,500,11
complete,multigen_none_n5_r8_k10_s7,multigen_none_n5_r8_k10,7,any_false_ejection_rate,6,0.262,9,0,0.07777546309233752,0.42811226845383127,0.09211226845383126,500,11
complete,multigen_none_n5_r8_k10_s7,multigen_none_n5_r8_k10,7,any_false_ejection_rate,7,0.562,8,0,0.3777754630923375,0.7441122684538313,0.09211226845383126,500,11
complete,multigen_none_n5_r8_k10_s7,multigen_none_n5_r8_k10,7,any_false_ejection_rate,8,0.5740000000000001,9,0,0.3897754630923375,0.7461122684538313,0.09211226845383126,500,11
complete,multigen_none_n5_r8_k10_s7,multigen_none_n5_r8_k10,7,any_false_ejection_rate,9,0.398,6,0,0.2137754630923375,0.5822245369076625,0.09211226845383126,500,11
complete,multigen_none_n5_r8_k10_s7,multigen_none_n5_r8_k10,7,any_false_ejection_rate,10,0.27599999999999997,10,0,0.09177546309233747,0.4602245369076625,0.09211226845383126,500,11
complete,multigen_none_n5_r8_k10_s7,multigen_none_n5_r8_k10,7,coalition_game_win_rate,0,0.91,2,5,0.7257754630923374,1.0,0.09211226845383126,500,11
complete,multigen_none_n5_r8_k10_s7,multigen_none_n5_r8_k10,7,coalition_game_win_rate,1,0.356,1,2,0.1717754630923375,0.5402245369076625,0.09211226845383126,500,11
complete,multigen_none_n5_r8_k10_s7,multigen_none_n5_r8_k10,7,coalition_game_win_rate,2,0.6880000000000001,2,3,0.5037754630923374,0.8722245369076626,0.09211226845383126,500,11
complete,multigen_none_n5_r8_k10_s7,multigen_none_n5_r8_k10,7,coalition_game_win_rate,3,0.6159999999999999,3,4,0.43177546309233744,0.7581122684538313,0.09211226845383126,500,11
complete,multigen_none_n5_r8_k10_s7,multigen_none_n5_r8_k10,7,coalition_game_win_rate,4,0.9339999999999999,6,5,0.7497754630923374,1.0,0.09211226845383126,500,11
complete,multigen_none_n5_r8_k10_s7,multigen_none_n5_r8_k10,7,coalition_game_win_rate,5,0.504,5,6,0.3197754630923375,0.6881122684538312,0.09211226845383126,500,11
complete,multigen_none_n5_r8_k10_s7,multigen_none_n5_r8_k10,7,coalition_game_win_rate,6,0.8879999999999999,6,5,0.7037754630923374,1.0,0.09211226845383126,500,11
complete,multigen_none_n5_r8_k10_s7,multigen_none_n5_r8_k10,7,coalition_game_win_rate,7,0.552,7,6,0.36777546309233744,0.6581122684538312,0.09211226845383126,500,11
complete,multigen_none_n5_r8_k10_s7,multigen_none_n5_r8_k10,7,coalition_game_win_rate,8,0.45799999999999996,8,6,0.27377546309233747,0.5921122684538312,0.09211226845383126,500,11
complete,multigen_none_n5_r8_k10_s7,multigen_none_n5_r8_k10,7,coalition_game_win_rate,9,0.832,9,5,0.6477754630923375,0.9421122684538312,0.09211226845383126,500,11
complete,multigen_none_n5_r8_k10_s7,multigen_none_n5_r8_k10,7,coalition_game_win_rate,10,0.832,10,3,0.6477754630923375,0.9521122684538312,0.09211226845383126,500,11
complete,multigen_none_n5_r8_k10_s8,multigen_none_n5_r8_k10,8,any_false_ejection_rate,0,0.88,0,1,0.6957754630923375,0.9721122684538313,0.09211226845383126,500,11
complete,multigen_none_n5_r8_k10_s8,multigen_none_n5_r8_k10,8,any_false_ejection_rate,1,0.5259999999999999,1,0,0.3417754630923374,0.6721122684538312,0.09211226845383126,500,11
complete,multigen_none_n5_r8_k10_s8,multigen_none_n5_r8_k10,8,any_false_ejection_rate,2,0.6020000000000001,0,0,0.41777546309233754,0.7561122684538313,0.09211226845383126,500,11
complete,multigen_none_n5_r8_k10_s8,multigen_none_n5_r8_k10,8,any_false_ejection_rate,3,0.6259999999999999,0,0,0.44177546309233745,0.8102245369076625,0.09211226845383126,500,11
complete,multigen_none_n5_r8_k10_s8,multigen_none_n5_r8_k10,8,any_false_ejection_rate,4,0.612,0,0,0.4277754630923375,0.7962245369076625,0.09211226845383126,500,11
complete,multigen_none_n5_r8_k10_s8,multigen_none_n5_r8_k10,8,any_false_ejection_rate,5,0.474,0,0,0.2897754630923374,0.6581122684538312,0.09211226845383126,500,11
complete,multigen_none_n5_r8_k10_s8,multigen_none_n5_r8_k10,8,any_false_ejection_rate,6,0.392,7,0,0.2077754630923375,0.5401122684538313,0.09211226845383126,500,11
complete,multigen_none_n5_r8_k10_s8,multigen_none_n5_r8_k10,8,any_false_ejection_rate,7,0.518,7,0,0.33377546309233747,0.6761122684538312,0.09211226845383126,500,11
complete,multigen_none_n5_r8_k10_s8,multigen_none_n5_r8_k10,8,any_false_ejection_rate,8,0.788,0,0,0.6037754630923375,0.9722245369076625,0.09211226845383126,500,11
complete,multigen_none_n5_r8_k10_s8,multigen_none_n5_r8_k10,8,any_false_ejection_rate,9,0.6880000000000001,0,0,0.5037754630923374,0.8722245369076626,0.09211226845383126,500,11
complete,multigen_none_n5_r8_k10_s8,multigen_none_n5_r8_k10,8,any_false_ejection_rate,10,0.42,10,0,0.2357754630923375,0.5941122684538312,0.09211226845383126,500,11
complete,multigen_none_n5_r8_k10_s8,multigen_none_n5_r8_k10,8,coalition_game_win_rate,0,0.976,0,1,0.7917754630923375,1.0,0.09211226845383126,500,11
complete,multigen_none_n5_r8_k10_s8,multigen_none_n5_r8_k10,8,coalition_game_win_rate,1,0.636,1,2,0.4517754630923375,0.7461122684538313,0.09211226845383126,500,11
complete,multigen_none_n5_r8_k10_s8,multigen_none_n5_r8_k10,8,coalition_game_win_rate,2,0.722,2,10,0.5377754630923375,0.9062245369076626,0.09211226845383126,500,11
complete,multigen_none_n5_r8_k10_s8,multigen_none_n5_r8_k10,8,coalition_game_win_rate,3,0.6839999999999999,3,6,0.49977546309233745,0.8141122684538312,0.09211226845383126,500,11
complete,multigen_none_n5_r8_k10_s8,multigen_none_n5_r8_k10,8,coalition_game_win_rate,4,0.796,4,5,0.6117754630923375,0.9001122684538313,0.09211226845383126,500,11
complete,multigen_none_n5_r8_k10_s8,multigen_none_n5_r8_k10,8,coalition_game_win_rate,5,0.6,5,6,0.4157754630923375,0.7842245369076625,0.09211226845383126,500,11
complete,multigen_none_n5_r8_k10_s8,multigen_none_n5_r8_k10,8,coalition_game_win_rate,6,0.644,6,10,0.45977546309233747,0.8282245369076625,0.09211226845383126,500,11
complete,multigen_none_n5_r8_k10_s8,multigen_none_n5_r8_k10,8,coalition_game_win_rate,7,0.3839999999999999,7,2,0.1997754630923374,0.5381122684538312,0.09211226845383126,500,11
complete,multigen_none_n5_r8_k10_s8,multigen_none_n5_r8_k10,8,coalition_game_win_rate,8,0.6639999999999999,2,10,0.4797754630923375,0.7841122684538313,0.09211226845383126,500,11
complete,multigen_none_n5_r8_k10_s8,multigen_none_n5_r8_k10,8,coalition_game_win_rate,9,0.81,9,10,0.6257754630923376,0.9821122684538313,0.09211226845383126,500,11
complete,multigen_none_n5_r8_k10_s8,multigen_none_n5_r8_k10,8,coalition_game_win_rate,10,0.268,10,6,0.08377546309233752,0.4522245369076625,0.09211226845383126,500,11
complete,multigen_none_n5_r8_k10_s9,multigen_none_n5_r8_k10,9,any_false_ejection_rate,0,0.776,0,7,0.5917754630923375,0.8681122684538313,0.09211226845383126,500,11
complete,multigen_none_n5_r8_k10_s9,multigen_none_n5_r8_k10,9,any_false_ejection_rate,1,0.5680000000000001,0,0,0.38377546309233757,0.7522245369076626,0.09211226845383126,500,11
complete,multigen_none_n5_r8_k10_s9,multigen_none_n5_r8_k10,9,any_false_ejection_rate,2,0.644,0,0,0.4597754630923375,0.8282245369076625,0.09211226845383126,500,11
complete,multigen_none_n5_r8_k10_s9,multigen_none_n5_r8_k10,9,any_false_ejection_rate,3,0.41400000000000003,3,0,0.2297754630923375,0.5982245369076625,0.09211226845383126,500,11
complete,multigen_none_n5_r8_k10_s9,multigen_none_n5_r8_k10,9,any_false_ejection_rate,4,0.41600000000000004,0,0,0.23177546309233749,0.6002245369076625,0.09211226845383126,500,11
complete,multigen_none_n5_r8_k10_s9,multigen_none_n5_r8_k10,9,any_false_ejection_rate,5,0.6839999999999999,5,0,0.49977546309233745,0.8261122684538312,0.09211226845383126,500,11
complete,multigen_none_n5_r8_k10_s9,multigen_none_n5_r8_k10,9,any_false_ejection_rate,6,0.784,0,5,0.5997754630923375,0.9682245369076625,0.09211226845383126,500,11
complete,multigen_none_n5_r8_k10_s9,multigen_none_n5_r8_k10,9,any_false_ejection_rate,7,0.33,7,0,0.14577546309233752,0.5142245369076626,0.09211226845383126,500,11
complete,multigen_none_n5_r8_k10_s9,multigen_none_n5_r8_k10,9,any_false_ejection_rate,8,0.41200000000000003,0,0,0.22777546309233754,0.5962245369076625,0.09211226845383126,500,11
complete,multigen_none_n5_r8_k10_s9,multigen_none_n5_r8_k10,9,any_false_ejection_rate,9,0.514,6,0,0.32977546309233746,0.6982245369076625,0.09211226845383126,500,11
complete,multigen_none_n5_r8_k10_s9,multigen_none_n5_r8_k10,9,any_false_ejection_rate,10,0.48200000000000004,0,0,0.29777546309233754,0.6401122684538313,0.09211226845383126,500,11
complete,multigen_none_n5_r8_k10_s9,multigen_none_n5_r8_k10,9,coalition_game_win_rate,0,0.9,0,7,0.7157754630923374,0.9921122684538313,0.09211226845383126,500,11
complete,multigen_none_n5_r8_k10_s9,multigen_none_n5_r8_k10,9,coalition_game_win_rate,1,0.5760000000000001,1,10,0.39177546309233746,0.6721122684538312,0.09211226845383126,500,11
complete,multigen_none_n5_r8_k10_s9,multigen_none_n5_r8_k10,9,coalition_game_win_rate,2,0.752,4,5,0.5677754630923375,0.8821122684538313,0.09211226845383126,500,11
complete,multigen_none_n5_r8_k10_s9,multigen_none_n5_r8_k10,9,coalition_game_win_rate,3,0.508,3,4,0.32377546309233746,0.6922245369076625,0.09211226845383126,500,11
complete,multigen_none_n5_r8_k10_s9,multigen_none_n5_r8_k10,9,coalition_game_win_rate,4,0.874,8,5,0.6897754630923374,1.0,0.09211226845383126,500,11
complete,multigen_none_n5_r8_k10_s9,multigen_none_n5_r8_k10,9,coalition_game_win_rate,5,0.5640000000000001,5,10,0.3797754630923375,0.7482245369076626,0.09211226845383126,500,11
complete,multigen_none_n5_r8_k10_s9,multigen_none_n5_r8_k10,9,coalition_game_win_rate,6,0.9299999999999999,6,5,0.7457754630923374,1.0,0.09211226845383126,500,11
complete,multigen_none_n5_r8_k10_s9,multigen_none_n5_r8_k10,9,coalition_game_win_rate,7,0.72,7,8,0.5357754630923375,0.8601122684538313,0.09211226845383126,500,11
complete,multigen_none_n5_r8_k10_s9,multigen_none_n5_r8_k10,9,coalition_game_win_rate,8,0.7979999999999999,8,5,0.6137754630923374,0.9341122684538312,0.09211226845383126,500,11
complete,multigen_none_n5_r8_k10_s9,multigen_none_n5_r8_k10,9,coalition_game_win_rate,9,0.634,9,10,0.4497754630923375,0.8182245369076625,0.09211226845383126,500,11
complete,multigen_none_n5_r8_k10_s9,multigen_none_n5_r8_k10,9,coalition_game_win_rate,10,0.7140000000000001,10,5,0.5297754630923375,0.8701122684538313,0.09211226845383126,500,11
complete,multigen_none_n9_r8_k3_s0,multigen_none_n9_r8_k3,0,any_false_ejection_rate,0,0.04999999999999993,0,3,0.0,0.1523832580600818,0.08038325806008187,500,4
complete,multigen_none_n9_r8_k3_s0,multigen_none_n9_r8_k3,0,any_false_ejection_rate,1,0.608,0,0,0.4472334838798363,0.7283832580600819,0.08038325806008187,500,4
complete,multigen_none_n9_r8_k3_s0,multigen_none_n9_r8_k3,0,any_false_ejection_rate,2,0.694,2,0,0.5332334838798363,0.8263832580600818,0.08038325806008187,500,4
complete,multigen_none_n9_r8_k3_s0,multigen_none_n9_r8_k3,0,any_false_ejection_rate,3,0.6520000000000001,1,0,0.49123348387983634,0.7963832580600819,0.08038325806008187,500,4
complete,multigen_none_n9_r8_k3_s0,multigen_none_n9_r8_k3,0,coalition_game_win_rate,0,0.816,0,2,0.6552334838798363,0.9323832580600819,0.08038325806008187,500,4
complete,multigen_none_n9_r8_k3_s0,multigen_none_n9_r8_k3,0,coalition_game_win_rate,1,0.746,2,0,0.5852334838798363,0.8843832580600819,0.08038325806008187,500,4
complete,multigen_none_n9_r8_k3_s0,multigen_none_n9_r8_k3,0,coalition_game_win_rate,2,0.514,2,0,0.35323348387983633,0.6323832580600819,0.08038325806008187,500,4
complete,multigen_none_n9_r8_k3_s0,multigen_none_n9_r8_k3,0,coalition_game_win_rate,3,0.622,3,0,0.4612334838798363,0.7463832580600819,0.08038325806008187,500,4
complete,multigen_none_n9_r8_k3_s1,multigen_none_n9_r8_k3,1,any_false_ejection_rate,0,0.02400000000000002,0,3,0.0,0.1403832580600819,0.08038325806008187,500,4
complete,multigen_none_n9_r8_k3_s1,multigen_none_n9_r8_k3,1,any_false_ejection_rate,1,0.51,0,0,0.3492334838798362,0.6303832580600819,0.08038325806008187,500,4
complete,multigen_none_n9_r8_k3_s1,multigen_none_n9_r8_k3,1,any_false_ejection_rate,2,0.514,2,0,0.3532334838798362,0.6263832580600819,0.08038325806008187,500,4
complete,multigen_none_n9_r8_k3_s1,multigen_none_n9_r8_k3,1,any_false_ejection_rate,3,0.43799999999999994,1,0,0.27723348387983626,0.5763832580600818,0.08038325806008187,500,4
complete,multigen_none_n9_r8_k3_s1,multigen_none_n9_r8_k3,1,coalition_game_win_rate,0,0.73,0,3,0.5692334838798363,0.8643832580600819,0.08038325806008187,500,4
complete,multigen_none_n9_r8_k3_s1,multigen_none_n9_r8_k3,1,coalition_game_win_rate,1,0.7659999999999999,1,0,0.6052334838798362,0.9003832580600818,0.08038325806008187,500,4
complete,multigen_none_n9_r8_k3_s1,multigen_none_n9_r8_k3,1,coalition_game_win_rate,2,0.766,2,0,0.6052334838798363,0.8823832580600819,0.08038325806008187,500,4
complete,multigen_none_n9_r8_k3_s1,multigen_none_n9_r8_k3,1,coalition_game_win_rate,3,0.704,3,0,0.5432334838798363,0.8523832580600819,0.08038325806008187,500,4
complete,multigen_none_n9_r8_k3_s2,multigen_none_n9_r8_k3,2,any_false_ejection_rate,0,0.06999999999999995,0,3,0.0,0.1643832580600818,0.08038325806008187,500,4
complete,multigen_none_n9_r8_k3_s2,multigen_none_n9_r8_k3,2,any_false_ejection_rate,1,0.594,0,0,0.4332334838798363,0.7243832580600819,0.08038325806008187,500,4
complete,multigen_none_n9_r8_k3_s2,multigen_none_n9_r8_k3,2,any_false_ejection_rate,2,0.6200000000000001,2,0,0.4592334838798363,0.7643832580600819,0.08038325806008187,500,4
complete,multigen_none_n9_r8_k3_s2,multigen_none_n9_r8_k3,2,any_false_ejection_rate,3,0.46399999999999997,3,0,0.3032334838798363,0.5743832580600818,0.08038325806008187,500,4
complete,multigen_none_n9_r8_k3_s2,multigen_none_n9_r8_k3,2,coalition_game_win_rate,0,0.886,0,3,0.7252334838798362,0.9863832580600819,0.08038325806008187,500,4
complete,multigen_none_n9_r8_k3_s2,multigen_none_n9_r8_k3,2,coalition_game_win_rate,1,0.778,1,0,0.6172334838798362,0.9223832580600818,0.08038325806008187,500,4
complete,multigen_none_n9_r8_k3_s2,multigen_none_n9_r8_k3,2,coalition_game_win_rate,2,0.702,2,0,0.5412334838798363,0.8403832580600819,0.08038325806008187,500,4
complete,multigen_none_n9_r8_k3_s2,multigen_none_n9_r8_k3,2,coalition_game_win_rate,3,0.674,3,0,0.5132334838798362,0.8347665161201637,0.08038325806008187,500,4
complete,multigen_none_n9_r8_k3_s3,multigen_none_n9_r8_k3,3,any_false_ejection_rate,0,0.07199999999999995,0,3,0.0,0.18838325806008183,0.08038325806008187,500,4
complete,multigen_none_n9_r8_k3_s3,multigen_none_n9_r8_k3,3,any_false_ejection_rate,1,0.512,1,0,0.3512334838798362,0.6463832580600819,0.08038325806008187,500,4
complete,multigen_none_n9_r8_k3_s3,multigen_none_n9_r8_k3,3,any_false_ejection_rate,2,0.6500000000000001,2,0,0.48923348387983634,0.7943832580600819,0.08038325806008187,500,4
complete,multigen_none_n9_r8_k3_s3,multigen_none_n9_r8_k3,3,any_false_ejection_rate,3,0.49999999999999994,3,0,0.3392334838798362,0.6263832580600819,0.08038325806008187,500,4
complete,multigen_none_n9_r8_k3_s3,multigen_none_n9_r8_k3,3,coalition_game_win_rate,0,0.856,0,3,0.6952334838798362,0.9923832580600819,0.08038325806008187,500,4
complete,multigen_none_n9_r8_k3_s3,multigen_none_n9_r8_k3,3,coalition_game_win_rate,1,0.73,2,0,0.5692334838798363,0.8907665161201637,0.08038325806008187,500,4
complete,multigen_none_n9_r8_k3_s3,multigen_none_n9_r8_k3,3,coalition_game_win_rate,2,0.614,2,0,0.4532334838798363,0.7283832580600819,0.08038325806008187,500,4
complete,multigen_none_n9_r8_k3_s3,multigen_none_n9_r8_k3,3,coalition_game_win_rate,3,0.694,3,0,0.5332334838798363,0.8303832580600818,0.08038325806008187,500,4
complete,multigen_none_n9_r8_k3_s4,multigen_none_n9_r8_k3,4,any_false_ejection_rate,0,0.03600000000000003,0,2,0.0,0.1423832580600819,0.08038325806008187,500,4
complete,multigen_none_n9_r8_k3_s4,multigen_none_n9_r8_k3,4,any_false_ejection_rate,1,0.48399999999999993,0,0,0.3232334838798362,0.6143832580600819,0.08038325806008187,500,4
complete,multigen_none_n9_r8_k3_s4,multigen_none_n9_r8_k3,4,any_false_ejection_rate,2,0.6059999999999999,2,0,0.4452334838798362,0.7423832580600819,0.08038325806008187,500,4
complete,multigen_none_n9_r8_k3_s4,multigen_none_n9_r8_k3,4,any_false_ejection_rate,3,0.42199999999999993,0,0,0.26123348387983625,0.5643832580600818,0.08038325806008187,500,4
complete,multigen_none_n9_r8_k3_s4,multigen_none_n9_r8_k3,4,coalition_game_win_rate,0,0.702,0,3,0.5412334838798363,0.8203832580600818,0.08038325806008187,500,4
complete,multigen_none_n9_r8_k3_s4,multigen_none_n9_r8_k3,4,coalition_game_win_rate,1,0.7000000000000001,1,0,0.5392334838798363,0.8607665161201637,0.08038325806008187,500,4
complete,multigen_none_n9_r8_k3_s4,multigen_none_n9_r8_k3,4,coalition_game_win_rate,2,0.726,2,0,0.5652334838798363,0.8523832580600819,0.08038325806008187,500,4
complete,multigen_none_n9_r8_k3_s4,multigen_none_n9_r8_k3,4,coalition_game_win_rate,3,0.6559999999999999,3,0,0.49523348387983623,0.7883832580600818,0.08038325806008187,500,4
complete,multigen_dependence_n7_r8_k4_s0,multigen_dependence_n7_r8_k4,0,any_false_ejection_rate,0,0.22199999999999998,0,3,0.05577418637308895,0.3051129068134555,0.0831129068134555,500,5
complete,multigen_dependence_n7_r8_k4_s0,multigen_dependence_n7_r8_k4,0,any_false_ejection_rate,1,0.618,2,0,0.45177418637308897,0.784225813626911,0.0831129068134555,500,5
complete,multigen_dependence_n7_r8_k4_s0,multigen_dependence_n7_r8_k4,0,any_false_ejection_rate,2,0.7080000000000001,0,0,0.541774186373089,0.8731129068134555,0.0831129068134555,500,5
complete,multigen_dependence_n7_r8_k4_s0,multigen_dependence_n7_r8_k4,0,any_false_ejection_rate,3,0.614,3,0,0.44777418637308897,0.780225813626911,0.0831129068134555,500,5
complete,multigen_dependence_n7_r8_k4_s0,multigen_dependence_n7_r8_k4,0,any_false_ejection_rate,4,0.736,4,0,0.569774186373089,0.8731129068134555,0.0831129068134555,500,5
complete,multigen_dependence_n7_r8_k4_s0,multigen_dependence_n7_r8_k4,0,coalition_game_win_rate,0,0.892,0,3,0.725774186373089,0.9791129068134555,0.0831129068134555,500,5
complete,multigen_dependence_n7_r8_k4_s0,multigen_dependence_n7_r8_k4,0,coalition_game_win_rate,1,0.62,2,0,0.453774186373089,0.786225813626911,0.0831129068134555,500,5
complete,multigen_dependence_n7_r8_k4_s0,multigen_dependence_n7_r8_k4,0,coalition_game_win_rate,2,0.6279999999999999,2,0,0.4617741863730889,0.7942258136269109,0.0831129068134555,500,5
complete,multigen_dependence_n7_r8_k4_s0,multigen_dependence_n7_r8_k4,0,coalition_game_win_rate,3,0.4,3,0,0.233774186373089,0.566225813626911,0.0831129068134555,500,5
complete,multigen_dependence_n7_r8_k4_s0,multigen_dependence_n7_r8_k4,0,coalition_game_win_rate,4,0.726,4,0,0.559774186373089,0.892225813626911,0.0831129068134555,500,5
complete,multigen_dependence_n7_r8_k4_s1,multigen_dependence_n7_r8_k4,1,any_false_ejection_rate,0,0.246,0,3,0.07977418637308897,0.3291129068134555,0.0831129068134555,500,5
complete,multigen_dependence_n7_r8_k4_s1,multigen_dependence_n7_r8_k4,1,any_false_ejection_rate,1,0.566,3,0,0.3997741863730889,0.7111129068134555,0.0831129068134555,500,5
complete,multigen_dependence_n7_r8_k4_s1,multigen_dependence_n7_r8_k4,1,any_false_ejection_rate,2,0.752,0,0,0.585774186373089,0.9071129068134555,0.0831129068134555,500,5
complete,multigen_dependence_n7_r8_k4_s1,multigen_dependence_n7_r8_k4,1,any_false_ejection_rate,3,0.75,3,0,0.583774186373089,0.916225813626911,0.0831129068134555,500,5
complete,multigen_dependence_n7_r8_k4_s1,multigen_dependence_n7_r8_k4,1,any_false_ejection_rate,4,0.67,0,0,0.503774186373089,0.8362258136269111,0.0831129068134555,500,5
complete,multigen_dependence_n7_r8_k4_s1,multigen_dependence_n7_r8_k4,1,coalition_game_win_rate,0,0.866,0,3,0.699774186373089,0.9551129068134555,0.0831129068134555,500,5
complete,multigen_dependence_n7_r8_k4_s1,multigen_dependence_n7_r8_k4,1,coalition_game_win_rate,1,0.5840000000000001,3,0,0.417774186373089,0.7502258136269111,0.0831129068134555,500,5
complete,multigen_dependence_n7_r8_k4_s1,multigen_dependence_n7_r8_k4,1,coalition_game_win_rate,2,0.696,2,0,0.5297741863730889,0.862225813626911,0.0831129068134555,500,5
complete,multigen_dependence_n7_r8_k4_s1,multigen_dependence_n7_r8_k4,1,coalition_game_win_rate,3,0.604,3,0,0.43777418637308896,0.770225813626911,0.0831129068134555,500,5
complete,multigen_dependence_n7_r8_k4_s1,multigen_dependence_n7_r8_k4,1,coalition_game_win_rate,4,0.5960000000000001,4,0,0.429774186373089,0.762225813626911,0.0831129068134555,500,5
complete,multigen_dependence_n7_r8_k4_s2,multigen_dependence_n7_r8_k4,2,any_false_ejection_rate,0,0.16600000000000004,0,3,0.0,0.24911290681345555,0.0831129068134555,500,5
complete,multigen_dependence_n7_r8_k4_s2,multigen_dependence_n7_r8_k4,2,any_false_ejection_rate,1,0.6980000000000001,1,0,0.531774186373089,0.8491129068134555,0.0831129068134555,500,5
complete,multigen_dependence_n7_r8_k4_s2,multigen_dependence_n7_r8_k4,2,any_false_ejection_rate,2,0.664,0,0,0.497774186373089,0.830225813626911,0.0831129068134555,500,5
complete,multigen_dependence_n7_r8_k4_s2,multigen_dependence_n7_r8_k4,2,any_false_ejection_rate,3,0.636,3,0,0.469774186373089,0.802225813626911,0.0831129068134555,500,5
complete,multigen_dependence_n7_r8_k4_s2,multigen_dependence_n7_r8_k4,2,any_false_ejection_rate,4,0.648,0,0,0.481774186373089,0.8071129068134555,0.0831129068134555,500,5
complete,multigen_dependence_n7_r8_k4_s2,multigen_dependence_n7_r8_k4,2,coalition_game_win_rate,0,0.786,0,3,0.619774186373089,0.8851129068134554,0.0831129068134555,500,5
complete,multigen_dependence_n7_r8_k4_s2,multigen_dependence_n7_r8_k4,2,coalition_game_win_rate,1,0.7000000000000001,1,0,0.533774186373089,0.8662258136269111,0.0831129068134555,500,5
complete,multigen_dependence_n7_r8_k4_s2,multigen_dependence_n7_r8_k4,2,coalition_game_win_rate,2,0.634,4,0,0.46777418637308904,0.800225813626911,0.0831129068134555,500,5
complete,multigen_dependence_n7_r8_k4_s2,multigen_dependence_n7_r8_k4,2,coalition_game_win_rate,3,0.624,3,0,0.457774186373089,0.7902258136269109,0.0831129068134555,500,5
complete,multigen_dependence_n7_r8_k4_s2,multigen_dependence_n7_r8_k4,2,coalition_game_win_rate,4,0.5720000000000001,4,0,0.40577418637308904,0.7382258136269111,0.0831129068134555,500,5
complete,multigen_dependence_n7_r8_k4_s3,multigen_dependence_n7_r8_k4,3,any_false_ejection_rate,0,0.18799999999999994,0,4,0.021774186373088922,0.27111290681345546,0.0831129068134555,500,5
complete,multigen_dependence_n7_r8_k4_s3,multigen_dependence_n7_r8_k4,3,any_false_ejection_rate,1,0.604,1,0,0.43777418637308896,0.770225813626911,0.0831129068134555,500,5
complete,multigen_dependence_n7_r8_k4_s3,multigen_dependence_n7_r8_k4,3,any_false_ejection_rate,2,0.7100000000000001,0,0,0.543774186373089,0.8651129068134555,0.0831129068134555,500,5
complete,multigen_dependence_n7_r8_k4_s3,multigen_dependence_n7_r8_k4,3,any_false_ejection_rate,3,0.678,0,0,0.511774186373089,0.844225813626911,0.0831129068134555,500,5
complete,multigen_dependence_n7_r8_k4_s3,multigen_dependence_n7_r8_k4,3,any_false_ejection_rate,4,0.724,4,0,0.557774186373089,0.890225813626911,0.0831129068134555,500,5
complete,multigen_dependence_n7_r8_k4_s3,multigen_dependence_n7_r8_k4,3,coalition_game_win_rate,0,0.8240000000000001,0,4,0.657774186373089,0.9111129068134555,0.0831129068134555,500,5
complete,multigen_dependence_n7_r8_k4_s3,multigen_dependence_n7_r8_k4,3,coalition_game_win_rate,1,0.586,1,0,0.41977418637308894,0.752225813626911,0.0831129068134555,500,5
complete,multigen_dependence_n7_r8_k4_s3,multigen_dependence_n7_r8_k4,3,coalition_game_win_rate,2,0.518,2,0,0.35177418637308894,0.6842258136269109,0.0831129068134555,500,5
complete,multigen_dependence_n7_r8_k4_s3,multigen_dependence_n7_r8_k4,3,coalition_game_win_rate,3,0.5740000000000001,3,0,0.40777418637308904,0.7402258136269111,0.0831129068134555,500,5
complete,multigen_dependence_n7_r8_k4_s3,multigen_dependence_n7_r8_k4,3,coalition_game_win_rate,4,0.644,4,0,0.47777418637308905,0.810225813626911,0.0831129068134555,500,5
complete,multigen_dependence_n7_r8_k4_s4,multigen_dependence_n7_r8_k4,4,any_false_ejection_rate,0,0.246,0,4,0.07977418637308897,0.3291129068134555,0.0831129068134555,500,5
complete,multigen_dependence_n7_r8_k4_s4,multigen_dependence_n7_r8_k4,4,any_false_ejection_rate,1,0.6559999999999999,4,0,0.48977418637308895,0.8011129068134555,0.0831129068134555,500,5
complete,multigen_dependence_n7_r8_k4_s4,multigen_dependence_n7_r8_k4,4,any_false_ejection_rate,2,0.716,2,0,0.549774186373089,0.882225813626911,0.0831129068134555,500,5
complete,multigen_dependence_n7_r8_k4_s4,multigen_dependence_n7_r8_k4,4,any_false_ejection_rate,3,0.714,0,0,0.547774186373089,0.880225813626911,0.0831129068134555,500,5
complete,multigen_dependence_n7_r8_k4_s4,multigen_dependence_n7_r8_k4,4,any_false_ejection_rate,4,0.702,4,0,0.5357741863730889,0.868225813626911,0.0831129068134555,500,5
complete,multigen_dependence_n7_r8_k4_s4,multigen_dependence_n7_r8_k4,4,coalition_game_win_rate,0,0.856,0,4,0.689774186373089,0.9511129068134555,0.0831129068134555,500,5
complete,multigen_dependence_n7_r8_k4_s4,multigen_dependence_n7_r8_k4,4,coalition_game_win_rate,1,0.67,4,0,0.503774186373089,0.836225813626911,0.0831129068134555,500,5
complete,multigen_dependence_n7_r8_k4_s4,multigen_dependence_n7_r8_k4,4,coalition_game_win_rate,2,0.656,2,0,0.48977418637308906,0.822225813626911,0.0831129068134555,500,5
complete,multigen_dependence_n7_r8_k4_s4,multigen_dependence_n7_r8_k4,4,coalition_game_win_rate,3,0.604,3,0,0.437774186373089,0.770225813626911,0.0831129068134555,500,5
complete,multigen_dependence_n7_r8_k4_s4,multigen_dependence_n7_r8_k4,4,coalition_game_win_rate,4,0.512,4,0,0.345774186373089,0.678225813626911,0.0831129068134555,500,5
complete,multigen_dependence_n7_r8_k4_s5,multigen_dependence_n7_r8_k4,5,any_false_ejection_rate,0,0.22999999999999998,0,1,0.06377418637308896,0.3131129068134555,0.0831129068134555,500,5
complete,multigen_dependence_n7_r8_k4_s5,multigen_dependence_n7_r8_k4,5,any_false_ejection_rate,1,0.54,3,0,0.373774186373089,0.7062258136269111,0.0831129068134555,500,5
complete,multigen_dependence_n7_r8_k4_s5,multigen_dependence_n7_r8_k4,5,any_false_ejection_rate,2,0.7120000000000001,0,0,0.545774186373089,0.8771129068134556,0.0831129068134555,500,5
complete,multigen_dependence_n7_r8_k4_s5,multigen_dependence_n7_r8_k4,5,any_false_ejection_rate,3,0.5860000000000001,3,0,0.419774186373089,0.7522258136269111,0.0831129068134555,500,5
complete,multigen_dependence_n7_r8_k4_s5,multigen_dependence_n7_r8_k4,5,any_false_ejection_rate,4,0.624,0,0,0.457774186373089,0.790225813626911,0.0831129068134555,500,5
complete,multigen_dependence_n7_r8_k4_s5,multigen_dependence_n7_r8_k4,5,coalition_game_win_rate,0,0.88,0,1,0.713774186373089,0.9631129068134555,0.0831129068134555,500,5
complete,multigen_dependence_n7_r8_k4_s5,multigen_dependence_n7_r8_k4,5,coalition_game_win_rate,1,0.54,1,2,0.37377418637308896,0.7062258136269111,0.0831129068134555,500,5
complete,multigen_dependence_n7_r8_k4_s5,multigen_dependence_n7_r8_k4,5,coalition_game_win_rate,2,0.694,2,3,0.5277741863730889,0.860225813626911,0.0831129068134555,500,5
complete,multigen_dependence_n7_r8_k4_s5,multigen_dependence_n7_r8_k4,5,coalition_game_win_rate,3,0.55,3,0,0.38377418637308897,0.716225813626911,0.0831129068134555,500,5
complete,multigen_dependence_n7_r8_k4_s5,multigen_dependence_n7_r8_k4,5,coalition_game_win_rate,4,0.578,4,0,0.41177418637308894,0.744225813626911,0.0831129068134555,500,5
complete,multigen_dependence_n7_r8_k4_s6,multigen_dependence_n7_r8_k4,6,any_false_ejection_rate,0,0.20199999999999996,0,2,0.035774186373088934,0.28511290681345547,0.0831129068134555,500,5
complete,multigen_dependence_n7_r8_k4_s6,multigen_dependence_n7_r8_k4,6,any_false_ejection_rate,1,0.666,3,0,0.499774186373089,0.8231129068134555,0.0831129068134555,500,5
complete,multigen_dependence_n7_r8_k4_s6,multigen_dependence_n7_r8_k4,6,any_false_ejection_rate,2,0.644,2,0,0.477774186373089,0.8102258136269109,0.0831129068134555,500,5
complete,multigen_dependence_n7_r8_k4_s6,multigen_dependence_n7_r8_k4,6,any_false_ejection_rate,3,0.674,3,0,0.507774186373089,0.8402258136269111,0.0831129068134555,500,5
complete,multigen_dependence_n7_r8_k4_s6,multigen_dependence_n7_r8_k4,6,any_false_ejection_rate,4,0.648,0,0,0.481774186373089,0.8142258136269109,0.0831129068134555,500,5
complete,multigen_dependence_n7_r8_k4_s6,multigen_dependence_n7_r8_k4,6,coalition_game_win_rate,0,0.862,0,2,0.695774186373089,0.9511129068134555,0.0831129068134555,500,5
complete,multigen_dependence_n7_r8_k4_s6,multigen_dependence_n7_r8_k4,6,coalition_game_win_rate,1,0.688,1,0,0.5217741863730889,0.854225813626911,0.0831129068134555,500,5
complete,multigen_dependence_n7_r8_k4_s6,multigen_dependence_n7_r8_k4,6,coalition_game_win_rate,2,0.5740000000000001,2,0,0.407774186373089,0.740225813626911,0.0831129068134555,500,5
complete,multigen_dependence_n7_r8_k4_s6,multigen_dependence_n7_r8_k4,6,coalition_game_win_rate,3,0.544,3,0,0.377774186373089,0.7102258136269111,0.0831129068134555,500,5
complete,multigen_dependence_n7_r8_k4_s6,multigen_dependence_n7_r8_k4,6,coalition_game_win_rate,4,0.528,4,0,0.361774186373089,0.694225813626911,0.0831129068134555,500,5
complete,multigen_dependence_n7_r8_k4_s7,multigen_dependence_n7_r8_k4,7,any_false_ejection_rate,0,0.16600000000000004,0,2,0.0,0.24911290681345555,0.0831129068134555,500,5
complete,multigen_dependence_n7_r8_k4_s7,multigen_dependence_n7_r8_k4,7,any_false_ejection_rate,1,0.736,1,0,0.569774186373089,0.8951129068134555,0.0831129068134555,500,5
complete,multigen_dependence_n7_r8_k4_s7,multigen_dependence_n7_r8_k4,7,any_false_ejection_rate,2,0.758,2,0,0.591774186373089,0.924225813626911,0.0831129068134555,500,5
complete,multigen_dependence_n7_r8_k4_s7,multigen_dependence_n7_r8_k4,7,any_false_ejection_rate,3,0.712,0,0,0.5457741863730889,0.878225813626911,0.0831129068134555,500,5
complete,multigen_dependence_n7_r8_k4_s7,multigen_dependence_n7_r8_k4,7,any_false_ejection_rate,4,0.664,4,0,0.497774186373089,0.830225813626911,0.0831129068134555,500,5
complete,multigen_dependence_n7_r8_k4_s7,multigen_dependence_n7_r8_k4,7,coalition_game_win_rate,0,0.792,0,2,0.625774186373089,0.8811129068134554,0.0831129068134555,500,5
complete,multigen_dependence_n7_r8_k4_s7,multigen_dependence_n7_r8_k4,7,coalition_game_win_rate,1,0.736,1,0,0.569774186373089,0.902225813626911,0.0831129068134555,500,5
complete,multigen_dependence_n7_r8_k4_s7,multigen_dependence_n7_r8_k4,7,coalition_game_win_rate,2,0.638,2,0,0.471774186373089,0.804225813626911,0.0831129068134555,500,5
complete,multigen_dependence_n7_r8_k4_s7,multigen_dependence_n7_r8_k4,7,coalition_game_win_rate,3,0.628,3,0,0.46177418637308904,0.794225813626911,0.0831129068134555,500,5
complete,multigen_dependence_n7_r8_k4_s7,multigen_dependence_n7_r8_k4,7,coalition_game_win_rate,4,0.37,4,0,0.20377418637308897,0.536225813626911,0.0831129068134555,500,5
complete,multigen_dependence_n7_r8_k4_s8,multigen_dependence_n7_r8_k4,8,any_false_ejection_rate,0,0.30200000000000005,0,3,0.13577418637308902,0.38511290681345556,0.0831129068134555,500,5
complete,multigen_dependence_n7_r8_k4_s8,multigen_dependence_n7_r8_k4,8,any_false_ejection_rate,1,0.6960000000000001,1,0,0.529774186373089,0.862225813626911,0.0831129068134555,500,5
complete,multigen_dependence_n7_r8_k4_s8,multigen_dependence_n7_r8_k4,8,any_false_ejection_rate,2,0.67,2,0,0.503774186373089,0.836225813626911,0.0831129068134555,500,5
complete,multigen_dependence_n7_r8_k4_s8,multigen_dependence_n7_r8_k4,8,any_false_ejection_rate,3,0.698,3,0,0.5317741863730889,0.864225813626911,0.0831129068134555,500,5
complete,multigen_dependence_n7_r8_k4_s8,multigen_dependence_n7_r8_k4,8,any_false_ejection_rate,4,0.5940000000000001,0,0,0.427774186373089,0.7602258136269111,0.0831129068134555,500,5
complete,multigen_dependence_n7_r8_k4_s8,multigen_dependence_n7_r8_k4,8,coalition_game_win_rate,0,0.916,0,3,0.749774186373089,1.0,0.0831129068134555,500,5
complete,multigen_dependence_n7_r8_k4_s8,multigen_dependence_n7_r8_k4,8,coalition_game_win_rate,1,0.744,3,0,0.577774186373089,0.910225813626911,0.0831129068134555,500,5
complete,multigen_dependence_n7_r8_k4_s8,multigen_dependence_n7_r8_k4,8,coalition_game_win_rate,2,0.546,2,0,0.379774186373089,0.7122258136269111,0.0831129068134555,500,5
complete,multigen_dependence_n7_r8_k4_s8,multigen_dependence_n7_r8_k4,8,coalition_game_win_rate,3,0.648,3,0,0.481774186373089,0.814225813626911,0.0831129068134555,500,5
complete,multigen_dependence_n7_r8_k4_s8,multigen_dependence_n7_r8_k4,8,coalition_game_win_rate,4,0.524,4,0,0.357774186373089,0.690225813626911,0.0831129068134555,500,5
complete,multigen_dependence_n7_r8_k4_s9,multigen_dependence_n7_r8_k4,9,any_false_ejection_rate,0,0.132,0,1,0.0,0.21511290681345552,0.0831129068134555,500,5
complete,multigen_dependence_n7_r8_k4_s9,multigen_dependence_n7_r8_k4,9,any_false_ejection_rate,1,0.7060000000000001,1,0,0.539774186373089,0.8551129068134555,0.0831129068134555,500,5
complete,multigen_dependence_n7_r8_k4_s9,multigen_dependence_n7_r8_k4,9,any_false_ejection_rate,2,0.744,0,0,0.577774186373089,0.8891129068134555,0.0831129068134555,500,5
complete,multigen_dependence_n7_r8_k4_s9,multigen_dependence_n7_r8_k4,9,any_false_ejection_rate,3,0.6799999999999999,0,0,0.5137741863730889,0.846225813626911,0.0831129068134555,500,5
complete,multigen_dependence_n7_r8_k4_s9,multigen_dependence_n7_r8_k4,9,any_false_ejection_rate,4,0.5,4,0,0.3337741863730891,0.6651129068134556,0.0831129068134555,500,5
complete,multigen_dependence_n7_r8_k4_s9,multigen_dependence_n7_r8_k4,9,coalition_game_win_rate,0,0.784,0,1,0.617774186373089,0.8751129068134555,0.0831129068134555,500,5
complete,multigen_dependence_n7_r8_k4_s9,multigen_dependence_n7_r8_k4,9,coalition_game_win_rate,1,0.712,1,0,0.5457741863730889,0.878225813626911,0.0831129068134555,500,5
complete,multigen_dependence_n7_r8_k4_s9,multigen_dependence_n7_r8_k4,9,coalition_game_win_rate,2,0.5640000000000001,2,0,0.397774186373089,0.730225813626911,0.0831129068134555,500,5
complete,multigen_dependence_n7_r8_k4_s9,multigen_dependence_n7_r8_k4,9,coalition_game_win_rate,3,0.5840000000000001,3,0,0.417774186373089,0.750225813626911,0.0831129068134555,500,5
complete,multigen_dependence_n7_r8_k4_s9,multigen_dependence_n7_r8_k4,9,coalition_game_win_rate,4,0.514,4,0,0.347774186373089,0.680225813626911,0.0831129068134555,500,5
complete,multigen_rwbal_n7_r1_k4_s0,multigen_rwbal_n7_r1_k4,0,false_ejection_rate,0,0.0,0,0,0.0,0.16622581362691097,0.0831129068134555,500,5
complete,multigen_rwbal_n7_r1_k4_s0,multigen_rwbal_n7_r1_k4,0,false_ejection_rate,1,0.4700000000000001,1,0,0.30377418637308906,0.6362258136269111,0.0831129068134555,500,5
complete,multigen_rwbal_n7_r1_k4_s0,multigen_rwbal_n7_r1_k4,0,false_ejection_rate,2,0.5,2,0,0.33377418637308903,0.6451129068134556,0.0831129068134555,500,5
complete,multigen_rwbal_n7_r1_k4_s0,multigen_rwbal_n7_r1_k4,0,false_ejection_rate,3,0.386,3,0,0.219774186373089,0.5371129068134555,0.0831129068134555,500,5
complete,multigen_rwbal_n7_r1_k4_s0,multigen_rwbal_n7_r1_k4,0,false_ejection_rate,4,0.488,1,0,0.32177418637308897,0.654225813626911,0.0831129068134555,500,5
complete,multigen_rwbal_n7_r1_k4_s1,multigen_rwbal_n7_r1_k4,1,false_ejection_rate,0,0.0,0,0,0.0,0.16622581362691102,0.0831129068134555,500,5
complete,multigen_rwbal_n7_r1_k4_s1,multigen_rwbal_n7_r1_k4,1,false_ejection_rate,1,0.348,1,0,0.18177418637308898,0.5091129068134554,0.0831129068134555,500,5
complete,multigen_rwbal_n7_r1_k4_s1,multigen_rwbal_n7_r1_k4,1,false_ejection_rate,2,0.632,2,0,0.46577418637308904,0.7611129068134556,0.0831129068134555,500,5
complete,multigen_rwbal_n7_r1_k4_s1,multigen_rwbal_n7_r1_k4,1,false_ejection_rate,3,0.564,3,0,0.397774186373089,0.6991129068134555,0.0831129068134555,500,5
complete,multigen_rwbal_n7_r1_k4_s1,multigen_rwbal_n7_r1_k4,1,false_ejection_rate,4,0.31,4,0,0.143774186373089,0.4731129068134555,0.0831129068134555,500,5
complete,multigen_rwbal_n7_r1_k4_s2,multigen_rwbal_n7_r1_k4,2,false_ejection_rate,0,0.0,0,0,0.0,0.16622581362691097,0.0831129068134555,500,5
complete,multigen_rwbal_n7_r1_k4_s2,multigen_rwbal_n7_r1_k4,2,false_ejection_rate,1,0.47600000000000003,1,0,0.30977418637308907,0.6331129068134556,0.0831129068134555,500,5
complete,multigen_rwbal_n7_r1_k4_s2,multigen_rwbal_n7_r1_k4,2,false_ejection_rate,2,0.6040000000000001,2,0,0.437774186373089,0.7491129068134555,0.0831129068134555,500,5
complete,multigen_rwbal_n7_r1_k4_s2,multigen_rwbal_n7_r1_k4,2,false_ejection_rate,3,0.43,3,0,0.26377418637308897,0.5711129068134555,0.0831129068134555,500,5
complete,multigen_rwbal_n7_r1_k4_s2,multigen_rwbal_n7_r1_k4,2,false_ejection_rate,4,0.492,4,0,0.325774186373089,0.6031129068134555,0.0831129068134555,500,5
complete,multigen_rwbal_n7_r1_k4_s3,multigen_rwbal_n7_r1_k4,3,false_ejection_rate,0,0.0,0,0,0.0,0.16622581362691102,0.0831129068134555,500,5
complete,multigen_rwbal_n7_r1_k4_s3,multigen_rwbal_n7_r1_k4,3,false_ejection_rate,1,0.47800000000000004,1,0,0.31177418637308907,0.6371129068134556,0.0831129068134555,500,5
complete,multigen_rwbal_n7_r1_k4_s3,multigen_rwbal_n7_r1_k4,3,false_ejection_rate,2,0.49600000000000005,2,0,0.32977418637308903,0.6391129068134556,0.0831129068134555,500,5
complete,multigen_rwbal_n7_r1_k4_s3,multigen_rwbal_n7_r1_k4,3,false_ejection_rate,3,0.462,3,0,0.29577418637308905,0.6191129068134555,0.0831129068134555,500,5
complete,multigen_rwbal_n7_r1_k4_s3,multigen_rwbal_n7_r1_k4,3,false_ejection_rate,4,0.602,4,0,0.435774186373089,0.7391129068134555,0.0831129068134555,500,5
complete,multigen_rwbal_n7_r1_k4_s4,multigen_rwbal_n7_r1_k4,4,false_ejection_rate,0,0.0,0,0,0.0,0.16622581362691102,0.0831129068134555,500,5
complete,multigen_rwbal_n7_r1_k4_s4,multigen_rwbal_n7_r1_k4,4,false_ejection_rate,1,0.456,1,0,0.28977418637308905,0.6151129068134555,0.0831129068134555,500,5
complete,multigen_rwbal_n7_r1_k4_s4,multigen_rwbal_n7_r1_k4,4,false_ejection_rate,2,0.496,2,0,0.32977418637308903,0.6111129068134555,0.0831129068134555,500,5
complete,multigen_rwbal_n7_r1_k4_s4,multigen_rwbal_n7_r1_k4,4,false_ejection_rate,3,0.556,3,0,0.389774186373089,0.7211129068134555,0.0831129068134555,500,5
complete,multigen_rwbal_n7_r1_k4_s4,multigen_rwbal_n7_r1_k4,4,false_ejection_rate,4,0.462,1,0,0.295774186373089,0.6131129068134555,0.0831129068134555,500,5
complete,multigen_rwmeet_n7_r1_k4_s0,multigen_rwmeet_n7_r1_k4,0,false_ejection_rate,0,0.0,0,0,0.0,0.16622581362691097,0.0831129068134555,500,5
complete,multigen_rwmeet_n7_r1_k4_s0,multigen_rwmeet_n7_r1_k4,0,false_ejection_rate,1,0.4680000000000001,3,0,0.30177418637308906,0.6342258136269111,0.0831129068134555,500,5
complete,multigen_rwmeet_n7_r1_k4_s0,multigen_rwmeet_n7_r1_k4,0,false_ejection_rate,2,0.40800000000000003,0,0,0.24177418637308906,0.574225813626911,0.0831129068134555,500,5
complete,multigen_rwmeet_n7_r1_k4_s0,multigen_rwmeet_n7_r1_k4,0,false_ejection_rate,3,0.40599999999999997,3,0,0.23977418637308895,0.5722258136269109,0.0831129068134555,500,5
complete,multigen_rwmeet_n7_r1_k4_s0,multigen_rwmeet_n7_r1_k4,0,false_ejection_rate,4,0.49999999999999994,4,0,0.3337741863730889,0.6511129068134555,0.0831129068134555,500,5
complete,multigen_rwmeet_n7_r1_k4_s1,multigen_rwmeet_n7_r1_k4,1,false_ejection_rate,0,0.11400000000000005,0,2,0.0,0.28022581362691107,0.0831129068134555,500,5
complete,multigen_rwmeet_n7_r1_k4_s1,multigen_rwmeet_n7_r1_k4,1,false_ejection_rate,1,0.378,3,0,0.21177418637308898,0.544225813626911,0.0831129068134555,500,5
complete,multigen_rwmeet_n7_r1_k4_s1,multigen_rwmeet_n7_r1_k4,1,false_ejection_rate,2,0.44000000000000006,2,0,0.27377418637308903,0.606225813626911,0.0831129068134555,500,5
complete,multigen_rwmeet_n7_r1_k4_s1,multigen_rwmeet_n7_r1_k4,1,false_ejection_rate,3,0.492,3,0,0.325774186373089,0.658225813626911,0.0831129068134555,500,5
complete,multigen_rwmeet_n7_r1_k4_s1,multigen_rwmeet_n7_r1_k4,1,false_ejection_rate,4,0.43199999999999994,2,0,0.26577418637308897,0.598225813626911,0.0831129068134555,500,5
complete,multigen_rwmeet_n7_r1_k4_s2,multigen_rwmeet_n7_r1_k4,2,false_ejection_rate,0,0.126,0,4,0.0,0.292225813626911,0.0831129068134555,500,5
complete,multigen_rwmeet_n7_r1_k4_s2,multigen_rwmeet_n7_r1_k4,2,false_ejection_rate,1,0.5559999999999999,1,0,0.38977418637308897,0.6851129068134555,0.0831129068134555,500,5
complete,multigen_rwmeet_n7_r1_k4_s2,multigen_rwmeet_n7_r1_k4,2,false_ejection_rate,2,0.45799999999999996,2,0,0.29177418637308894,0.624225813626911,0.0831129068134555,500,5
complete,multigen_rwmeet_n7_r1_k4_s2,multigen_rwmeet_n7_r1_k4,2,false_ejection_rate,3,0.40800000000000003,3,0,0.241774186373089,0.574225813626911,0.0831129068134555,500,5
complete,multigen_rwmeet_n7_r1_k4_s2,multigen_rwmeet_n7_r1_k4,2,false_ejection_rate,4,0.376,4,0,0.20977418637308898,0.542225813626911,0.0831129068134555,500,5
complete,multigen_rwmeet_n7_r1_k4_s3,multigen_rwmeet_n7_r1_k4,3,false_ejection_rate,0,0.0,0,0,0.0,0.16622581362691097,0.0831129068134555,500,5
complete,multigen_rwmeet_n7_r1_k4_s3,multigen_rwmeet_n7_r1_k4,3,false_ejection_rate,1,0.454,0,0,0.287774186373089,0.6071129068134555,0.0831129068134555,500,5
complete,multigen_rwmeet_n7_r1_k4_s3,multigen_rwmeet_n7_r1_k4,3,false_ejection_rate,2,0.468,0,0,0.301774186373089,0.6171129068134555,0.0831129068134555,500,5
complete,multigen_rwmeet_n7_r1_k4_s3,multigen_rwmeet_n7_r1_k4,3,false_ejection_rate,3,0.366,3,0,0.19977418637308897,0.532225813626911,0.0831129068134555,500,5
complete,multigen_rwmeet_n7_r1_k4_s3,multigen_rwmeet_n7_r1_k4,3,false_ejection_rate,4,0.42800000000000005,4,0,0.261774186373089,0.5942258136269111,0.0831129068134555,500,5
complete,multigen_rwmeet_n7_r1_k4_s4,multigen_rwmeet_n7_r1_k4,4,false_ejection_rate,0,0.0,0,0,0.0,0.16622581362691102,0.0831129068134555,500,5
complete,multigen_rwmeet_n7_r1_k4_s4,multigen_rwmeet_n7_r1_k4,4,false_ejection_rate,1,0.53,1,0,0.36377418637308895,0.6731129068134555,0.0831129068134555,500,5
complete,multigen_rwmeet_n7_r1_k4_s4,multigen_rwmeet_n7_r1_k4,4,false_ejection_rate,2,0.42400000000000004,2,0,0.257774186373089,0.5902258136269111,0.0831129068134555,500,5
complete,multigen_rwmeet_n7_r1_k4_s4,multigen_rwmeet_n7_r1_k4,4,false_ejection_rate,3,0.598,3,0,0.43177418637308895,0.764225813626911,0.0831129068134555,500,5
complete,multigen_rwmeet_n7_r1_k4_s4,multigen_rwmeet_n7_r1_k4,4,false_ejection_rate,4,0.53,4,0,0.363774186373089,0.696225813626911,0.0831129068134555,500,5
complete,multigen_rwfe_n7_r8_k2_s0,multigen_rwfe_n7_r8_k2,0,any_false_ejection_rate,0,0.0,0,0,0.0,0.1534418982084118,0.07672094910420592,500,3
complete,multigen_rwfe_n7_r8_k2_s0,multigen_rwfe_n7_r8_k2,0,any_false_ejection_rate,1,0.7799999999999999,0,0,0.6265581017915881,0.9087209491042059,0.07672094910420592,500,3
complete,multigen_rwfe_n7_r8_k2_s0,multigen_rwfe_n7_r8_k2,0,any_false_ejection_rate,2,0.696,0,0,0.5425581017915881,0.8327209491042059,0.07672094910420592,500,3
complete,multigen_rwfe_n7_r8_k2_s0,multigen_rwfe_n7_r8_k2,0,coalition_game_win_rate,0,0.02200000000000002,0,1,0.0,0.17544189820841188,0.07672094910420592,500,3
complete,multigen_rwfe_n7_r8_k2_s0,multigen_rwfe_n7_r8_k2,0,coalition_game_win_rate,1,0.756,1,0,0.6025581017915882,0.9094418982084118,0.07672094910420592,500,3
complete,multigen_rwfe_n7_r8_k2_s0,multigen_rwfe_n7_r8_k2,0,coalition_game_win_rate,2,0.704,2,0,0.5505581017915882,0.8574418982084119,0.07672094910420592,500,3
complete,multigen_rwfe_n7_r8_k2_s1,multigen_rwfe_n7_r8_k2,1,any_false_ejection_rate,0,0.0,0,0,0.0,0.1534418982084118,0.07672094910420592,500,3
complete,multigen_rwfe_n7_r8_k2_s1,multigen_rwfe_n7_r8_k2,1,any_false_ejection_rate,1,0.764,0,0,0.6105581017915882,0.896720949104206,0.07672094910420592,500,3
complete,multigen_rwfe_n7_r8_k2_s1,multigen_rwfe_n7_r8_k2,1,any_false_ejection_rate,2,0.68,0,0,0.5265581017915881,0.8334418982084119,0.07672094910420592,500,3
complete,multigen_rwfe_n7_r8_k2_s1,multigen_rwfe_n7_r8_k2,1,coalition_game_win_rate,0,0.0040000000000000036,0,2,0.0,0.15744189820841187,0.07672094910420592,500,3
complete,multigen_rwfe_n7_r8_k2_s1,multigen_rwfe_n7_r8_k2,1,coalition_game_win_rate,1,0.714,1,0,0.5605581017915882,0.8674418982084118,0.07672094910420592,500,3
complete,multigen_rwfe_n7_r8_k2_s1,multigen_rwfe_n7_r8_k2,1,coalition_game_win_rate,2,0.708,2,0,0.5545581017915882,0.8614418982084119,0.07672094910420592,500,3
complete,multigen_rwfe_n7_r8_k2_s2,multigen_rwfe_n7_r8_k2,2,any_false_ejection_rate,0,0.0,0,0,0.0,0.1534418982084118,0.07672094910420592,500,3
complete,multigen_rwfe_n7_r8_k2_s2,multigen_rwfe_n7_r8_k2,2,any_false_ejection_rate,1,0.744,0,0,0.5905581017915882,0.888720949104206,0.07672094910420592,500,3
complete,multigen_rwfe_n7_r8_k2_s2,multigen_rwfe_n7_r8_k2,2,any_false_ejection_rate,2,0.692,0,0,0.5385581017915881,0.8454418982084119,0.07672094910420592,500,3
complete,multigen_rwfe_n7_r8_k2_s2,multigen_rwfe_n7_r8_k2,2,coalition_game_win_rate,0,0.15199999999999997,0,2,0.0,0.3054418982084118,0.07672094910420592,500,3
complete,multigen_rwfe_n7_r8_k2_s2,multigen_rwfe_n7_r8_k2,2,coalition_game_win_rate,1,0.794,2,0,0.6405581017915882,0.9474418982084118,0.07672094910420592,500,3
complete,multigen_rwfe_n7_r8_k2_s2,multigen_rwfe_n7_r8_k2,2,coalition_game_win_rate,2,0.694,2,0,0.5405581017915881,0.8474418982084118,0.07672094910420592,500,3
complete,multigen_rwfe_n7_r8_k2_s3,multigen_rwfe_n7_r8_k2,3,any_false_ejection_rate,0,0.0,0,0,0.0,0.1534418982084118,0.07672094910420592,500,3
complete,multigen_rwfe_n7_r8_k2_s3,multigen_rwfe_n7_r8_k2,3,any_false_ejection_rate,1,0.6940000000000001,0,0,0.5405581017915881,0.8474418982084119,0.07672094910420592,500,3
complete,multigen_rwfe_n7_r8_k2_s3,multigen_rwfe_n7_r8_k2,3,any_false_ejection_rate,2,0.678,0,0,0.5245581017915882,0.8314418982084119,0.07672094910420592,500,3
complete,multigen_rwfe_n7_r8_k2_s3,multigen_rwfe_n7_r8_k2,3,coalition_game_win_rate,0,0.0,0,0,0.0,0.1534418982084118,0.07672094910420592,500,3
complete,multigen_rwfe_n7_r8_k2_s3,multigen_rwfe_n7_r8_k2,3,coalition_game_win_rate,1,0.738,1,0,0.5845581017915882,0.8914418982084118,0.07672094910420592,500,3
complete,multigen_rwfe_n7_r8_k2_s3,multigen_rwfe_n7_r8_k2,3,coalition_game_win_rate,2,0.674,2,0,0.5205581017915881,0.8274418982084119,0.07672094910420592,500,3
complete,multigen_rwfe_n7_r8_k2_s4,multigen_rwfe_n7_r8_k2,4,any_false_ejection_rate,0,0.018000000000000016,0,2,0.0,0.17144189820841182,0.07672094910420592,500,3
complete,multigen_rwfe_n7_r8_k2_s4,multigen_rwfe_n7_r8_k2,4,any_false_ejection_rate,1,0.756,0,0,0.6025581017915882,0.898720949104206,0.07672094910420592,500,3
complete,multigen_rwfe_n7_r8_k2_s4,multigen_rwfe_n7_r8_k2,4,any_false_ejection_rate,2,0.624,2,0,0.4705581017915882,0.7774418982084118,0.07672094910420592,500,3
complete,multigen_rwfe_n7_r8_k2_s4,multigen_rwfe_n7_r8_k2,4,coalition_game_win_rate,0,0.184,0,2,0.030558101791588133,0.3374418982084118,0.07672094910420592,500,3
complete,multigen_rwfe_n7_r8_k2_s4,multigen_rwfe_n7_r8_k2,4,coalition_game_win_rate,1,0.74,2,0,0.5865581017915882,0.8934418982084118,0.07672094910420592,500,3
complete,multigen_rwfe_n7_r8_k2_s4,multigen_rwfe_n7_r8_k2,4,coalition_game_win_rate,2,0.636,2,0,0.48255810179158815,0.7894418982084118,0.07672094910420592,500,3
