kind,crew,condition,rule,variant,metric,n_replicates,mean,sd,minimum,maximum,replicate_values
outcome,3,alibi,mean,alibi_off,coalition_favorable_rate,10,1.0,0.0,1.0,1.0,"[1.0,1.0,1.0,1.0,1.0,1.0,1.0,1.0,1.0,1.0]"
outcome,3,alibi,mean,alibi_off,creator_ejection_rate,10,0.0,0.0,0.0,0.0,"[0.0,0.0,0.0,0.0,0.0,0.0,0.0,0.0,0.0,0.0]"
outcome,3,alibi,mean,alibi_off,creator_survival,10,1.0,0.0,1.0,1.0,"[1.0,1.0,1.0,1.0,1.0,1.0,1.0,1.0,1.0,1.0]"
outcome,3,alibi,mean,alibi_off,false_ejection_rate,10,0.403,0.0219139732185248,0.358,0.438,"[0.358,0.406,0.438,0.392,0.41,0.398,0.394,0.412,0.428,0.394]"
outcome,3,alibi,mean,alibi_off,incident_rate,10,1.0,0.0,1.0,1.0,"[1.0,1.0,1.0,1.0,1.0,1.0,1.0,1.0,1.0,1.0]"
outcome,3,alibi,mean,alibi_off,no_ejection_rate,10,0.597,0.021913973218524802,0.562,0.642,"[0.642,0.594,0.562,0.608,0.59,0.602,0.606,0.588,0.572,0.606]"
outcome,3,alibi,mean,baseline,coalition_favorable_rate,10,1.0,0.0,1.0,1.0,"[1.0,1.0,1.0,1.0,1.0,1.0,1.0,1.0,1.0,1.0]"
outcome,3,alibi,mean,baseline,creator_ejection_rate,10,0.0,0.0,0.0,0.0,"[0.0,0.0,0.0,0.0,0.0,0.0,0.0,0.0,0.0,0.0]"
outcome,3,alibi,mean,baseline,creator_survival,10,1.0,0.0,1.0,1.0,"[1.0,1.0,1.0,1.0,1.0,1.0,1.0,1.0,1.0,1.0]"
outcome,3,alibi,mean,baseline,false_ejection_rate,10,0.5176000000000001,0.024940818840696554,0.482,0.57,"[0.482,0.532,0.57,0.506,0.52,0.506,0.488,0.532,0.518,0.522]"
outcome,3,alibi,mean,baseline,incident_rate,10,1.0,0.0,1.0,1.0,"[1.0,1.0,1.0,1.0,1.0,1.0,1.0,1.0,1.0,1.0]"
outcome,3,alibi,mean,baseline,no_ejection_rate,10,0.4824,0.024940818840696564,0.43,0.518,"[0.518,0.468,0.43,0.494,0.48,0.494,0.512,0.468,0.482,0.478]"
outcome,3,alibi,mean,catch_outside,coalition_favorable_rate,10,1.0,0.0,1.0,1.0,"[1.0,1.0,1.0,1.0,1.0,1.0,1.0,1.0,1.0,1.0]"
outcome,3,alibi,mean,catch_outside,creator_ejection_rate,10,0.0,0.0,0.0,0.0,"[0.0,0.0,0.0,0.0,0.0,0.0,0.0,0.0,0.0,0.0]"
outcome,3,alibi,mean,catch_outside,creator_survival,10,1.0,0.0,1.0,1.0,"[1.0,1.0,1.0,1.0,1.0,1.0,1.0,1.0,1.0,1.0]"
outcome,3,alibi,mean,catch_outside,false_ejection_rate,10,0.518,0.024979991993593593,0.482,0.57,"[0.482,0.532,0.57,0.506,0.52,0.508,0.488,0.534,0.518,0.522]"
outcome,3,alibi,mean,catch_outside,incident_rate,10,1.0,0.0,1.0,1.0,"[1.0,1.0,1.0,1.0,1.0,1.0,1.0,1.0,1.0,1.0]"
outcome,3,alibi,mean,catch_outside,no_ejection_rate,10,0.48199999999999993,0.024979991993593593,0.43,0.518,"[0.518,0.468,0.43,0.494,0.48,0.492,0.512,0.466,0.482,0.478]"
outcome,3,alibi,sharp_credibility,alibi_off,coalition_favorable_rate,10,1.0,0.0,1.0,1.0,"[1.0,1.0,1.0,1.0,1.0,1.0,1.0,1.0,1.0,1.0]"
outcome,3,alibi,sharp_credibility,alibi_off,creator_ejection_rate,10,0.0,0.0,0.0,0.0,"[0.0,0.0,0.0,0.0,0.0,0.0,0.0,0.0,0.0,0.0]"
outcome,3,alibi,sharp_credibility,alibi_off,creator_survival,10,1.0,0.0,1.0,1.0,"[1.0,1.0,1.0,1.0,1.0,1.0,1.0,1.0,1.0,1.0]"
outcome,3,alibi,sharp_credibility,alibi_off,false_ejection_rate,10,0.4406,0.02223210891181192,0.408,0.474,"[0.41,0.432,0.474,0.428,0.446,0.444,0.408,0.468,0.438,0.458]"
outcome,3,alibi,sharp_credibility,alibi_off,incident_rate,10,1.0,0.0,1.0,1.0,"[1.0,1.0,1.0,1.0,1.0,1.0,1.0,1.0,1.0,1.0]"
outcome,3,alibi,sharp_credibility,alibi_off,no_ejection_rate,10,0.5594,0.022232108911811887,0.526,0.592,"[0.59,0.568,0.526,0.572,0.554,0.556,0.592,0.532,0.562,0.542]"
outcome,3,alibi,sharp_credibility,baseline,coalition_favorable_rate,10,1.0,0.0,1.0,1.0,"[1.0,1.0,1.0,1.0,1.0,1.0,1.0,1.0,1.0,1.0]"
outcome,3,alibi,sharp_credibility,baseline,creator_ejection_rate,10,0.0,0.0,0.0,0.0,"[0.0,0.0,0.0,0.0,0.0,0.0,0.0,0.0,0.0,0.0]"
outcome,3,alibi,sharp_credibility,baseline,creator_survival,10,1.0,0.0,1.0,1.0,"[1.0,1.0,1.0,1.0,1.0,1.0,1.0,1.0,1.0,1.0]"
outcome,3,alibi,sharp_credibility,baseline,false_ejection_rate,10,0.5144,0.025153749444389216,0.486,0.57,"[0.486,0.514,0.57,0.5,0.52,0.502,0.488,0.532,0.502,0.53]"
outcome,3,alibi,sharp_credibility,baseline,incident_rate,10,1.0,0.0,1.0,1.0,"[1.0,1.0,1.0,1.0,1.0,1.0,1.0,1.0,1.0,1.0]"
outcome,3,alibi,sharp_credibility,baseline,no_ejection_rate,10,0.4856,0.025153749444389226,0.43,0.514,"[0.514,0.486,0.43,0.5,0.48,0.498,0.512,0.468,0.498,0.47]"
outcome,3,alibi,sharp_credibility,catch_outside,coalition_favorable_rate,10,1.0,0.0,1.0,1.0,"[1.0,1.0,1.0,1.0,1.0,1.0,1.0,1.0,1.0,1.0]"
outcome,3,alibi,sharp_credibility,catch_outside,creator_ejection_rate,10,0.0,0.0,0.0,0.0,"[0.0,0.0,0.0,0.0,0.0,0.0,0.0,0.0,0.0,0.0]"
outcome,3,alibi,sharp_credibility,catch_outside,creator_survival,10,1.0,0.0,1.0,1.0,"[1.0,1.0,1.0,1.0,1.0,1.0,1.0,1.0,1.0,1.0]"
outcome,3,alibi,sharp_credibility,catch_outside,false_ejection_rate,10,0.4528,0.020115223643355853,0.42,0.486,"[0.44,0.462,0.486,0.436,0.446,0.468,0.42,0.476,0.442,0.452]"
outcome,3,alibi,sharp_credibility,catch_outside,incident_rate,10,1.0,0.0,1.0,1.0,"[1.0,1.0,1.0,1.0,1.0,1.0,1.0,1.0,1.0,1.0]"
outcome,3,alibi,sharp_credibility,catch_outside,no_ejection_rate,10,0.5472,0.02011522364335584,0.514,0.58,"[0.56,0.538,0.514,0.564,0.554,0.532,0.58,0.524,0.558,0.548]"
outcome,3,alibi,soft_credibility,alibi_off,coalition_favorable_rate,10,1.0,0.0,1.0,1.0,"[1.0,1.0,1.0,1.0,1.0,1.0,1.0,1.0,1.0,1.0]"
outcome,3,alibi,soft_credibility,alibi_off,creator_ejection_rate,10,0.0,0.0,0.0,0.0,"[0.0,0.0,0.0,0.0,0.0,0.0,0.0,0.0,0.0,0.0]"
outcome,3,alibi,soft_credibility,alibi_off,creator_survival,10,1.0,0.0,1.0,1.0,"[1.0,1.0,1.0,1.0,1.0,1.0,1.0,1.0,1.0,1.0]"
outcome,3,alibi,soft_credibility,alibi_off,false_ejection_rate,10,0.3728,0.01932643555110749,0.342,0.404,"[0.342,0.374,0.404,0.36,0.37,0.4,0.354,0.384,0.374,0.366]"
outcome,3,alibi,soft_credibility,alibi_off,incident_rate,10,1.0,0.0,1.0,1.0,"[1.0,1.0,1.0,1.0,1.0,1.0,1.0,1.0,1.0,1.0]"
outcome,3,alibi,soft_credibility,alibi_off,no_ejection_rate,10,0.6272000000000001,0.0193264355511075,0.596,0.658,"[0.658,0.626,0.596,0.64,0.63,0.6,0.646,0.616,0.626,0.634]"
outcome,3,alibi,soft_credibility,baseline,coalition_favorable_rate,10,1.0,0.0,1.0,1.0,"[1.0,1.0,1.0,1.0,1.0,1.0,1.0,1.0,1.0,1.0]"
outcome,3,alibi,soft_credibility,baseline,creator_ejection_rate,10,0.0,0.0,0.0,0.0,"[0.0,0.0,0.0,0.0,0.0,0.0,0.0,0.0,0.0,0.0]"
outcome,3,alibi,soft_credibility,baseline,creator_survival,10,1.0,0.0,1.0,1.0,"[1.0,1.0,1.0,1.0,1.0,1.0,1.0,1.0,1.0,1.0]"
outcome,3,alibi,soft_credibility,baseline,false_ejection_rate,10,0.5288,0.02376178070394182,0.49,0.58,"[0.49,0.532,0.58,0.52,0.532,0.532,0.506,0.54,0.518,0.538]"
outcome,3,alibi,soft_credibility,baseline,incident_rate,10,1.0,0.0,1.0,1.0,"[1.0,1.0,1.0,1.0,1.0,1.0,1.0,1.0,1.0,1.0]"
outcome,3,alibi,soft_credibility,baseline,no_ejection_rate,10,0.47119999999999995,0.023761780703941828,0.42,0.51,"[0.51,0.468,0.42,0.48,0.468,0.468,0.494,0.46,0.482,0.462]"
outcome,3,alibi,soft_credibility,catch_outside,coalition_favorable_rate,10,1.0,0.0,1.0,1.0,"[1.0,1.0,1.0,1.0,1.0,1.0,1.0,1.0,1.0,1.0]"
outcome,3,alibi,soft_credibility,catch_outside,creator_ejection_rate,10,0.0,0.0,0.0,0.0,"[0.0,0.0,0.0,0.0,0.0,0.0,0.0,0.0,0.0,0.0]"
outcome,3,alibi,soft_credibility,catch_outside,creator_survival,10,1.0,0.0,1.0,1.0,"[1.0,1.0,1.0,1.0,1.0,1.0,1.0,1.0,1.0,1.0]"
outcome,3,alibi,soft_credibility,catch_outside,false_ejection_rate,10,0.5045999999999999,0.0222920015551169,0.476,0.552,"[0.48,0.516,0.552,0.488,0.506,0.506,0.476,0.518,0.492,0.512]"
outcome,3,alibi,soft_credibility,catch_outside,incident_rate,10,1.0,0.0,1.0,1.0,"[1.0,1.0,1.0,1.0,1.0,1.0,1.0,1.0,1.0,1.0]"
outcome,3,alibi,soft_credibility,catch_outside,no_ejection_rate,10,0.49540000000000006,0.022292001555116885,0.448,0.524,"[0.52,0.484,0.448,0.512,0.494,0.494,0.524,0.482,0.508,0.488]"
outcome,3,framer,mean,alibi_off,coalition_favorable_rate,10,1.0,0.0,1.0,1.0,"[1.0,1.0,1.0,1.0,1.0,1.0,1.0,1.0,1.0,1.0]"
outcome,3,framer,mean,alibi_off,creator_ejection_rate,10,0.0,0.0,0.0,0.0,"[0.0,0.0,0.0,0.0,0.0,0.0,0.0,0.0,0.0,0.0]"
outcome,3,framer,mean,alibi_off,creator_survival,10,1.0,0.0,1.0,1.0,"[1.0,1.0,1.0,1.0,1.0,1.0,1.0,1.0,1.0,1.0]"
outcome,3,framer,mean,alibi_off,false_ejection_rate,10,0.5370000000000001,0.01996107322877316,0.504,0.566,"[0.562,0.542,0.516,0.546,0.504,0.53,0.566,0.542,0.518,0.544]"
outcome,3,framer,mean,alibi_off,incident_rate,10,1.0,0.0,1.0,1.0,"[1.0,1.0,1.0,1.0,1.0,1.0,1.0,1.0,1.0,1.0]"
outcome,3,framer,mean,alibi_off,no_ejection_rate,10,0.4630000000000001,0.01996107322877315,0.434,0.496,"[0.438,0.458,0.484,0.454,0.496,0.47,0.434,0.458,0.482,0.456]"
outcome,3,framer,mean,baseline,coalition_favorable_rate,10,1.0,0.0,1.0,1.0,"[1.0,1.0,1.0,1.0,1.0,1.0,1.0,1.0,1.0,1.0]"
outcome,3,framer,mean,baseline,creator_ejection_rate,10,0.0,0.0,0.0,0.0,"[0.0,0.0,0.0,0.0,0.0,0.0,0.0,0.0,0.0,0.0]"
outcome,3,framer,mean,baseline,creator_survival,10,1.0,0.0,1.0,1.0,"[1.0,1.0,1.0,1.0,1.0,1.0,1.0,1.0,1.0,1.0]"
outcome,3,framer,mean,baseline,false_ejection_rate,10,0.5354000000000001,0.019460501306778073,0.504,0.564,"[0.558,0.542,0.516,0.542,0.504,0.528,0.564,0.542,0.514,0.544]"
outcome,3,framer,mean,baseline,incident_rate,10,1.0,0.0,1.0,1.0,"[1.0,1.0,1.0,1.0,1.0,1.0,1.0,1.0,1.0,1.0]"
outcome,3,framer,mean,baseline,no_ejection_rate,10,0.46460000000000007,0.019460501306778066,0.436,0.496,"[0.442,0.458,0.484,0.458,0.496,0.472,0.436,0.458,0.486,0.456]"
outcome,3,framer,mean,catch_outside,coalition_favorable_rate,10,1.0,0.0,1.0,1.0,"[1.0,1.0,1.0,1.0,1.0,1.0,1.0,1.0,1.0,1.0]"
outcome,3,framer,mean,catch_outside,creator_ejection_rate,10,0.0,0.0,0.0,0.0,"[0.0,0.0,0.0,0.0,0.0,0.0,0.0,0.0,0.0,0.0]"
outcome,3,framer,mean,catch_outside,creator_survival,10,1.0,0.0,1.0,1.0,"[1.0,1.0,1.0,1.0,1.0,1.0,1.0,1.0,1.0,1.0]"
outcome,3,framer,mean,catch_outside,false_ejection_rate,10,0.5354000000000001,0.019460501306778073,0.504,0.564,"[0.558,0.542,0.516,0.542,0.504,0.528,0.564,0.542,0.514,0.544]"
outcome,3,framer,mean,catch_outside,incident_rate,10,1.0,0.0,1.0,1.0,"[1.0,1.0,1.0,1.0,1.0,1.0,1.0,1.0,1.0,1.0]"
outcome,3,framer,mean,catch_outside,no_ejection_rate,10,0.46460000000000007,0.019460501306778066,0.436,0.496,"[0.442,0.458,0.484,0.458,0.496,0.472,0.436,0.458,0.486,0.456]"
outcome,3,framer,sharp_credibility,alibi_off,coalition_favorable_rate,10,1.0,0.0,1.0,1.0,"[1.0,1.0,1.0,1.0,1.0,1.0,1.0,1.0,1.0,1.0]"
outcome,3,framer,sharp_credibility,alibi_off,creator_ejection_rate,10,0.0,0.0,0.0,0.0,"[0.0,0.0,0.0,0.0,0.0,0.0,0.0,0.0,0.0,0.0]"
outcome,3,framer,sharp_credibility,alibi_off,creator_survival,10,1.0,0.0,1.0,1.0,"[1.0,1.0,1.0,1.0,1.0,1.0,1.0,1.0,1.0,1.0]"
outcome,3,framer,sharp_credibility,alibi_off,false_ejection_rate,10,0.5172,0.020852924122157192,0.478,0.55,"[0.534,0.526,0.496,0.53,0.478,0.508,0.55,0.522,0.504,0.524]"
outcome,3,framer,sharp_credibility,alibi_off,incident_rate,10,1.0,0.0,1.0,1.0,"[1.0,1.0,1.0,1.0,1.0,1.0,1.0,1.0,1.0,1.0]"
outcome,3,framer,sharp_credibility,alibi_off,no_ejection_rate,10,0.4828,0.020852924122157175,0.45,0.522,"[0.466,0.474,0.504,0.47,0.522,0.492,0.45,0.478,0.496,0.476]"
outcome,3,framer,sharp_credibility,baseline,coalition_favorable_rate,10,1.0,0.0,1.0,1.0,"[1.0,1.0,1.0,1.0,1.0,1.0,1.0,1.0,1.0,1.0]"
outcome,3,framer,sharp_credibility,baseline,creator_ejection_rate,10,0.0,0.0,0.0,0.0,"[0.0,0.0,0.0,0.0,0.0,0.0,0.0,0.0,0.0,0.0]"
outcome,3,framer,sharp_credibility,baseline,creator_survival,10,1.0,0.0,1.0,1.0,"[1.0,1.0,1.0,1.0,1.0,1.0,1.0,1.0,1.0,1.0]"
outcome,3,framer,sharp_credibility,baseline,false_ejection_rate,10,0.5124000000000001,0.02019460874149888,0.476,0.546,"[0.526,0.52,0.49,0.524,0.476,0.506,0.546,0.518,0.498,0.52]"
outcome,3,framer,sharp_credibility,baseline,incident_rate,10,1.0,0.0,1.0,1.0,"[1.0,1.0,1.0,1.0,1.0,1.0,1.0,1.0,1.0,1.0]"
outcome,3,framer,sharp_credibility,baseline,no_ejection_rate,10,0.4875999999999999,0.02019460874149887,0.454,0.524,"[0.474,0.48,0.51,0.476,0.524,0.494,0.454,0.482,0.502,0.48]"
outcome,3,framer,sharp_credibility,catch_outside,coalition_favorable_rate,10,1.0,0.0,1.0,1.0,"[1.0,1.0,1.0,1.0,1.0,1.0,1.0,1.0,1.0,1.0]"
outcome,3,framer,sharp_credibility,catch_outside,creator_ejection_rate,10,0.0,0.0,0.0,0.0,"[0.0,0.0,0.0,0.0,0.0,0.0,0.0,0.0,0.0,0.0]"
outcome,3,framer,sharp_credibility,catch_outside,creator_survival,10,1.0,0.0,1.0,1.0,"[1.0,1.0,1.0,1.0,1.0,1.0,1.0,1.0,1.0,1.0]"
outcome,3,framer,sharp_credibility,catch_outside,false_ejection_rate,10,0.5109999999999999,0.020357908646136645,0.474,0.544,"[0.524,0.52,0.49,0.524,0.474,0.502,0.544,0.516,0.496,0.52]"
outcome,3,framer,sharp_credibility,catch_outside,incident_rate,10,1.0,0.0,1.0,1.0,"[1.0,1.0,1.0,1.0,1.0,1.0,1.0,1.0,1.0,1.0]"
outcome,3,framer,sharp_credibility,catch_outside,no_ejection_rate,10,0.48900000000000005,0.020357908646136635,0.456,0.526,"[0.476,0.48,0.51,0.476,0.526,0.498,0.456,0.484,0.504,0.48]"
outcome,3,framer,soft_credibility,alibi_off,coalition_favorable_rate,10,1.0,0.0,1.0,1.0,"[1.0,1.0,1.0,1.0,1.0,1.0,1.0,1.0,1.0,1.0]"
outcome,3,framer,soft_credibility,alibi_off,creator_ejection_rate,10,0.0,0.0,0.0,0.0,"[0.0,0.0,0.0,0.0,0.0,0.0,0.0,0.0,0.0,0.0]"
outcome,3,framer,soft_credibility,alibi_off,creator_survival,10,1.0,0.0,1.0,1.0,"[1.0,1.0,1.0,1.0,1.0,1.0,1.0,1.0,1.0,1.0]"
outcome,3,framer,soft_credibility,alibi_off,false_ejection_rate,10,0.5306000000000001,0.019822546086043894,0.498,0.56,"[0.552,0.538,0.508,0.544,0.498,0.522,0.56,0.532,0.514,0.538]"
outcome,3,framer,soft_credibility,alibi_off,incident_rate,10,1.0,0.0,1.0,1.0,"[1.0,1.0,1.0,1.0,1.0,1.0,1.0,1.0,1.0,1.0]"
outcome,3,framer,soft_credibility,alibi_off,no_ejection_rate,10,0.4694,0.019822546086043866,0.44,0.502,"[0.448,0.462,0.492,0.456,0.502,0.478,0.44,0.468,0.486,0.462]"
outcome,3,framer,soft_credibility,baseline,coalition_favorable_rate,10,1.0,0.0,1.0,1.0,"[1.0,1.0,1.0,1.0,1.0,1.0,1.0,1.0,1.0,1.0]"
outcome,3,framer,soft_credibility,baseline,creator_ejection_rate,10,0.0,0.0,0.0,0.0,"[0.0,0.0,0.0,0.0,0.0,0.0,0.0,0.0,0.0,0.0]"
outcome,3,framer,soft_credibility,baseline,creator_survival,10,1.0,0.0,1.0,1.0,"[1.0,1.0,1.0,1.0,1.0,1.0,1.0,1.0,1.0,1.0]"
outcome,3,framer,soft_credibility,baseline,false_ejection_rate,10,0.5294000000000001,0.020023319738078752,0.496,0.56,"[0.55,0.536,0.508,0.542,0.496,0.52,0.56,0.532,0.512,0.538]"
outcome,3,framer,soft_credibility,baseline,incident_rate,10,1.0,0.0,1.0,1.0,"[1.0,1.0,1.0,1.0,1.0,1.0,1.0,1.0,1.0,1.0]"
outcome,3,framer,soft_credibility,baseline,no_ejection_rate,10,0.47059999999999996,0.02002331973807872,0.44,0.504,"[0.45,0.464,0.492,0.458,0.504,0.48,0.44,0.468,0.488,0.462]"
outcome,3,framer,soft_credibility,catch_outside,coalition_favorable_rate,10,1.0,0.0,1.0,1.0,"[1.0,1.0,1.0,1.0,1.0,1.0,1.0,1.0,1.0,1.0]"
outcome,3,framer,soft_credibility,catch_outside,creator_ejection_rate,10,0.0,0.0,0.0,0.0,"[0.0,0.0,0.0,0.0,0.0,0.0,0.0,0.0,0.0,0.0]"
outcome,3,framer,soft_credibility,catch_outside,creator_survival,10,1.0,0.0,1.0,1.0,"[1.0,1.0,1.0,1.0,1.0,1.0,1.0,1.0,1.0,1.0]"
outcome,3,framer,soft_credibility,catch_outside,false_ejection_rate,10,0.5294000000000001,0.020023319738078752,0.496,0.56,"[0.55,0.536,0.508,0.542,0.496,0.52,0.56,0.532,0.512,0.538]"
outcome,3,framer,soft_credibility,catch_outside,incident_rate,10,1.0,0.0,1.0,1.0,"[1.0,1.0,1.0,1.0,1.0,1.0,1.0,1.0,1.0,1.0]"
outcome,3,framer,soft_credibility,catch_outside,no_ejection_rate,10,0.47059999999999996,0.02002331973807872,0.44,0.504,"[0.45,0.464,0.492,0.458,0.504,0.48,0.44,0.468,0.488,0.462]"
outcome,3,lone_liar,mean,alibi_off,coalition_favorable_rate,10,0.9629999999999999,0.00694422221866656,0.952,0.972,"[0.97,0.972,0.966,0.952,0.962,0.954,0.97,0.96,0.958,0.966]"
outcome,3,lone_liar,mean,alibi_off,creator_ejection_rate,10,0.037,0.006944222218666554,0.028,0.048,"[0.03,0.028,0.034,0.048,0.038,0.046,0.03,0.04,0.042,0.034]"
outcome,3,lone_liar,mean,alibi_off,creator_survival,10,0.9629999999999999,0.00694422221866656,0.952,0.972,"[0.97,0.972,0.966,0.952,0.962,0.954,0.97,0.96,0.958,0.966]"
outcome,3,lone_liar,mean,alibi_off,false_ejection_rate,10,0.36619999999999997,0.018365426455404982,0.34,0.396,"[0.344,0.37,0.38,0.34,0.386,0.356,0.356,0.376,0.358,0.396]"
outcome,3,lone_liar,mean,alibi_off,incident_rate,10,1.0,0.0,1.0,1.0,"[1.0,1.0,1.0,1.0,1.0,1.0,1.0,1.0,1.0,1.0]"
outcome,3,lone_liar,mean,alibi_off,no_ejection_rate,10,0.5968,0.01779388159515014,0.57,0.626,"[0.626,0.602,0.586,0.612,0.576,0.598,0.614,0.584,0.6,0.57]"
outcome,3,lone_liar,mean,baseline,coalition_favorable_rate,10,0.8182,0.01724206741921884,0.79,0.844,"[0.844,0.826,0.826,0.804,0.79,0.794,0.828,0.822,0.832,0.816]"
outcome,3,lone_liar,mean,baseline,creator_ejection_rate,10,0.17439999999999997,0.01654085850250827,0.148,0.2,"[0.148,0.172,0.17,0.186,0.2,0.198,0.166,0.168,0.158,0.178]"
outcome,3,lone_liar,mean,baseline,creator_survival,10,0.8255999999999999,0.016540858502508242,0.8,0.852,"[0.852,0.828,0.83,0.814,0.8,0.802,0.834,0.832,0.842,0.822]"
outcome,3,lone_liar,mean,baseline,false_ejection_rate,10,0.32899999999999996,0.01791957340762081,0.308,0.356,"[0.308,0.32,0.354,0.31,0.344,0.31,0.336,0.326,0.326,0.356]"
outcome,3,lone_liar,mean,baseline,incident_rate,10,1.0,0.0,1.0,1.0,"[1.0,1.0,1.0,1.0,1.0,1.0,1.0,1.0,1.0,1.0]"
outcome,3,lone_liar,mean,baseline,no_ejection_rate,10,0.4892,0.025546471815540837,0.446,0.536,"[0.536,0.506,0.472,0.494,0.446,0.484,0.492,0.496,0.506,0.46]"
outcome,3,lone_liar,mean,catch_outside,coalition_favorable_rate,10,0.8182,0.01724206741921884,0.79,0.844,"[0.844,0.826,0.826,0.804,0.79,0.794,0.828,0.822,0.832,0.816]"
outcome,3,lone_liar,mean,catch_outside,creator_ejection_rate,10,0.17439999999999997,0.01654085850250827,0.148,0.2,"[0.148,0.172,0.17,0.186,0.2,0.198,0.166,0.168,0.158,0.178]"
outcome,3,lone_liar,mean,catch_outside,creator_survival,10,0.8255999999999999,0.016540858502508242,0.8,0.852,"[0.852,0.828,0.83,0.814,0.8,0.802,0.834,0.832,0.842,0.822]"
outcome,3,lone_liar,mean,catch_outside,false_ejection_rate,10,0.32899999999999996,0.01791957340762081,0.308,0.356,"[0.308,0.32,0.354,0.31,0.344,0.31,0.336,0.326,0.326,0.356]"
outcome,3,lone_liar,mean,catch_outside,incident_rate,10,1.0,0.0,1.0,1.0,"[1.0,1.0,1.0,1.0,1.0,1.0,1.0,1.0,1.0,1.0]"
outcome,3,lone_liar,mean,catch_outside,no_ejection_rate,10,0.4892,0.025546471815540837,0.446,0.536,"[0.536,0.506,0.472,0.494,0.446,0.484,0.492,0.496,0.506,0.46]"
outcome,3,lone_liar,sharp_credibility,alibi_off,coalition_favorable_rate,10,0.9743999999999999,0.003864367132317187,0.968,0.982,"[0.982,0.976,0.974,0.97,0.974,0.968,0.976,0.972,0.976,0.976]"
outcome,3,lone_liar,sharp_credibility,alibi_off,creator_ejection_rate,10,0.0256,0.0038643671323171837,0.018,0.032,"[0.018,0.024,0.026,0.03,0.026,0.032,0.024,0.028,0.024,0.024]"
outcome,3,lone_liar,sharp_credibility,alibi_off,creator_survival,10,0.9743999999999999,0.003864367132317187,0.968,0.982,"[0.982,0.976,0.974,0.97,0.974,0.968,0.976,0.972,0.976,0.976]"
outcome,3,lone_liar,sharp_credibility,alibi_off,false_ejection_rate,10,0.21880000000000002,0.027748073006166673,0.17,0.26,"[0.228,0.26,0.232,0.17,0.238,0.208,0.182,0.202,0.236,0.232]"
outcome,3,lone_liar,sharp_credibility,alibi_off,incident_rate,10,1.0,0.0,1.0,1.0,"[1.0,1.0,1.0,1.0,1.0,1.0,1.0,1.0,1.0,1.0]"
outcome,3,lone_liar,sharp_credibility,alibi_off,no_ejection_rate,10,0.7556,0.026226365021142815,0.716,0.8,"[0.754,0.716,0.742,0.8,0.736,0.76,0.794,0.77,0.74,0.744]"
outcome,3,lone_liar,sharp_credibility,baseline,coalition_favorable_rate,10,0.8308,0.015526321736543587,0.806,0.85,"[0.85,0.842,0.832,0.824,0.806,0.806,0.836,0.832,0.85,0.83]"
outcome,3,lone_liar,sharp_credibility,baseline,creator_ejection_rate,10,0.1482,0.014710540438746632,0.128,0.172,"[0.128,0.148,0.142,0.156,0.172,0.17,0.148,0.14,0.13,0.148]"
outcome,3,lone_liar,sharp_credibility,baseline,creator_survival,10,0.8518000000000001,0.014710540438746646,0.828,0.872,"[0.872,0.852,0.858,0.844,0.828,0.83,0.852,0.86,0.87,0.852]"
outcome,3,lone_liar,sharp_credibility,baseline,false_ejection_rate,10,0.20099999999999998,0.0229830855679176,0.164,0.238,"[0.208,0.238,0.218,0.164,0.208,0.192,0.182,0.172,0.216,0.212]"
outcome,3,lone_liar,sharp_credibility,baseline,incident_rate,10,1.0,0.0,1.0,1.0,"[1.0,1.0,1.0,1.0,1.0,1.0,1.0,1.0,1.0,1.0]"
outcome,3,lone_liar,sharp_credibility,baseline,no_ejection_rate,10,0.6298,0.02331332475454996,0.598,0.66,"[0.642,0.604,0.614,0.66,0.598,0.614,0.654,0.66,0.634,0.618]"
outcome,3,lone_liar,sharp_credibility,catch_outside,coalition_favorable_rate,10,0.8176,0.017251086922278225,0.79,0.844,"[0.844,0.824,0.826,0.804,0.79,0.794,0.828,0.822,0.832,0.812]"
outcome,3,lone_liar,sharp_credibility,catch_outside,creator_ejection_rate,10,0.175,0.016659998666133068,0.148,0.2,"[0.148,0.174,0.17,0.186,0.2,0.198,0.166,0.168,0.158,0.182]"
outcome,3,lone_liar,sharp_credibility,catch_outside,creator_survival,10,0.825,0.016659998666133047,0.8,0.852,"[0.852,0.826,0.83,0.814,0.8,0.802,0.834,0.832,0.842,0.818]"
outcome,3,lone_liar,sharp_credibility,catch_outside,false_ejection_rate,10,0.32299999999999995,0.017518244457961216,0.3,0.348,"[0.306,0.314,0.344,0.304,0.34,0.3,0.334,0.318,0.322,0.348]"
outcome,3,lone_liar,sharp_credibility,catch_outside,incident_rate,10,1.0,0.0,1.0,1.0,"[1.0,1.0,1.0,1.0,1.0,1.0,1.0,1.0,1.0,1.0]"
outcome,3,lone_liar,sharp_credibility,catch_outside,no_ejection_rate,10,0.49460000000000004,0.02485602989663117,0.45,0.538,"[0.538,0.51,0.482,0.5,0.45,0.494,0.494,0.504,0.51,0.464]"
outcome,3,lone_liar,soft_credibility,alibi_off,coalition_favorable_rate,10,0.9628,0.006876691711054741,0.952,0.972,"[0.97,0.972,0.966,0.952,0.962,0.954,0.97,0.96,0.958,0.964]"
outcome,3,lone_liar,soft_credibility,alibi_off,creator_ejection_rate,10,0.0372,0.006876691711054735,0.028,0.048,"[0.03,0.028,0.034,0.048,0.038,0.046,0.03,0.04,0.042,0.036]"
outcome,3,lone_liar,soft_credibility,alibi_off,creator_survival,10,0.9628,0.006876691711054741,0.952,0.972,"[0.97,0.972,0.966,0.952,0.962,0.954,0.97,0.96,0.958,0.964]"
outcome,3,lone_liar,soft_credibility,alibi_off,false_ejection_rate,10,0.21059999999999998,0.02372153264675601,0.168,0.258,"[0.206,0.258,0.222,0.168,0.226,0.206,0.19,0.202,0.208,0.22]"
outcome,3,lone_liar,soft_credibility,alibi_off,incident_rate,10,1.0,0.0,1.0,1.0,"[1.0,1.0,1.0,1.0,1.0,1.0,1.0,1.0,1.0,1.0]"
outcome,3,lone_liar,soft_credibility,alibi_off,no_ejection_rate,10,0.7522,0.020644073672068178,0.714,0.784,"[0.764,0.714,0.744,0.784,0.736,0.748,0.78,0.758,0.75,0.744]"
outcome,3,lone_liar,soft_credibility,baseline,coalition_favorable_rate,10,0.818,0.017281975195754265,0.79,0.844,"[0.844,0.826,0.826,0.804,0.79,0.794,0.828,0.822,0.832,0.814]"
outcome,3,lone_liar,soft_credibility,baseline,creator_ejection_rate,10,0.1672,0.016143798258842997,0.138,0.19,"[0.138,0.17,0.156,0.182,0.19,0.186,0.162,0.166,0.152,0.17]"
outcome,3,lone_liar,soft_credibility,baseline,creator_survival,10,0.8328,0.016143798258842997,0.81,0.862,"[0.862,0.83,0.844,0.818,0.81,0.814,0.838,0.834,0.848,0.83]"
outcome,3,lone_liar,soft_credibility,baseline,false_ejection_rate,10,0.17339999999999997,0.02050582573048178,0.138,0.208,"[0.17,0.208,0.196,0.138,0.184,0.16,0.17,0.152,0.176,0.18]"
outcome,3,lone_liar,soft_credibility,baseline,incident_rate,10,1.0,0.0,1.0,1.0,"[1.0,1.0,1.0,1.0,1.0,1.0,1.0,1.0,1.0,1.0]"
outcome,3,lone_liar,soft_credibility,baseline,no_ejection_rate,10,0.6446000000000001,0.023362838488125183,0.606,0.674,"[0.674,0.618,0.63,0.666,0.606,0.634,0.658,0.67,0.656,0.634]"
outcome,3,lone_liar,soft_credibility,catch_outside,coalition_favorable_rate,10,0.818,0.017281975195754265,0.79,0.844,"[0.844,0.826,0.826,0.804,0.79,0.794,0.828,0.822,0.832,0.814]"
outcome,3,lone_liar,soft_credibility,catch_outside,creator_ejection_rate,10,0.17459999999999998,0.01660120477555771,0.148,0.2,"[0.148,0.172,0.17,0.186,0.2,0.198,0.166,0.168,0.158,0.18]"
outcome,3,lone_liar,soft_credibility,catch_outside,creator_survival,10,0.8253999999999999,0.016601204775557685,0.8,0.852,"[0.852,0.828,0.83,0.814,0.8,0.802,0.834,0.832,0.842,0.82]"
outcome,3,lone_liar,soft_credibility,catch_outside,false_ejection_rate,10,0.3274,0.017840029895341163,0.306,0.354,"[0.308,0.32,0.35,0.308,0.344,0.306,0.336,0.322,0.326,0.354]"
outcome,3,lone_liar,soft_credibility,catch_outside,incident_rate,10,1.0,0.0,1.0,1.0,"[1.0,1.0,1.0,1.0,1.0,1.0,1.0,1.0,1.0,1.0]"
outcome,3,lone_liar,soft_credibility,catch_outside,no_ejection_rate,10,0.49060000000000004,0.02538678571400659,0.446,0.536,"[0.536,0.506,0.476,0.496,0.446,0.488,0.492,0.5,0.506,0.46]"
outcome,3,truthful,mean,alibi_off,coalition_favorable_rate,10,0.9061999999999999,0.011525816432879914,0.89,0.922,"[0.89,0.898,0.912,0.922,0.916,0.892,0.902,0.906,0.902,0.922]"
outcome,3,truthful,mean,alibi_off,creator_ejection_rate,10,0.0938,0.011525816432879903,0.078,0.11,"[0.11,0.102,0.088,0.078,0.084,0.108,0.098,0.094,0.098,0.078]"
outcome,3,truthful,mean,alibi_off,creator_survival,10,0.9061999999999999,0.011525816432879914,0.89,0.922,"[0.89,0.898,0.912,0.922,0.916,0.892,0.902,0.906,0.902,0.922]"
outcome,3,truthful,mean,alibi_off,false_ejection_rate,10,0.0,0.0,0.0,0.0,"[0.0,0.0,0.0,0.0,0.0,0.0,0.0,0.0,0.0,0.0]"
outcome,3,truthful,mean,alibi_off,incident_rate,10,1.0,0.0,1.0,1.0,"[1.0,1.0,1.0,1.0,1.0,1.0,1.0,1.0,1.0,1.0]"
outcome,3,truthful,mean,alibi_off,no_ejection_rate,10,0.9061999999999999,0.011525816432879914,0.89,0.922,"[0.89,0.898,0.912,0.922,0.916,0.892,0.902,0.906,0.902,0.922]"
outcome,3,truthful,mean,baseline,coalition_favorable_rate,10,0.9496,0.009418657606639643,0.93,0.962,"[0.94,0.93,0.946,0.956,0.956,0.958,0.95,0.95,0.948,0.962]"
outcome,3,truthful,mean,baseline,creator_ejection_rate,10,0.0504,0.00941865760663966,0.038,0.07,"[0.06,0.07,0.054,0.044,0.044,0.042,0.05,0.05,0.052,0.038]"
outcome,3,truthful,mean,baseline,creator_survival,10,0.9496,0.009418657606639643,0.93,0.962,"[0.94,0.93,0.946,0.956,0.956,0.958,0.95,0.95,0.948,0.962]"
outcome,3,truthful,mean,baseline,false_ejection_rate,10,0.0,0.0,0.0,0.0,"[0.0,0.0,0.0,0.0,0.0,0.0,0.0,0.0,0.0,0.0]"
outcome,3,truthful,mean,baseline,incident_rate,10,1.0,0.0,1.0,1.0,"[1.0,1.0,1.0,1.0,1.0,1.0,1.0,1.0,1.0,1.0]"
outcome,3,truthful,mean,baseline,no_ejection_rate,10,0.9496,0.009418657606639643,0.93,0.962,"[0.94,0.93,0.946,0.956,0.956,0.958,0.95,0.95,0.948,0.962]"
outcome,3,truthful,mean,catch_outside,coalition_favorable_rate,10,0.9496,0.009418657606639643,0.93,0.962,"[0.94,0.93,0.946,0.956,0.956,0.958,0.95,0.95,0.948,0.962]"
outcome,3,truthful,mean,catch_outside,creator_ejection_rate,10,0.0504,0.00941865760663966,0.038,0.07,"[0.06,0.07,0.054,0.044,0.044,0.042,0.05,0.05,0.052,0.038]"
outcome,3,truthful,mean,catch_outside,creator_survival,10,0.9496,0.009418657606639643,0.93,0.962,"[0.94,0.93,0.946,0.956,0.956,0.958,0.95,0.95,0.948,0.962]"
outcome,3,truthful,mean,catch_outside,false_ejection_rate,10,0.0,0.0,0.0,0.0,"[0.0,0.0,0.0,0.0,0.0,0.0,0.0,0.0,0.0,0.0]"
outcome,3,truthful,mean,catch_outside,incident_rate,10,1.0,0.0,1.0,1.0,"[1.0,1.0,1.0,1.0,1.0,1.0,1.0,1.0,1.0,1.0]"
outcome,3,truthful,mean,catch_outside,no_ejection_rate,10,0.9496,0.009418657606639643,0.93,0.962,"[0.94,0.93,0.946,0.956,0.956,0.958,0.95,0.95,0.948,0.962]"
outcome,3,truthful,sharp_credibility,alibi_off,coalition_favorable_rate,10,0.9061999999999999,0.011525816432879914,0.89,0.922,"[0.89,0.898,0.912,0.922,0.916,0.892,0.902,0.906,0.902,0.922]"
outcome,3,truthful,sharp_credibility,alibi_off,creator_ejection_rate,10,0.0938,0.011525816432879903,0.078,0.11,"[0.11,0.102,0.088,0.078,0.084,0.108,0.098,0.094,0.098,0.078]"
outcome,3,truthful,sharp_credibility,alibi_off,creator_survival,10,0.9061999999999999,0.011525816432879914,0.89,0.922,"[0.89,0.898,0.912,0.922,0.916,0.892,0.902,0.906,0.902,0.922]"
outcome,3,truthful,sharp_credibility,alibi_off,false_ejection_rate,10,0.0,0.0,0.0,0.0,"[0.0,0.0,0.0,0.0,0.0,0.0,0.0,0.0,0.0,0.0]"
outcome,3,truthful,sharp_credibility,alibi_off,incident_rate,10,1.0,0.0,1.0,1.0,"[1.0,1.0,1.0,1.0,1.0,1.0,1.0,1.0,1.0,1.0]"
outcome,3,truthful,sharp_credibility,alibi_off,no_ejection_rate,10,0.9061999999999999,0.011525816432879914,0.89,0.922,"[0.89,0.898,0.912,0.922,0.916,0.892,0.902,0.906,0.902,0.922]"
outcome,3,truthful,sharp_credibility,baseline,coalition_favorable_rate,10,0.9496,0.009418657606639643,0.93,0.962,"[0.94,0.93,0.946,0.956,0.956,0.958,0.95,0.95,0.948,0.962]"
outcome,3,truthful,sharp_credibility,baseline,creator_ejection_rate,10,0.0504,0.00941865760663966,0.038,0.07,"[0.06,0.07,0.054,0.044,0.044,0.042,0.05,0.05,0.052,0.038]"
outcome,3,truthful,sharp_credibility,baseline,creator_survival,10,0.9496,0.009418657606639643,0.93,0.962,"[0.94,0.93,0.946,0.956,0.956,0.958,0.95,0.95,0.948,0.962]"
outcome,3,truthful,sharp_credibility,baseline,false_ejection_rate,10,0.0,0.0,0.0,0.0,"[0.0,0.0,0.0,0.0,0.0,0.0,0.0,0.0,0.0,0.0]"
outcome,3,truthful,sharp_credibility,baseline,incident_rate,10,1.0,0.0,1.0,1.0,"[1.0,1.0,1.0,1.0,1.0,1.0,1.0,1.0,1.0,1.0]"
outcome,3,truthful,sharp_credibility,baseline,no_ejection_rate,10,0.9496,0.009418657606639643,0.93,0.962,"[0.94,0.93,0.946,0.956,0.956,0.958,0.95,0.95,0.948,0.962]"
outcome,3,truthful,sharp_credibility,catch_outside,coalition_favorable_rate,10,0.9496,0.009418657606639643,0.93,0.962,"[0.94,0.93,0.946,0.956,0.956,0.958,0.95,0.95,0.948,0.962]"
outcome,3,truthful,sharp_credibility,catch_outside,creator_ejection_rate,10,0.0504,0.00941865760663966,0.038,0.07,"[0.06,0.07,0.054,0.044,0.044,0.042,0.05,0.05,0.052,0.038]"
outcome,3,truthful,sharp_credibility,catch_outside,creator_survival,10,0.9496,0.009418657606639643,0.93,0.962,"[0.94,0.93,0.946,0.956,0.956,0.958,0.95,0.95,0.948,0.962]"
outcome,3,truthful,sharp_credibility,catch_outside,false_ejection_rate,10,0.0,0.0,0.0,0.0,"[0.0,0.0,0.0,0.0,0.0,0.0,0.0,0.0,0.0,0.0]"
outcome,3,truthful,sharp_credibility,catch_outside,incident_rate,10,1.0,0.0,1.0,1.0,"[1.0,1.0,1.0,1.0,1.0,1.0,1.0,1.0,1.0,1.0]"
outcome,3,truthful,sharp_credibility,catch_outside,no_ejection_rate,10,0.9496,0.009418657606639643,0.93,0.962,"[0.94,0.93,0.946,0.956,0.956,0.958,0.95,0.95,0.948,0.962]"
outcome,3,truthful,soft_credibility,alibi_off,coalition_favorable_rate,10,0.9061999999999999,0.011525816432879914,0.89,0.922,"[0.89,0.898,0.912,0.922,0.916,0.892,0.902,0.906,0.902,0.922]"
outcome,3,truthful,soft_credibility,alibi_off,creator_ejection_rate,10,0.0938,0.011525816432879903,0.078,0.11,"[0.11,0.102,0.088,0.078,0.084,0.108,0.098,0.094,0.098,0.078]"
outcome,3,truthful,soft_credibility,alibi_off,creator_survival,10,0.9061999999999999,0.011525816432879914,0.89,0.922,"[0.89,0.898,0.912,0.922,0.916,0.892,0.902,0.906,0.902,0.922]"
outcome,3,truthful,soft_credibility,alibi_off,false_ejection_rate,10,0.0,0.0,0.0,0.0,"[0.0,0.0,0.0,0.0,0.0,0.0,0.0,0.0,0.0,0.0]"
outcome,3,truthful,soft_credibility,alibi_off,incident_rate,10,1.0,0.0,1.0,1.0,"[1.0,1.0,1.0,1.0,1.0,1.0,1.0,1.0,1.0,1.0]"
outcome,3,truthful,soft_credibility,alibi_off,no_ejection_rate,10,0.9061999999999999,0.011525816432879914,0.89,0.922,"[0.89,0.898,0.912,0.922,0.916,0.892,0.902,0.906,0.902,0.922]"
outcome,3,truthful,soft_credibility,baseline,coalition_favorable_rate,10,0.9496,0.009418657606639643,0.93,0.962,"[0.94,0.93,0.946,0.956,0.956,0.958,0.95,0.95,0.948,0.962]"
outcome,3,truthful,soft_credibility,baseline,creator_ejection_rate,10,0.0504,0.00941865760663966,0.038,0.07,"[0.06,0.07,0.054,0.044,0.044,0.042,0.05,0.05,0.052,0.038]"
outcome,3,truthful,soft_credibility,baseline,creator_survival,10,0.9496,0.009418657606639643,0.93,0.962,"[0.94,0.93,0.946,0.956,0.956,0.958,0.95,0.95,0.948,0.962]"
outcome,3,truthful,soft_credibility,baseline,false_ejection_rate,10,0.0,0.0,0.0,0.0,"[0.0,0.0,0.0,0.0,0.0,0.0,0.0,0.0,0.0,0.0]"
outcome,3,truthful,soft_credibility,baseline,incident_rate,10,1.0,0.0,1.0,1.0,"[1.0,1.0,1.0,1.0,1.0,1.0,1.0,1.0,1.0,1.0]"
outcome,3,truthful,soft_credibility,baseline,no_ejection_rate,10,0.9496,0.009418657606639643,0.93,0.962,"[0.94,0.93,0.946,0.956,0.956,0.958,0.95,0.95,0.948,0.962]"
outcome,3,truthful,soft_credibility,catch_outside,coalition_favorable_rate,10,0.9496,0.009418657606639643,0.93,0.962,"[0.94,0.93,0.946,0.956,0.956,0.958,0.95,0.95,0.948,0.962]"
outcome,3,truthful,soft_credibility,catch_outside,creator_ejection_rate,10,0.0504,0.00941865760663966,0.038,0.07,"[0.06,0.07,0.054,0.044,0.044,0.042,0.05,0.05,0.052,0.038]"
outcome,3,truthful,soft_credibility,catch_outside,creator_survival,10,0.9496,0.009418657606639643,0.93,0.962,"[0.94,0.93,0.946,0.956,0.956,0.958,0.95,0.95,0.948,0.962]"
outcome,3,truthful,soft_credibility,catch_outside,false_ejection_rate,10,0.0,0.0,0.0,0.0,"[0.0,0.0,0.0,0.0,0.0,0.0,0.0,0.0,0.0,0.0]"
outcome,3,truthful,soft_credibility,catch_outside,incident_rate,10,1.0,0.0,1.0,1.0,"[1.0,1.0,1.0,1.0,1.0,1.0,1.0,1.0,1.0,1.0]"
outcome,3,truthful,soft_credibility,catch_outside,no_ejection_rate,10,0.9496,0.009418657606639643,0.93,0.962,"[0.94,0.93,0.946,0.956,0.956,0.958,0.95,0.95,0.948,0.962]"
outcome,5,alibi,mean,alibi_off,coalition_favorable_rate,10,0.312,0.02315167380558044,0.28,0.354,"[0.3,0.306,0.28,0.31,0.29,0.314,0.324,0.298,0.354,0.344]"
outcome,5,alibi,mean,alibi_off,creator_ejection_rate,10,0.6155999999999999,0.021370800432157704,0.576,0.636,"[0.628,0.636,0.636,0.63,0.622,0.626,0.608,0.612,0.576,0.582]"
outcome,5,alibi,mean,alibi_off,creator_survival,10,0.38439999999999996,0.02137080043215768,0.364,0.424,"[0.372,0.364,0.364,0.37,0.378,0.374,0.392,0.388,0.424,0.418]"
outcome,5,alibi,mean,alibi_off,false_ejection_rate,10,0.2312,0.022374588760963238,0.196,0.274,"[0.236,0.228,0.196,0.236,0.21,0.222,0.232,0.22,0.274,0.258]"
outcome,5,alibi,mean,alibi_off,incident_rate,10,1.0,0.0,1.0,1.0,"[1.0,1.0,1.0,1.0,1.0,1.0,1.0,1.0,1.0,1.0]"
outcome,5,alibi,mean,alibi_off,no_ejection_rate,10,0.0808,0.008390470785361212,0.064,0.092,"[0.064,0.078,0.084,0.074,0.08,0.092,0.092,0.078,0.08,0.086]"
outcome,5,alibi,mean,baseline,coalition_favorable_rate,10,0.5548,0.017491585278514774,0.516,0.576,"[0.56,0.576,0.546,0.554,0.516,0.572,0.562,0.542,0.568,0.552]"
outcome,5,alibi,mean,baseline,creator_ejection_rate,10,0.36140000000000005,0.011393955512561144,0.35,0.386,"[0.354,0.352,0.368,0.372,0.386,0.356,0.356,0.35,0.354,0.366]"
outcome,5,alibi,mean,baseline,creator_survival,10,0.6386000000000001,0.011393955512561142,0.614,0.65,"[0.646,0.648,0.632,0.628,0.614,0.644,0.644,0.65,0.646,0.634]"
outcome,5,alibi,mean,baseline,false_ejection_rate,10,0.3122,0.019786639712470404,0.278,0.348,"[0.316,0.304,0.32,0.324,0.278,0.33,0.294,0.302,0.348,0.306]"
outcome,5,alibi,mean,baseline,incident_rate,10,1.0,0.0,1.0,1.0,"[1.0,1.0,1.0,1.0,1.0,1.0,1.0,1.0,1.0,1.0]"
outcome,5,alibi,mean,baseline,no_ejection_rate,10,0.2426,0.016654662343553468,0.22,0.272,"[0.244,0.272,0.226,0.23,0.238,0.242,0.268,0.24,0.22,0.246]"
outcome,5,alibi,mean,catch_outside,coalition_favorable_rate,10,0.5564,0.01775887884349057,0.516,0.58,"[0.56,0.58,0.55,0.554,0.516,0.574,0.562,0.546,0.568,0.554]"
outcome,5,alibi,mean,catch_outside,creator_ejection_rate,10,0.35919999999999996,0.012407882799073976,0.344,0.386,"[0.352,0.348,0.362,0.372,0.386,0.354,0.356,0.344,0.354,0.364]"
outcome,5,alibi,mean,catch_outside,creator_survival,10,0.6407999999999999,0.012407882799073976,0.614,0.656,"[0.648,0.652,0.638,0.628,0.614,0.646,0.644,0.656,0.646,0.636]"
outcome,5,alibi,mean,catch_outside,false_ejection_rate,10,0.3122,0.019786639712470404,0.278,0.348,"[0.316,0.304,0.32,0.324,0.278,0.33,0.294,0.302,0.348,0.306]"
outcome,5,alibi,mean,catch_outside,incident_rate,10,1.0,0.0,1.0,1.0,"[1.0,1.0,1.0,1.0,1.0,1.0,1.0,1.0,1.0,1.0]"
outcome,5,alibi,mean,catch_outside,no_ejection_rate,10,0.24420000000000003,0.017060676031935746,0.22,0.276,"[0.244,0.276,0.23,0.23,0.238,0.244,0.268,0.244,0.22,0.248]"
outcome,5,alibi,sharp_credibility,alibi_off,coalition_favorable_rate,10,0.4962,0.019786639712470428,0.472,0.54,"[0.484,0.472,0.484,0.484,0.484,0.504,0.506,0.492,0.54,0.512]"
outcome,5,alibi,sharp_credibility,alibi_off,creator_ejection_rate,10,0.45,0.021766436956419333,0.404,0.482,"[0.464,0.482,0.454,0.47,0.446,0.46,0.444,0.444,0.404,0.432]"
outcome,5,alibi,sharp_credibility,alibi_off,creator_survival,10,0.55,0.021766436956419326,0.518,0.596,"[0.536,0.518,0.546,0.53,0.554,0.54,0.556,0.556,0.596,0.568]"
outcome,5,alibi,sharp_credibility,alibi_off,false_ejection_rate,10,0.34140000000000004,0.0191148575139282,0.318,0.372,"[0.354,0.318,0.328,0.342,0.318,0.332,0.33,0.358,0.372,0.362]"
outcome,5,alibi,sharp_credibility,alibi_off,incident_rate,10,1.0,0.0,1.0,1.0,"[1.0,1.0,1.0,1.0,1.0,1.0,1.0,1.0,1.0,1.0]"
outcome,5,alibi,sharp_credibility,alibi_off,no_ejection_rate,10,0.1548,0.015922032254430056,0.13,0.176,"[0.13,0.154,0.156,0.142,0.166,0.172,0.176,0.134,0.168,0.15]"
outcome,5,alibi,sharp_credibility,baseline,coalition_favorable_rate,10,0.6328,0.02078888591959123,0.606,0.672,"[0.652,0.622,0.61,0.618,0.606,0.672,0.626,0.648,0.644,0.63]"
outcome,5,alibi,sharp_credibility,baseline,creator_ejection_rate,10,0.2232,0.021212155844127566,0.19,0.25,"[0.19,0.216,0.25,0.248,0.24,0.218,0.202,0.202,0.224,0.242]"
outcome,5,alibi,sharp_credibility,baseline,creator_survival,10,0.7767999999999999,0.02121215584412759,0.75,0.81,"[0.81,0.784,0.75,0.752,0.76,0.782,0.798,0.798,0.776,0.758]"
outcome,5,alibi,sharp_credibility,baseline,false_ejection_rate,10,0.41980000000000006,0.02824417344043429,0.378,0.466,"[0.446,0.378,0.398,0.414,0.39,0.466,0.412,0.41,0.448,0.436]"
outcome,5,alibi,sharp_credibility,baseline,incident_rate,10,1.0,0.0,1.0,1.0,"[1.0,1.0,1.0,1.0,1.0,1.0,1.0,1.0,1.0,1.0]"
outcome,5,alibi,sharp_credibility,baseline,no_ejection_rate,10,0.213,0.016418147141366333,0.194,0.244,"[0.206,0.244,0.212,0.204,0.216,0.206,0.214,0.238,0.196,0.194]"
outcome,5,alibi,sharp_credibility,catch_outside,coalition_favorable_rate,10,0.45760000000000006,0.017582819897717077,0.432,0.49,"[0.462,0.47,0.432,0.442,0.438,0.456,0.468,0.45,0.49,0.468]"
outcome,5,alibi,sharp_credibility,catch_outside,creator_ejection_rate,10,0.4586,0.018185464280878586,0.432,0.486,"[0.452,0.456,0.486,0.486,0.464,0.472,0.446,0.442,0.432,0.45]"
outcome,5,alibi,sharp_credibility,catch_outside,creator_survival,10,0.5414,0.01818546428087859,0.514,0.568,"[0.548,0.544,0.514,0.514,0.536,0.528,0.554,0.558,0.568,0.55]"
outcome,5,alibi,sharp_credibility,catch_outside,false_ejection_rate,10,0.2676,0.021014280858501915,0.232,0.314,"[0.276,0.26,0.276,0.27,0.232,0.262,0.254,0.258,0.314,0.274]"
outcome,5,alibi,sharp_credibility,catch_outside,incident_rate,10,1.0,0.0,1.0,1.0,"[1.0,1.0,1.0,1.0,1.0,1.0,1.0,1.0,1.0,1.0]"
outcome,5,alibi,sharp_credibility,catch_outside,no_ejection_rate,10,0.19,0.018135294011647256,0.156,0.214,"[0.186,0.21,0.156,0.172,0.206,0.194,0.214,0.192,0.176,0.194]"
outcome,5,alibi,soft_credibility,alibi_off,coalition_favorable_rate,10,0.32260000000000005,0.024963083855075993,0.296,0.374,"[0.306,0.296,0.302,0.314,0.31,0.324,0.336,0.31,0.374,0.354]"
outcome,5,alibi,soft_credibility,alibi_off,creator_ejection_rate,10,0.608,0.025991451586157236,0.556,0.644,"[0.626,0.644,0.62,0.626,0.61,0.62,0.598,0.604,0.556,0.576]"
outcome,5,alibi,soft_credibility,alibi_off,creator_survival,10,0.392,0.02599145158615724,0.356,0.444,"[0.374,0.356,0.38,0.374,0.39,0.38,0.402,0.396,0.444,0.424]"
outcome,5,alibi,soft_credibility,alibi_off,false_ejection_rate,10,0.231,0.021483844059096032,0.204,0.278,"[0.24,0.204,0.216,0.23,0.206,0.232,0.234,0.224,0.278,0.246]"
outcome,5,alibi,soft_credibility,alibi_off,incident_rate,10,1.0,0.0,1.0,1.0,"[1.0,1.0,1.0,1.0,1.0,1.0,1.0,1.0,1.0,1.0]"
outcome,5,alibi,soft_credibility,alibi_off,no_ejection_rate,10,0.09159999999999999,0.012139924949429372,0.066,0.108,"[0.066,0.092,0.086,0.084,0.104,0.092,0.102,0.086,0.096,0.108]"
outcome,5,alibi,soft_credibility,baseline,coalition_favorable_rate,10,0.613,0.02044504830026089,0.58,0.648,"[0.63,0.61,0.604,0.596,0.58,0.648,0.596,0.61,0.632,0.624]"
outcome,5,alibi,soft_credibility,baseline,creator_ejection_rate,10,0.2278,0.0195152362128785,0.196,0.258,"[0.196,0.214,0.244,0.258,0.256,0.222,0.218,0.22,0.22,0.23]"
outcome,5,alibi,soft_credibility,baseline,creator_survival,10,0.7722000000000001,0.01951523621287852,0.742,0.804,"[0.804,0.786,0.756,0.742,0.744,0.778,0.782,0.78,0.78,0.77]"
outcome,5,alibi,soft_credibility,baseline,false_ejection_rate,10,0.3802,0.024229458654015917,0.348,0.418,"[0.398,0.364,0.376,0.368,0.348,0.418,0.358,0.366,0.416,0.39]"
outcome,5,alibi,soft_credibility,baseline,incident_rate,10,1.0,0.0,1.0,1.0,"[1.0,1.0,1.0,1.0,1.0,1.0,1.0,1.0,1.0,1.0]"
outcome,5,alibi,soft_credibility,baseline,no_ejection_rate,10,0.23279999999999998,0.008599741598185117,0.216,0.246,"[0.232,0.246,0.228,0.228,0.232,0.23,0.238,0.244,0.216,0.234]"
outcome,5,alibi,soft_credibility,catch_outside,coalition_favorable_rate,10,0.5132000000000001,0.015090836071382318,0.484,0.532,"[0.528,0.532,0.498,0.512,0.484,0.518,0.522,0.5,0.524,0.514]"
outcome,5,alibi,soft_credibility,catch_outside,creator_ejection_rate,10,0.403,0.012009255689767864,0.386,0.418,"[0.386,0.394,0.418,0.416,0.418,0.412,0.394,0.392,0.398,0.402]"
outcome,5,alibi,soft_credibility,catch_outside,creator_survival,10,0.597,0.012009255689767892,0.582,0.614,"[0.614,0.606,0.582,0.584,0.582,0.588,0.606,0.608,0.602,0.598]"
outcome,5,alibi,soft_credibility,catch_outside,false_ejection_rate,10,0.28900000000000003,0.018263503375736963,0.26,0.33,"[0.3,0.284,0.294,0.29,0.26,0.29,0.274,0.28,0.33,0.288]"
outcome,5,alibi,soft_credibility,catch_outside,incident_rate,10,1.0,0.0,1.0,1.0,"[1.0,1.0,1.0,1.0,1.0,1.0,1.0,1.0,1.0,1.0]"
outcome,5,alibi,soft_credibility,catch_outside,no_ejection_rate,10,0.2242,0.016691980775876247,0.194,0.248,"[0.228,0.248,0.204,0.222,0.224,0.228,0.248,0.22,0.194,0.226]"
outcome,5,framer,mean,alibi_off,coalition_favorable_rate,10,0.7692,0.017643380880344034,0.738,0.792,"[0.792,0.774,0.768,0.738,0.776,0.744,0.76,0.77,0.788,0.782]"
outcome,5,framer,mean,alibi_off,creator_ejection_rate,10,0.193,0.019601587237318877,0.158,0.22,"[0.174,0.2,0.2,0.22,0.158,0.214,0.208,0.176,0.184,0.196]"
outcome,5,framer,mean,alibi_off,creator_survival,10,0.807,0.019601587237318842,0.78,0.842,"[0.826,0.8,0.8,0.78,0.842,0.786,0.792,0.824,0.816,0.804]"
outcome,5,framer,mean,alibi_off,false_ejection_rate,10,0.5244,0.023641770943254935,0.494,0.566,"[0.542,0.51,0.536,0.508,0.542,0.496,0.566,0.494,0.512,0.538]"
outcome,5,framer,mean,alibi_off,incident_rate,10,1.0,0.0,1.0,1.0,"[1.0,1.0,1.0,1.0,1.0,1.0,1.0,1.0,1.0,1.0]"
outcome,5,framer,mean,alibi_off,no_ejection_rate,10,0.24479999999999996,0.024570985599550815,0.194,0.276,"[0.25,0.264,0.232,0.23,0.234,0.248,0.194,0.276,0.276,0.244]"
outcome,5,framer,mean,baseline,coalition_favorable_rate,10,0.5306,0.024586355746407176,0.48,0.564,"[0.562,0.516,0.522,0.526,0.542,0.48,0.564,0.544,0.518,0.532]"
outcome,5,framer,mean,baseline,creator_ejection_rate,10,0.38180000000000003,0.02171430659982287,0.354,0.422,"[0.366,0.408,0.396,0.386,0.354,0.422,0.368,0.36,0.382,0.376]"
outcome,5,framer,mean,baseline,creator_survival,10,0.6182,0.021714306599822892,0.578,0.646,"[0.634,0.592,0.604,0.614,0.646,0.578,0.632,0.64,0.618,0.624]"
outcome,5,framer,mean,baseline,false_ejection_rate,10,0.406,0.02483724801359621,0.368,0.464,"[0.412,0.388,0.404,0.394,0.416,0.368,0.464,0.406,0.396,0.412]"
outcome,5,framer,mean,baseline,incident_rate,10,1.0,0.0,1.0,1.0,"[1.0,1.0,1.0,1.0,1.0,1.0,1.0,1.0,1.0,1.0]"
outcome,5,framer,mean,baseline,no_ejection_rate,10,0.1246,0.013858010118499858,0.1,0.15,"[0.15,0.128,0.118,0.132,0.126,0.112,0.1,0.138,0.122,0.12]"
outcome,5,framer,mean,catch_outside,coalition_favorable_rate,10,0.5306,0.024586355746407176,0.48,0.564,"[0.562,0.516,0.522,0.526,0.542,0.48,0.564,0.544,0.518,0.532]"
outcome,5,framer,mean,catch_outside,creator_ejection_rate,10,0.38180000000000003,0.02171430659982287,0.354,0.422,"[0.366,0.408,0.396,0.386,0.354,0.422,0.368,0.36,0.382,0.376]"
outcome,5,framer,mean,catch_outside,creator_survival,10,0.6182,0.021714306599822892,0.578,0.646,"[0.634,0.592,0.604,0.614,0.646,0.578,0.632,0.64,0.618,0.624]"
outcome,5,framer,mean,catch_outside,false_ejection_rate,10,0.406,0.02483724801359621,0.368,0.464,"[0.412,0.388,0.404,0.394,0.416,0.368,0.464,0.406,0.396,0.412]"
outcome,5,framer,mean,catch_outside,incident_rate,10,1.0,0.0,1.0,1.0,"[1.0,1.0,1.0,1.0,1.0,1.0,1.0,1.0,1.0,1.0]"
outcome,5,framer,mean,catch_outside,no_ejection_rate,10,0.1246,0.013858010118499858,0.1,0.15,"[0.15,0.128,0.118,0.132,0.126,0.112,0.1,0.138,0.122,0.12]"
outcome,5,framer,sharp_credibility,alibi_off,coalition_favorable_rate,10,0.6058,0.021238330128959468,0.572,0.632,"[0.63,0.602,0.614,0.576,0.632,0.572,0.622,0.59,0.618,0.602]"
outcome,5,framer,sharp_credibility,alibi_off,creator_ejection_rate,10,0.3216,0.021843890577357212,0.278,0.354,"[0.31,0.332,0.314,0.354,0.278,0.348,0.322,0.31,0.314,0.334]"
outcome,5,framer,sharp_credibility,alibi_off,creator_survival,10,0.6784000000000001,0.0218438905773572,0.646,0.722,"[0.69,0.668,0.686,0.646,0.722,0.652,0.678,0.69,0.686,0.666]"
outcome,5,framer,sharp_credibility,alibi_off,false_ejection_rate,10,0.47059999999999996,0.02288230757594172,0.438,0.514,"[0.482,0.454,0.492,0.45,0.484,0.438,0.514,0.456,0.462,0.474]"
outcome,5,framer,sharp_credibility,alibi_off,incident_rate,10,1.0,0.0,1.0,1.0,"[1.0,1.0,1.0,1.0,1.0,1.0,1.0,1.0,1.0,1.0]"
outcome,5,framer,sharp_credibility,alibi_off,no_ejection_rate,10,0.1352,0.014823404916999778,0.108,0.156,"[0.148,0.148,0.122,0.126,0.148,0.134,0.108,0.134,0.156,0.128]"
outcome,5,framer,sharp_credibility,baseline,coalition_favorable_rate,10,0.5096,0.023509808827617277,0.456,0.534,"[0.53,0.528,0.516,0.496,0.534,0.456,0.522,0.518,0.494,0.502]"
outcome,5,framer,sharp_credibility,baseline,creator_ejection_rate,10,0.40580000000000005,0.024503061033266844,0.36,0.45,"[0.398,0.402,0.402,0.424,0.36,0.45,0.402,0.382,0.418,0.42]"
outcome,5,framer,sharp_credibility,baseline,creator_survival,10,0.5942,0.024503061033266844,0.55,0.64,"[0.602,0.598,0.598,0.576,0.64,0.55,0.598,0.618,0.582,0.58]"
outcome,5,framer,sharp_credibility,baseline,false_ejection_rate,10,0.40540000000000004,0.021417542135154326,0.366,0.444,"[0.416,0.404,0.418,0.386,0.416,0.366,0.444,0.41,0.388,0.406]"
outcome,5,framer,sharp_credibility,baseline,incident_rate,10,1.0,0.0,1.0,1.0,"[1.0,1.0,1.0,1.0,1.0,1.0,1.0,1.0,1.0,1.0]"
outcome,5,framer,sharp_credibility,baseline,no_ejection_rate,10,0.1042,0.013838753958037953,0.078,0.124,"[0.114,0.124,0.098,0.11,0.118,0.09,0.078,0.108,0.106,0.096]"
outcome,5,framer,sharp_credibility,catch_outside,coalition_favorable_rate,10,0.4612,0.024912290585617017,0.412,0.494,"[0.48,0.464,0.458,0.434,0.494,0.412,0.492,0.462,0.46,0.456]"
outcome,5,framer,sharp_credibility,catch_outside,creator_ejection_rate,10,0.4462,0.02464774048693127,0.398,0.486,"[0.442,0.46,0.448,0.474,0.398,0.486,0.43,0.43,0.442,0.452]"
outcome,5,framer,sharp_credibility,catch_outside,creator_survival,10,0.5538000000000001,0.024647740486931257,0.514,0.602,"[0.558,0.54,0.552,0.526,0.602,0.514,0.57,0.57,0.558,0.548]"
outcome,5,framer,sharp_credibility,catch_outside,false_ejection_rate,10,0.37900000000000006,0.026081070189358072,0.342,0.432,"[0.388,0.368,0.388,0.348,0.402,0.342,0.432,0.378,0.366,0.378]"
outcome,5,framer,sharp_credibility,catch_outside,incident_rate,10,1.0,0.0,1.0,1.0,"[1.0,1.0,1.0,1.0,1.0,1.0,1.0,1.0,1.0,1.0]"
outcome,5,framer,sharp_credibility,catch_outside,no_ejection_rate,10,0.0822,0.012236557250032924,0.06,0.096,"[0.092,0.096,0.07,0.086,0.092,0.07,0.06,0.084,0.094,0.078]"
outcome,5,framer,soft_credibility,alibi_off,coalition_favorable_rate,10,0.6437999999999999,0.01942392568171763,0.608,0.67,"[0.67,0.64,0.638,0.608,0.66,0.63,0.658,0.626,0.664,0.644]"
outcome,5,framer,soft_credibility,alibi_off,creator_ejection_rate,10,0.3028,0.018599880525303265,0.268,0.334,"[0.288,0.31,0.312,0.334,0.268,0.308,0.306,0.31,0.282,0.31]"
outcome,5,framer,soft_credibility,alibi_off,creator_survival,10,0.6971999999999999,0.01859988052530326,0.666,0.732,"[0.712,0.69,0.688,0.666,0.732,0.692,0.694,0.69,0.718,0.69]"
outcome,5,framer,soft_credibility,alibi_off,false_ejection_rate,10,0.489,0.0258757715934338,0.456,0.532,"[0.5,0.464,0.506,0.456,0.51,0.47,0.532,0.462,0.48,0.51]"
outcome,5,framer,soft_credibility,alibi_off,incident_rate,10,1.0,0.0,1.0,1.0,"[1.0,1.0,1.0,1.0,1.0,1.0,1.0,1.0,1.0,1.0]"
outcome,5,framer,soft_credibility,alibi_off,no_ejection_rate,10,0.1548,0.01960045350949252,0.126,0.184,"[0.17,0.176,0.132,0.152,0.15,0.16,0.126,0.164,0.184,0.134]"
outcome,5,framer,soft_credibility,baseline,coalition_favorable_rate,10,0.5138,0.02216002406737564,0.48,0.546,"[0.534,0.528,0.502,0.482,0.526,0.48,0.546,0.528,0.508,0.504]"
outcome,5,framer,soft_credibility,baseline,creator_ejection_rate,10,0.40859999999999996,0.02015605781562125,0.374,0.438,"[0.4,0.408,0.42,0.438,0.374,0.436,0.392,0.392,0.408,0.418]"
outcome,5,framer,soft_credibility,baseline,creator_survival,10,0.5913999999999999,0.020156057815621256,0.562,0.626,"[0.6,0.592,0.58,0.562,0.626,0.564,0.608,0.608,0.592,0.582]"
outcome,5,framer,soft_credibility,baseline,false_ejection_rate,10,0.40140000000000003,0.02750434309138993,0.36,0.456,"[0.406,0.394,0.408,0.364,0.42,0.36,0.456,0.4,0.392,0.414]"
outcome,5,framer,soft_credibility,baseline,incident_rate,10,1.0,0.0,1.0,1.0,"[1.0,1.0,1.0,1.0,1.0,1.0,1.0,1.0,1.0,1.0]"
outcome,5,framer,soft_credibility,baseline,no_ejection_rate,10,0.11240000000000001,0.0164600526528117,0.09,0.134,"[0.128,0.134,0.094,0.118,0.106,0.12,0.09,0.128,0.116,0.09]"
outcome,5,framer,soft_credibility,catch_outside,coalition_favorable_rate,10,0.513,0.02199494891509818,0.48,0.546,"[0.532,0.528,0.502,0.482,0.526,0.48,0.546,0.526,0.506,0.502]"
outcome,5,framer,soft_credibility,catch_outside,creator_ejection_rate,10,0.4072,0.01962311562078424,0.372,0.436,"[0.4,0.408,0.418,0.436,0.372,0.434,0.392,0.392,0.406,0.414]"
outcome,5,framer,soft_credibility,catch_outside,creator_survival,10,0.5928000000000001,0.019623115620784264,0.564,0.628,"[0.6,0.592,0.582,0.564,0.628,0.566,0.608,0.608,0.594,0.586]"
outcome,5,framer,soft_credibility,catch_outside,false_ejection_rate,10,0.4010000000000001,0.027604347483684524,0.36,0.456,"[0.406,0.394,0.408,0.364,0.42,0.36,0.456,0.398,0.39,0.414]"
outcome,5,framer,soft_credibility,catch_outside,incident_rate,10,1.0,0.0,1.0,1.0,"[1.0,1.0,1.0,1.0,1.0,1.0,1.0,1.0,1.0,1.0]"
outcome,5,framer,soft_credibility,catch_outside,no_ejection_rate,10,0.11200000000000002,0.016573070526208072,0.088,0.134,"[0.126,0.134,0.094,0.118,0.106,0.12,0.09,0.128,0.116,0.088]"
outcome,5,lone_liar,mean,alibi_off,coalition_favorable_rate,10,0.29660000000000003,0.02292112077926771,0.262,0.34,"[0.304,0.296,0.272,0.324,0.286,0.286,0.34,0.3,0.262,0.296]"
outcome,5,lone_liar,mean,alibi_off,creator_ejection_rate,10,0.5915999999999999,0.02210681141890686,0.546,0.62,"[0.582,0.592,0.6,0.588,0.62,0.606,0.546,0.568,0.614,0.6]"
outcome,5,lone_liar,mean,alibi_off,creator_survival,10,0.40840000000000004,0.022106811418906865,0.38,0.454,"[0.418,0.408,0.4,0.412,0.38,0.394,0.454,0.432,0.386,0.4]"
outcome,5,lone_liar,mean,alibi_off,false_ejection_rate,10,0.1876,0.01714772417682429,0.166,0.22,"[0.198,0.192,0.17,0.204,0.166,0.192,0.22,0.178,0.17,0.186]"
outcome,5,lone_liar,mean,alibi_off,incident_rate,10,1.0,0.0,1.0,1.0,"[1.0,1.0,1.0,1.0,1.0,1.0,1.0,1.0,1.0,1.0]"
outcome,5,lone_liar,mean,alibi_off,no_ejection_rate,10,0.10899999999999999,0.01120515754264774,0.092,0.122,"[0.106,0.104,0.102,0.12,0.12,0.094,0.12,0.122,0.092,0.11]"
outcome,5,lone_liar,mean,baseline,coalition_favorable_rate,10,0.24340000000000006,0.0242404620418011,0.212,0.292,"[0.248,0.238,0.232,0.27,0.234,0.236,0.292,0.256,0.216,0.212]"
outcome,5,lone_liar,mean,baseline,creator_ejection_rate,10,0.6428,0.024552890755355987,0.594,0.678,"[0.638,0.648,0.638,0.64,0.666,0.658,0.594,0.614,0.654,0.678]"
outcome,5,lone_liar,mean,baseline,creator_survival,10,0.3572,0.024552890755355966,0.322,0.406,"[0.362,0.352,0.362,0.36,0.334,0.342,0.406,0.386,0.346,0.322]"
outcome,5,lone_liar,mean,baseline,false_ejection_rate,10,0.13260000000000002,0.01808744192956969,0.102,0.166,"[0.134,0.134,0.122,0.154,0.118,0.138,0.166,0.134,0.124,0.102]"
outcome,5,lone_liar,mean,baseline,incident_rate,10,1.0,0.0,1.0,1.0,"[1.0,1.0,1.0,1.0,1.0,1.0,1.0,1.0,1.0,1.0]"
outcome,5,lone_liar,mean,baseline,no_ejection_rate,10,0.11080000000000001,0.010464755664185912,0.092,0.126,"[0.114,0.104,0.11,0.116,0.116,0.098,0.126,0.122,0.092,0.11]"
outcome,5,lone_liar,mean,catch_outside,coalition_favorable_rate,10,0.24340000000000006,0.0242404620418011,0.212,0.292,"[0.248,0.238,0.232,0.27,0.234,0.236,0.292,0.256,0.216,0.212]"
outcome,5,lone_liar,mean,catch_outside,creator_ejection_rate,10,0.6428,0.024552890755355987,0.594,0.678,"[0.638,0.648,0.638,0.64,0.666,0.658,0.594,0.614,0.654,0.678]"
outcome,5,lone_liar,mean,catch_outside,creator_survival,10,0.3572,0.024552890755355966,0.322,0.406,"[0.362,0.352,0.362,0.36,0.334,0.342,0.406,0.386,0.346,0.322]"
outcome,5,lone_liar,mean,catch_outside,false_ejection_rate,10,0.13260000000000002,0.01808744192956969,0.102,0.166,"[0.134,0.134,0.122,0.154,0.118,0.138,0.166,0.134,0.124,0.102]"
outcome,5,lone_liar,mean,catch_outside,incident_rate,10,1.0,0.0,1.0,1.0,"[1.0,1.0,1.0,1.0,1.0,1.0,1.0,1.0,1.0,1.0]"
outcome,5,lone_liar,mean,catch_outside,no_ejection_rate,10,0.11080000000000001,0.010464755664185912,0.092,0.126,"[0.114,0.104,0.11,0.116,0.116,0.098,0.126,0.122,0.092,0.11]"
outcome,5,lone_liar,sharp_credibility,alibi_off,coalition_favorable_rate,10,0.3884,0.017455976372323347,0.358,0.414,"[0.386,0.388,0.358,0.396,0.41,0.394,0.414,0.388,0.364,0.386]"
outcome,5,lone_liar,sharp_credibility,alibi_off,creator_ejection_rate,10,0.3424,0.01885146619703034,0.31,0.374,"[0.326,0.348,0.36,0.322,0.342,0.348,0.31,0.342,0.374,0.352]"
outcome,5,lone_liar,sharp_credibility,alibi_off,creator_survival,10,0.6576,0.01885146619703034,0.626,0.69,"[0.674,0.652,0.64,0.678,0.658,0.652,0.69,0.658,0.626,0.648]"
outcome,5,lone_liar,sharp_credibility,alibi_off,false_ejection_rate,10,0.3243999999999999,0.015428689006018764,0.304,0.35,"[0.306,0.318,0.32,0.324,0.348,0.328,0.35,0.33,0.304,0.316]"
outcome,5,lone_liar,sharp_credibility,alibi_off,incident_rate,10,1.0,0.0,1.0,1.0,"[1.0,1.0,1.0,1.0,1.0,1.0,1.0,1.0,1.0,1.0]"
outcome,5,lone_liar,sharp_credibility,alibi_off,no_ejection_rate,10,0.06400000000000002,0.011195237082497776,0.038,0.08,"[0.08,0.07,0.038,0.072,0.062,0.066,0.064,0.058,0.06,0.07]"
outcome,5,lone_liar,sharp_credibility,baseline,coalition_favorable_rate,10,0.3272,0.019395302982366063,0.296,0.36,"[0.32,0.322,0.31,0.344,0.342,0.34,0.36,0.328,0.31,0.296]"
outcome,5,lone_liar,sharp_credibility,baseline,creator_ejection_rate,10,0.39580000000000004,0.022773278688459034,0.356,0.434,"[0.388,0.404,0.398,0.366,0.396,0.396,0.356,0.4,0.42,0.434]"
outcome,5,lone_liar,sharp_credibility,baseline,creator_survival,10,0.6042,0.022773278688459048,0.566,0.644,"[0.612,0.596,0.602,0.634,0.604,0.604,0.644,0.6,0.58,0.566]"
outcome,5,lone_liar,sharp_credibility,baseline,false_ejection_rate,10,0.2792,0.018718974330876135,0.25,0.304,"[0.26,0.274,0.27,0.296,0.304,0.294,0.302,0.276,0.266,0.25]"
outcome,5,lone_liar,sharp_credibility,baseline,incident_rate,10,1.0,0.0,1.0,1.0,"[1.0,1.0,1.0,1.0,1.0,1.0,1.0,1.0,1.0,1.0]"
outcome,5,lone_liar,sharp_credibility,baseline,no_ejection_rate,10,0.048,0.007055336829505575,0.038,0.06,"[0.06,0.048,0.04,0.048,0.038,0.046,0.058,0.052,0.044,0.046]"
outcome,5,lone_liar,sharp_credibility,catch_outside,coalition_favorable_rate,10,0.2412,0.025926391530210636,0.206,0.292,"[0.246,0.238,0.226,0.27,0.23,0.234,0.292,0.256,0.214,0.206]"
outcome,5,lone_liar,sharp_credibility,catch_outside,creator_ejection_rate,10,0.643,0.025564732651752034,0.594,0.682,"[0.638,0.648,0.638,0.638,0.664,0.66,0.594,0.612,0.656,0.682]"
outcome,5,lone_liar,sharp_credibility,catch_outside,creator_survival,10,0.35700000000000004,0.025564732651752017,0.318,0.406,"[0.362,0.352,0.362,0.362,0.336,0.34,0.406,0.388,0.344,0.318]"
outcome,5,lone_liar,sharp_credibility,catch_outside,false_ejection_rate,10,0.1316,0.018898559615895483,0.098,0.166,"[0.132,0.134,0.122,0.154,0.118,0.136,0.166,0.134,0.122,0.098]"
outcome,5,lone_liar,sharp_credibility,catch_outside,incident_rate,10,1.0,0.0,1.0,1.0,"[1.0,1.0,1.0,1.0,1.0,1.0,1.0,1.0,1.0,1.0]"
outcome,5,lone_liar,sharp_credibility,catch_outside,no_ejection_rate,10,0.1096,0.010532489417670134,0.092,0.126,"[0.114,0.104,0.104,0.116,0.112,0.098,0.126,0.122,0.092,0.108]"
outcome,5,lone_liar,soft_credibility,alibi_off,coalition_favorable_rate,10,0.2488,0.022572352804063448,0.216,0.294,"[0.244,0.25,0.216,0.272,0.23,0.252,0.294,0.244,0.228,0.258]"
outcome,5,lone_liar,soft_credibility,alibi_off,creator_ejection_rate,10,0.5092000000000001,0.025667965335110704,0.458,0.546,"[0.498,0.516,0.524,0.484,0.546,0.51,0.458,0.502,0.538,0.516]"
outcome,5,lone_liar,soft_credibility,alibi_off,creator_survival,10,0.49079999999999996,0.025667965335110704,0.454,0.542,"[0.502,0.484,0.476,0.516,0.454,0.49,0.542,0.498,0.462,0.484]"
outcome,5,lone_liar,soft_credibility,alibi_off,false_ejection_rate,10,0.2064,0.019906447866625192,0.182,0.246,"[0.204,0.212,0.188,0.224,0.182,0.21,0.246,0.194,0.186,0.218]"
outcome,5,lone_liar,soft_credibility,alibi_off,incident_rate,10,1.0,0.0,1.0,1.0,"[1.0,1.0,1.0,1.0,1.0,1.0,1.0,1.0,1.0,1.0]"
outcome,5,lone_liar,soft_credibility,alibi_off,no_ejection_rate,10,0.04239999999999999,0.006586180818788517,0.028,0.05,"[0.04,0.038,0.028,0.048,0.048,0.042,0.048,0.05,0.042,0.04]"
outcome,5,lone_liar,soft_credibility,baseline,coalition_favorable_rate,10,0.2,0.020677416559027766,0.18,0.246,"[0.188,0.196,0.18,0.22,0.184,0.21,0.246,0.204,0.188,0.184]"
outcome,5,lone_liar,soft_credibility,baseline,creator_ejection_rate,10,0.55,0.02436755584332941,0.498,0.58,"[0.552,0.562,0.552,0.526,0.576,0.546,0.498,0.542,0.566,0.58]"
outcome,5,lone_liar,soft_credibility,baseline,creator_survival,10,0.45,0.024367555843329423,0.42,0.502,"[0.448,0.438,0.448,0.474,0.424,0.454,0.502,0.458,0.434,0.42]"
outcome,5,lone_liar,soft_credibility,baseline,false_ejection_rate,10,0.15979999999999997,0.018413762968678263,0.144,0.198,"[0.146,0.164,0.146,0.182,0.144,0.168,0.198,0.158,0.146,0.146]"
outcome,5,lone_liar,soft_credibility,baseline,incident_rate,10,1.0,0.0,1.0,1.0,"[1.0,1.0,1.0,1.0,1.0,1.0,1.0,1.0,1.0,1.0]"
outcome,5,lone_liar,soft_credibility,baseline,no_ejection_rate,10,0.0402,0.0049396356140913875,0.032,0.048,"[0.042,0.032,0.034,0.038,0.04,0.042,0.048,0.046,0.042,0.038]"
outcome,5,lone_liar,soft_credibility,catch_outside,coalition_favorable_rate,10,0.24159999999999998,0.02571294529134217,0.206,0.292,"[0.246,0.238,0.228,0.27,0.232,0.234,0.292,0.256,0.214,0.206]"
outcome,5,lone_liar,soft_credibility,catch_outside,creator_ejection_rate,10,0.644,0.02536839678725395,0.594,0.682,"[0.64,0.648,0.64,0.64,0.666,0.66,0.594,0.614,0.656,0.682]"
outcome,5,lone_liar,soft_credibility,catch_outside,creator_survival,10,0.356,0.025368396787253934,0.318,0.406,"[0.36,0.352,0.36,0.36,0.334,0.34,0.406,0.386,0.344,0.318]"
outcome,5,lone_liar,soft_credibility,catch_outside,false_ejection_rate,10,0.1316,0.018898559615895483,0.098,0.166,"[0.132,0.134,0.122,0.154,0.118,0.136,0.166,0.134,0.122,0.098]"
outcome,5,lone_liar,soft_credibility,catch_outside,incident_rate,10,1.0,0.0,1.0,1.0,"[1.0,1.0,1.0,1.0,1.0,1.0,1.0,1.0,1.0,1.0]"
outcome,5,lone_liar,soft_credibility,catch_outside,no_ejection_rate,10,0.11000000000000001,0.010498677165349081,0.092,0.126,"[0.114,0.104,0.106,0.116,0.114,0.098,0.126,0.122,0.092,0.108]"
outcome,5,truthful,mean,alibi_off,coalition_favorable_rate,10,0.0,0.0,0.0,0.0,"[0.0,0.0,0.0,0.0,0.0,0.0,0.0,0.0,0.0,0.0]"
outcome,5,truthful,mean,alibi_off,creator_ejection_rate,10,0.9030000000000001,0.011633285577743442,0.882,0.924,"[0.9,0.906,0.892,0.912,0.882,0.904,0.9,0.898,0.912,0.924]"
outcome,5,truthful,mean,alibi_off,creator_survival,10,0.097,0.011633285577743431,0.076,0.118,"[0.1,0.094,0.108,0.088,0.118,0.096,0.1,0.102,0.088,0.076]"
outcome,5,truthful,mean,alibi_off,false_ejection_rate,10,0.0,0.0,0.0,0.0,"[0.0,0.0,0.0,0.0,0.0,0.0,0.0,0.0,0.0,0.0]"
outcome,5,truthful,mean,alibi_off,incident_rate,10,1.0,0.0,1.0,1.0,"[1.0,1.0,1.0,1.0,1.0,1.0,1.0,1.0,1.0,1.0]"
outcome,5,truthful,mean,alibi_off,no_ejection_rate,10,0.0,0.0,0.0,0.0,"[0.0,0.0,0.0,0.0,0.0,0.0,0.0,0.0,0.0,0.0]"
outcome,5,truthful,mean,baseline,coalition_favorable_rate,10,0.0,0.0,0.0,0.0,"[0.0,0.0,0.0,0.0,0.0,0.0,0.0,0.0,0.0,0.0]"
outcome,5,truthful,mean,baseline,creator_ejection_rate,10,0.9030000000000001,0.011633285577743442,0.882,0.924,"[0.9,0.906,0.892,0.912,0.882,0.904,0.9,0.898,0.912,0.924]"
outcome,5,truthful,mean,baseline,creator_survival,10,0.097,0.011633285577743431,0.076,0.118,"[0.1,0.094,0.108,0.088,0.118,0.096,0.1,0.102,0.088,0.076]"
outcome,5,truthful,mean,baseline,false_ejection_rate,10,0.0,0.0,0.0,0.0,"[0.0,0.0,0.0,0.0,0.0,0.0,0.0,0.0,0.0,0.0]"
outcome,5,truthful,mean,baseline,incident_rate,10,1.0,0.0,1.0,1.0,"[1.0,1.0,1.0,1.0,1.0,1.0,1.0,1.0,1.0,1.0]"
outcome,5,truthful,mean,baseline,no_ejection_rate,10,0.0,0.0,0.0,0.0,"[0.0,0.0,0.0,0.0,0.0,0.0,0.0,0.0,0.0,0.0]"
outcome,5,truthful,mean,catch_outside,coalition_favorable_rate,10,0.0,0.0,0.0,0.0,"[0.0,0.0,0.0,0.0,0.0,0.0,0.0,0.0,0.0,0.0]"
outcome,5,truthful,mean,catch_outside,creator_ejection_rate,10,0.9030000000000001,0.011633285577743442,0.882,0.924,"[0.9,0.906,0.892,0.912,0.882,0.904,0.9,0.898,0.912,0.924]"
outcome,5,truthful,mean,catch_outside,creator_survival,10,0.097,0.011633285577743431,0.076,0.118,"[0.1,0.094,0.108,0.088,0.118,0.096,0.1,0.102,0.088,0.076]"
outcome,5,truthful,mean,catch_outside,false_ejection_rate,10,0.0,0.0,0.0,0.0,"[0.0,0.0,0.0,0.0,0.0,0.0,0.0,0.0,0.0,0.0]"
outcome,5,truthful,mean,catch_outside,incident_rate,10,1.0,0.0,1.0,1.0,"[1.0,1.0,1.0,1.0,1.0,1.0,1.0,1.0,1.0,1.0]"
outcome,5,truthful,mean,catch_outside,no_ejection_rate,10,0.0,0.0,0.0,0.0,"[0.0,0.0,0.0,0.0,0.0,0.0,0.0,0.0,0.0,0.0]"
outcome,5,truthful,sharp_credibility,alibi_off,coalition_favorable_rate,10,0.0,0.0,0.0,0.0,"[0.0,0.0,0.0,0.0,0.0,0.0,0.0,0.0,0.0,0.0]"
outcome,5,truthful,sharp_credibility,alibi_off,creator_ejection_rate,10,0.9030000000000001,0.011633285577743442,0.882,0.924,"[0.9,0.906,0.892,0.912,0.882,0.904,0.9,0.898,0.912,0.924]"
outcome,5,truthful,sharp_credibility,alibi_off,creator_survival,10,0.097,0.011633285577743431,0.076,0.118,"[0.1,0.094,0.108,0.088,0.118,0.096,0.1,0.102,0.088,0.076]"
outcome,5,truthful,sharp_credibility,alibi_off,false_ejection_rate,10,0.0,0.0,0.0,0.0,"[0.0,0.0,0.0,0.0,0.0,0.0,0.0,0.0,0.0,0.0]"
outcome,5,truthful,sharp_credibility,alibi_off,incident_rate,10,1.0,0.0,1.0,1.0,"[1.0,1.0,1.0,1.0,1.0,1.0,1.0,1.0,1.0,1.0]"
outcome,5,truthful,sharp_credibility,alibi_off,no_ejection_rate,10,0.0,0.0,0.0,0.0,"[0.0,0.0,0.0,0.0,0.0,0.0,0.0,0.0,0.0,0.0]"
outcome,5,truthful,sharp_credibility,baseline,coalition_favorable_rate,10,0.0,0.0,0.0,0.0,"[0.0,0.0,0.0,0.0,0.0,0.0,0.0,0.0,0.0,0.0]"
outcome,5,truthful,sharp_credibility,baseline,creator_ejection_rate,10,0.9030000000000001,0.011633285577743442,0.882,0.924,"[0.9,0.906,0.892,0.912,0.882,0.904,0.9,0.898,0.912,0.924]"
outcome,5,truthful,sharp_credibility,baseline,creator_survival,10,0.097,0.011633285577743431,0.076,0.118,"[0.1,0.094,0.108,0.088,0.118,0.096,0.1,0.102,0.088,0.076]"
outcome,5,truthful,sharp_credibility,baseline,false_ejection_rate,10,0.0,0.0,0.0,0.0,"[0.0,0.0,0.0,0.0,0.0,0.0,0.0,0.0,0.0,0.0]"
outcome,5,truthful,sharp_credibility,baseline,incident_rate,10,1.0,0.0,1.0,1.0,"[1.0,1.0,1.0,1.0,1.0,1.0,1.0,1.0,1.0,1.0]"
outcome,5,truthful,sharp_credibility,baseline,no_ejection_rate,10,0.0,0.0,0.0,0.0,"[0.0,0.0,0.0,0.0,0.0,0.0,0.0,0.0,0.0,0.0]"
outcome,5,truthful,sharp_credibility,catch_outside,coalition_favorable_rate,10,0.0,0.0,0.0,0.0,"[0.0,0.0,0.0,0.0,0.0,0.0,0.0,0.0,0.0,0.0]"
outcome,5,truthful,sharp_credibility,catch_outside,creator_ejection_rate,10,0.9030000000000001,0.011633285577743442,0.882,0.924,"[0.9,0.906,0.892,0.912,0.882,0.904,0.9,0.898,0.912,0.924]"
outcome,5,truthful,sharp_credibility,catch_outside,creator_survival,10,0.097,0.011633285577743431,0.076,0.118,"[0.1,0.094,0.108,0.088,0.118,0.096,0.1,0.102,0.088,0.076]"
outcome,5,truthful,sharp_credibility,catch_outside,false_ejection_rate,10,0.0,0.0,0.0,0.0,"[0.0,0.0,0.0,0.0,0.0,0.0,0.0,0.0,0.0,0.0]"
outcome,5,truthful,sharp_credibility,catch_outside,incident_rate,10,1.0,0.0,1.0,1.0,"[1.0,1.0,1.0,1.0,1.0,1.0,1.0,1.0,1.0,1.0]"
outcome,5,truthful,sharp_credibility,catch_outside,no_ejection_rate,10,0.0,0.0,0.0,0.0,"[0.0,0.0,0.0,0.0,0.0,0.0,0.0,0.0,0.0,0.0]"
outcome,5,truthful,soft_credibility,alibi_off,coalition_favorable_rate,10,0.0,0.0,0.0,0.0,"[0.0,0.0,0.0,0.0,0.0,0.0,0.0,0.0,0.0,0.0]"
outcome,5,truthful,soft_credibility,alibi_off,creator_ejection_rate,10,0.9030000000000001,0.011633285577743442,0.882,0.924,"[0.9,0.906,0.892,0.912,0.882,0.904,0.9,0.898,0.912,0.924]"
outcome,5,truthful,soft_credibility,alibi_off,creator_survival,10,0.097,0.011633285577743431,0.076,0.118,"[0.1,0.094,0.108,0.088,0.118,0.096,0.1,0.102,0.088,0.076]"
outcome,5,truthful,soft_credibility,alibi_off,false_ejection_rate,10,0.0,0.0,0.0,0.0,"[0.0,0.0,0.0,0.0,0.0,0.0,0.0,0.0,0.0,0.0]"
outcome,5,truthful,soft_credibility,alibi_off,incident_rate,10,1.0,0.0,1.0,1.0,"[1.0,1.0,1.0,1.0,1.0,1.0,1.0,1.0,1.0,1.0]"
outcome,5,truthful,soft_credibility,alibi_off,no_ejection_rate,10,0.0,0.0,0.0,0.0,"[0.0,0.0,0.0,0.0,0.0,0.0,0.0,0.0,0.0,0.0]"
outcome,5,truthful,soft_credibility,baseline,coalition_favorable_rate,10,0.0,0.0,0.0,0.0,"[0.0,0.0,0.0,0.0,0.0,0.0,0.0,0.0,0.0,0.0]"
outcome,5,truthful,soft_credibility,baseline,creator_ejection_rate,10,0.9030000000000001,0.011633285577743442,0.882,0.924,"[0.9,0.906,0.892,0.912,0.882,0.904,0.9,0.898,0.912,0.924]"
outcome,5,truthful,soft_credibility,baseline,creator_survival,10,0.097,0.011633285577743431,0.076,0.118,"[0.1,0.094,0.108,0.088,0.118,0.096,0.1,0.102,0.088,0.076]"
outcome,5,truthful,soft_credibility,baseline,false_ejection_rate,10,0.0,0.0,0.0,0.0,"[0.0,0.0,0.0,0.0,0.0,0.0,0.0,0.0,0.0,0.0]"
outcome,5,truthful,soft_credibility,baseline,incident_rate,10,1.0,0.0,1.0,1.0,"[1.0,1.0,1.0,1.0,1.0,1.0,1.0,1.0,1.0,1.0]"
outcome,5,truthful,soft_credibility,baseline,no_ejection_rate,10,0.0,0.0,0.0,0.0,"[0.0,0.0,0.0,0.0,0.0,0.0,0.0,0.0,0.0,0.0]"
outcome,5,truthful,soft_credibility,catch_outside,coalition_favorable_rate,10,0.0,0.0,0.0,0.0,"[0.0,0.0,0.0,0.0,0.0,0.0,0.0,0.0,0.0,0.0]"
outcome,5,truthful,soft_credibility,catch_outside,creator_ejection_rate,10,0.9030000000000001,0.011633285577743442,0.882,0.924,"[0.9,0.906,0.892,0.912,0.882,0.904,0.9,0.898,0.912,0.924]"
outcome,5,truthful,soft_credibility,catch_outside,creator_survival,10,0.097,0.011633285577743431,0.076,0.118,"[0.1,0.094,0.108,0.088,0.118,0.096,0.1,0.102,0.088,0.076]"
outcome,5,truthful,soft_credibility,catch_outside,false_ejection_rate,10,0.0,0.0,0.0,0.0,"[0.0,0.0,0.0,0.0,0.0,0.0,0.0,0.0,0.0,0.0]"
outcome,5,truthful,soft_credibility,catch_outside,incident_rate,10,1.0,0.0,1.0,1.0,"[1.0,1.0,1.0,1.0,1.0,1.0,1.0,1.0,1.0,1.0]"
outcome,5,truthful,soft_credibility,catch_outside,no_ejection_rate,10,0.0,0.0,0.0,0.0,"[0.0,0.0,0.0,0.0,0.0,0.0,0.0,0.0,0.0,0.0]"
outcome,7,alibi,mean,alibi_off,coalition_favorable_rate,10,0.20939999999999998,0.01837994075676584,0.184,0.238,"[0.196,0.184,0.238,0.202,0.214,0.21,0.192,0.238,0.22,0.2]"
outcome,7,alibi,mean,alibi_off,creator_ejection_rate,10,0.7268,0.02144139298957356,0.696,0.768,"[0.768,0.754,0.712,0.724,0.718,0.728,0.708,0.696,0.736,0.724]"
outcome,7,alibi,mean,alibi_off,creator_survival,10,0.2732,0.021441392989573534,0.232,0.304,"[0.232,0.246,0.288,0.276,0.282,0.272,0.292,0.304,0.264,0.276]"
outcome,7,alibi,mean,alibi_off,false_ejection_rate,10,0.16319999999999996,0.019071794182334637,0.13,0.192,"[0.13,0.148,0.192,0.158,0.174,0.17,0.14,0.18,0.172,0.168]"
outcome,7,alibi,mean,alibi_off,incident_rate,10,1.0,0.0,1.0,1.0,"[1.0,1.0,1.0,1.0,1.0,1.0,1.0,1.0,1.0,1.0]"
outcome,7,alibi,mean,alibi_off,no_ejection_rate,10,0.0462,0.010304260176149367,0.032,0.066,"[0.066,0.036,0.046,0.044,0.04,0.04,0.052,0.058,0.048,0.032]"
outcome,7,alibi,mean,baseline,coalition_favorable_rate,10,0.38039999999999996,0.0166212715117306,0.346,0.406,"[0.378,0.386,0.384,0.346,0.402,0.38,0.376,0.406,0.372,0.374]"
outcome,7,alibi,mean,baseline,creator_ejection_rate,10,0.5436,0.02347196909791192,0.512,0.574,"[0.574,0.538,0.546,0.572,0.526,0.552,0.516,0.512,0.572,0.528]"
outcome,7,alibi,mean,baseline,creator_survival,10,0.45640000000000003,0.023471969097911945,0.426,0.488,"[0.426,0.462,0.454,0.428,0.474,0.448,0.484,0.488,0.428,0.472]"
outcome,7,alibi,mean,baseline,false_ejection_rate,10,0.20800000000000002,0.018997075798366677,0.174,0.238,"[0.192,0.22,0.208,0.174,0.238,0.228,0.192,0.202,0.208,0.218]"
outcome,7,alibi,mean,baseline,incident_rate,10,1.0,0.0,1.0,1.0,"[1.0,1.0,1.0,1.0,1.0,1.0,1.0,1.0,1.0,1.0]"
outcome,7,alibi,mean,baseline,no_ejection_rate,10,0.17239999999999997,0.015629032812898774,0.152,0.204,"[0.186,0.166,0.176,0.172,0.164,0.152,0.184,0.204,0.164,0.156]"
outcome,7,alibi,mean,catch_outside,coalition_favorable_rate,10,0.3806,0.01662795504230419,0.346,0.406,"[0.378,0.386,0.384,0.346,0.402,0.382,0.376,0.406,0.372,0.374]"
outcome,7,alibi,mean,catch_outside,creator_ejection_rate,10,0.5429999999999999,0.023404652908722585,0.512,0.574,"[0.574,0.538,0.546,0.57,0.526,0.55,0.514,0.512,0.572,0.528]"
outcome,7,alibi,mean,catch_outside,creator_survival,10,0.457,0.02340465290872261,0.426,0.488,"[0.426,0.462,0.454,0.43,0.474,0.45,0.486,0.488,0.428,0.472]"
outcome,7,alibi,mean,catch_outside,false_ejection_rate,10,0.20800000000000002,0.018997075798366677,0.174,0.238,"[0.192,0.22,0.208,0.174,0.238,0.228,0.192,0.202,0.208,0.218]"
outcome,7,alibi,mean,catch_outside,incident_rate,10,1.0,0.0,1.0,1.0,"[1.0,1.0,1.0,1.0,1.0,1.0,1.0,1.0,1.0,1.0]"
outcome,7,alibi,mean,catch_outside,no_ejection_rate,10,0.17259999999999998,0.01534926708347991,0.154,0.204,"[0.186,0.166,0.176,0.172,0.164,0.154,0.184,0.204,0.164,0.156]"
outcome,7,alibi,sharp_credibility,alibi_off,coalition_favorable_rate,10,0.4686,0.021950449248756207,0.44,0.506,"[0.44,0.456,0.468,0.446,0.506,0.458,0.454,0.492,0.492,0.474]"
outcome,7,alibi,sharp_credibility,alibi_off,creator_ejection_rate,10,0.4856,0.023128625841872523,0.446,0.532,"[0.532,0.502,0.49,0.496,0.446,0.492,0.484,0.474,0.466,0.474]"
outcome,7,alibi,sharp_credibility,alibi_off,creator_survival,10,0.5144,0.02312862584187253,0.468,0.554,"[0.468,0.498,0.51,0.504,0.554,0.508,0.516,0.526,0.534,0.526]"
outcome,7,alibi,sharp_credibility,alibi_off,false_ejection_rate,10,0.40120000000000006,0.025424397731313123,0.366,0.446,"[0.392,0.402,0.396,0.374,0.446,0.366,0.376,0.422,0.416,0.422]"
outcome,7,alibi,sharp_credibility,alibi_off,incident_rate,10,1.0,0.0,1.0,1.0,"[1.0,1.0,1.0,1.0,1.0,1.0,1.0,1.0,1.0,1.0]"
outcome,7,alibi,sharp_credibility,alibi_off,no_ejection_rate,10,0.0674,0.013696714934611144,0.048,0.092,"[0.048,0.054,0.072,0.072,0.06,0.092,0.078,0.07,0.076,0.052]"
outcome,7,alibi,sharp_credibility,baseline,coalition_favorable_rate,10,0.5622,0.019378109069543136,0.536,0.6,"[0.542,0.572,0.548,0.536,0.6,0.55,0.564,0.582,0.562,0.566]"
outcome,7,alibi,sharp_credibility,baseline,creator_ejection_rate,10,0.3074,0.026382654234258618,0.268,0.356,"[0.356,0.28,0.328,0.322,0.268,0.318,0.312,0.284,0.314,0.292]"
outcome,7,alibi,sharp_credibility,baseline,creator_survival,10,0.6926,0.026382654234258597,0.644,0.732,"[0.644,0.72,0.672,0.678,0.732,0.682,0.688,0.716,0.686,0.708]"
outcome,7,alibi,sharp_credibility,baseline,false_ejection_rate,10,0.43620000000000003,0.02558558622002284,0.41,0.484,"[0.41,0.456,0.414,0.41,0.484,0.424,0.428,0.424,0.446,0.466]"
outcome,7,alibi,sharp_credibility,baseline,incident_rate,10,1.0,0.0,1.0,1.0,"[1.0,1.0,1.0,1.0,1.0,1.0,1.0,1.0,1.0,1.0]"
outcome,7,alibi,sharp_credibility,baseline,no_ejection_rate,10,0.12600000000000003,0.01563471919941143,0.1,0.158,"[0.132,0.116,0.134,0.126,0.116,0.126,0.136,0.158,0.116,0.1]"
outcome,7,alibi,sharp_credibility,catch_outside,coalition_favorable_rate,10,0.3208,0.020487394498406416,0.284,0.348,"[0.332,0.336,0.32,0.284,0.348,0.318,0.312,0.348,0.306,0.304]"
outcome,7,alibi,sharp_credibility,catch_outside,creator_ejection_rate,10,0.6043999999999999,0.025029760064548958,0.568,0.644,"[0.618,0.59,0.614,0.634,0.578,0.614,0.58,0.568,0.644,0.604]"
outcome,7,alibi,sharp_credibility,catch_outside,creator_survival,10,0.3956,0.025029760064548937,0.356,0.432,"[0.382,0.41,0.386,0.366,0.422,0.386,0.42,0.432,0.356,0.396]"
outcome,7,alibi,sharp_credibility,catch_outside,false_ejection_rate,10,0.17859999999999998,0.019912028748695826,0.142,0.21,"[0.172,0.194,0.174,0.142,0.21,0.194,0.158,0.174,0.174,0.194]"
outcome,7,alibi,sharp_credibility,catch_outside,incident_rate,10,1.0,0.0,1.0,1.0,"[1.0,1.0,1.0,1.0,1.0,1.0,1.0,1.0,1.0,1.0]"
outcome,7,alibi,sharp_credibility,catch_outside,no_ejection_rate,10,0.1422,0.018170794638038747,0.11,0.174,"[0.16,0.142,0.146,0.142,0.138,0.124,0.154,0.174,0.132,0.11]"
outcome,7,alibi,soft_credibility,alibi_off,coalition_favorable_rate,10,0.2524,0.012176480060619606,0.232,0.272,"[0.26,0.232,0.252,0.246,0.272,0.256,0.24,0.266,0.256,0.244]"
outcome,7,alibi,soft_credibility,alibi_off,creator_ejection_rate,10,0.6863999999999999,0.015283978539634202,0.666,0.706,"[0.706,0.706,0.692,0.69,0.666,0.68,0.666,0.67,0.698,0.69]"
outcome,7,alibi,soft_credibility,alibi_off,creator_survival,10,0.3136,0.015283978539634254,0.294,0.334,"[0.294,0.294,0.308,0.31,0.334,0.32,0.334,0.33,0.302,0.31]"
outcome,7,alibi,soft_credibility,alibi_off,false_ejection_rate,10,0.20900000000000002,0.01567021236472421,0.182,0.24,"[0.214,0.194,0.214,0.2,0.24,0.206,0.182,0.214,0.206,0.22]"
outcome,7,alibi,soft_credibility,alibi_off,incident_rate,10,1.0,0.0,1.0,1.0,"[1.0,1.0,1.0,1.0,1.0,1.0,1.0,1.0,1.0,1.0]"
outcome,7,alibi,soft_credibility,alibi_off,no_ejection_rate,10,0.0434,0.01028699286585843,0.024,0.058,"[0.046,0.038,0.038,0.046,0.032,0.05,0.058,0.052,0.05,0.024]"
outcome,7,alibi,soft_credibility,baseline,coalition_favorable_rate,10,0.526,0.018785337071473843,0.49,0.554,"[0.52,0.528,0.52,0.49,0.554,0.536,0.512,0.544,0.514,0.542]"
outcome,7,alibi,soft_credibility,baseline,creator_ejection_rate,10,0.3278,0.02757535131235865,0.298,0.374,"[0.374,0.306,0.338,0.358,0.302,0.318,0.328,0.298,0.356,0.3]"
outcome,7,alibi,soft_credibility,baseline,creator_survival,10,0.6722,0.027575351312358626,0.626,0.702,"[0.626,0.694,0.662,0.642,0.698,0.682,0.672,0.702,0.644,0.7]"
outcome,7,alibi,soft_credibility,baseline,false_ejection_rate,10,0.3666,0.025034198831021363,0.326,0.404,"[0.356,0.38,0.358,0.326,0.4,0.38,0.338,0.356,0.368,0.404]"
outcome,7,alibi,soft_credibility,baseline,incident_rate,10,1.0,0.0,1.0,1.0,"[1.0,1.0,1.0,1.0,1.0,1.0,1.0,1.0,1.0,1.0]"
outcome,7,alibi,soft_credibility,baseline,no_ejection_rate,10,0.1594,0.014485241531373311,0.138,0.188,"[0.164,0.148,0.162,0.164,0.154,0.156,0.174,0.188,0.146,0.138]"
outcome,7,alibi,soft_credibility,catch_outside,coalition_favorable_rate,10,0.35039999999999993,0.01950042734574467,0.314,0.382,"[0.352,0.356,0.358,0.314,0.376,0.346,0.342,0.382,0.34,0.338]"
outcome,7,alibi,soft_credibility,catch_outside,creator_ejection_rate,10,0.5736,0.024922992508034716,0.536,0.608,"[0.598,0.568,0.572,0.606,0.55,0.584,0.55,0.536,0.608,0.564]"
outcome,7,alibi,soft_credibility,catch_outside,creator_survival,10,0.4264,0.024922992508034734,0.392,0.464,"[0.402,0.432,0.428,0.394,0.45,0.416,0.45,0.464,0.392,0.436]"
outcome,7,alibi,soft_credibility,catch_outside,false_ejection_rate,10,0.1916,0.01931723467672212,0.156,0.222,"[0.182,0.204,0.19,0.156,0.222,0.206,0.174,0.186,0.186,0.21]"
outcome,7,alibi,soft_credibility,catch_outside,incident_rate,10,1.0,0.0,1.0,1.0,"[1.0,1.0,1.0,1.0,1.0,1.0,1.0,1.0,1.0,1.0]"
outcome,7,alibi,soft_credibility,catch_outside,no_ejection_rate,10,0.1588,0.018480019240009225,0.128,0.196,"[0.17,0.152,0.168,0.158,0.154,0.14,0.168,0.196,0.154,0.128]"
outcome,7,framer,mean,alibi_off,coalition_favorable_rate,10,0.611,0.023800093370498477,0.568,0.656,"[0.614,0.612,0.606,0.634,0.604,0.656,0.622,0.568,0.59,0.604]"
outcome,7,framer,mean,alibi_off,creator_ejection_rate,10,0.3246,0.02396386168101183,0.282,0.356,"[0.334,0.326,0.328,0.296,0.332,0.282,0.302,0.356,0.35,0.34]"
outcome,7,framer,mean,alibi_off,creator_survival,10,0.6754000000000001,0.023963861681011795,0.644,0.718,"[0.666,0.674,0.672,0.704,0.668,0.718,0.698,0.644,0.65,0.66]"
outcome,7,framer,mean,alibi_off,false_ejection_rate,10,0.46699999999999997,0.021150256105620407,0.432,0.508,"[0.47,0.474,0.446,0.488,0.47,0.508,0.456,0.432,0.466,0.46]"
outcome,7,framer,mean,alibi_off,incident_rate,10,1.0,0.0,1.0,1.0,"[1.0,1.0,1.0,1.0,1.0,1.0,1.0,1.0,1.0,1.0]"
outcome,7,framer,mean,alibi_off,no_ejection_rate,10,0.14400000000000002,0.012292725943057184,0.124,0.166,"[0.144,0.138,0.16,0.146,0.134,0.148,0.166,0.136,0.124,0.144]"
outcome,7,framer,mean,baseline,coalition_favorable_rate,10,0.3104,0.021412353651312804,0.278,0.356,"[0.314,0.306,0.308,0.298,0.278,0.356,0.334,0.296,0.31,0.304]"
outcome,7,framer,mean,baseline,creator_ejection_rate,10,0.5900000000000001,0.021664102412362562,0.552,0.634,"[0.594,0.598,0.588,0.596,0.634,0.552,0.564,0.594,0.586,0.594]"
outcome,7,framer,mean,baseline,creator_survival,10,0.41000000000000003,0.021664102412362562,0.366,0.448,"[0.406,0.402,0.412,0.404,0.366,0.448,0.436,0.406,0.414,0.406]"
outcome,7,framer,mean,baseline,false_ejection_rate,10,0.26539999999999997,0.01758913806238889,0.244,0.302,"[0.28,0.258,0.254,0.254,0.244,0.302,0.282,0.256,0.268,0.256]"
outcome,7,framer,mean,baseline,incident_rate,10,1.0,0.0,1.0,1.0,"[1.0,1.0,1.0,1.0,1.0,1.0,1.0,1.0,1.0,1.0]"
outcome,7,framer,mean,baseline,no_ejection_rate,10,0.045,0.007498147919467994,0.034,0.054,"[0.034,0.048,0.054,0.044,0.034,0.054,0.052,0.04,0.042,0.048]"
outcome,7,framer,mean,catch_outside,coalition_favorable_rate,10,0.31079999999999997,0.021149205396158235,0.278,0.356,"[0.314,0.306,0.308,0.3,0.278,0.356,0.334,0.298,0.31,0.304]"
outcome,7,framer,mean,catch_outside,creator_ejection_rate,10,0.5896,0.02157776633481788,0.552,0.634,"[0.594,0.598,0.588,0.594,0.634,0.552,0.564,0.592,0.586,0.594]"
outcome,7,framer,mean,catch_outside,creator_survival,10,0.4104,0.021577766334817883,0.366,0.448,"[0.406,0.402,0.412,0.406,0.366,0.448,0.436,0.408,0.414,0.406]"
outcome,7,framer,mean,catch_outside,false_ejection_rate,10,0.26539999999999997,0.01758913806238889,0.244,0.302,"[0.28,0.258,0.254,0.254,0.244,0.302,0.282,0.256,0.268,0.256]"
outcome,7,framer,mean,catch_outside,incident_rate,10,1.0,0.0,1.0,1.0,"[1.0,1.0,1.0,1.0,1.0,1.0,1.0,1.0,1.0,1.0]"
outcome,7,framer,mean,catch_outside,no_ejection_rate,10,0.045399999999999996,0.007366591251499343,0.034,0.054,"[0.034,0.048,0.054,0.046,0.034,0.054,0.052,0.042,0.042,0.048]"
outcome,7,framer,sharp_credibility,alibi_off,coalition_favorable_rate,10,0.47359999999999997,0.01899239613927403,0.44,0.516,"[0.476,0.48,0.472,0.472,0.44,0.516,0.464,0.464,0.47,0.482]"
outcome,7,framer,sharp_credibility,alibi_off,creator_ejection_rate,10,0.4372,0.0188137065873675,0.402,0.472,"[0.444,0.432,0.438,0.422,0.472,0.402,0.428,0.452,0.448,0.434]"
outcome,7,framer,sharp_credibility,alibi_off,creator_survival,10,0.5628,0.01881370658736748,0.528,0.598,"[0.556,0.568,0.562,0.578,0.528,0.598,0.572,0.548,0.552,0.566]"
outcome,7,framer,sharp_credibility,alibi_off,false_ejection_rate,10,0.4192,0.023117093242879822,0.376,0.46,"[0.428,0.44,0.376,0.426,0.402,0.46,0.402,0.41,0.424,0.424]"
outcome,7,framer,sharp_credibility,alibi_off,incident_rate,10,1.0,0.0,1.0,1.0,"[1.0,1.0,1.0,1.0,1.0,1.0,1.0,1.0,1.0,1.0]"
outcome,7,framer,sharp_credibility,alibi_off,no_ejection_rate,10,0.054400000000000004,0.016540858502508263,0.038,0.096,"[0.048,0.04,0.096,0.046,0.038,0.056,0.062,0.054,0.046,0.058]"
outcome,7,framer,sharp_credibility,baseline,coalition_favorable_rate,10,0.3474,0.01803823100466832,0.312,0.374,"[0.354,0.352,0.342,0.326,0.312,0.374,0.354,0.36,0.34,0.36]"
outcome,7,framer,sharp_credibility,baseline,creator_ejection_rate,10,0.5644,0.018851466197030316,0.544,0.608,"[0.578,0.556,0.566,0.574,0.608,0.544,0.554,0.552,0.564,0.548]"
outcome,7,framer,sharp_credibility,baseline,creator_survival,10,0.4356,0.018851466197030348,0.392,0.456,"[0.422,0.444,0.434,0.426,0.392,0.456,0.446,0.448,0.436,0.452]"
outcome,7,framer,sharp_credibility,baseline,false_ejection_rate,10,0.3162,0.016342174477916555,0.282,0.34,"[0.326,0.32,0.302,0.304,0.282,0.34,0.32,0.326,0.316,0.326]"
outcome,7,framer,sharp_credibility,baseline,incident_rate,10,1.0,0.0,1.0,1.0,"[1.0,1.0,1.0,1.0,1.0,1.0,1.0,1.0,1.0,1.0]"
outcome,7,framer,sharp_credibility,baseline,no_ejection_rate,10,0.031200000000000006,0.0053499740393970355,0.022,0.04,"[0.028,0.032,0.04,0.022,0.03,0.034,0.034,0.034,0.024,0.034]"
outcome,7,framer,sharp_credibility,catch_outside,coalition_favorable_rate,10,0.2644,0.018422208819188254,0.244,0.298,"[0.266,0.258,0.256,0.244,0.246,0.294,0.298,0.27,0.254,0.258]"
outcome,7,framer,sharp_credibility,catch_outside,creator_ejection_rate,10,0.6358,0.018413762968678273,0.606,0.66,"[0.654,0.642,0.634,0.648,0.66,0.606,0.606,0.626,0.644,0.638]"
outcome,7,framer,sharp_credibility,catch_outside,creator_survival,10,0.36419999999999997,0.018413762968678263,0.34,0.394,"[0.346,0.358,0.366,0.352,0.34,0.394,0.394,0.374,0.356,0.362]"
outcome,7,framer,sharp_credibility,catch_outside,false_ejection_rate,10,0.24120000000000003,0.017235622027262806,0.224,0.272,"[0.246,0.238,0.224,0.226,0.226,0.272,0.268,0.248,0.232,0.232]"
outcome,7,framer,sharp_credibility,catch_outside,incident_rate,10,1.0,0.0,1.0,1.0,"[1.0,1.0,1.0,1.0,1.0,1.0,1.0,1.0,1.0,1.0]"
outcome,7,framer,sharp_credibility,catch_outside,no_ejection_rate,10,0.0232,0.004638007234913624,0.018,0.032,"[0.02,0.02,0.032,0.018,0.02,0.022,0.03,0.022,0.022,0.026]"
outcome,7,framer,soft_credibility,alibi_off,coalition_favorable_rate,10,0.44959999999999994,0.025100686134933523,0.4,0.486,"[0.44,0.458,0.47,0.448,0.452,0.47,0.486,0.4,0.452,0.42]"
outcome,7,framer,soft_credibility,alibi_off,creator_ejection_rate,10,0.4706,0.024963083855075986,0.428,0.514,"[0.486,0.468,0.45,0.454,0.478,0.458,0.428,0.514,0.472,0.498]"
outcome,7,framer,soft_credibility,alibi_off,creator_survival,10,0.5294,0.02496308385507599,0.486,0.572,"[0.514,0.532,0.55,0.546,0.522,0.542,0.572,0.486,0.528,0.502]"
outcome,7,framer,soft_credibility,alibi_off,false_ejection_rate,10,0.3906,0.021188046944759526,0.35,0.412,"[0.386,0.404,0.372,0.408,0.4,0.412,0.408,0.35,0.4,0.366]"
outcome,7,framer,soft_credibility,alibi_off,incident_rate,10,1.0,0.0,1.0,1.0,"[1.0,1.0,1.0,1.0,1.0,1.0,1.0,1.0,1.0,1.0]"
outcome,7,framer,soft_credibility,alibi_off,no_ejection_rate,10,0.05900000000000001,0.016659998666133068,0.04,0.098,"[0.054,0.054,0.098,0.04,0.052,0.058,0.078,0.05,0.052,0.054]"
outcome,7,framer,soft_credibility,baseline,coalition_favorable_rate,10,0.2942,0.019651406508893396,0.264,0.326,"[0.302,0.292,0.304,0.264,0.276,0.322,0.326,0.28,0.29,0.286]"
outcome,7,framer,soft_credibility,baseline,creator_ejection_rate,10,0.6184,0.01709580845314626,0.588,0.64,"[0.63,0.624,0.602,0.638,0.64,0.6,0.588,0.624,0.614,0.624]"
outcome,7,framer,soft_credibility,baseline,creator_survival,10,0.38160000000000005,0.01709580845314625,0.36,0.412,"[0.37,0.376,0.398,0.362,0.36,0.4,0.412,0.376,0.386,0.376]"
outcome,7,framer,soft_credibility,baseline,false_ejection_rate,10,0.25739999999999996,0.017988885457415085,0.238,0.29,"[0.27,0.248,0.254,0.238,0.242,0.29,0.284,0.248,0.256,0.244]"
outcome,7,framer,soft_credibility,baseline,incident_rate,10,1.0,0.0,1.0,1.0,"[1.0,1.0,1.0,1.0,1.0,1.0,1.0,1.0,1.0,1.0]"
outcome,7,framer,soft_credibility,baseline,no_ejection_rate,10,0.036800000000000006,0.007315128919650775,0.026,0.05,"[0.032,0.044,0.05,0.026,0.034,0.032,0.042,0.032,0.034,0.042]"
outcome,7,framer,soft_credibility,catch_outside,coalition_favorable_rate,10,0.2934,0.018998245533031023,0.264,0.326,"[0.3,0.29,0.304,0.264,0.276,0.318,0.326,0.28,0.29,0.286]"
outcome,7,framer,soft_credibility,catch_outside,creator_ejection_rate,10,0.6130000000000001,0.016499158227686123,0.588,0.636,"[0.626,0.614,0.596,0.632,0.636,0.592,0.588,0.616,0.612,0.618]"
outcome,7,framer,soft_credibility,catch_outside,creator_survival,10,0.387,0.016499158227686106,0.364,0.412,"[0.374,0.386,0.404,0.368,0.364,0.408,0.412,0.384,0.388,0.382]"
outcome,7,framer,soft_credibility,catch_outside,false_ejection_rate,10,0.2568,0.017567647031467307,0.238,0.288,"[0.268,0.246,0.254,0.238,0.242,0.288,0.284,0.248,0.256,0.244]"
outcome,7,framer,soft_credibility,catch_outside,incident_rate,10,1.0,0.0,1.0,1.0,"[1.0,1.0,1.0,1.0,1.0,1.0,1.0,1.0,1.0,1.0]"
outcome,7,framer,soft_credibility,catch_outside,no_ejection_rate,10,0.03660000000000001,0.00748628375393589,0.026,0.05,"[0.032,0.044,0.05,0.026,0.034,0.03,0.042,0.032,0.034,0.042]"
outcome,7,lone_liar,mean,alibi_off,coalition_favorable_rate,10,0.1958,0.019898632002114006,0.158,0.23,"[0.23,0.194,0.194,0.206,0.21,0.18,0.158,0.198,0.208,0.18]"
outcome,7,lone_liar,mean,alibi_off,creator_ejection_rate,10,0.7428,0.021420654622220238,0.706,0.784,"[0.706,0.742,0.74,0.744,0.724,0.75,0.784,0.752,0.726,0.76]"
outcome,7,lone_liar,mean,alibi_off,creator_survival,10,0.2572,0.02142065462222022,0.216,0.294,"[0.294,0.258,0.26,0.256,0.276,0.25,0.216,0.248,0.274,0.24]"
outcome,7,lone_liar,mean,alibi_off,false_ejection_rate,10,0.1416,0.013914021704740868,0.126,0.16,"[0.156,0.16,0.142,0.158,0.15,0.128,0.126,0.126,0.142,0.128]"
outcome,7,lone_liar,mean,alibi_off,incident_rate,10,1.0,0.0,1.0,1.0,"[1.0,1.0,1.0,1.0,1.0,1.0,1.0,1.0,1.0,1.0]"
outcome,7,lone_liar,mean,alibi_off,no_ejection_rate,10,0.054200000000000005,0.014281300905574237,0.032,0.074,"[0.074,0.034,0.052,0.048,0.06,0.052,0.032,0.072,0.066,0.052]"
outcome,7,lone_liar,mean,baseline,coalition_favorable_rate,10,0.14959999999999998,0.01936319532859526,0.11,0.178,"[0.172,0.15,0.148,0.158,0.158,0.144,0.11,0.132,0.178,0.146]"
outcome,7,lone_liar,mean,baseline,creator_ejection_rate,10,0.7869999999999999,0.02355607965873967,0.752,0.832,"[0.762,0.79,0.78,0.788,0.768,0.788,0.832,0.81,0.752,0.8]"
outcome,7,lone_liar,mean,baseline,creator_survival,10,0.213,0.023556079658739668,0.168,0.248,"[0.238,0.21,0.22,0.212,0.232,0.212,0.168,0.19,0.248,0.2]"
outcome,7,lone_liar,mean,baseline,false_ejection_rate,10,0.09079999999999999,0.01786865660560102,0.054,0.112,"[0.094,0.106,0.086,0.112,0.096,0.078,0.078,0.054,0.112,0.092]"
outcome,7,lone_liar,mean,baseline,incident_rate,10,1.0,0.0,1.0,1.0,"[1.0,1.0,1.0,1.0,1.0,1.0,1.0,1.0,1.0,1.0]"
outcome,7,lone_liar,mean,baseline,no_ejection_rate,10,0.058800000000000005,0.014853357271075864,0.032,0.078,"[0.078,0.044,0.062,0.046,0.062,0.066,0.032,0.078,0.066,0.054]"
outcome,7,lone_liar,mean,catch_outside,coalition_favorable_rate,10,0.14959999999999998,0.01936319532859526,0.11,0.178,"[0.172,0.15,0.148,0.158,0.158,0.144,0.11,0.132,0.178,0.146]"
outcome,7,lone_liar,mean,catch_outside,creator_ejection_rate,10,0.7869999999999999,0.02355607965873967,0.752,0.832,"[0.762,0.79,0.78,0.788,0.768,0.788,0.832,0.81,0.752,0.8]"
outcome,7,lone_liar,mean,catch_outside,creator_survival,10,0.213,0.023556079658739668,0.168,0.248,"[0.238,0.21,0.22,0.212,0.232,0.212,0.168,0.19,0.248,0.2]"
outcome,7,lone_liar,mean,catch_outside,false_ejection_rate,10,0.09079999999999999,0.01786865660560102,0.054,0.112,"[0.094,0.106,0.086,0.112,0.096,0.078,0.078,0.054,0.112,0.092]"
outcome,7,lone_liar,mean,catch_outside,incident_rate,10,1.0,0.0,1.0,1.0,"[1.0,1.0,1.0,1.0,1.0,1.0,1.0,1.0,1.0,1.0]"
outcome,7,lone_liar,mean,catch_outside,no_ejection_rate,10,0.058800000000000005,0.014853357271075864,0.032,0.078,"[0.078,0.044,0.062,0.046,0.062,0.066,0.032,0.078,0.066,0.054]"
outcome,7,lone_liar,sharp_credibility,alibi_off,coalition_favorable_rate,10,0.4040000000000001,0.017384539747207054,0.384,0.438,"[0.41,0.438,0.388,0.42,0.414,0.388,0.384,0.388,0.406,0.404]"
outcome,7,lone_liar,sharp_credibility,alibi_off,creator_ejection_rate,10,0.41,0.018110770276274824,0.392,0.44,"[0.406,0.392,0.406,0.392,0.396,0.438,0.44,0.424,0.396,0.41]"
outcome,7,lone_liar,sharp_credibility,alibi_off,creator_survival,10,0.59,0.01811077027627481,0.56,0.608,"[0.594,0.608,0.594,0.608,0.604,0.562,0.56,0.576,0.604,0.59]"
outcome,7,lone_liar,sharp_credibility,alibi_off,false_ejection_rate,10,0.3672,0.020509076581412013,0.342,0.392,"[0.37,0.392,0.344,0.388,0.388,0.35,0.342,0.344,0.384,0.37]"
outcome,7,lone_liar,sharp_credibility,alibi_off,incident_rate,10,1.0,0.0,1.0,1.0,"[1.0,1.0,1.0,1.0,1.0,1.0,1.0,1.0,1.0,1.0]"
outcome,7,lone_liar,sharp_credibility,alibi_off,no_ejection_rate,10,0.0368,0.00812130257751523,0.022,0.046,"[0.04,0.046,0.044,0.032,0.026,0.038,0.042,0.044,0.022,0.034]"
outcome,7,lone_liar,sharp_credibility,baseline,coalition_favorable_rate,10,0.325,0.020875291082468238,0.292,0.358,"[0.318,0.358,0.298,0.332,0.346,0.334,0.314,0.292,0.34,0.318]"
outcome,7,lone_liar,sharp_credibility,baseline,creator_ejection_rate,10,0.48440000000000005,0.020194608741498858,0.454,0.514,"[0.486,0.468,0.484,0.474,0.454,0.498,0.506,0.514,0.46,0.5]"
outcome,7,lone_liar,sharp_credibility,baseline,creator_survival,10,0.5156,0.02019460874149888,0.486,0.546,"[0.514,0.532,0.516,0.526,0.546,0.502,0.494,0.486,0.54,0.5]"
outcome,7,lone_liar,sharp_credibility,baseline,false_ejection_rate,10,0.3012,0.023668075075463525,0.26,0.328,"[0.294,0.328,0.266,0.32,0.324,0.302,0.296,0.26,0.322,0.3]"
outcome,7,lone_liar,sharp_credibility,baseline,incident_rate,10,1.0,0.0,1.0,1.0,"[1.0,1.0,1.0,1.0,1.0,1.0,1.0,1.0,1.0,1.0]"
outcome,7,lone_liar,sharp_credibility,baseline,no_ejection_rate,10,0.023799999999999998,0.007330302403948512,0.012,0.032,"[0.024,0.03,0.032,0.012,0.022,0.032,0.018,0.032,0.018,0.018]"
outcome,7,lone_liar,sharp_credibility,catch_outside,coalition_favorable_rate,10,0.14540000000000003,0.020200110010701537,0.1,0.17,"[0.17,0.152,0.146,0.148,0.156,0.14,0.1,0.132,0.17,0.14]"
outcome,7,lone_liar,sharp_credibility,catch_outside,creator_ejection_rate,10,0.7874,0.02411177674452419,0.754,0.836,"[0.762,0.786,0.78,0.79,0.768,0.788,0.836,0.81,0.754,0.8]"
outcome,7,lone_liar,sharp_credibility,catch_outside,creator_survival,10,0.21259999999999998,0.02411177674452419,0.164,0.246,"[0.238,0.214,0.22,0.21,0.232,0.212,0.164,0.19,0.246,0.2]"
outcome,7,lone_liar,sharp_credibility,catch_outside,false_ejection_rate,10,0.09019999999999999,0.01792453315679069,0.054,0.11,"[0.094,0.108,0.086,0.11,0.096,0.078,0.074,0.054,0.11,0.092]"
outcome,7,lone_liar,sharp_credibility,catch_outside,incident_rate,10,1.0,0.0,1.0,1.0,"[1.0,1.0,1.0,1.0,1.0,1.0,1.0,1.0,1.0,1.0]"
outcome,7,lone_liar,sharp_credibility,catch_outside,no_ejection_rate,10,0.055200000000000006,0.016308143841515365,0.026,0.078,"[0.076,0.044,0.06,0.038,0.06,0.062,0.026,0.078,0.06,0.048]"
outcome,7,lone_liar,soft_credibility,alibi_off,coalition_favorable_rate,10,0.20260000000000003,0.01876284745033239,0.176,0.226,"[0.222,0.214,0.194,0.212,0.226,0.182,0.18,0.2,0.22,0.176]"
outcome,7,lone_liar,soft_credibility,alibi_off,creator_ejection_rate,10,0.63,0.021039645117412683,0.604,0.662,"[0.604,0.642,0.622,0.624,0.606,0.65,0.662,0.628,0.608,0.654]"
outcome,7,lone_liar,soft_credibility,alibi_off,creator_survival,10,0.37,0.021039645117412676,0.338,0.396,"[0.396,0.358,0.378,0.376,0.394,0.35,0.338,0.372,0.392,0.346]"
outcome,7,lone_liar,soft_credibility,alibi_off,false_ejection_rate,10,0.18339999999999998,0.016866798418457753,0.162,0.202,"[0.2,0.196,0.178,0.2,0.202,0.164,0.162,0.17,0.196,0.166]"
outcome,7,lone_liar,soft_credibility,alibi_off,incident_rate,10,1.0,0.0,1.0,1.0,"[1.0,1.0,1.0,1.0,1.0,1.0,1.0,1.0,1.0,1.0]"
outcome,7,lone_liar,soft_credibility,alibi_off,no_ejection_rate,10,0.0192,0.005977736472389305,0.01,0.03,"[0.022,0.018,0.016,0.012,0.024,0.018,0.018,0.03,0.024,0.01]"
outcome,7,lone_liar,soft_credibility,baseline,coalition_favorable_rate,10,0.16759999999999997,0.02132916625968614,0.142,0.198,"[0.168,0.196,0.148,0.174,0.192,0.152,0.15,0.142,0.198,0.156]"
outcome,7,lone_liar,soft_credibility,baseline,creator_ejection_rate,10,0.6612000000000001,0.021212155844127573,0.626,0.692,"[0.65,0.66,0.658,0.66,0.632,0.682,0.692,0.676,0.626,0.676]"
outcome,7,lone_liar,soft_credibility,baseline,creator_survival,10,0.3388,0.02121215584412757,0.308,0.374,"[0.35,0.34,0.342,0.34,0.368,0.318,0.308,0.324,0.374,0.324]"
outcome,7,lone_liar,soft_credibility,baseline,false_ejection_rate,10,0.14379999999999998,0.023102669398433882,0.106,0.174,"[0.142,0.17,0.12,0.16,0.164,0.122,0.136,0.106,0.174,0.144]"
outcome,7,lone_liar,soft_credibility,baseline,incident_rate,10,1.0,0.0,1.0,1.0,"[1.0,1.0,1.0,1.0,1.0,1.0,1.0,1.0,1.0,1.0]"
outcome,7,lone_liar,soft_credibility,baseline,no_ejection_rate,10,0.023799999999999998,0.007913420387052757,0.012,0.036,"[0.026,0.026,0.028,0.014,0.028,0.03,0.014,0.036,0.024,0.012]"
outcome,7,lone_liar,soft_credibility,catch_outside,coalition_favorable_rate,10,0.14619999999999997,0.01944679350889955,0.104,0.172,"[0.17,0.152,0.146,0.148,0.156,0.142,0.104,0.132,0.172,0.14]"
outcome,7,lone_liar,soft_credibility,catch_outside,creator_ejection_rate,10,0.7876000000000001,0.024107168136377102,0.754,0.836,"[0.762,0.788,0.78,0.79,0.768,0.788,0.836,0.81,0.754,0.8]"
outcome,7,lone_liar,soft_credibility,catch_outside,creator_survival,10,0.2124,0.024107168136377102,0.164,0.246,"[0.238,0.212,0.22,0.21,0.232,0.212,0.164,0.19,0.246,0.2]"
outcome,7,lone_liar,soft_credibility,catch_outside,false_ejection_rate,10,0.09019999999999999,0.01792453315679069,0.054,0.11,"[0.094,0.108,0.086,0.11,0.096,0.078,0.074,0.054,0.11,0.092]"
outcome,7,lone_liar,soft_credibility,catch_outside,incident_rate,10,1.0,0.0,1.0,1.0,"[1.0,1.0,1.0,1.0,1.0,1.0,1.0,1.0,1.0,1.0]"
outcome,7,lone_liar,soft_credibility,catch_outside,no_ejection_rate,10,0.05600000000000001,0.01571976816340213,0.03,0.078,"[0.076,0.044,0.06,0.038,0.06,0.064,0.03,0.078,0.062,0.048]"
outcome,7,truthful,mean,alibi_off,coalition_favorable_rate,10,0.0,0.0,0.0,0.0,"[0.0,0.0,0.0,0.0,0.0,0.0,0.0,0.0,0.0,0.0]"
outcome,7,truthful,mean,alibi_off,creator_ejection_rate,10,0.9204000000000001,0.011305849027040028,0.9,0.94,"[0.922,0.94,0.916,0.922,0.93,0.928,0.908,0.916,0.9,0.922]"
outcome,7,truthful,mean,alibi_off,creator_survival,10,0.0796,0.011305849027040042,0.06,0.1,"[0.078,0.06,0.084,0.078,0.07,0.072,0.092,0.084,0.1,0.078]"
outcome,7,truthful,mean,alibi_off,false_ejection_rate,10,0.0,0.0,0.0,0.0,"[0.0,0.0,0.0,0.0,0.0,0.0,0.0,0.0,0.0,0.0]"
outcome,7,truthful,mean,alibi_off,incident_rate,10,1.0,0.0,1.0,1.0,"[1.0,1.0,1.0,1.0,1.0,1.0,1.0,1.0,1.0,1.0]"
outcome,7,truthful,mean,alibi_off,no_ejection_rate,10,0.0,0.0,0.0,0.0,"[0.0,0.0,0.0,0.0,0.0,0.0,0.0,0.0,0.0,0.0]"
outcome,7,truthful,mean,baseline,coalition_favorable_rate,10,0.0,0.0,0.0,0.0,"[0.0,0.0,0.0,0.0,0.0,0.0,0.0,0.0,0.0,0.0]"
outcome,7,truthful,mean,baseline,creator_ejection_rate,10,0.9204000000000001,0.011305849027040028,0.9,0.94,"[0.922,0.94,0.916,0.922,0.93,0.928,0.908,0.916,0.9,0.922]"
outcome,7,truthful,mean,baseline,creator_survival,10,0.0796,0.011305849027040042,0.06,0.1,"[0.078,0.06,0.084,0.078,0.07,0.072,0.092,0.084,0.1,0.078]"
outcome,7,truthful,mean,baseline,false_ejection_rate,10,0.0,0.0,0.0,0.0,"[0.0,0.0,0.0,0.0,0.0,0.0,0.0,0.0,0.0,0.0]"
outcome,7,truthful,mean,baseline,incident_rate,10,1.0,0.0,1.0,1.0,"[1.0,1.0,1.0,1.0,1.0,1.0,1.0,1.0,1.0,1.0]"
outcome,7,truthful,mean,baseline,no_ejection_rate,10,0.0,0.0,0.0,0.0,"[0.0,0.0,0.0,0.0,0.0,0.0,0.0,0.0,0.0,0.0]"
outcome,7,truthful,mean,catch_outside,coalition_favorable_rate,10,0.0,0.0,0.0,0.0,"[0.0,0.0,0.0,0.0,0.0,0.0,0.0,0.0,0.0,0.0]"
outcome,7,truthful,mean,catch_outside,creator_ejection_rate,10,0.9204000000000001,0.011305849027040028,0.9,0.94,"[0.922,0.94,0.916,0.922,0.93,0.928,0.908,0.916,0.9,0.922]"
outcome,7,truthful,mean,catch_outside,creator_survival,10,0.0796,0.011305849027040042,0.06,0.1,"[0.078,0.06,0.084,0.078,0.07,0.072,0.092,0.084,0.1,0.078]"
outcome,7,truthful,mean,catch_outside,false_ejection_rate,10,0.0,0.0,0.0,0.0,"[0.0,0.0,0.0,0.0,0.0,0.0,0.0,0.0,0.0,0.0]"
outcome,7,truthful,mean,catch_outside,incident_rate,10,1.0,0.0,1.0,1.0,"[1.0,1.0,1.0,1.0,1.0,1.0,1.0,1.0,1.0,1.0]"
outcome,7,truthful,mean,catch_outside,no_ejection_rate,10,0.0,0.0,0.0,0.0,"[0.0,0.0,0.0,0.0,0.0,0.0,0.0,0.0,0.0,0.0]"
outcome,7,truthful,sharp_credibility,alibi_off,coalition_favorable_rate,10,0.0,0.0,0.0,0.0,"[0.0,0.0,0.0,0.0,0.0,0.0,0.0,0.0,0.0,0.0]"
outcome,7,truthful,sharp_credibility,alibi_off,creator_ejection_rate,10,0.9204000000000001,0.011305849027040028,0.9,0.94,"[0.922,0.94,0.916,0.922,0.93,0.928,0.908,0.916,0.9,0.922]"
outcome,7,truthful,sharp_credibility,alibi_off,creator_survival,10,0.0796,0.011305849027040042,0.06,0.1,"[0.078,0.06,0.084,0.078,0.07,0.072,0.092,0.084,0.1,0.078]"
outcome,7,truthful,sharp_credibility,alibi_off,false_ejection_rate,10,0.0,0.0,0.0,0.0,"[0.0,0.0,0.0,0.0,0.0,0.0,0.0,0.0,0.0,0.0]"
outcome,7,truthful,sharp_credibility,alibi_off,incident_rate,10,1.0,0.0,1.0,1.0,"[1.0,1.0,1.0,1.0,1.0,1.0,1.0,1.0,1.0,1.0]"
outcome,7,truthful,sharp_credibility,alibi_off,no_ejection_rate,10,0.0,0.0,0.0,0.0,"[0.0,0.0,0.0,0.0,0.0,0.0,0.0,0.0,0.0,0.0]"
outcome,7,truthful,sharp_credibility,baseline,coalition_favorable_rate,10,0.0,0.0,0.0,0.0,"[0.0,0.0,0.0,0.0,0.0,0.0,0.0,0.0,0.0,0.0]"
outcome,7,truthful,sharp_credibility,baseline,creator_ejection_rate,10,0.9204000000000001,0.011305849027040028,0.9,0.94,"[0.922,0.94,0.916,0.922,0.93,0.928,0.908,0.916,0.9,0.922]"
outcome,7,truthful,sharp_credibility,baseline,creator_survival,10,0.0796,0.011305849027040042,0.06,0.1,"[0.078,0.06,0.084,0.078,0.07,0.072,0.092,0.084,0.1,0.078]"
outcome,7,truthful,sharp_credibility,baseline,false_ejection_rate,10,0.0,0.0,0.0,0.0,"[0.0,0.0,0.0,0.0,0.0,0.0,0.0,0.0,0.0,0.0]"
outcome,7,truthful,sharp_credibility,baseline,incident_rate,10,1.0,0.0,1.0,1.0,"[1.0,1.0,1.0,1.0,1.0,1.0,1.0,1.0,1.0,1.0]"
outcome,7,truthful,sharp_credibility,baseline,no_ejection_rate,10,0.0,0.0,0.0,0.0,"[0.0,0.0,0.0,0.0,0.0,0.0,0.0,0.0,0.0,0.0]"
outcome,7,truthful,sharp_credibility,catch_outside,coalition_favorable_rate,10,0.0,0.0,0.0,0.0,"[0.0,0.0,0.0,0.0,0.0,0.0,0.0,0.0,0.0,0.0]"
outcome,7,truthful,sharp_credibility,catch_outside,creator_ejection_rate,10,0.9204000000000001,0.011305849027040028,0.9,0.94,"[0.922,0.94,0.916,0.922,0.93,0.928,0.908,0.916,0.9,0.922]"
outcome,7,truthful,sharp_credibility,catch_outside,creator_survival,10,0.0796,0.011305849027040042,0.06,0.1,"[0.078,0.06,0.084,0.078,0.07,0.072,0.092,0.084,0.1,0.078]"
outcome,7,truthful,sharp_credibility,catch_outside,false_ejection_rate,10,0.0,0.0,0.0,0.0,"[0.0,0.0,0.0,0.0,0.0,0.0,0.0,0.0,0.0,0.0]"
outcome,7,truthful,sharp_credibility,catch_outside,incident_rate,10,1.0,0.0,1.0,1.0,"[1.0,1.0,1.0,1.0,1.0,1.0,1.0,1.0,1.0,1.0]"
outcome,7,truthful,sharp_credibility,catch_outside,no_ejection_rate,10,0.0,0.0,0.0,0.0,"[0.0,0.0,0.0,0.0,0.0,0.0,0.0,0.0,0.0,0.0]"
outcome,7,truthful,soft_credibility,alibi_off,coalition_favorable_rate,10,0.0,0.0,0.0,0.0,"[0.0,0.0,0.0,0.0,0.0,0.0,0.0,0.0,0.0,0.0]"
outcome,7,truthful,soft_credibility,alibi_off,creator_ejection_rate,10,0.9204000000000001,0.011305849027040028,0.9,0.94,"[0.922,0.94,0.916,0.922,0.93,0.928,0.908,0.916,0.9,0.922]"
outcome,7,truthful,soft_credibility,alibi_off,creator_survival,10,0.0796,0.011305849027040042,0.06,0.1,"[0.078,0.06,0.084,0.078,0.07,0.072,0.092,0.084,0.1,0.078]"
outcome,7,truthful,soft_credibility,alibi_off,false_ejection_rate,10,0.0,0.0,0.0,0.0,"[0.0,0.0,0.0,0.0,0.0,0.0,0.0,0.0,0.0,0.0]"
outcome,7,truthful,soft_credibility,alibi_off,incident_rate,10,1.0,0.0,1.0,1.0,"[1.0,1.0,1.0,1.0,1.0,1.0,1.0,1.0,1.0,1.0]"
outcome,7,truthful,soft_credibility,alibi_off,no_ejection_rate,10,0.0,0.0,0.0,0.0,"[0.0,0.0,0.0,0.0,0.0,0.0,0.0,0.0,0.0,0.0]"
outcome,7,truthful,soft_credibility,baseline,coalition_favorable_rate,10,0.0,0.0,0.0,0.0,"[0.0,0.0,0.0,0.0,0.0,0.0,0.0,0.0,0.0,0.0]"
outcome,7,truthful,soft_credibility,baseline,creator_ejection_rate,10,0.9204000000000001,0.011305849027040028,0.9,0.94,"[0.922,0.94,0.916,0.922,0.93,0.928,0.908,0.916,0.9,0.922]"
outcome,7,truthful,soft_credibility,baseline,creator_survival,10,0.0796,0.011305849027040042,0.06,0.1,"[0.078,0.06,0.084,0.078,0.07,0.072,0.092,0.084,0.1,0.078]"
outcome,7,truthful,soft_credibility,baseline,false_ejection_rate,10,0.0,0.0,0.0,0.0,"[0.0,0.0,0.0,0.0,0.0,0.0,0.0,0.0,0.0,0.0]"
outcome,7,truthful,soft_credibility,baseline,incident_rate,10,1.0,0.0,1.0,1.0,"[1.0,1.0,1.0,1.0,1.0,1.0,1.0,1.0,1.0,1.0]"
outcome,7,truthful,soft_credibility,baseline,no_ejection_rate,10,0.0,0.0,0.0,0.0,"[0.0,0.0,0.0,0.0,0.0,0.0,0.0,0.0,0.0,0.0]"
outcome,7,truthful,soft_credibility,catch_outside,coalition_favorable_rate,10,0.0,0.0,0.0,0.0,"[0.0,0.0,0.0,0.0,0.0,0.0,0.0,0.0,0.0,0.0]"
outcome,7,truthful,soft_credibility,catch_outside,creator_ejection_rate,10,0.9204000000000001,0.011305849027040028,0.9,0.94,"[0.922,0.94,0.916,0.922,0.93,0.928,0.908,0.916,0.9,0.922]"
outcome,7,truthful,soft_credibility,catch_outside,creator_survival,10,0.0796,0.011305849027040042,0.06,0.1,"[0.078,0.06,0.084,0.078,0.07,0.072,0.092,0.084,0.1,0.078]"
outcome,7,truthful,soft_credibility,catch_outside,false_ejection_rate,10,0.0,0.0,0.0,0.0,"[0.0,0.0,0.0,0.0,0.0,0.0,0.0,0.0,0.0,0.0]"
outcome,7,truthful,soft_credibility,catch_outside,incident_rate,10,1.0,0.0,1.0,1.0,"[1.0,1.0,1.0,1.0,1.0,1.0,1.0,1.0,1.0,1.0]"
outcome,7,truthful,soft_credibility,catch_outside,no_ejection_rate,10,0.0,0.0,0.0,0.0,"[0.0,0.0,0.0,0.0,0.0,0.0,0.0,0.0,0.0,0.0]"
voter,3,alibi,soft_credibility,baseline,argmax_differs,10,0.1674,0.01611900189907,0.143,0.191,"[0.153,0.178,0.184,0.183,0.158,0.152,0.191,0.163,0.143,0.169]"
voter,3,alibi,soft_credibility,baseline,coalition_caught,10,0.5583,0.014651886492113459,0.541,0.589,"[0.558,0.571,0.541,0.56,0.552,0.55,0.589,0.543,0.569,0.55]"
voter,3,alibi,soft_credibility,baseline,coalition_share,10,0.5,0.0,0.5,0.5,"[0.5,0.5,0.5,0.5,0.5,0.5,0.5,0.5,0.5,0.5]"
voter,3,alibi,soft_credibility,baseline,coalition_weight_soft,10,0.2629607969184622,0.005900665810524933,0.25483350002753047,0.2748021920312013,"[0.26055285577233833,0.2574105467083734,0.2748021920312013,0.2650426713475707,0.2653835059046257,0.26200503610309356,0.25483350002753047,0.26731857979187273,0.2570264203787398,0.2652326611192756]"
voter,3,alibi,soft_credibility,baseline,cred_coalition,10,0.16415,0.0752374205063175,0.0615,0.3255,"[0.124,0.0935,0.3255,0.197,0.175,0.1555,0.0615,0.22,0.1085,0.181]"
voter,3,alibi,soft_credibility,baseline,cred_honest,10,2.9600999999999997,0.007578478299324542,2.947,2.972,"[2.954,2.962,2.964,2.957,2.967,2.952,2.965,2.972,2.961,2.947]"
voter,3,alibi,soft_credibility,baseline,mean_skips,10,0.0,0.0,0.0,0.0,"[0.0,0.0,0.0,0.0,0.0,0.0,0.0,0.0,0.0,0.0]"
voter,3,alibi,soft_credibility,baseline,mean_top_is_coalition,10,0.6759000000000001,0.017672640499433637,0.64,0.705,"[0.705,0.687,0.64,0.687,0.672,0.673,0.682,0.663,0.665,0.685]"
voter,3,alibi,soft_credibility,baseline,n_speakers,10,4.0,0.0,4.0,4.0,"[4.0,4.0,4.0,4.0,4.0,4.0,4.0,4.0,4.0,4.0]"
voter,3,alibi,soft_credibility,baseline,soft_skips,10,0.016900000000000005,0.0058204619900638285,0.008,0.029,"[0.018,0.015,0.014,0.029,0.022,0.011,0.019,0.008,0.016,0.017]"
voter,3,alibi,soft_credibility,baseline,soft_top_is_coalition,10,0.6123000000000001,0.020987033033650952,0.564,0.647,"[0.647,0.619,0.564,0.62,0.614,0.617,0.62,0.599,0.606,0.617]"
voter,3,alibi,soft_credibility,baseline,uninformative_share,10,0.0,0.0,0.0,0.0,"[0.0,0.0,0.0,0.0,0.0,0.0,0.0,0.0,0.0,0.0]"
voter,3,alibi,soft_credibility,baseline,weight_minus_share,10,-0.23703920308153786,0.005900665810524939,-0.24516649997246953,-0.22519780796879865,"[-0.23944714422766164,-0.24258945329162665,-0.22519780796879865,-0.2349573286524293,-0.23461649409537427,-0.23799496389690641,-0.24516649997246953,-0.23268142020812732,-0.24297357962126023,-0.23476733888072437]"
voter,3,alibi,soft_credibility,baseline,weight_on_uninformative,10,0.0,0.0,0.0,0.0,"[0.0,0.0,0.0,0.0,0.0,0.0,0.0,0.0,0.0,0.0]"
voter,3,framer,soft_credibility,baseline,argmax_differs,10,0.0029000000000000002,0.0013703203194062978,0.001,0.005,"[0.004,0.002,0.002,0.002,0.005,0.003,0.005,0.001,0.002,0.003]"
voter,3,framer,soft_credibility,baseline,coalition_caught,10,0.7787,0.007986794656737396,0.762,0.789,"[0.781,0.773,0.779,0.783,0.789,0.784,0.762,0.774,0.787,0.775]"
voter,3,framer,soft_credibility,baseline,coalition_share,10,0.5,0.0,0.5,0.5,"[0.5,0.5,0.5,0.5,0.5,0.5,0.5,0.5,0.5,0.5]"
voter,3,framer,soft_credibility,baseline,coalition_weight_soft,10,0.1478769012865652,0.004099243643968855,0.14034358316514217,0.154339911014623,"[0.15195647483056854,0.14818257760095432,0.1444355833420394,0.14753046515312143,0.14034358316514217,0.14793797312078552,0.154339911014623,0.1513141362836425,0.14441240597598687,0.14831590237878803]"
voter,3,framer,soft_credibility,baseline,cred_coalition,10,-1.5466499999999999,0.052264843718209775,-1.6405,-1.448,"[-1.528,-1.537,-1.5735,-1.5685,-1.6405,-1.5435,-1.448,-1.5045,-1.5945,-1.5285]"
voter,3,framer,soft_credibility,baseline,cred_honest,10,2.5932,0.039748654764099244,2.531,2.659,"[2.531,2.597,2.594,2.551,2.553,2.626,2.659,2.591,2.598,2.632]"
voter,3,framer,soft_credibility,baseline,mean_skips,10,0.0,0.0,0.0,0.0,"[0.0,0.0,0.0,0.0,0.0,0.0,0.0,0.0,0.0,0.0]"
voter,3,framer,soft_credibility,baseline,mean_top_is_coalition,10,0.7325999999999999,0.010243697249203215,0.716,0.748,"[0.721,0.73,0.744,0.727,0.748,0.737,0.716,0.733,0.742,0.728]"
voter,3,framer,soft_credibility,baseline,n_speakers,10,4.0,0.0,4.0,4.0,"[4.0,4.0,4.0,4.0,4.0,4.0,4.0,4.0,4.0,4.0]"
voter,3,framer,soft_credibility,baseline,soft_skips,10,0.0,0.0,0.0,0.0,"[0.0,0.0,0.0,0.0,0.0,0.0,0.0,0.0,0.0,0.0]"
voter,3,framer,soft_credibility,baseline,soft_top_is_coalition,10,0.7353,0.010011659869039376,0.72,0.752,"[0.725,0.732,0.746,0.729,0.752,0.74,0.72,0.734,0.744,0.731]"
voter,3,framer,soft_credibility,baseline,uninformative_share,10,0.0,0.0,0.0,0.0,"[0.0,0.0,0.0,0.0,0.0,0.0,0.0,0.0,0.0,0.0]"
voter,3,framer,soft_credibility,baseline,weight_minus_share,10,-0.3521230987134348,0.004099243643968859,-0.3596564168348577,-0.3456600889853769,"[-0.3480435251694314,-0.3518174223990457,-0.35556441665796057,-0.35246953484687854,-0.3596564168348577,-0.35206202687921445,-0.3456600889853769,-0.34868586371635746,-0.35558759402401313,-0.3516840976212119]"
voter,3,framer,soft_credibility,baseline,weight_on_uninformative,10,0.0,0.0,0.0,0.0,"[0.0,0.0,0.0,0.0,0.0,0.0,0.0,0.0,0.0,0.0]"
voter,3,lone_liar,soft_credibility,baseline,argmax_differs,10,0.1264,0.007589466384404115,0.117,0.138,"[0.119,0.118,0.131,0.125,0.138,0.117,0.133,0.127,0.121,0.135]"
voter,3,lone_liar,soft_credibility,baseline,coalition_caught,10,0.4649,0.012939603291188376,0.447,0.485,"[0.45,0.477,0.467,0.485,0.448,0.475,0.469,0.467,0.447,0.464]"
voter,3,lone_liar,soft_credibility,baseline,coalition_share,10,0.5,0.0,0.5,0.5,"[0.5,0.5,0.5,0.5,0.5,0.5,0.5,0.5,0.5,0.5]"
voter,3,lone_liar,soft_credibility,baseline,coalition_weight_soft,10,0.42248422972872535,0.0022400712871970332,0.4182538379916452,0.42511414195355385,"[0.42511414195355385,0.4207155648010985,0.4224957932889257,0.4182538379916452,0.42424369058876193,0.42208544578581425,0.42264883168472644,0.4202129687596292,0.4249604205423085,0.42411160189079045]"
voter,3,lone_liar,soft_credibility,baseline,cred_coalition,10,1.58095,0.0370828277119088,1.518,1.627,"[1.627,1.5485,1.574,1.518,1.6265,1.551,1.5745,1.5725,1.6255,1.592]"
voter,3,lone_liar,soft_credibility,baseline,cred_honest,10,2.982,0.005715476066494143,2.973,2.994,"[2.982,2.983,2.979,2.984,2.984,2.973,2.983,2.994,2.975,2.983]"
voter,3,lone_liar,soft_credibility,baseline,mean_skips,10,0.0,0.0,0.0,0.0,"[0.0,0.0,0.0,0.0,0.0,0.0,0.0,0.0,0.0,0.0]"
voter,3,lone_liar,soft_credibility,baseline,mean_top_is_coalition,10,0.8979000000000001,0.013461467643281376,0.878,0.921,"[0.896,0.878,0.883,0.921,0.894,0.906,0.896,0.916,0.899,0.89]"
voter,3,lone_liar,soft_credibility,baseline,n_speakers,10,4.0,0.0,4.0,4.0,"[4.0,4.0,4.0,4.0,4.0,4.0,4.0,4.0,4.0,4.0]"
voter,3,lone_liar,soft_credibility,baseline,soft_skips,10,0.0,0.0,0.0,0.0,"[0.0,0.0,0.0,0.0,0.0,0.0,0.0,0.0,0.0,0.0]"
voter,3,lone_liar,soft_credibility,baseline,soft_top_is_coalition,10,0.8979000000000001,0.013461467643281376,0.878,0.921,"[0.896,0.878,0.883,0.921,0.894,0.906,0.896,0.916,0.899,0.89]"
voter,3,lone_liar,soft_credibility,baseline,uninformative_share,10,0.0,0.0,0.0,0.0,"[0.0,0.0,0.0,0.0,0.0,0.0,0.0,0.0,0.0,0.0]"
voter,3,lone_liar,soft_credibility,baseline,weight_minus_share,10,-0.07751577027127454,0.0022400712871970345,-0.08174616200835468,-0.07488585804644608,"[-0.07488585804644608,-0.07928443519890152,-0.0775042067110742,-0.08174616200835468,-0.075756309411238,-0.07791455421418567,-0.07735116831527353,-0.0797870312403707,-0.07503957945769142,-0.07588839810920951]"
voter,3,lone_liar,soft_credibility,baseline,weight_on_uninformative,10,0.0,0.0,0.0,0.0,"[0.0,0.0,0.0,0.0,0.0,0.0,0.0,0.0,0.0,0.0]"
voter,3,truthful,soft_credibility,baseline,argmax_differs,10,0.0,0.0,0.0,0.0,"[0.0,0.0,0.0,0.0,0.0,0.0,0.0,0.0,0.0,0.0]"
voter,3,truthful,soft_credibility,baseline,coalition_caught,10,0.0,0.0,0.0,0.0,"[0.0,0.0,0.0,0.0,0.0,0.0,0.0,0.0,0.0,0.0]"
voter,3,truthful,soft_credibility,baseline,coalition_share,10,0.5,0.0,0.5,0.5,"[0.5,0.5,0.5,0.5,0.5,0.5,0.5,0.5,0.5,0.5]"
voter,3,truthful,soft_credibility,baseline,coalition_weight_soft,10,0.5,0.0,0.5,0.5,"[0.5,0.5,0.5,0.5,0.5,0.5,0.5,0.5,0.5,0.5]"
voter,3,truthful,soft_credibility,baseline,cred_coalition,10,3.0,0.0,3.0,3.0,"[3.0,3.0,3.0,3.0,3.0,3.0,3.0,3.0,3.0,3.0]"
voter,3,truthful,soft_credibility,baseline,cred_honest,10,3.0,0.0,3.0,3.0,"[3.0,3.0,3.0,3.0,3.0,3.0,3.0,3.0,3.0,3.0]"
voter,3,truthful,soft_credibility,baseline,mean_skips,10,0.0,0.0,0.0,0.0,"[0.0,0.0,0.0,0.0,0.0,0.0,0.0,0.0,0.0,0.0]"
voter,3,truthful,soft_credibility,baseline,mean_top_is_coalition,10,1.0,0.0,1.0,1.0,"[1.0,1.0,1.0,1.0,1.0,1.0,1.0,1.0,1.0,1.0]"
voter,3,truthful,soft_credibility,baseline,n_speakers,10,4.0,0.0,4.0,4.0,"[4.0,4.0,4.0,4.0,4.0,4.0,4.0,4.0,4.0,4.0]"
voter,3,truthful,soft_credibility,baseline,soft_skips,10,0.0,0.0,0.0,0.0,"[0.0,0.0,0.0,0.0,0.0,0.0,0.0,0.0,0.0,0.0]"
voter,3,truthful,soft_credibility,baseline,soft_top_is_coalition,10,1.0,0.0,1.0,1.0,"[1.0,1.0,1.0,1.0,1.0,1.0,1.0,1.0,1.0,1.0]"
voter,3,truthful,soft_credibility,baseline,uninformative_share,10,0.0,0.0,0.0,0.0,"[0.0,0.0,0.0,0.0,0.0,0.0,0.0,0.0,0.0,0.0]"
voter,3,truthful,soft_credibility,baseline,weight_minus_share,10,0.0,0.0,0.0,0.0,"[0.0,0.0,0.0,0.0,0.0,0.0,0.0,0.0,0.0,0.0]"
voter,3,truthful,soft_credibility,baseline,weight_on_uninformative,10,0.0,0.0,0.0,0.0,"[0.0,0.0,0.0,0.0,0.0,0.0,0.0,0.0,0.0,0.0]"
voter,5,alibi,soft_credibility,baseline,argmax_differs,10,0.07685,0.008505063851089602,0.0655,0.092,"[0.0785,0.0795,0.0655,0.076,0.0735,0.092,0.067,0.07,0.0785,0.088]"
voter,5,alibi,soft_credibility,baseline,coalition_caught,10,0.6316999999999999,0.009333928552448972,0.618,0.646,"[0.6205,0.646,0.6375,0.618,0.625,0.629,0.633,0.6375,0.6275,0.643]"
voter,5,alibi,soft_credibility,baseline,coalition_share,10,0.3333333333333332,5.851389114294502e-17,0.33333333333333326,0.33333333333333326,"[0.33333333333333326,0.33333333333333326,0.33333333333333326,0.33333333333333326,0.33333333333333326,0.33333333333333326,0.33333333333333326,0.33333333333333326,0.33333333333333326,0.33333333333333326]"
voter,5,alibi,soft_credibility,baseline,coalition_weight_soft,10,0.14246908179500356,0.0030073288967186096,0.1379533267550171,0.14652880933549187,"[0.14652880933549187,0.1379533267550171,0.1403378134248402,0.14593977216080342,0.14261930782504117,0.1440415947060584,0.14231084368119018,0.14063964008885338,0.1454671433515957,0.13885256662114404]"
voter,5,alibi,soft_credibility,baseline,cred_coalition,10,0.7777499999999999,0.07826965496850545,0.6615,0.8885,"[0.875,0.6615,0.7445,0.8885,0.74825,0.8495,0.7635,0.698,0.83,0.71875]"
voter,5,alibi,soft_credibility,baseline,cred_honest,10,4.9704,0.0035182066138556836,4.965,4.976,"[4.968,4.974,4.965,4.9705,4.968,4.971,4.9665,4.9735,4.976,4.9715]"
voter,5,alibi,soft_credibility,baseline,mean_skips,10,0.0,0.0,0.0,0.0,"[0.0,0.0,0.0,0.0,0.0,0.0,0.0,0.0,0.0,0.0]"
voter,5,alibi,soft_credibility,baseline,mean_top_is_coalition,10,0.5813999999999999,0.01756859571950917,0.5525,0.6105,"[0.5705,0.6105,0.575,0.572,0.596,0.5525,0.599,0.5915,0.5665,0.5805]"
voter,5,alibi,soft_credibility,baseline,n_speakers,10,6.0,0.0,6.0,6.0,"[6.0,6.0,6.0,6.0,6.0,6.0,6.0,6.0,6.0,6.0]"
voter,5,alibi,soft_credibility,baseline,soft_skips,10,0.021149999999999995,0.0044350247400036505,0.01,0.0265,"[0.023,0.0225,0.02,0.0205,0.025,0.0205,0.01,0.0225,0.021,0.0265]"
voter,5,alibi,soft_credibility,baseline,soft_top_is_coalition,10,0.52005,0.02064575554980303,0.479,0.5495,"[0.5095,0.542,0.5215,0.514,0.534,0.479,0.5495,0.5335,0.5055,0.512]"
voter,5,alibi,soft_credibility,baseline,uninformative_share,10,0.0,0.0,0.0,0.0,"[0.0,0.0,0.0,0.0,0.0,0.0,0.0,0.0,0.0,0.0]"
voter,5,alibi,soft_credibility,baseline,weight_minus_share,10,-0.19086425153832973,0.0030073288967186014,-0.19538000657831617,-0.18680452399784142,"[-0.18680452399784142,-0.19538000657831617,-0.1929955199084931,-0.18739356117252987,-0.19071402550829208,-0.18929173862727486,-0.19102248965214313,-0.19269369324447988,-0.1878661899817376,-0.19448076671218922]"
voter,5,alibi,soft_credibility,baseline,weight_on_uninformative,10,0.0,0.0,0.0,0.0,"[0.0,0.0,0.0,0.0,0.0,0.0,0.0,0.0,0.0,0.0]"
voter,5,framer,soft_credibility,baseline,argmax_differs,10,0.008450000000000003,0.0020876621693495657,0.0045,0.012,"[0.007,0.0085,0.012,0.0085,0.007,0.01,0.0045,0.0105,0.008,0.0085]"
voter,5,framer,soft_credibility,baseline,coalition_caught,10,0.6920999999999998,0.012520649610410254,0.6735,0.718,"[0.6865,0.6885,0.6965,0.718,0.6735,0.6945,0.6965,0.7005,0.677,0.6895]"
voter,5,framer,soft_credibility,baseline,coalition_share,10,0.3333333333333332,5.851389114294502e-17,0.33333333333333326,0.33333333333333326,"[0.33333333333333326,0.33333333333333326,0.33333333333333326,0.33333333333333326,0.33333333333333326,0.33333333333333326,0.33333333333333326,0.33333333333333326,0.33333333333333326,0.33333333333333326]"
voter,5,framer,soft_credibility,baseline,coalition_weight_soft,10,0.1061752723056941,0.0035246041205504266,0.10012862478679489,0.11105922851490911,"[0.10639878520495392,0.10591808326584702,0.10683158372322123,0.10012862478679489,0.1100393654755081,0.10057028981831169,0.11105922851490911,0.10578539544733456,0.10813437812069426,0.10688698869936622]"
voter,5,framer,soft_credibility,baseline,cred_coalition,10,-0.33535,0.08093843682426512,-0.49675,-0.231,"[-0.31525,-0.33175,-0.3205,-0.49675,-0.231,-0.4385,-0.261,-0.366,-0.2715,-0.32125]"
voter,5,framer,soft_credibility,baseline,cred_honest,10,4.475699999999999,0.025334649088638424,4.423,4.5055,"[4.501,4.4745,4.478,4.4495,4.4995,4.423,4.5055,4.486,4.4745,4.4655]"
voter,5,framer,soft_credibility,baseline,mean_skips,10,0.0,0.0,0.0,0.0,"[0.0,0.0,0.0,0.0,0.0,0.0,0.0,0.0,0.0,0.0]"
voter,5,framer,soft_credibility,baseline,mean_top_is_coalition,10,0.7217,0.015333695647893306,0.6925,0.75,"[0.7245,0.72,0.722,0.736,0.7065,0.75,0.6925,0.7195,0.725,0.721]"
voter,5,framer,soft_credibility,baseline,n_speakers,10,6.0,0.0,6.0,6.0,"[6.0,6.0,6.0,6.0,6.0,6.0,6.0,6.0,6.0,6.0]"
voter,5,framer,soft_credibility,baseline,soft_skips,10,0.0,0.0,0.0,0.0,"[0.0,0.0,0.0,0.0,0.0,0.0,0.0,0.0,0.0,0.0]"
voter,5,framer,soft_credibility,baseline,soft_top_is_coalition,10,0.7199,0.015032926823772197,0.691,0.7455,"[0.7205,0.7155,0.72,0.738,0.707,0.7455,0.691,0.717,0.7245,0.72]"
voter,5,framer,soft_credibility,baseline,uninformative_share,10,0.0,0.0,0.0,0.0,"[0.0,0.0,0.0,0.0,0.0,0.0,0.0,0.0,0.0,0.0]"
voter,5,framer,soft_credibility,baseline,weight_minus_share,10,-0.22715806102763922,0.0035246041205504296,-0.23320470854653844,-0.2222741048184242,"[-0.22693454812837935,-0.22741525006748628,-0.22650174961011207,-0.23320470854653844,-0.22329396785782518,-0.23276304351502158,-0.2222741048184242,-0.22754793788599872,-0.22519895521263902,-0.2264463446339671]"
voter,5,framer,soft_credibility,baseline,weight_on_uninformative,10,0.0,0.0,0.0,0.0,"[0.0,0.0,0.0,0.0,0.0,0.0,0.0,0.0,0.0,0.0]"
voter,5,lone_liar,soft_credibility,baseline,argmax_differs,10,0.03185,0.005390578200279941,0.0235,0.0395,"[0.0235,0.0355,0.0325,0.031,0.031,0.0375,0.036,0.0265,0.0255,0.0395]"
voter,5,lone_liar,soft_credibility,baseline,coalition_caught,10,0.53535,0.013832429689360866,0.5165,0.558,"[0.5335,0.5315,0.549,0.55,0.558,0.5375,0.5165,0.522,0.5195,0.536]"
voter,5,lone_liar,soft_credibility,baseline,coalition_share,10,0.3333333333333332,5.851389114294502e-17,0.33333333333333326,0.33333333333333326,"[0.33333333333333326,0.33333333333333326,0.33333333333333326,0.33333333333333326,0.33333333333333326,0.33333333333333326,0.33333333333333326,0.33333333333333326,0.33333333333333326,0.33333333333333326]"
voter,5,lone_liar,soft_credibility,baseline,coalition_weight_soft,10,0.26063728548507714,0.0017393754958395023,0.2578987965892425,0.26254345664739615,"[0.2624475043336292,0.26061633317189403,0.2578987965892425,0.25982546214818375,0.2581389795769281,0.26018403095850706,0.26254345664739615,0.2621911374286846,0.2623846781621359,0.2601424758341704]"
voter,5,lone_liar,soft_credibility,baseline,cred_coalition,10,2.836,0.05404653344829599,2.7475,2.906,"[2.852,2.8485,2.76975,2.79075,2.7475,2.8275,2.906,2.88775,2.89875,2.8315]"
voter,5,lone_liar,soft_credibility,baseline,cred_honest,10,4.98675,0.003433899629672725,4.9805,4.993,"[4.9835,4.988,4.9805,4.993,4.985,4.9875,4.9855,4.9865,4.9895,4.9885]"
voter,5,lone_liar,soft_credibility,baseline,mean_skips,10,0.0,0.0,0.0,0.0,"[0.0,0.0,0.0,0.0,0.0,0.0,0.0,0.0,0.0,0.0]"
voter,5,lone_liar,soft_credibility,baseline,mean_top_is_coalition,10,0.8775999999999999,0.014334883637089227,0.8465,0.893,"[0.883,0.878,0.892,0.8645,0.8895,0.87,0.8465,0.876,0.8835,0.893]"
voter,5,lone_liar,soft_credibility,baseline,n_speakers,10,6.0,0.0,6.0,6.0,"[6.0,6.0,6.0,6.0,6.0,6.0,6.0,6.0,6.0,6.0]"
voter,5,lone_liar,soft_credibility,baseline,soft_skips,10,0.0,0.0,0.0,0.0,"[0.0,0.0,0.0,0.0,0.0,0.0,0.0,0.0,0.0,0.0]"
voter,5,lone_liar,soft_credibility,baseline,soft_top_is_coalition,10,0.8565000000000002,0.0156542503990308,0.8245,0.872,"[0.8705,0.852,0.872,0.842,0.8705,0.846,0.8245,0.8545,0.868,0.865]"
voter,5,lone_liar,soft_credibility,baseline,uninformative_share,10,0.0,0.0,0.0,0.0,"[0.0,0.0,0.0,0.0,0.0,0.0,0.0,0.0,0.0,0.0]"
voter,5,lone_liar,soft_credibility,baseline,weight_minus_share,10,-0.07269604784825616,0.0017393754958395181,-0.07543453674409085,-0.07078987668593716,"[-0.07088582899970411,-0.07271700016143927,-0.07543453674409085,-0.07350787118514958,-0.07519435375640526,-0.0731493023748263,-0.07078987668593716,-0.07114219590464874,-0.07094865517119742,-0.07319085749916295]"
voter,5,lone_liar,soft_credibility,baseline,weight_on_uninformative,10,0.0,0.0,0.0,0.0,"[0.0,0.0,0.0,0.0,0.0,0.0,0.0,0.0,0.0,0.0]"
voter,5,truthful,soft_credibility,baseline,argmax_differs,10,0.0,0.0,0.0,0.0,"[0.0,0.0,0.0,0.0,0.0,0.0,0.0,0.0,0.0,0.0]"
voter,5,truthful,soft_credibility,baseline,coalition_caught,10,0.0,0.0,0.0,0.0,"[0.0,0.0,0.0,0.0,0.0,0.0,0.0,0.0,0.0,0.0]"
voter,5,truthful,soft_credibility,baseline,coalition_share,10,0.3333333333333332,5.851389114294502e-17,0.33333333333333326,0.33333333333333326,"[0.33333333333333326,0.33333333333333326,0.33333333333333326,0.33333333333333326,0.33333333333333326,0.33333333333333326,0.33333333333333326,0.33333333333333326,0.33333333333333326,0.33333333333333326]"
voter,5,truthful,soft_credibility,baseline,coalition_weight_soft,10,0.3333333333333332,5.851389114294502e-17,0.33333333333333326,0.33333333333333326,"[0.33333333333333326,0.33333333333333326,0.33333333333333326,0.33333333333333326,0.33333333333333326,0.33333333333333326,0.33333333333333326,0.33333333333333326,0.33333333333333326,0.33333333333333326]"
voter,5,truthful,soft_credibility,baseline,cred_coalition,10,5.0,0.0,5.0,5.0,"[5.0,5.0,5.0,5.0,5.0,5.0,5.0,5.0,5.0,5.0]"
voter,5,truthful,soft_credibility,baseline,cred_honest,10,5.0,0.0,5.0,5.0,"[5.0,5.0,5.0,5.0,5.0,5.0,5.0,5.0,5.0,5.0]"
voter,5,truthful,soft_credibility,baseline,mean_skips,10,0.0,0.0,0.0,0.0,"[0.0,0.0,0.0,0.0,0.0,0.0,0.0,0.0,0.0,0.0]"
voter,5,truthful,soft_credibility,baseline,mean_top_is_coalition,10,1.0,0.0,1.0,1.0,"[1.0,1.0,1.0,1.0,1.0,1.0,1.0,1.0,1.0,1.0]"
voter,5,truthful,soft_credibility,baseline,n_speakers,10,6.0,0.0,6.0,6.0,"[6.0,6.0,6.0,6.0,6.0,6.0,6.0,6.0,6.0,6.0]"
voter,5,truthful,soft_credibility,baseline,soft_skips,10,0.0,0.0,0.0,0.0,"[0.0,0.0,0.0,0.0,0.0,0.0,0.0,0.0,0.0,0.0]"
voter,5,truthful,soft_credibility,baseline,soft_top_is_coalition,10,1.0,0.0,1.0,1.0,"[1.0,1.0,1.0,1.0,1.0,1.0,1.0,1.0,1.0,1.0]"
voter,5,truthful,soft_credibility,baseline,uninformative_share,10,0.0,0.0,0.0,0.0,"[0.0,0.0,0.0,0.0,0.0,0.0,0.0,0.0,0.0,0.0]"
voter,5,truthful,soft_credibility,baseline,weight_minus_share,10,0.0,0.0,0.0,0.0,"[0.0,0.0,0.0,0.0,0.0,0.0,0.0,0.0,0.0,0.0]"
voter,5,truthful,soft_credibility,baseline,weight_on_uninformative,10,0.0,0.0,0.0,0.0,"[0.0,0.0,0.0,0.0,0.0,0.0,0.0,0.0,0.0,0.0]"
voter,7,alibi,soft_credibility,baseline,argmax_differs,10,0.06720000000000001,0.006917860227227549,0.057,0.07733333333333334,"[0.07666666666666666,0.05733333333333333,0.065,0.07,0.06833333333333333,0.07733333333333334,0.07033333333333333,0.06366666666666666,0.057,0.06633333333333333]"
voter,7,alibi,soft_credibility,baseline,coalition_caught,10,0.6534666666666666,0.010391354431140353,0.6333333333333333,0.6716666666666666,"[0.6656666666666666,0.6333333333333333,0.6486666666666666,0.6716666666666666,0.65,0.6546666666666666,0.658,0.6486666666666666,0.653,0.651]"
voter,7,alibi,soft_credibility,baseline,coalition_share,10,0.25,0.0,0.25,0.25,"[0.25,0.25,0.25,0.25,0.25,0.25,0.25,0.25,0.25,0.25]"
voter,7,alibi,soft_credibility,baseline,coalition_weight_soft,10,0.09755748301880365,0.0026540395632840626,0.09333940054778755,0.10147975440122994,"[0.0959831973701178,0.10147975440122994,0.09701757310106916,0.09333940054778755,0.09750587929420601,0.09956266302173443,0.09351935492261869,0.09951024474364184,0.098634098788339,0.09902266399729208]"
voter,7,alibi,soft_credibility,baseline,cred_coalition,10,1.5202000000000002,0.12359613642129597,1.3215,1.7003333333333333,"[1.4026666666666667,1.7003333333333333,1.5418333333333334,1.3215,1.536,1.5833333333333333,1.3421666666666667,1.5853333333333333,1.588,1.6008333333333333]"
voter,7,alibi,soft_credibility,baseline,cred_honest,10,6.9728666666666665,0.0033635665961764803,6.968,6.98,"[6.971,6.972,6.968,6.974333333333333,6.9736666666666665,6.98,6.969333333333333,6.975333333333333,6.973333333333334,6.971666666666667]"
voter,7,alibi,soft_credibility,baseline,mean_skips,10,0.0,0.0,0.0,0.0,"[0.0,0.0,0.0,0.0,0.0,0.0,0.0,0.0,0.0,0.0]"
voter,7,alibi,soft_credibility,baseline,mean_top_is_coalition,10,0.5916666666666667,0.01769703888183516,0.571,0.622,"[0.6003333333333334,0.5876666666666667,0.5913333333333334,0.6203333333333333,0.571,0.5836666666666667,0.622,0.5866666666666667,0.573,0.5806666666666667]"
voter,7,alibi,soft_credibility,baseline,n_speakers,10,8.0,0.0,8.0,8.0,"[8.0,8.0,8.0,8.0,8.0,8.0,8.0,8.0,8.0,8.0]"
voter,7,alibi,soft_credibility,baseline,soft_skips,10,0.028666666666666667,0.0037679611017362616,0.023666666666666666,0.036333333333333336,"[0.028333333333333332,0.023666666666666666,0.028666666666666667,0.029,0.030333333333333334,0.036333333333333336,0.025333333333333333,0.032,0.024333333333333332,0.028666666666666667]"
voter,7,alibi,soft_credibility,baseline,soft_top_is_coalition,10,0.5352333333333333,0.01676640527003366,0.5103333333333333,0.563,"[0.5426666666666666,0.5383333333333333,0.538,0.559,0.5103333333333333,0.519,0.563,0.533,0.5233333333333333,0.5256666666666666]"
voter,7,alibi,soft_credibility,baseline,uninformative_share,10,0.0,0.0,0.0,0.0,"[0.0,0.0,0.0,0.0,0.0,0.0,0.0,0.0,0.0,0.0]"
voter,7,alibi,soft_credibility,baseline,weight_minus_share,10,-0.15244251698119635,0.00265403956328406,-0.15666059945221245,-0.14852024559877006,"[-0.15401680262988218,-0.14852024559877006,-0.15298242689893085,-0.15666059945221245,-0.152494120705794,-0.15043733697826558,-0.1564806450773813,-0.15048975525635816,-0.151365901211661,-0.1509773360027079]"
voter,7,alibi,soft_credibility,baseline,weight_on_uninformative,10,0.0,0.0,0.0,0.0,"[0.0,0.0,0.0,0.0,0.0,0.0,0.0,0.0,0.0,0.0]"
voter,7,framer,soft_credibility,baseline,argmax_differs,10,0.008566666666666667,0.003174162667850422,0.0036666666666666666,0.013666666666666667,"[0.008,0.013666666666666667,0.012,0.004333333333333333,0.007,0.01,0.007333333333333333,0.0036666666666666666,0.009,0.010666666666666666]"
voter,7,framer,soft_credibility,baseline,coalition_caught,10,0.683,0.008043093809268374,0.6716666666666666,0.6996666666666667,"[0.679,0.6896666666666667,0.6896666666666667,0.6773333333333333,0.6793333333333333,0.6833333333333333,0.6716666666666666,0.6996666666666667,0.678,0.6823333333333333]"
voter,7,framer,soft_credibility,baseline,coalition_share,10,0.25,0.0,0.25,0.25,"[0.25,0.25,0.25,0.25,0.25,0.25,0.25,0.25,0.25,0.25]"
voter,7,framer,soft_credibility,baseline,coalition_weight_soft,10,0.06301114399805291,0.0018055861536824232,0.060600524527794374,0.06635853959420246,"[0.0613803499858798,0.062062347789334844,0.06199734181136544,0.062282599699507064,0.060600524527794374,0.06635853959420246,0.06555574809644192,0.06273664015756181,0.06343674319978211,0.06370060511865928]"
voter,7,framer,soft_credibility,baseline,cred_coalition,10,0.3607,0.05650143666915924,0.2855,0.4718333333333333,"[0.3368333333333333,0.3453333333333333,0.2975,0.37216666666666665,0.328,0.4718333333333333,0.42583333333333334,0.2855,0.36133333333333334,0.38266666666666665]"
voter,7,framer,soft_credibility,baseline,cred_honest,10,6.402000000000001,0.013088492731224168,6.384,6.427333333333333,"[6.390666666666666,6.398333333333333,6.408333333333333,6.402,6.384,6.427333333333333,6.414666666666666,6.391,6.394333333333333,6.4093333333333335]"
voter,7,framer,soft_credibility,baseline,mean_skips,10,0.0,0.0,0.0,0.0,"[0.0,0.0,0.0,0.0,0.0,0.0,0.0,0.0,0.0,0.0]"
voter,7,framer,soft_credibility,baseline,mean_top_is_coalition,10,0.8127000000000001,0.013726112808785515,0.791,0.834,"[0.8123333333333334,0.8166666666666667,0.8096666666666666,0.834,0.8266666666666667,0.791,0.7913333333333333,0.8143333333333334,0.8093333333333333,0.8216666666666667]"
voter,7,framer,soft_credibility,baseline,n_speakers,10,8.0,0.0,8.0,8.0,"[8.0,8.0,8.0,8.0,8.0,8.0,8.0,8.0,8.0,8.0]"
voter,7,framer,soft_credibility,baseline,soft_skips,10,0.0,0.0,0.0,0.0,"[0.0,0.0,0.0,0.0,0.0,0.0,0.0,0.0,0.0,0.0]"
voter,7,framer,soft_credibility,baseline,soft_top_is_coalition,10,0.8108333333333334,0.014314155990780425,0.7893333333333333,0.8333333333333334,"[0.809,0.813,0.807,0.8333333333333334,0.8276666666666667,0.7893333333333333,0.7893333333333333,0.8123333333333334,0.807,0.8203333333333334]"
voter,7,framer,soft_credibility,baseline,uninformative_share,10,0.0,0.0,0.0,0.0,"[0.0,0.0,0.0,0.0,0.0,0.0,0.0,0.0,0.0,0.0]"
voter,7,framer,soft_credibility,baseline,weight_minus_share,10,-0.1869888560019471,0.0018055861536824236,-0.18939947547220565,-0.18364146040579757,"[-0.18861965001412023,-0.18793765221066516,-0.18800265818863454,-0.18771740030049294,-0.18939947547220565,-0.18364146040579757,-0.18444425190355807,-0.18726335984243814,-0.1865632568002179,-0.18629939488134073]"
voter,7,framer,soft_credibility,baseline,weight_on_uninformative,10,0.0,0.0,0.0,0.0,"[0.0,0.0,0.0,0.0,0.0,0.0,0.0,0.0,0.0,0.0]"
voter,7,lone_liar,soft_credibility,baseline,argmax_differs,10,0.01736666666666667,0.00364285195559336,0.012,0.023,"[0.017,0.019,0.014333333333333333,0.013333333333333334,0.023,0.012,0.019,0.018,0.015666666666666666,0.022333333333333334]"
voter,7,lone_liar,soft_credibility,baseline,coalition_caught,10,0.5819333333333334,0.00640948371411314,0.571,0.592,"[0.5793333333333334,0.5746666666666667,0.5796666666666667,0.592,0.571,0.5846666666666667,0.5893333333333334,0.585,0.5793333333333334,0.5843333333333334]"
voter,7,lone_liar,soft_credibility,baseline,coalition_share,10,0.25,0.0,0.25,0.25,"[0.25,0.25,0.25,0.25,0.25,0.25,0.25,0.25,0.25,0.25]"
voter,7,lone_liar,soft_credibility,baseline,coalition_weight_soft,10,0.18625530657099829,0.0010290321341668667,0.1844358917291592,0.1878031252496096,"[0.18698619119745535,0.18737771492873162,0.18691340719230523,0.1844358917291592,0.1878031252496096,0.18608684792472513,0.18533863465475725,0.18608789894761707,0.18608804363363649,0.18543531025198584]"
voter,7,lone_liar,soft_credibility,baseline,cred_coalition,10,4.068,0.03573867773742821,4.009,4.127,"[4.087833333333333,4.106166666666667,4.085833333333333,4.009,4.127,4.0553333333333335,4.0295,4.0568333333333335,4.077166666666667,4.045333333333334]"
voter,7,lone_liar,soft_credibility,baseline,cred_honest,10,6.989433333333333,0.0021490738746069655,6.985,6.992333333333334,"[6.992333333333334,6.989333333333334,6.991,6.987333333333333,6.990333333333333,6.989,6.988666666666667,6.991666666666666,6.9896666666666665,6.985]"
voter,7,lone_liar,soft_credibility,baseline,mean_skips,10,0.0,0.0,0.0,0.0,"[0.0,0.0,0.0,0.0,0.0,0.0,0.0,0.0,0.0,0.0]"
voter,7,lone_liar,soft_credibility,baseline,mean_top_is_coalition,10,0.8869333333333334,0.01663612015546776,0.8626666666666667,0.907,"[0.8913333333333333,0.8643333333333333,0.9033333333333333,0.8786666666666667,0.8706666666666667,0.903,0.8956666666666667,0.907,0.8626666666666667,0.8926666666666667]"
voter,7,lone_liar,soft_credibility,baseline,n_speakers,10,8.0,0.0,8.0,8.0,"[8.0,8.0,8.0,8.0,8.0,8.0,8.0,8.0,8.0,8.0]"
voter,7,lone_liar,soft_credibility,baseline,soft_skips,10,0.0,0.0,0.0,0.0,"[0.0,0.0,0.0,0.0,0.0,0.0,0.0,0.0,0.0,0.0]"
voter,7,lone_liar,soft_credibility,baseline,soft_top_is_coalition,10,0.8699999999999999,0.017931281722105948,0.846,0.8913333333333333,"[0.875,0.846,0.8896666666666667,0.8653333333333333,0.8476666666666667,0.8913333333333333,0.8773333333333333,0.889,0.8473333333333334,0.8713333333333333]"
voter,7,lone_liar,soft_credibility,baseline,uninformative_share,10,0.0,0.0,0.0,0.0,"[0.0,0.0,0.0,0.0,0.0,0.0,0.0,0.0,0.0,0.0]"
voter,7,lone_liar,soft_credibility,baseline,weight_minus_share,10,-0.06374469342900173,0.001029032134166869,-0.06556410827084083,-0.06219687475039042,"[-0.06301380880254463,-0.06262228507126842,-0.06308659280769477,-0.06556410827084083,-0.06219687475039042,-0.06391315207527484,-0.06466136534524279,-0.06391210105238296,-0.06391195636636353,-0.06456468974801416]"
voter,7,lone_liar,soft_credibility,baseline,weight_on_uninformative,10,0.0,0.0,0.0,0.0,"[0.0,0.0,0.0,0.0,0.0,0.0,0.0,0.0,0.0,0.0]"
voter,7,truthful,soft_credibility,baseline,argmax_differs,10,0.0,0.0,0.0,0.0,"[0.0,0.0,0.0,0.0,0.0,0.0,0.0,0.0,0.0,0.0]"
voter,7,truthful,soft_credibility,baseline,coalition_caught,10,0.0,0.0,0.0,0.0,"[0.0,0.0,0.0,0.0,0.0,0.0,0.0,0.0,0.0,0.0]"
voter,7,truthful,soft_credibility,baseline,coalition_share,10,0.25,0.0,0.25,0.25,"[0.25,0.25,0.25,0.25,0.25,0.25,0.25,0.25,0.25,0.25]"
voter,7,truthful,soft_credibility,baseline,coalition_weight_soft,10,0.25,0.0,0.25,0.25,"[0.25,0.25,0.25,0.25,0.25,0.25,0.25,0.25,0.25,0.25]"
voter,7,truthful,soft_credibility,baseline,cred_coalition,10,7.0,0.0,7.0,7.0,"[7.0,7.0,7.0,7.0,7.0,7.0,7.0,7.0,7.0,7.0]"
voter,7,truthful,soft_credibility,baseline,cred_honest,10,7.0,0.0,7.0,7.0,"[7.0,7.0,7.0,7.0,7.0,7.0,7.0,7.0,7.0,7.0]"
voter,7,truthful,soft_credibility,baseline,mean_skips,10,0.0,0.0,0.0,0.0,"[0.0,0.0,0.0,0.0,0.0,0.0,0.0,0.0,0.0,0.0]"
voter,7,truthful,soft_credibility,baseline,mean_top_is_coalition,10,1.0,0.0,1.0,1.0,"[1.0,1.0,1.0,1.0,1.0,1.0,1.0,1.0,1.0,1.0]"
voter,7,truthful,soft_credibility,baseline,n_speakers,10,8.0,0.0,8.0,8.0,"[8.0,8.0,8.0,8.0,8.0,8.0,8.0,8.0,8.0,8.0]"
voter,7,truthful,soft_credibility,baseline,soft_skips,10,0.0,0.0,0.0,0.0,"[0.0,0.0,0.0,0.0,0.0,0.0,0.0,0.0,0.0,0.0]"
voter,7,truthful,soft_credibility,baseline,soft_top_is_coalition,10,1.0,0.0,1.0,1.0,"[1.0,1.0,1.0,1.0,1.0,1.0,1.0,1.0,1.0,1.0]"
voter,7,truthful,soft_credibility,baseline,uninformative_share,10,0.0,0.0,0.0,0.0,"[0.0,0.0,0.0,0.0,0.0,0.0,0.0,0.0,0.0,0.0]"
voter,7,truthful,soft_credibility,baseline,weight_minus_share,10,0.0,0.0,0.0,0.0,"[0.0,0.0,0.0,0.0,0.0,0.0,0.0,0.0,0.0,0.0]"
voter,7,truthful,soft_credibility,baseline,weight_on_uninformative,10,0.0,0.0,0.0,0.0,"[0.0,0.0,0.0,0.0,0.0,0.0,0.0,0.0,0.0,0.0]"
