crew,condition,rule,metric,contrast,n_replicates,mean,sd,minimum,maximum,replicate_values,variant
3,alibi,mean,coalition_favorable_rate,alibi_off minus baseline,10,0.0,0.0,0.0,0.0,"[0.0,0.0,0.0,0.0,0.0,0.0,0.0,0.0,0.0,0.0]",
3,alibi,mean,creator_ejection_rate,alibi_off minus baseline,10,0.0,0.0,0.0,0.0,"[0.0,0.0,0.0,0.0,0.0,0.0,0.0,0.0,0.0,0.0]",
3,alibi,mean,creator_survival,alibi_off minus baseline,10,0.0,0.0,0.0,0.0,"[0.0,0.0,0.0,0.0,0.0,0.0,0.0,0.0,0.0,0.0]",
3,alibi,mean,false_ejection_rate,alibi_off minus baseline,10,-0.1146,0.014237665226823917,-0.13199999999999995,-0.09000000000000002,"[-0.124,-0.126,-0.13199999999999995,-0.11399999999999999,-0.11000000000000004,-0.10799999999999998,-0.09399999999999997,-0.12000000000000005,-0.09000000000000002,-0.128]",
3,alibi,mean,incident_rate,alibi_off minus baseline,10,0.0,0.0,0.0,0.0,"[0.0,0.0,0.0,0.0,0.0,0.0,0.0,0.0,0.0,0.0]",
3,alibi,mean,no_ejection_rate,alibi_off minus baseline,10,0.1146,0.014237665226823936,0.08999999999999997,0.13200000000000006,"[0.124,0.12599999999999995,0.13200000000000006,0.11399999999999999,0.10999999999999999,0.10799999999999998,0.09399999999999997,0.11999999999999994,0.08999999999999997,0.128]",
3,alibi,mean,coalition_favorable_rate,catch_outside minus baseline,10,0.0,0.0,0.0,0.0,"[0.0,0.0,0.0,0.0,0.0,0.0,0.0,0.0,0.0,0.0]",
3,alibi,mean,creator_ejection_rate,catch_outside minus baseline,10,0.0,0.0,0.0,0.0,"[0.0,0.0,0.0,0.0,0.0,0.0,0.0,0.0,0.0,0.0]",
3,alibi,mean,creator_survival,catch_outside minus baseline,10,0.0,0.0,0.0,0.0,"[0.0,0.0,0.0,0.0,0.0,0.0,0.0,0.0,0.0,0.0]",
3,alibi,mean,false_ejection_rate,catch_outside minus baseline,10,0.00040000000000000034,0.0008432740427115685,0.0,0.0020000000000000018,"[0.0,0.0,0.0,0.0,0.0,0.0020000000000000018,0.0,0.0020000000000000018,0.0,0.0]",
3,alibi,mean,incident_rate,catch_outside minus baseline,10,0.0,0.0,0.0,0.0,"[0.0,0.0,0.0,0.0,0.0,0.0,0.0,0.0,0.0,0.0]",
3,alibi,mean,no_ejection_rate,catch_outside minus baseline,10,-0.00040000000000000034,0.0008432740427115685,-0.0020000000000000018,0.0,"[0.0,0.0,0.0,0.0,0.0,-0.0020000000000000018,0.0,-0.0020000000000000018,0.0,0.0]",
3,alibi,sharp_credibility,coalition_favorable_rate,alibi_off minus baseline,10,0.0,0.0,0.0,0.0,"[0.0,0.0,0.0,0.0,0.0,0.0,0.0,0.0,0.0,0.0]",
3,alibi,,coalition_favorable_rate,sharp_credibility minus mean,10,0.0,0.0,0.0,0.0,"[0.0,0.0,0.0,0.0,0.0,0.0,0.0,0.0,0.0,0.0]",alibi_off
3,alibi,sharp_credibility,creator_ejection_rate,alibi_off minus baseline,10,0.0,0.0,0.0,0.0,"[0.0,0.0,0.0,0.0,0.0,0.0,0.0,0.0,0.0,0.0]",
3,alibi,,creator_ejection_rate,sharp_credibility minus mean,10,0.0,0.0,0.0,0.0,"[0.0,0.0,0.0,0.0,0.0,0.0,0.0,0.0,0.0,0.0]",alibi_off
3,alibi,sharp_credibility,creator_survival,alibi_off minus baseline,10,0.0,0.0,0.0,0.0,"[0.0,0.0,0.0,0.0,0.0,0.0,0.0,0.0,0.0,0.0]",
3,alibi,,creator_survival,sharp_credibility minus mean,10,0.0,0.0,0.0,0.0,"[0.0,0.0,0.0,0.0,0.0,0.0,0.0,0.0,0.0,0.0]",alibi_off
3,alibi,sharp_credibility,false_ejection_rate,alibi_off minus baseline,10,-0.07380000000000002,0.010809460876678558,-0.09599999999999997,-0.057999999999999996,"[-0.07600000000000001,-0.08200000000000002,-0.09599999999999997,-0.07200000000000001,-0.07400000000000001,-0.057999999999999996,-0.08000000000000002,-0.064,-0.064,-0.07200000000000001]",
3,alibi,,false_ejection_rate,sharp_credibility minus mean,10,0.037599999999999995,0.017557524502806968,0.010000000000000009,0.064,"[0.05199999999999999,0.025999999999999968,0.035999999999999976,0.035999999999999976,0.03600000000000003,0.045999999999999985,0.013999999999999957,0.05600000000000005,0.010000000000000009,0.064]",alibi_off
3,alibi,sharp_credibility,incident_rate,alibi_off minus baseline,10,0.0,0.0,0.0,0.0,"[0.0,0.0,0.0,0.0,0.0,0.0,0.0,0.0,0.0,0.0]",
3,alibi,,incident_rate,sharp_credibility minus mean,10,0.0,0.0,0.0,0.0,"[0.0,0.0,0.0,0.0,0.0,0.0,0.0,0.0,0.0,0.0]",alibi_off
3,alibi,sharp_credibility,no_ejection_rate,alibi_off minus baseline,10,0.0738,0.010809460876678547,0.05800000000000005,0.09600000000000003,"[0.07599999999999996,0.08199999999999996,0.09600000000000003,0.07199999999999995,0.07400000000000007,0.05800000000000005,0.07999999999999996,0.064,0.06400000000000006,0.07200000000000006]",
3,alibi,,no_ejection_rate,sharp_credibility minus mean,10,-0.03759999999999998,0.017557524502806957,-0.06399999999999995,-0.009999999999999898,"[-0.052000000000000046,-0.026000000000000023,-0.03600000000000003,-0.03600000000000003,-0.03599999999999992,-0.04599999999999993,-0.014000000000000012,-0.05599999999999994,-0.009999999999999898,-0.06399999999999995]",alibi_off
3,alibi,,coalition_favorable_rate,sharp_credibility minus mean,10,0.0,0.0,0.0,0.0,"[0.0,0.0,0.0,0.0,0.0,0.0,0.0,0.0,0.0,0.0]",baseline
3,alibi,,creator_ejection_rate,sharp_credibility minus mean,10,0.0,0.0,0.0,0.0,"[0.0,0.0,0.0,0.0,0.0,0.0,0.0,0.0,0.0,0.0]",baseline
3,alibi,,creator_survival,sharp_credibility minus mean,10,0.0,0.0,0.0,0.0,"[0.0,0.0,0.0,0.0,0.0,0.0,0.0,0.0,0.0,0.0]",baseline
3,alibi,,false_ejection_rate,sharp_credibility minus mean,10,-0.0032000000000000028,0.008230026326405855,-0.018000000000000016,0.008000000000000007,"[0.0040000000000000036,-0.018000000000000016,0.0,-0.006000000000000005,0.0,-0.0040000000000000036,0.0,0.0,-0.016000000000000014,0.008000000000000007]",baseline
3,alibi,,incident_rate,sharp_credibility minus mean,10,0.0,0.0,0.0,0.0,"[0.0,0.0,0.0,0.0,0.0,0.0,0.0,0.0,0.0,0.0]",baseline
3,alibi,,no_ejection_rate,sharp_credibility minus mean,10,0.003199999999999997,0.008230026326405843,-0.008000000000000007,0.01799999999999996,"[-0.0040000000000000036,0.01799999999999996,0.0,0.006000000000000005,0.0,0.0040000000000000036,0.0,0.0,0.016000000000000014,-0.008000000000000007]",baseline
3,alibi,sharp_credibility,coalition_favorable_rate,catch_outside minus baseline,10,0.0,0.0,0.0,0.0,"[0.0,0.0,0.0,0.0,0.0,0.0,0.0,0.0,0.0,0.0]",
3,alibi,,coalition_favorable_rate,sharp_credibility minus mean,10,0.0,0.0,0.0,0.0,"[0.0,0.0,0.0,0.0,0.0,0.0,0.0,0.0,0.0,0.0]",catch_outside
3,alibi,sharp_credibility,creator_ejection_rate,catch_outside minus baseline,10,0.0,0.0,0.0,0.0,"[0.0,0.0,0.0,0.0,0.0,0.0,0.0,0.0,0.0,0.0]",
3,alibi,,creator_ejection_rate,sharp_credibility minus mean,10,0.0,0.0,0.0,0.0,"[0.0,0.0,0.0,0.0,0.0,0.0,0.0,0.0,0.0,0.0]",catch_outside
3,alibi,sharp_credibility,creator_survival,catch_outside minus baseline,10,0.0,0.0,0.0,0.0,"[0.0,0.0,0.0,0.0,0.0,0.0,0.0,0.0,0.0,0.0]",
3,alibi,,creator_survival,sharp_credibility minus mean,10,0.0,0.0,0.0,0.0,"[0.0,0.0,0.0,0.0,0.0,0.0,0.0,0.0,0.0,0.0]",catch_outside
3,alibi,sharp_credibility,false_ejection_rate,catch_outside minus baseline,10,-0.06160000000000001,0.015283978539634244,-0.08399999999999996,-0.033999999999999975,"[-0.045999999999999985,-0.05199999999999999,-0.08399999999999996,-0.064,-0.07400000000000001,-0.033999999999999975,-0.068,-0.05600000000000005,-0.06,-0.07800000000000001]",
3,alibi,,false_ejection_rate,sharp_credibility minus mean,10,-0.06520000000000001,0.014335658726096654,-0.08399999999999996,-0.03999999999999998,"[-0.04199999999999998,-0.07,-0.08399999999999996,-0.07,-0.07400000000000001,-0.03999999999999998,-0.068,-0.05800000000000005,-0.07600000000000001,-0.07]",catch_outside
3,alibi,sharp_credibility,incident_rate,catch_outside minus baseline,10,0.0,0.0,0.0,0.0,"[0.0,0.0,0.0,0.0,0.0,0.0,0.0,0.0,0.0,0.0]",
3,alibi,,incident_rate,sharp_credibility minus mean,10,0.0,0.0,0.0,0.0,"[0.0,0.0,0.0,0.0,0.0,0.0,0.0,0.0,0.0,0.0]",catch_outside
3,alibi,sharp_credibility,no_ejection_rate,catch_outside minus baseline,10,0.06160000000000002,0.01528397853963424,0.03400000000000003,0.08400000000000002,"[0.04600000000000004,0.052000000000000046,0.08400000000000002,0.06399999999999995,0.07400000000000007,0.03400000000000003,0.06799999999999995,0.055999999999999994,0.06000000000000005,0.07800000000000007]",
3,alibi,,no_ejection_rate,sharp_credibility minus mean,10,0.06520000000000001,0.014335658726096653,0.040000000000000036,0.08400000000000002,"[0.04200000000000004,0.07,0.08400000000000002,0.06999999999999995,0.07400000000000007,0.040000000000000036,0.06799999999999995,0.057999999999999996,0.07600000000000007,0.07000000000000006]",catch_outside
3,alibi,soft_credibility,coalition_favorable_rate,alibi_off minus baseline,10,0.0,0.0,0.0,0.0,"[0.0,0.0,0.0,0.0,0.0,0.0,0.0,0.0,0.0,0.0]",
3,alibi,,coalition_favorable_rate,soft_credibility minus mean,10,0.0,0.0,0.0,0.0,"[0.0,0.0,0.0,0.0,0.0,0.0,0.0,0.0,0.0,0.0]",alibi_off
3,alibi,soft_credibility,creator_ejection_rate,alibi_off minus baseline,10,0.0,0.0,0.0,0.0,"[0.0,0.0,0.0,0.0,0.0,0.0,0.0,0.0,0.0,0.0]",
3,alibi,,creator_ejection_rate,soft_credibility minus mean,10,0.0,0.0,0.0,0.0,"[0.0,0.0,0.0,0.0,0.0,0.0,0.0,0.0,0.0,0.0]",alibi_off
3,alibi,soft_credibility,creator_survival,alibi_off minus baseline,10,0.0,0.0,0.0,0.0,"[0.0,0.0,0.0,0.0,0.0,0.0,0.0,0.0,0.0,0.0]",
3,alibi,,creator_survival,soft_credibility minus mean,10,0.0,0.0,0.0,0.0,"[0.0,0.0,0.0,0.0,0.0,0.0,0.0,0.0,0.0,0.0]",alibi_off
3,alibi,soft_credibility,false_ejection_rate,alibi_off minus baseline,10,-0.156,0.012961481396815716,-0.17599999999999993,-0.132,"[-0.14799999999999996,-0.15800000000000003,-0.17599999999999993,-0.16000000000000003,-0.16200000000000003,-0.132,-0.15200000000000002,-0.15600000000000003,-0.14400000000000002,-0.17200000000000004]",
3,alibi,,false_ejection_rate,soft_credibility minus mean,10,-0.030199999999999998,0.015009626540620158,-0.05399999999999999,0.0020000000000000018,"[-0.01599999999999996,-0.03200000000000003,-0.033999999999999975,-0.03200000000000003,-0.03999999999999998,0.0020000000000000018,-0.040000000000000036,-0.02799999999999997,-0.05399999999999999,-0.028000000000000025]",alibi_off
3,alibi,soft_credibility,incident_rate,alibi_off minus baseline,10,0.0,0.0,0.0,0.0,"[0.0,0.0,0.0,0.0,0.0,0.0,0.0,0.0,0.0,0.0]",
3,alibi,,incident_rate,soft_credibility minus mean,10,0.0,0.0,0.0,0.0,"[0.0,0.0,0.0,0.0,0.0,0.0,0.0,0.0,0.0,0.0]",alibi_off
3,alibi,soft_credibility,no_ejection_rate,alibi_off minus baseline,10,0.15599999999999997,0.012961481396815723,0.13199999999999995,0.176,"[0.14800000000000002,0.15799999999999997,0.176,0.16000000000000003,0.16199999999999998,0.13199999999999995,0.15200000000000002,0.15599999999999997,0.14400000000000002,0.172]",
3,alibi,,no_ejection_rate,soft_credibility minus mean,10,0.030200000000000015,0.015009626540620163,-0.0020000000000000018,0.05400000000000005,"[0.016000000000000014,0.03200000000000003,0.03399999999999992,0.03200000000000003,0.040000000000000036,-0.0020000000000000018,0.040000000000000036,0.028000000000000025,0.05400000000000005,0.028000000000000025]",alibi_off
3,alibi,,coalition_favorable_rate,soft_credibility minus mean,10,0.0,0.0,0.0,0.0,"[0.0,0.0,0.0,0.0,0.0,0.0,0.0,0.0,0.0,0.0]",baseline
3,alibi,,creator_ejection_rate,soft_credibility minus mean,10,0.0,0.0,0.0,0.0,"[0.0,0.0,0.0,0.0,0.0,0.0,0.0,0.0,0.0,0.0]",baseline
3,alibi,,creator_survival,soft_credibility minus mean,10,0.0,0.0,0.0,0.0,"[0.0,0.0,0.0,0.0,0.0,0.0,0.0,0.0,0.0,0.0]",baseline
3,alibi,,false_ejection_rate,soft_credibility minus mean,10,0.01120000000000001,0.007955431408094031,0.0,0.026000000000000023,"[0.008000000000000007,0.0,0.010000000000000009,0.014000000000000012,0.01200000000000001,0.026000000000000023,0.018000000000000016,0.008000000000000007,0.0,0.016000000000000014]",baseline
3,alibi,,incident_rate,soft_credibility minus mean,10,0.0,0.0,0.0,0.0,"[0.0,0.0,0.0,0.0,0.0,0.0,0.0,0.0,0.0,0.0]",baseline
3,alibi,,no_ejection_rate,soft_credibility minus mean,10,-0.011199999999999993,0.007955431408094018,-0.025999999999999968,0.0,"[-0.008000000000000007,0.0,-0.010000000000000009,-0.014000000000000012,-0.011999999999999955,-0.025999999999999968,-0.018000000000000016,-0.008000000000000007,0.0,-0.01599999999999996]",baseline
3,alibi,soft_credibility,coalition_favorable_rate,catch_outside minus baseline,10,0.0,0.0,0.0,0.0,"[0.0,0.0,0.0,0.0,0.0,0.0,0.0,0.0,0.0,0.0]",
3,alibi,,coalition_favorable_rate,soft_credibility minus mean,10,0.0,0.0,0.0,0.0,"[0.0,0.0,0.0,0.0,0.0,0.0,0.0,0.0,0.0,0.0]",catch_outside
3,alibi,soft_credibility,creator_ejection_rate,catch_outside minus baseline,10,0.0,0.0,0.0,0.0,"[0.0,0.0,0.0,0.0,0.0,0.0,0.0,0.0,0.0,0.0]",
3,alibi,,creator_ejection_rate,soft_credibility minus mean,10,0.0,0.0,0.0,0.0,"[0.0,0.0,0.0,0.0,0.0,0.0,0.0,0.0,0.0,0.0]",catch_outside
3,alibi,soft_credibility,creator_survival,catch_outside minus baseline,10,0.0,0.0,0.0,0.0,"[0.0,0.0,0.0,0.0,0.0,0.0,0.0,0.0,0.0,0.0]",
3,alibi,,creator_survival,soft_credibility minus mean,10,0.0,0.0,0.0,0.0,"[0.0,0.0,0.0,0.0,0.0,0.0,0.0,0.0,0.0,0.0]",catch_outside
3,alibi,soft_credibility,false_ejection_rate,catch_outside minus baseline,10,-0.02420000000000001,0.00662989860824097,-0.03200000000000003,-0.010000000000000009,"[-0.010000000000000009,-0.016000000000000014,-0.027999999999999914,-0.03200000000000003,-0.026000000000000023,-0.026000000000000023,-0.030000000000000027,-0.02200000000000002,-0.026000000000000023,-0.026000000000000023]",
3,alibi,,false_ejection_rate,soft_credibility minus mean,10,-0.0134,0.007366591251499343,-0.026000000000000023,-0.0020000000000000018,"[-0.0020000000000000018,-0.016000000000000014,-0.017999999999999905,-0.018000000000000016,-0.014000000000000012,-0.0020000000000000018,-0.01200000000000001,-0.016000000000000014,-0.026000000000000023,-0.010000000000000009]",catch_outside
3,alibi,soft_credibility,incident_rate,catch_outside minus baseline,10,0.0,0.0,0.0,0.0,"[0.0,0.0,0.0,0.0,0.0,0.0,0.0,0.0,0.0,0.0]",
3,alibi,,incident_rate,soft_credibility minus mean,10,0.0,0.0,0.0,0.0,"[0.0,0.0,0.0,0.0,0.0,0.0,0.0,0.0,0.0,0.0]",catch_outside
3,alibi,soft_credibility,no_ejection_rate,catch_outside minus baseline,10,0.024199999999999992,0.0066298986082409805,0.010000000000000009,0.03200000000000003,"[0.010000000000000009,0.01599999999999996,0.028000000000000025,0.03200000000000003,0.025999999999999968,0.025999999999999968,0.030000000000000027,0.021999999999999964,0.026000000000000023,0.025999999999999968]",
3,alibi,,no_ejection_rate,soft_credibility minus mean,10,0.0134,0.007366591251499345,0.0020000000000000018,0.026000000000000023,"[0.0020000000000000018,0.01599999999999996,0.018000000000000016,0.018000000000000016,0.014000000000000012,0.0020000000000000018,0.01200000000000001,0.01599999999999996,0.026000000000000023,0.010000000000000009]",catch_outside
3,framer,mean,coalition_favorable_rate,alibi_off minus baseline,10,0.0,0.0,0.0,0.0,"[0.0,0.0,0.0,0.0,0.0,0.0,0.0,0.0,0.0,0.0]",
3,framer,mean,creator_ejection_rate,alibi_off minus baseline,10,0.0,0.0,0.0,0.0,"[0.0,0.0,0.0,0.0,0.0,0.0,0.0,0.0,0.0,0.0]",
3,framer,mean,creator_survival,alibi_off minus baseline,10,0.0,0.0,0.0,0.0,"[0.0,0.0,0.0,0.0,0.0,0.0,0.0,0.0,0.0,0.0]",
3,framer,mean,false_ejection_rate,alibi_off minus baseline,10,0.0016000000000000014,0.0018378731669453643,0.0,0.0040000000000000036,"[0.0040000000000000036,0.0,0.0,0.0040000000000000036,0.0,0.0020000000000000018,0.0020000000000000018,0.0,0.0040000000000000036,0.0]",
3,framer,mean,incident_rate,alibi_off minus baseline,10,0.0,0.0,0.0,0.0,"[0.0,0.0,0.0,0.0,0.0,0.0,0.0,0.0,0.0,0.0]",
3,framer,mean,no_ejection_rate,alibi_off minus baseline,10,-0.0016000000000000014,0.0018378731669453643,-0.0040000000000000036,0.0,"[-0.0040000000000000036,0.0,0.0,-0.0040000000000000036,0.0,-0.0020000000000000018,-0.0020000000000000018,0.0,-0.0040000000000000036,0.0]",
3,framer,mean,coalition_favorable_rate,catch_outside minus baseline,10,0.0,0.0,0.0,0.0,"[0.0,0.0,0.0,0.0,0.0,0.0,0.0,0.0,0.0,0.0]",
3,framer,mean,creator_ejection_rate,catch_outside minus baseline,10,0.0,0.0,0.0,0.0,"[0.0,0.0,0.0,0.0,0.0,0.0,0.0,0.0,0.0,0.0]",
3,framer,mean,creator_survival,catch_outside minus baseline,10,0.0,0.0,0.0,0.0,"[0.0,0.0,0.0,0.0,0.0,0.0,0.0,0.0,0.0,0.0]",
3,framer,mean,false_ejection_rate,catch_outside minus baseline,10,0.0,0.0,0.0,0.0,"[0.0,0.0,0.0,0.0,0.0,0.0,0.0,0.0,0.0,0.0]",
3,framer,mean,incident_rate,catch_outside minus baseline,10,0.0,0.0,0.0,0.0,"[0.0,0.0,0.0,0.0,0.0,0.0,0.0,0.0,0.0,0.0]",
3,framer,mean,no_ejection_rate,catch_outside minus baseline,10,0.0,0.0,0.0,0.0,"[0.0,0.0,0.0,0.0,0.0,0.0,0.0,0.0,0.0,0.0]",
3,framer,sharp_credibility,coalition_favorable_rate,alibi_off minus baseline,10,0.0,0.0,0.0,0.0,"[0.0,0.0,0.0,0.0,0.0,0.0,0.0,0.0,0.0,0.0]",
3,framer,,coalition_favorable_rate,sharp_credibility minus mean,10,0.0,0.0,0.0,0.0,"[0.0,0.0,0.0,0.0,0.0,0.0,0.0,0.0,0.0,0.0]",alibi_off
3,framer,sharp_credibility,creator_ejection_rate,alibi_off minus baseline,10,0.0,0.0,0.0,0.0,"[0.0,0.0,0.0,0.0,0.0,0.0,0.0,0.0,0.0,0.0]",
3,framer,,creator_ejection_rate,sharp_credibility minus mean,10,0.0,0.0,0.0,0.0,"[0.0,0.0,0.0,0.0,0.0,0.0,0.0,0.0,0.0,0.0]",alibi_off
3,framer,sharp_credibility,creator_survival,alibi_off minus baseline,10,0.0,0.0,0.0,0.0,"[0.0,0.0,0.0,0.0,0.0,0.0,0.0,0.0,0.0,0.0]",
3,framer,,creator_survival,sharp_credibility minus mean,10,0.0,0.0,0.0,0.0,"[0.0,0.0,0.0,0.0,0.0,0.0,0.0,0.0,0.0,0.0]",alibi_off
3,framer,sharp_credibility,false_ejection_rate,alibi_off minus baseline,10,0.004800000000000004,0.0019321835661585934,0.0020000000000000018,0.008000000000000007,"[0.008000000000000007,0.006000000000000005,0.006000000000000005,0.006000000000000005,0.0020000000000000018,0.0020000000000000018,0.0040000000000000036,0.0040000000000000036,0.006000000000000005,0.0040000000000000036]",
3,framer,,false_ejection_rate,sharp_credibility minus mean,10,-0.019800000000000005,0.004565571644870396,-0.028000000000000025,-0.014000000000000012,"[-0.028000000000000025,-0.016000000000000014,-0.020000000000000018,-0.016000000000000014,-0.026000000000000023,-0.02200000000000002,-0.015999999999999903,-0.020000000000000018,-0.014000000000000012,-0.020000000000000018]",alibi_off
3,framer,sharp_credibility,incident_rate,alibi_off minus baseline,10,0.0,0.0,0.0,0.0,"[0.0,0.0,0.0,0.0,0.0,0.0,0.0,0.0,0.0,0.0]",
3,framer,,incident_rate,sharp_credibility minus mean,10,0.0,0.0,0.0,0.0,"[0.0,0.0,0.0,0.0,0.0,0.0,0.0,0.0,0.0,0.0]",alibi_off
3,framer,sharp_credibility,no_ejection_rate,alibi_off minus baseline,10,-0.004799999999999999,0.0019321835661585834,-0.007999999999999952,-0.0020000000000000018,"[-0.007999999999999952,-0.006000000000000005,-0.006000000000000005,-0.006000000000000005,-0.0020000000000000018,-0.0020000000000000018,-0.0040000000000000036,-0.0040000000000000036,-0.006000000000000005,-0.0040000000000000036]",
3,framer,,no_ejection_rate,sharp_credibility minus mean,10,0.019799999999999995,0.004565571644870395,0.014000000000000012,0.028000000000000025,"[0.028000000000000025,0.01599999999999996,0.020000000000000018,0.01599999999999996,0.026000000000000023,0.02200000000000002,0.016000000000000014,0.019999999999999962,0.014000000000000012,0.019999999999999962]",alibi_off
3,framer,,coalition_favorable_rate,sharp_credibility minus mean,10,0.0,0.0,0.0,0.0,"[0.0,0.0,0.0,0.0,0.0,0.0,0.0,0.0,0.0,0.0]",baseline
3,framer,,creator_ejection_rate,sharp_credibility minus mean,10,0.0,0.0,0.0,0.0,"[0.0,0.0,0.0,0.0,0.0,0.0,0.0,0.0,0.0,0.0]",baseline
3,framer,,creator_survival,sharp_credibility minus mean,10,0.0,0.0,0.0,0.0,"[0.0,0.0,0.0,0.0,0.0,0.0,0.0,0.0,0.0,0.0]",baseline
3,framer,,false_ejection_rate,sharp_credibility minus mean,10,-0.02300000000000001,0.004921607686744484,-0.03200000000000003,-0.016000000000000014,"[-0.03200000000000003,-0.02200000000000002,-0.026000000000000023,-0.018000000000000016,-0.028000000000000025,-0.02200000000000002,-0.017999999999999905,-0.02400000000000002,-0.016000000000000014,-0.02400000000000002]",baseline
3,framer,,incident_rate,sharp_credibility minus mean,10,0.0,0.0,0.0,0.0,"[0.0,0.0,0.0,0.0,0.0,0.0,0.0,0.0,0.0,0.0]",baseline
3,framer,,no_ejection_rate,sharp_credibility minus mean,10,0.022999999999999993,0.004921607686744465,0.016000000000000014,0.03199999999999997,"[0.03199999999999997,0.021999999999999964,0.026000000000000023,0.01799999999999996,0.028000000000000025,0.02200000000000002,0.018000000000000016,0.023999999999999966,0.016000000000000014,0.023999999999999966]",baseline
3,framer,sharp_credibility,coalition_favorable_rate,catch_outside minus baseline,10,0.0,0.0,0.0,0.0,"[0.0,0.0,0.0,0.0,0.0,0.0,0.0,0.0,0.0,0.0]",
3,framer,,coalition_favorable_rate,sharp_credibility minus mean,10,0.0,0.0,0.0,0.0,"[0.0,0.0,0.0,0.0,0.0,0.0,0.0,0.0,0.0,0.0]",catch_outside
3,framer,sharp_credibility,creator_ejection_rate,catch_outside minus baseline,10,0.0,0.0,0.0,0.0,"[0.0,0.0,0.0,0.0,0.0,0.0,0.0,0.0,0.0,0.0]",
3,framer,,creator_ejection_rate,sharp_credibility minus mean,10,0.0,0.0,0.0,0.0,"[0.0,0.0,0.0,0.0,0.0,0.0,0.0,0.0,0.0,0.0]",catch_outside
3,framer,sharp_credibility,creator_survival,catch_outside minus baseline,10,0.0,0.0,0.0,0.0,"[0.0,0.0,0.0,0.0,0.0,0.0,0.0,0.0,0.0,0.0]",
3,framer,,creator_survival,sharp_credibility minus mean,10,0.0,0.0,0.0,0.0,"[0.0,0.0,0.0,0.0,0.0,0.0,0.0,0.0,0.0,0.0]",catch_outside
3,framer,sharp_credibility,false_ejection_rate,catch_outside minus baseline,10,-0.0014000000000000013,0.001349897115421107,-0.0040000000000000036,0.0,"[-0.0020000000000000018,0.0,0.0,0.0,-0.0020000000000000018,-0.0040000000000000036,-0.0020000000000000018,-0.0020000000000000018,-0.0020000000000000018,0.0]",
3,framer,,false_ejection_rate,sharp_credibility minus mean,10,-0.024400000000000012,0.005146735750831691,-0.03400000000000003,-0.018000000000000016,"[-0.03400000000000003,-0.02200000000000002,-0.026000000000000023,-0.018000000000000016,-0.030000000000000027,-0.026000000000000023,-0.019999999999999907,-0.026000000000000023,-0.018000000000000016,-0.02400000000000002]",catch_outside
3,framer,sharp_credibility,incident_rate,catch_outside minus baseline,10,0.0,0.0,0.0,0.0,"[0.0,0.0,0.0,0.0,0.0,0.0,0.0,0.0,0.0,0.0]",
3,framer,,incident_rate,sharp_credibility minus mean,10,0.0,0.0,0.0,0.0,"[0.0,0.0,0.0,0.0,0.0,0.0,0.0,0.0,0.0,0.0]",catch_outside
3,framer,sharp_credibility,no_ejection_rate,catch_outside minus baseline,10,0.0014000000000000013,0.001349897115421107,0.0,0.0040000000000000036,"[0.0020000000000000018,0.0,0.0,0.0,0.0020000000000000018,0.0040000000000000036,0.0020000000000000018,0.0020000000000000018,0.0020000000000000018,0.0]",
3,framer,,no_ejection_rate,sharp_credibility minus mean,10,0.024399999999999995,0.005146735750831678,0.01799999999999996,0.033999999999999975,"[0.033999999999999975,0.021999999999999964,0.026000000000000023,0.01799999999999996,0.030000000000000027,0.026000000000000023,0.020000000000000018,0.025999999999999968,0.018000000000000016,0.023999999999999966]",catch_outside
3,framer,soft_credibility,coalition_favorable_rate,alibi_off minus baseline,10,0.0,0.0,0.0,0.0,"[0.0,0.0,0.0,0.0,0.0,0.0,0.0,0.0,0.0,0.0]",
3,framer,,coalition_favorable_rate,soft_credibility minus mean,10,0.0,0.0,0.0,0.0,"[0.0,0.0,0.0,0.0,0.0,0.0,0.0,0.0,0.0,0.0]",alibi_off
3,framer,soft_credibility,creator_ejection_rate,alibi_off minus baseline,10,0.0,0.0,0.0,0.0,"[0.0,0.0,0.0,0.0,0.0,0.0,0.0,0.0,0.0,0.0]",
3,framer,,creator_ejection_rate,soft_credibility minus mean,10,0.0,0.0,0.0,0.0,"[0.0,0.0,0.0,0.0,0.0,0.0,0.0,0.0,0.0,0.0]",alibi_off
3,framer,soft_credibility,creator_survival,alibi_off minus baseline,10,0.0,0.0,0.0,0.0,"[0.0,0.0,0.0,0.0,0.0,0.0,0.0,0.0,0.0,0.0]",
3,framer,,creator_survival,soft_credibility minus mean,10,0.0,0.0,0.0,0.0,"[0.0,0.0,0.0,0.0,0.0,0.0,0.0,0.0,0.0,0.0]",alibi_off
3,framer,soft_credibility,false_ejection_rate,alibi_off minus baseline,10,0.001200000000000001,0.0010327955589886455,0.0,0.0020000000000000018,"[0.0020000000000000018,0.0020000000000000018,0.0,0.0020000000000000018,0.0020000000000000018,0.0020000000000000018,0.0,0.0,0.0020000000000000018,0.0]",
3,framer,,false_ejection_rate,soft_credibility minus mean,10,-0.006399999999999994,0.0026331223544175373,-0.010000000000000009,-0.0020000000000000018,"[-0.010000000000000009,-0.0040000000000000036,-0.008000000000000007,-0.0020000000000000018,-0.006000000000000005,-0.008000000000000007,-0.005999999999999894,-0.010000000000000009,-0.0040000000000000036,-0.006000000000000005]",alibi_off
3,framer,soft_credibility,incident_rate,alibi_off minus baseline,10,0.0,0.0,0.0,0.0,"[0.0,0.0,0.0,0.0,0.0,0.0,0.0,0.0,0.0,0.0]",
3,framer,,incident_rate,soft_credibility minus mean,10,0.0,0.0,0.0,0.0,"[0.0,0.0,0.0,0.0,0.0,0.0,0.0,0.0,0.0,0.0]",alibi_off
3,framer,soft_credibility,no_ejection_rate,alibi_off minus baseline,10,-0.001200000000000001,0.0010327955589886455,-0.0020000000000000018,0.0,"[-0.0020000000000000018,-0.0020000000000000018,0.0,-0.0020000000000000018,-0.0020000000000000018,-0.0020000000000000018,0.0,0.0,-0.0020000000000000018,0.0]",
3,framer,,no_ejection_rate,soft_credibility minus mean,10,0.0064000000000000055,0.0026331223544175356,0.0020000000000000018,0.010000000000000009,"[0.010000000000000009,0.0040000000000000036,0.008000000000000007,0.0020000000000000018,0.006000000000000005,0.008000000000000007,0.006000000000000005,0.010000000000000009,0.0040000000000000036,0.006000000000000005]",alibi_off
3,framer,,coalition_favorable_rate,soft_credibility minus mean,10,0.0,0.0,0.0,0.0,"[0.0,0.0,0.0,0.0,0.0,0.0,0.0,0.0,0.0,0.0]",baseline
3,framer,,creator_ejection_rate,soft_credibility minus mean,10,0.0,0.0,0.0,0.0,"[0.0,0.0,0.0,0.0,0.0,0.0,0.0,0.0,0.0,0.0]",baseline
3,framer,,creator_survival,soft_credibility minus mean,10,0.0,0.0,0.0,0.0,"[0.0,0.0,0.0,0.0,0.0,0.0,0.0,0.0,0.0,0.0]",baseline
3,framer,,false_ejection_rate,soft_credibility minus mean,10,-0.005999999999999994,0.0031269438398822966,-0.010000000000000009,0.0,"[-0.008000000000000007,-0.006000000000000005,-0.008000000000000007,0.0,-0.008000000000000007,-0.008000000000000007,-0.0039999999999998925,-0.010000000000000009,-0.0020000000000000018,-0.006000000000000005]",baseline
3,framer,,incident_rate,soft_credibility minus mean,10,0.0,0.0,0.0,0.0,"[0.0,0.0,0.0,0.0,0.0,0.0,0.0,0.0,0.0,0.0]",baseline
3,framer,,no_ejection_rate,soft_credibility minus mean,10,0.006000000000000005,0.0031269438398822892,0.0,0.010000000000000009,"[0.008000000000000007,0.006000000000000005,0.008000000000000007,0.0,0.008000000000000007,0.008000000000000007,0.0040000000000000036,0.010000000000000009,0.0020000000000000018,0.006000000000000005]",baseline
3,framer,soft_credibility,coalition_favorable_rate,catch_outside minus baseline,10,0.0,0.0,0.0,0.0,"[0.0,0.0,0.0,0.0,0.0,0.0,0.0,0.0,0.0,0.0]",
3,framer,,coalition_favorable_rate,soft_credibility minus mean,10,0.0,0.0,0.0,0.0,"[0.0,0.0,0.0,0.0,0.0,0.0,0.0,0.0,0.0,0.0]",catch_outside
3,framer,soft_credibility,creator_ejection_rate,catch_outside minus baseline,10,0.0,0.0,0.0,0.0,"[0.0,0.0,0.0,0.0,0.0,0.0,0.0,0.0,0.0,0.0]",
3,framer,,creator_ejection_rate,soft_credibility minus mean,10,0.0,0.0,0.0,0.0,"[0.0,0.0,0.0,0.0,0.0,0.0,0.0,0.0,0.0,0.0]",catch_outside
3,framer,soft_credibility,creator_survival,catch_outside minus baseline,10,0.0,0.0,0.0,0.0,"[0.0,0.0,0.0,0.0,0.0,0.0,0.0,0.0,0.0,0.0]",
3,framer,,creator_survival,soft_credibility minus mean,10,0.0,0.0,0.0,0.0,"[0.0,0.0,0.0,0.0,0.0,0.0,0.0,0.0,0.0,0.0]",catch_outside
3,framer,soft_credibility,false_ejection_rate,catch_outside minus baseline,10,0.0,0.0,0.0,0.0,"[0.0,0.0,0.0,0.0,0.0,0.0,0.0,0.0,0.0,0.0]",
3,framer,,false_ejection_rate,soft_credibility minus mean,10,-0.005999999999999994,0.0031269438398822966,-0.010000000000000009,0.0,"[-0.008000000000000007,-0.006000000000000005,-0.008000000000000007,0.0,-0.008000000000000007,-0.008000000000000007,-0.0039999999999998925,-0.010000000000000009,-0.0020000000000000018,-0.006000000000000005]",catch_outside
3,framer,soft_credibility,incident_rate,catch_outside minus baseline,10,0.0,0.0,0.0,0.0,"[0.0,0.0,0.0,0.0,0.0,0.0,0.0,0.0,0.0,0.0]",
3,framer,,incident_rate,soft_credibility minus mean,10,0.0,0.0,0.0,0.0,"[0.0,0.0,0.0,0.0,0.0,0.0,0.0,0.0,0.0,0.0]",catch_outside
3,framer,soft_credibility,no_ejection_rate,catch_outside minus baseline,10,0.0,0.0,0.0,0.0,"[0.0,0.0,0.0,0.0,0.0,0.0,0.0,0.0,0.0,0.0]",
3,framer,,no_ejection_rate,soft_credibility minus mean,10,0.006000000000000005,0.0031269438398822892,0.0,0.010000000000000009,"[0.008000000000000007,0.006000000000000005,0.008000000000000007,0.0,0.008000000000000007,0.008000000000000007,0.0040000000000000036,0.010000000000000009,0.0020000000000000018,0.006000000000000005]",catch_outside
3,lone_liar,mean,coalition_favorable_rate,alibi_off minus baseline,10,0.14479999999999996,0.01411697166140416,0.126,0.17199999999999993,"[0.126,0.14600000000000002,0.14,0.1479999999999999,0.17199999999999993,0.15999999999999992,0.14200000000000002,0.138,0.126,0.15000000000000002]",
3,lone_liar,mean,creator_ejection_rate,alibi_off minus baseline,10,-0.1374,0.01426884718538958,-0.162,-0.11599999999999999,"[-0.118,-0.144,-0.136,-0.138,-0.162,-0.15200000000000002,-0.136,-0.128,-0.11599999999999999,-0.144]",
3,lone_liar,mean,creator_survival,alibi_off minus baseline,10,0.13740000000000002,0.014268847185389556,0.11599999999999999,0.16199999999999992,"[0.118,0.14400000000000002,0.136,0.138,0.16199999999999992,0.1519999999999999,0.136,0.128,0.11599999999999999,0.14400000000000002]",
3,lone_liar,mean,false_ejection_rate,alibi_off minus baseline,10,0.0372,0.010206751578135808,0.019999999999999962,0.04999999999999999,"[0.035999999999999976,0.04999999999999999,0.026000000000000023,0.030000000000000027,0.04200000000000004,0.045999999999999985,0.019999999999999962,0.04999999999999999,0.03199999999999997,0.040000000000000036]",
3,lone_liar,mean,incident_rate,alibi_off minus baseline,10,0.0,0.0,0.0,0.0,"[0.0,0.0,0.0,0.0,0.0,0.0,0.0,0.0,0.0,0.0]",
3,lone_liar,mean,no_ejection_rate,alibi_off minus baseline,10,0.10759999999999999,0.014599847792205084,0.08799999999999997,0.12999999999999995,"[0.08999999999999997,0.09599999999999997,0.11399999999999999,0.118,0.12999999999999995,0.11399999999999999,0.122,0.08799999999999997,0.09399999999999997,0.10999999999999993]",
3,lone_liar,mean,coalition_favorable_rate,catch_outside minus baseline,10,0.0,0.0,0.0,0.0,"[0.0,0.0,0.0,0.0,0.0,0.0,0.0,0.0,0.0,0.0]",
3,lone_liar,mean,creator_ejection_rate,catch_outside minus baseline,10,0.0,0.0,0.0,0.0,"[0.0,0.0,0.0,0.0,0.0,0.0,0.0,0.0,0.0,0.0]",
3,lone_liar,mean,creator_survival,catch_outside minus baseline,10,0.0,0.0,0.0,0.0,"[0.0,0.0,0.0,0.0,0.0,0.0,0.0,0.0,0.0,0.0]",
3,lone_liar,mean,false_ejection_rate,catch_outside minus baseline,10,0.0,0.0,0.0,0.0,"[0.0,0.0,0.0,0.0,0.0,0.0,0.0,0.0,0.0,0.0]",
3,lone_liar,mean,incident_rate,catch_outside minus baseline,10,0.0,0.0,0.0,0.0,"[0.0,0.0,0.0,0.0,0.0,0.0,0.0,0.0,0.0,0.0]",
3,lone_liar,mean,no_ejection_rate,catch_outside minus baseline,10,0.0,0.0,0.0,0.0,"[0.0,0.0,0.0,0.0,0.0,0.0,0.0,0.0,0.0,0.0]",
3,lone_liar,sharp_credibility,coalition_favorable_rate,alibi_off minus baseline,10,0.1436,0.01295462165492383,0.126,0.16799999999999993,"[0.132,0.134,0.14200000000000002,0.14600000000000002,0.16799999999999993,0.16199999999999992,0.14,0.14,0.126,0.14600000000000002]",
3,lone_liar,,coalition_favorable_rate,sharp_credibility minus mean,10,0.01140000000000001,0.004623610902506591,0.0040000000000000036,0.018000000000000016,"[0.01200000000000001,0.0040000000000000036,0.008000000000000007,0.018000000000000016,0.01200000000000001,0.014000000000000012,0.006000000000000005,0.01200000000000001,0.018000000000000016,0.010000000000000009]",alibi_off
3,lone_liar,sharp_credibility,creator_ejection_rate,alibi_off minus baseline,10,-0.1226,0.012438292129995622,-0.146,-0.10600000000000001,"[-0.11,-0.124,-0.11599999999999999,-0.126,-0.146,-0.138,-0.124,-0.11200000000000002,-0.10600000000000001,-0.124]",
3,lone_liar,,creator_ejection_rate,sharp_credibility minus mean,10,-0.011400000000000002,0.004623610902506587,-0.018000000000000002,-0.004,"[-0.012,-0.004,-0.008000000000000004,-0.018000000000000002,-0.012,-0.013999999999999999,-0.005999999999999998,-0.012,-0.018000000000000002,-0.010000000000000002]",alibi_off
3,lone_liar,sharp_credibility,creator_survival,alibi_off minus baseline,10,0.1226,0.012438292129995636,0.10599999999999998,0.14600000000000002,"[0.10999999999999999,0.124,0.11599999999999999,0.126,0.14600000000000002,0.138,0.124,0.11199999999999999,0.10599999999999998,0.124]",
3,lone_liar,,creator_survival,sharp_credibility minus mean,10,0.01140000000000001,0.004623610902506591,0.0040000000000000036,0.018000000000000016,"[0.01200000000000001,0.0040000000000000036,0.008000000000000007,0.018000000000000016,0.01200000000000001,0.014000000000000012,0.006000000000000005,0.01200000000000001,0.018000000000000016,0.010000000000000009]",alibi_off
3,lone_liar,sharp_credibility,false_ejection_rate,alibi_off minus baseline,10,0.017800000000000007,0.009449279807947745,0.0,0.030000000000000027,"[0.020000000000000018,0.02200000000000002,0.014000000000000012,0.006000000000000005,0.03,0.015999999999999986,0.0,0.030000000000000027,0.01999999999999999,0.020000000000000018]",
3,lone_liar,,false_ejection_rate,sharp_credibility minus mean,10,-0.1474,0.024111776744524204,-0.174,-0.10999999999999999,"[-0.11599999999999996,-0.10999999999999999,-0.148,-0.17,-0.14800000000000002,-0.148,-0.174,-0.174,-0.122,-0.164]",alibi_off
3,lone_liar,sharp_credibility,incident_rate,alibi_off minus baseline,10,0.0,0.0,0.0,0.0,"[0.0,0.0,0.0,0.0,0.0,0.0,0.0,0.0,0.0,0.0]",
3,lone_liar,,incident_rate,sharp_credibility minus mean,10,0.0,0.0,0.0,0.0,"[0.0,0.0,0.0,0.0,0.0,0.0,0.0,0.0,0.0,0.0]",alibi_off
3,lone_liar,sharp_credibility,no_ejection_rate,alibi_off minus baseline,10,0.1258,0.014860835926839542,0.10599999999999998,0.14600000000000002,"[0.11199999999999999,0.11199999999999999,0.128,0.14,0.138,0.14600000000000002,0.14,0.10999999999999999,0.10599999999999998,0.126]",
3,lone_liar,,no_ejection_rate,sharp_credibility minus mean,10,0.1588,0.024947945807220304,0.11399999999999999,0.18800000000000006,"[0.128,0.11399999999999999,0.15600000000000003,0.18800000000000006,0.16000000000000003,0.16200000000000003,0.18000000000000005,0.18600000000000005,0.14,0.17400000000000004]",alibi_off
3,lone_liar,,coalition_favorable_rate,sharp_credibility minus mean,10,0.0126,0.0049933288829530536,0.006000000000000005,0.019999999999999907,"[0.006000000000000005,0.016000000000000014,0.006000000000000005,0.019999999999999907,0.016000000000000014,0.01200000000000001,0.008000000000000007,0.010000000000000009,0.018000000000000016,0.014000000000000012]",baseline
3,lone_liar,,creator_ejection_rate,sharp_credibility minus mean,10,-0.0262,0.004157990967870047,-0.03,-0.018000000000000016,"[-0.01999999999999999,-0.023999999999999994,-0.028000000000000025,-0.03,-0.028000000000000025,-0.027999999999999997,-0.018000000000000016,-0.027999999999999997,-0.027999999999999997,-0.03]",baseline
3,lone_liar,,creator_survival,sharp_credibility minus mean,10,0.0262,0.00415799096787004,0.018000000000000016,0.030000000000000027,"[0.020000000000000018,0.02400000000000002,0.028000000000000025,0.030000000000000027,0.027999999999999914,0.027999999999999914,0.018000000000000016,0.028000000000000025,0.028000000000000025,0.030000000000000027]",baseline
3,lone_liar,,false_ejection_rate,sharp_credibility minus mean,10,-0.128,0.024458581770458853,-0.15400000000000003,-0.08200000000000002,"[-0.1,-0.08200000000000002,-0.13599999999999998,-0.146,-0.13599999999999998,-0.118,-0.15400000000000003,-0.15400000000000003,-0.11000000000000001,-0.144]",baseline
3,lone_liar,,incident_rate,sharp_credibility minus mean,10,0.0,0.0,0.0,0.0,"[0.0,0.0,0.0,0.0,0.0,0.0,0.0,0.0,0.0,0.0]",baseline
3,lone_liar,,no_ejection_rate,sharp_credibility minus mean,10,0.1406,0.024423122013552845,0.09799999999999998,0.16600000000000004,"[0.10599999999999998,0.09799999999999998,0.14200000000000002,0.16600000000000004,0.15199999999999997,0.13,0.16200000000000003,0.16400000000000003,0.128,0.15799999999999997]",baseline
3,lone_liar,sharp_credibility,coalition_favorable_rate,catch_outside minus baseline,10,-0.01319999999999999,0.005432413009990209,-0.019999999999999907,-0.006000000000000005,"[-0.006000000000000005,-0.018000000000000016,-0.006000000000000005,-0.019999999999999907,-0.016000000000000014,-0.01200000000000001,-0.008000000000000007,-0.010000000000000009,-0.018000000000000016,-0.017999999999999905]",
3,lone_liar,,coalition_favorable_rate,sharp_credibility minus mean,10,-0.0005999999999999894,0.001349897115421076,-0.0039999999999998925,0.0,"[0.0,-0.0020000000000000018,0.0,0.0,0.0,0.0,0.0,0.0,0.0,-0.0039999999999998925]",catch_outside
3,lone_liar,sharp_credibility,creator_ejection_rate,catch_outside minus baseline,10,0.0268,0.004638007234913623,0.018000000000000016,0.034,"[0.01999999999999999,0.025999999999999995,0.028000000000000025,0.03,0.028000000000000025,0.027999999999999997,0.018000000000000016,0.027999999999999997,0.027999999999999997,0.034]",
3,lone_liar,,creator_ejection_rate,sharp_credibility minus mean,10,0.0006000000000000005,0.001349897115421107,0.0,0.0040000000000000036,"[0.0,0.0020000000000000018,0.0,0.0,0.0,0.0,0.0,0.0,0.0,0.0040000000000000036]",catch_outside
3,lone_liar,sharp_credibility,creator_survival,catch_outside minus baseline,10,-0.0268,0.004638007234913621,-0.03400000000000003,-0.018000000000000016,"[-0.020000000000000018,-0.026000000000000023,-0.028000000000000025,-0.030000000000000027,-0.027999999999999914,-0.027999999999999914,-0.018000000000000016,-0.028000000000000025,-0.028000000000000025,-0.03400000000000003]",
3,lone_liar,,creator_survival,sharp_credibility minus mean,10,-0.0006000000000000005,0.001349897115421107,-0.0040000000000000036,0.0,"[0.0,-0.0020000000000000018,0.0,0.0,0.0,0.0,0.0,0.0,0.0,-0.0040000000000000036]",catch_outside
3,lone_liar,sharp_credibility,false_ejection_rate,catch_outside minus baseline,10,0.122,0.024166091947189144,0.07600000000000001,0.15200000000000002,"[0.098,0.07600000000000001,0.12599999999999997,0.13999999999999999,0.13200000000000003,0.10799999999999998,0.15200000000000002,0.14600000000000002,0.10600000000000001,0.13599999999999998]",
3,lone_liar,,false_ejection_rate,sharp_credibility minus mean,10,-0.006,0.0029814239699997268,-0.010000000000000009,-0.0020000000000000018,"[-0.0020000000000000018,-0.006000000000000005,-0.010000000000000009,-0.006000000000000005,-0.003999999999999948,-0.010000000000000009,-0.0020000000000000018,-0.008000000000000007,-0.0040000000000000036,-0.008000000000000007]",catch_outside
3,lone_liar,sharp_credibility,incident_rate,catch_outside minus baseline,10,0.0,0.0,0.0,0.0,"[0.0,0.0,0.0,0.0,0.0,0.0,0.0,0.0,0.0,0.0]",
3,lone_liar,,incident_rate,sharp_credibility minus mean,10,0.0,0.0,0.0,0.0,"[0.0,0.0,0.0,0.0,0.0,0.0,0.0,0.0,0.0,0.0]",catch_outside
3,lone_liar,sharp_credibility,no_ejection_rate,catch_outside minus baseline,10,-0.1352,0.02407765215575086,-0.16000000000000003,-0.09399999999999997,"[-0.10399999999999998,-0.09399999999999997,-0.132,-0.16000000000000003,-0.14799999999999996,-0.12,-0.16000000000000003,-0.15600000000000003,-0.124,-0.15399999999999997]",
3,lone_liar,,no_ejection_rate,sharp_credibility minus mean,10,0.005400000000000005,0.002988868236194655,0.0020000000000000018,0.010000000000000009,"[0.0020000000000000018,0.0040000000000000036,0.010000000000000009,0.006000000000000005,0.0040000000000000036,0.010000000000000009,0.0020000000000000018,0.008000000000000007,0.0040000000000000036,0.0040000000000000036]",catch_outside
3,lone_liar,soft_credibility,coalition_favorable_rate,alibi_off minus baseline,10,0.14479999999999996,0.01411697166140416,0.126,0.17199999999999993,"[0.126,0.14600000000000002,0.14,0.1479999999999999,0.17199999999999993,0.15999999999999992,0.14200000000000002,0.138,0.126,0.15000000000000002]",
3,lone_liar,,coalition_favorable_rate,soft_credibility minus mean,10,-0.00020000000000000017,0.0006324555320336765,-0.0020000000000000018,0.0,"[0.0,0.0,0.0,0.0,0.0,0.0,0.0,0.0,0.0,-0.0020000000000000018]",alibi_off
3,lone_liar,soft_credibility,creator_ejection_rate,alibi_off minus baseline,10,-0.12999999999999998,0.013856406460551019,-0.152,-0.10800000000000001,"[-0.10800000000000001,-0.14200000000000002,-0.122,-0.134,-0.152,-0.14,-0.132,-0.126,-0.10999999999999999,-0.134]",
3,lone_liar,,creator_ejection_rate,soft_credibility minus mean,10,0.0001999999999999995,0.0006324555320336743,0.0,0.001999999999999995,"[0.0,0.0,0.0,0.0,0.0,0.0,0.0,0.0,0.0,0.001999999999999995]",alibi_off
3,lone_liar,soft_credibility,creator_survival,alibi_off minus baseline,10,0.12999999999999998,0.01385640646055101,0.10799999999999998,0.1519999999999999,"[0.10799999999999998,0.14200000000000002,0.122,0.134,0.1519999999999999,0.14,0.132,0.126,0.10999999999999999,0.134]",
3,lone_liar,,creator_survival,soft_credibility minus mean,10,-0.00020000000000000017,0.0006324555320336765,-0.0020000000000000018,0.0,"[0.0,0.0,0.0,0.0,0.0,0.0,0.0,0.0,0.0,-0.0020000000000000018]",alibi_off
3,lone_liar,soft_credibility,false_ejection_rate,alibi_off minus baseline,10,0.0372,0.010206751578135814,0.01999999999999999,0.05000000000000002,"[0.035999999999999976,0.05000000000000002,0.025999999999999995,0.03,0.04200000000000001,0.045999999999999985,0.01999999999999999,0.05000000000000002,0.032,0.04000000000000001]",
3,lone_liar,,false_ejection_rate,soft_credibility minus mean,10,-0.1556,0.01952320556557134,-0.17600000000000002,-0.11199999999999999,"[-0.13799999999999998,-0.11199999999999999,-0.158,-0.17200000000000001,-0.16,-0.15,-0.16599999999999998,-0.174,-0.15,-0.17600000000000002]",alibi_off
3,lone_liar,soft_credibility,incident_rate,alibi_off minus baseline,10,0.0,0.0,0.0,0.0,"[0.0,0.0,0.0,0.0,0.0,0.0,0.0,0.0,0.0,0.0]",
3,lone_liar,,incident_rate,soft_credibility minus mean,10,0.0,0.0,0.0,0.0,"[0.0,0.0,0.0,0.0,0.0,0.0,0.0,0.0,0.0,0.0]",alibi_off
3,lone_liar,soft_credibility,no_ejection_rate,alibi_off minus baseline,10,0.10759999999999999,0.014599847792205094,0.08799999999999997,0.13,"[0.08999999999999997,0.09599999999999997,0.11399999999999999,0.118,0.13,0.11399999999999999,0.122,0.08799999999999997,0.09399999999999997,0.10999999999999999]",
3,lone_liar,,no_ejection_rate,soft_credibility minus mean,10,0.15540000000000004,0.019299971214716608,0.11199999999999999,0.17400000000000004,"[0.138,0.11199999999999999,0.15800000000000003,0.17200000000000004,0.16000000000000003,0.15000000000000002,0.16600000000000004,0.17400000000000004,0.15000000000000002,0.17400000000000004]",alibi_off
3,lone_liar,,coalition_favorable_rate,soft_credibility minus mean,10,-0.00020000000000000017,0.0006324555320336765,-0.0020000000000000018,0.0,"[0.0,0.0,0.0,0.0,0.0,0.0,0.0,0.0,0.0,-0.0020000000000000018]",baseline
3,lone_liar,,creator_ejection_rate,soft_credibility minus mean,10,-0.007199999999999998,0.004237399621885526,-0.014000000000000012,-0.001999999999999974,"[-0.009999999999999981,-0.001999999999999974,-0.014000000000000012,-0.0040000000000000036,-0.010000000000000009,-0.01200000000000001,-0.0040000000000000036,-0.0020000000000000018,-0.006000000000000005,-0.00799999999999998]",baseline
3,lone_liar,,creator_survival,soft_credibility minus mean,10,0.0071999999999999955,0.00423739962188551,0.0020000000000000018,0.014000000000000012,"[0.010000000000000009,0.0020000000000000018,0.014000000000000012,0.0040000000000000036,0.010000000000000009,0.0119999999999999,0.0040000000000000036,0.0020000000000000018,0.006000000000000005,0.008000000000000007]",baseline
3,lone_liar,,false_ejection_rate,soft_credibility minus mean,10,-0.1556,0.01952320556557133,-0.176,-0.11200000000000002,"[-0.13799999999999998,-0.11200000000000002,-0.15799999999999997,-0.172,-0.15999999999999998,-0.15,-0.166,-0.17400000000000002,-0.15000000000000002,-0.176]",baseline
3,lone_liar,,incident_rate,soft_credibility minus mean,10,0.0,0.0,0.0,0.0,"[0.0,0.0,0.0,0.0,0.0,0.0,0.0,0.0,0.0,0.0]",baseline
3,lone_liar,,no_ejection_rate,soft_credibility minus mean,10,0.15540000000000004,0.019299971214716598,0.11199999999999999,0.17400000000000004,"[0.138,0.11199999999999999,0.15800000000000003,0.17200000000000004,0.15999999999999998,0.15000000000000002,0.16600000000000004,0.17400000000000004,0.15000000000000002,0.174]",baseline
3,lone_liar,soft_credibility,coalition_favorable_rate,catch_outside minus baseline,10,0.0,0.0,0.0,0.0,"[0.0,0.0,0.0,0.0,0.0,0.0,0.0,0.0,0.0,0.0]",
3,lone_liar,,coalition_favorable_rate,soft_credibility minus mean,10,-0.00020000000000000017,0.0006324555320336765,-0.0020000000000000018,0.0,"[0.0,0.0,0.0,0.0,0.0,0.0,0.0,0.0,0.0,-0.0020000000000000018]",catch_outside
3,lone_liar,soft_credibility,creator_ejection_rate,catch_outside minus baseline,10,0.007399999999999999,0.004325634186002227,0.001999999999999974,0.014000000000000012,"[0.009999999999999981,0.001999999999999974,0.014000000000000012,0.0040000000000000036,0.010000000000000009,0.01200000000000001,0.0040000000000000036,0.0020000000000000018,0.006000000000000005,0.009999999999999981]",
3,lone_liar,,creator_ejection_rate,soft_credibility minus mean,10,0.00020000000000000017,0.0006324555320336765,0.0,0.0020000000000000018,"[0.0,0.0,0.0,0.0,0.0,0.0,0.0,0.0,0.0,0.0020000000000000018]",catch_outside
3,lone_liar,soft_credibility,creator_survival,catch_outside minus baseline,10,-0.007399999999999995,0.004325634186002213,-0.014000000000000012,-0.0020000000000000018,"[-0.010000000000000009,-0.0020000000000000018,-0.014000000000000012,-0.0040000000000000036,-0.010000000000000009,-0.0119999999999999,-0.0040000000000000036,-0.0020000000000000018,-0.006000000000000005,-0.010000000000000009]",
3,lone_liar,,creator_survival,soft_credibility minus mean,10,-0.00020000000000000017,0.0006324555320336765,-0.0020000000000000018,0.0,"[0.0,0.0,0.0,0.0,0.0,0.0,0.0,0.0,0.0,-0.0020000000000000018]",catch_outside
3,lone_liar,soft_credibility,false_ejection_rate,catch_outside minus baseline,10,0.15399999999999997,0.018832595855767374,0.11200000000000002,0.174,"[0.13799999999999998,0.11200000000000002,0.15399999999999997,0.16999999999999998,0.15999999999999998,0.146,0.166,0.17,0.15000000000000002,0.174]",
3,lone_liar,,false_ejection_rate,soft_credibility minus mean,10,-0.0016000000000000014,0.0018378731669453645,-0.0040000000000000036,0.0,"[0.0,0.0,-0.0040000000000000036,-0.0020000000000000018,0.0,-0.0040000000000000036,0.0,-0.0040000000000000036,0.0,-0.0020000000000000018]",catch_outside
3,lone_liar,soft_credibility,incident_rate,catch_outside minus baseline,10,0.0,0.0,0.0,0.0,"[0.0,0.0,0.0,0.0,0.0,0.0,0.0,0.0,0.0,0.0]",
3,lone_liar,,incident_rate,soft_credibility minus mean,10,0.0,0.0,0.0,0.0,"[0.0,0.0,0.0,0.0,0.0,0.0,0.0,0.0,0.0,0.0]",catch_outside
3,lone_liar,soft_credibility,no_ejection_rate,catch_outside minus baseline,10,-0.154,0.018832595855767388,-0.174,-0.11199999999999999,"[-0.138,-0.11199999999999999,-0.15400000000000003,-0.17000000000000004,-0.15999999999999998,-0.14600000000000002,-0.16600000000000004,-0.17000000000000004,-0.15000000000000002,-0.174]",
3,lone_liar,,no_ejection_rate,soft_credibility minus mean,10,0.0014000000000000013,0.0018973665961010294,0.0,0.0040000000000000036,"[0.0,0.0,0.0040000000000000036,0.0020000000000000018,0.0,0.0040000000000000036,0.0,0.0040000000000000036,0.0,0.0]",catch_outside
3,truthful,mean,coalition_favorable_rate,alibi_off minus baseline,10,-0.04339999999999994,0.010068653225619485,-0.06599999999999995,-0.03200000000000003,"[-0.04999999999999993,-0.03200000000000003,-0.03399999999999992,-0.03399999999999992,-0.039999999999999925,-0.06599999999999995,-0.04799999999999993,-0.04399999999999993,-0.04599999999999993,-0.039999999999999925]",
3,truthful,mean,creator_ejection_rate,alibi_off minus baseline,10,0.043399999999999994,0.010068653225619494,0.03199999999999999,0.066,"[0.05,0.03199999999999999,0.033999999999999996,0.034,0.04000000000000001,0.066,0.048,0.044,0.046000000000000006,0.04]",
3,truthful,mean,creator_survival,alibi_off minus baseline,10,-0.04339999999999994,0.010068653225619485,-0.06599999999999995,-0.03200000000000003,"[-0.04999999999999993,-0.03200000000000003,-0.03399999999999992,-0.03399999999999992,-0.039999999999999925,-0.06599999999999995,-0.04799999999999993,-0.04399999999999993,-0.04599999999999993,-0.039999999999999925]",
3,truthful,mean,false_ejection_rate,alibi_off minus baseline,10,0.0,0.0,0.0,0.0,"[0.0,0.0,0.0,0.0,0.0,0.0,0.0,0.0,0.0,0.0]",
3,truthful,mean,incident_rate,alibi_off minus baseline,10,0.0,0.0,0.0,0.0,"[0.0,0.0,0.0,0.0,0.0,0.0,0.0,0.0,0.0,0.0]",
3,truthful,mean,no_ejection_rate,alibi_off minus baseline,10,-0.04339999999999994,0.010068653225619485,-0.06599999999999995,-0.03200000000000003,"[-0.04999999999999993,-0.03200000000000003,-0.03399999999999992,-0.03399999999999992,-0.039999999999999925,-0.06599999999999995,-0.04799999999999993,-0.04399999999999993,-0.04599999999999993,-0.039999999999999925]",
3,truthful,mean,coalition_favorable_rate,catch_outside minus baseline,10,0.0,0.0,0.0,0.0,"[0.0,0.0,0.0,0.0,0.0,0.0,0.0,0.0,0.0,0.0]",
3,truthful,mean,creator_ejection_rate,catch_outside minus baseline,10,0.0,0.0,0.0,0.0,"[0.0,0.0,0.0,0.0,0.0,0.0,0.0,0.0,0.0,0.0]",
3,truthful,mean,creator_survival,catch_outside minus baseline,10,0.0,0.0,0.0,0.0,"[0.0,0.0,0.0,0.0,0.0,0.0,0.0,0.0,0.0,0.0]",
3,truthful,mean,false_ejection_rate,catch_outside minus baseline,10,0.0,0.0,0.0,0.0,"[0.0,0.0,0.0,0.0,0.0,0.0,0.0,0.0,0.0,0.0]",
3,truthful,mean,incident_rate,catch_outside minus baseline,10,0.0,0.0,0.0,0.0,"[0.0,0.0,0.0,0.0,0.0,0.0,0.0,0.0,0.0,0.0]",
3,truthful,mean,no_ejection_rate,catch_outside minus baseline,10,0.0,0.0,0.0,0.0,"[0.0,0.0,0.0,0.0,0.0,0.0,0.0,0.0,0.0,0.0]",
3,truthful,sharp_credibility,coalition_favorable_rate,alibi_off minus baseline,10,-0.04339999999999994,0.010068653225619485,-0.06599999999999995,-0.03200000000000003,"[-0.04999999999999993,-0.03200000000000003,-0.03399999999999992,-0.03399999999999992,-0.039999999999999925,-0.06599999999999995,-0.04799999999999993,-0.04399999999999993,-0.04599999999999993,-0.039999999999999925]",
3,truthful,,coalition_favorable_rate,sharp_credibility minus mean,10,0.0,0.0,0.0,0.0,"[0.0,0.0,0.0,0.0,0.0,0.0,0.0,0.0,0.0,0.0]",alibi_off
3,truthful,sharp_credibility,creator_ejection_rate,alibi_off minus baseline,10,0.043399999999999994,0.010068653225619494,0.03199999999999999,0.066,"[0.05,0.03199999999999999,0.033999999999999996,0.034,0.04000000000000001,0.066,0.048,0.044,0.046000000000000006,0.04]",
3,truthful,,creator_ejection_rate,sharp_credibility minus mean,10,0.0,0.0,0.0,0.0,"[0.0,0.0,0.0,0.0,0.0,0.0,0.0,0.0,0.0,0.0]",alibi_off
3,truthful,sharp_credibility,creator_survival,alibi_off minus baseline,10,-0.04339999999999994,0.010068653225619485,-0.06599999999999995,-0.03200000000000003,"[-0.04999999999999993,-0.03200000000000003,-0.03399999999999992,-0.03399999999999992,-0.039999999999999925,-0.06599999999999995,-0.04799999999999993,-0.04399999999999993,-0.04599999999999993,-0.039999999999999925]",
3,truthful,,creator_survival,sharp_credibility minus mean,10,0.0,0.0,0.0,0.0,"[0.0,0.0,0.0,0.0,0.0,0.0,0.0,0.0,0.0,0.0]",alibi_off
3,truthful,sharp_credibility,false_ejection_rate,alibi_off minus baseline,10,0.0,0.0,0.0,0.0,"[0.0,0.0,0.0,0.0,0.0,0.0,0.0,0.0,0.0,0.0]",
3,truthful,,false_ejection_rate,sharp_credibility minus mean,10,0.0,0.0,0.0,0.0,"[0.0,0.0,0.0,0.0,0.0,0.0,0.0,0.0,0.0,0.0]",alibi_off
3,truthful,sharp_credibility,incident_rate,alibi_off minus baseline,10,0.0,0.0,0.0,0.0,"[0.0,0.0,0.0,0.0,0.0,0.0,0.0,0.0,0.0,0.0]",
3,truthful,,incident_rate,sharp_credibility minus mean,10,0.0,0.0,0.0,0.0,"[0.0,0.0,0.0,0.0,0.0,0.0,0.0,0.0,0.0,0.0]",alibi_off
3,truthful,sharp_credibility,no_ejection_rate,alibi_off minus baseline,10,-0.04339999999999994,0.010068653225619485,-0.06599999999999995,-0.03200000000000003,"[-0.04999999999999993,-0.03200000000000003,-0.03399999999999992,-0.03399999999999992,-0.039999999999999925,-0.06599999999999995,-0.04799999999999993,-0.04399999999999993,-0.04599999999999993,-0.039999999999999925]",
3,truthful,,no_ejection_rate,sharp_credibility minus mean,10,0.0,0.0,0.0,0.0,"[0.0,0.0,0.0,0.0,0.0,0.0,0.0,0.0,0.0,0.0]",alibi_off
3,truthful,,coalition_favorable_rate,sharp_credibility minus mean,10,0.0,0.0,0.0,0.0,"[0.0,0.0,0.0,0.0,0.0,0.0,0.0,0.0,0.0,0.0]",baseline
3,truthful,,creator_ejection_rate,sharp_credibility minus mean,10,0.0,0.0,0.0,0.0,"[0.0,0.0,0.0,0.0,0.0,0.0,0.0,0.0,0.0,0.0]",baseline
3,truthful,,creator_survival,sharp_credibility minus mean,10,0.0,0.0,0.0,0.0,"[0.0,0.0,0.0,0.0,0.0,0.0,0.0,0.0,0.0,0.0]",baseline
3,truthful,,false_ejection_rate,sharp_credibility minus mean,10,0.0,0.0,0.0,0.0,"[0.0,0.0,0.0,0.0,0.0,0.0,0.0,0.0,0.0,0.0]",baseline
3,truthful,,incident_rate,sharp_credibility minus mean,10,0.0,0.0,0.0,0.0,"[0.0,0.0,0.0,0.0,0.0,0.0,0.0,0.0,0.0,0.0]",baseline
3,truthful,,no_ejection_rate,sharp_credibility minus mean,10,0.0,0.0,0.0,0.0,"[0.0,0.0,0.0,0.0,0.0,0.0,0.0,0.0,0.0,0.0]",baseline
3,truthful,sharp_credibility,coalition_favorable_rate,catch_outside minus baseline,10,0.0,0.0,0.0,0.0,"[0.0,0.0,0.0,0.0,0.0,0.0,0.0,0.0,0.0,0.0]",
3,truthful,,coalition_favorable_rate,sharp_credibility minus mean,10,0.0,0.0,0.0,0.0,"[0.0,0.0,0.0,0.0,0.0,0.0,0.0,0.0,0.0,0.0]",catch_outside
3,truthful,sharp_credibility,creator_ejection_rate,catch_outside minus baseline,10,0.0,0.0,0.0,0.0,"[0.0,0.0,0.0,0.0,0.0,0.0,0.0,0.0,0.0,0.0]",
3,truthful,,creator_ejection_rate,sharp_credibility minus mean,10,0.0,0.0,0.0,0.0,"[0.0,0.0,0.0,0.0,0.0,0.0,0.0,0.0,0.0,0.0]",catch_outside
3,truthful,sharp_credibility,creator_survival,catch_outside minus baseline,10,0.0,0.0,0.0,0.0,"[0.0,0.0,0.0,0.0,0.0,0.0,0.0,0.0,0.0,0.0]",
3,truthful,,creator_survival,sharp_credibility minus mean,10,0.0,0.0,0.0,0.0,"[0.0,0.0,0.0,0.0,0.0,0.0,0.0,0.0,0.0,0.0]",catch_outside
3,truthful,sharp_credibility,false_ejection_rate,catch_outside minus baseline,10,0.0,0.0,0.0,0.0,"[0.0,0.0,0.0,0.0,0.0,0.0,0.0,0.0,0.0,0.0]",
3,truthful,,false_ejection_rate,sharp_credibility minus mean,10,0.0,0.0,0.0,0.0,"[0.0,0.0,0.0,0.0,0.0,0.0,0.0,0.0,0.0,0.0]",catch_outside
3,truthful,sharp_credibility,incident_rate,catch_outside minus baseline,10,0.0,0.0,0.0,0.0,"[0.0,0.0,0.0,0.0,0.0,0.0,0.0,0.0,0.0,0.0]",
3,truthful,,incident_rate,sharp_credibility minus mean,10,0.0,0.0,0.0,0.0,"[0.0,0.0,0.0,0.0,0.0,0.0,0.0,0.0,0.0,0.0]",catch_outside
3,truthful,sharp_credibility,no_ejection_rate,catch_outside minus baseline,10,0.0,0.0,0.0,0.0,"[0.0,0.0,0.0,0.0,0.0,0.0,0.0,0.0,0.0,0.0]",
3,truthful,,no_ejection_rate,sharp_credibility minus mean,10,0.0,0.0,0.0,0.0,"[0.0,0.0,0.0,0.0,0.0,0.0,0.0,0.0,0.0,0.0]",catch_outside
3,truthful,soft_credibility,coalition_favorable_rate,alibi_off minus baseline,10,-0.04339999999999994,0.010068653225619485,-0.06599999999999995,-0.03200000000000003,"[-0.04999999999999993,-0.03200000000000003,-0.03399999999999992,-0.03399999999999992,-0.039999999999999925,-0.06599999999999995,-0.04799999999999993,-0.04399999999999993,-0.04599999999999993,-0.039999999999999925]",
3,truthful,,coalition_favorable_rate,soft_credibility minus mean,10,0.0,0.0,0.0,0.0,"[0.0,0.0,0.0,0.0,0.0,0.0,0.0,0.0,0.0,0.0]",alibi_off
3,truthful,soft_credibility,creator_ejection_rate,alibi_off minus baseline,10,0.043399999999999994,0.010068653225619494,0.03199999999999999,0.066,"[0.05,0.03199999999999999,0.033999999999999996,0.034,0.04000000000000001,0.066,0.048,0.044,0.046000000000000006,0.04]",
3,truthful,,creator_ejection_rate,soft_credibility minus mean,10,0.0,0.0,0.0,0.0,"[0.0,0.0,0.0,0.0,0.0,0.0,0.0,0.0,0.0,0.0]",alibi_off
3,truthful,soft_credibility,creator_survival,alibi_off minus baseline,10,-0.04339999999999994,0.010068653225619485,-0.06599999999999995,-0.03200000000000003,"[-0.04999999999999993,-0.03200000000000003,-0.03399999999999992,-0.03399999999999992,-0.039999999999999925,-0.06599999999999995,-0.04799999999999993,-0.04399999999999993,-0.04599999999999993,-0.039999999999999925]",
3,truthful,,creator_survival,soft_credibility minus mean,10,0.0,0.0,0.0,0.0,"[0.0,0.0,0.0,0.0,0.0,0.0,0.0,0.0,0.0,0.0]",alibi_off
3,truthful,soft_credibility,false_ejection_rate,alibi_off minus baseline,10,0.0,0.0,0.0,0.0,"[0.0,0.0,0.0,0.0,0.0,0.0,0.0,0.0,0.0,0.0]",
3,truthful,,false_ejection_rate,soft_credibility minus mean,10,0.0,0.0,0.0,0.0,"[0.0,0.0,0.0,0.0,0.0,0.0,0.0,0.0,0.0,0.0]",alibi_off
3,truthful,soft_credibility,incident_rate,alibi_off minus baseline,10,0.0,0.0,0.0,0.0,"[0.0,0.0,0.0,0.0,0.0,0.0,0.0,0.0,0.0,0.0]",
3,truthful,,incident_rate,soft_credibility minus mean,10,0.0,0.0,0.0,0.0,"[0.0,0.0,0.0,0.0,0.0,0.0,0.0,0.0,0.0,0.0]",alibi_off
3,truthful,soft_credibility,no_ejection_rate,alibi_off minus baseline,10,-0.04339999999999994,0.010068653225619485,-0.06599999999999995,-0.03200000000000003,"[-0.04999999999999993,-0.03200000000000003,-0.03399999999999992,-0.03399999999999992,-0.039999999999999925,-0.06599999999999995,-0.04799999999999993,-0.04399999999999993,-0.04599999999999993,-0.039999999999999925]",
3,truthful,,no_ejection_rate,soft_credibility minus mean,10,0.0,0.0,0.0,0.0,"[0.0,0.0,0.0,0.0,0.0,0.0,0.0,0.0,0.0,0.0]",alibi_off
3,truthful,,coalition_favorable_rate,soft_credibility minus mean,10,0.0,0.0,0.0,0.0,"[0.0,0.0,0.0,0.0,0.0,0.0,0.0,0.0,0.0,0.0]",baseline
3,truthful,,creator_ejection_rate,soft_credibility minus mean,10,0.0,0.0,0.0,0.0,"[0.0,0.0,0.0,0.0,0.0,0.0,0.0,0.0,0.0,0.0]",baseline
3,truthful,,creator_survival,soft_credibility minus mean,10,0.0,0.0,0.0,0.0,"[0.0,0.0,0.0,0.0,0.0,0.0,0.0,0.0,0.0,0.0]",baseline
3,truthful,,false_ejection_rate,soft_credibility minus mean,10,0.0,0.0,0.0,0.0,"[0.0,0.0,0.0,0.0,0.0,0.0,0.0,0.0,0.0,0.0]",baseline
3,truthful,,incident_rate,soft_credibility minus mean,10,0.0,0.0,0.0,0.0,"[0.0,0.0,0.0,0.0,0.0,0.0,0.0,0.0,0.0,0.0]",baseline
3,truthful,,no_ejection_rate,soft_credibility minus mean,10,0.0,0.0,0.0,0.0,"[0.0,0.0,0.0,0.0,0.0,0.0,0.0,0.0,0.0,0.0]",baseline
3,truthful,soft_credibility,coalition_favorable_rate,catch_outside minus baseline,10,0.0,0.0,0.0,0.0,"[0.0,0.0,0.0,0.0,0.0,0.0,0.0,0.0,0.0,0.0]",
3,truthful,,coalition_favorable_rate,soft_credibility minus mean,10,0.0,0.0,0.0,0.0,"[0.0,0.0,0.0,0.0,0.0,0.0,0.0,0.0,0.0,0.0]",catch_outside
3,truthful,soft_credibility,creator_ejection_rate,catch_outside minus baseline,10,0.0,0.0,0.0,0.0,"[0.0,0.0,0.0,0.0,0.0,0.0,0.0,0.0,0.0,0.0]",
3,truthful,,creator_ejection_rate,soft_credibility minus mean,10,0.0,0.0,0.0,0.0,"[0.0,0.0,0.0,0.0,0.0,0.0,0.0,0.0,0.0,0.0]",catch_outside
3,truthful,soft_credibility,creator_survival,catch_outside minus baseline,10,0.0,0.0,0.0,0.0,"[0.0,0.0,0.0,0.0,0.0,0.0,0.0,0.0,0.0,0.0]",
3,truthful,,creator_survival,soft_credibility minus mean,10,0.0,0.0,0.0,0.0,"[0.0,0.0,0.0,0.0,0.0,0.0,0.0,0.0,0.0,0.0]",catch_outside
3,truthful,soft_credibility,false_ejection_rate,catch_outside minus baseline,10,0.0,0.0,0.0,0.0,"[0.0,0.0,0.0,0.0,0.0,0.0,0.0,0.0,0.0,0.0]",
3,truthful,,false_ejection_rate,soft_credibility minus mean,10,0.0,0.0,0.0,0.0,"[0.0,0.0,0.0,0.0,0.0,0.0,0.0,0.0,0.0,0.0]",catch_outside
3,truthful,soft_credibility,incident_rate,catch_outside minus baseline,10,0.0,0.0,0.0,0.0,"[0.0,0.0,0.0,0.0,0.0,0.0,0.0,0.0,0.0,0.0]",
3,truthful,,incident_rate,soft_credibility minus mean,10,0.0,0.0,0.0,0.0,"[0.0,0.0,0.0,0.0,0.0,0.0,0.0,0.0,0.0,0.0]",catch_outside
3,truthful,soft_credibility,no_ejection_rate,catch_outside minus baseline,10,0.0,0.0,0.0,0.0,"[0.0,0.0,0.0,0.0,0.0,0.0,0.0,0.0,0.0,0.0]",
3,truthful,,no_ejection_rate,soft_credibility minus mean,10,0.0,0.0,0.0,0.0,"[0.0,0.0,0.0,0.0,0.0,0.0,0.0,0.0,0.0,0.0]",catch_outside
5,alibi,mean,coalition_favorable_rate,alibi_off minus baseline,10,-0.24280000000000004,0.021482809665197673,-0.26999999999999996,-0.20800000000000007,"[-0.26000000000000006,-0.26999999999999996,-0.266,-0.24400000000000005,-0.22600000000000003,-0.25799999999999995,-0.23800000000000004,-0.24400000000000005,-0.21399999999999997,-0.20800000000000007]",
5,alibi,mean,creator_ejection_rate,alibi_off minus baseline,10,0.2542,0.0226754884793642,0.21599999999999997,0.28400000000000003,"[0.274,0.28400000000000003,0.268,0.258,0.236,0.27,0.252,0.262,0.22199999999999998,0.21599999999999997]",
5,alibi,mean,creator_survival,alibi_off minus baseline,10,-0.25420000000000004,0.022675488479364184,-0.28400000000000003,-0.21600000000000003,"[-0.274,-0.28400000000000003,-0.268,-0.258,-0.236,-0.27,-0.252,-0.262,-0.22200000000000003,-0.21600000000000003]",
5,alibi,mean,false_ejection_rate,alibi_off minus baseline,10,-0.08099999999999999,0.02191397321852481,-0.124,-0.04799999999999999,"[-0.08000000000000002,-0.07599999999999998,-0.124,-0.08800000000000002,-0.06800000000000003,-0.10800000000000001,-0.06199999999999997,-0.08199999999999999,-0.07399999999999995,-0.04799999999999999]",
5,alibi,mean,incident_rate,alibi_off minus baseline,10,0.0,0.0,0.0,0.0,"[0.0,0.0,0.0,0.0,0.0,0.0,0.0,0.0,0.0,0.0]",
5,alibi,mean,no_ejection_rate,alibi_off minus baseline,10,-0.1618,0.017086706983955553,-0.194,-0.14,"[-0.18,-0.194,-0.14200000000000002,-0.15600000000000003,-0.15799999999999997,-0.15,-0.17600000000000002,-0.16199999999999998,-0.14,-0.16]",
5,alibi,mean,coalition_favorable_rate,catch_outside minus baseline,10,0.0016000000000000014,0.0018378731669453645,0.0,0.0040000000000000036,"[0.0,0.0040000000000000036,0.0040000000000000036,0.0,0.0,0.0020000000000000018,0.0,0.0040000000000000036,0.0,0.0020000000000000018]",
5,alibi,mean,creator_ejection_rate,catch_outside minus baseline,10,-0.002200000000000002,0.0023944379994757315,-0.006000000000000005,0.0,"[-0.0020000000000000018,-0.0040000000000000036,-0.006000000000000005,0.0,0.0,-0.0020000000000000018,0.0,-0.006000000000000005,0.0,-0.0020000000000000018]",
5,alibi,mean,creator_survival,catch_outside minus baseline,10,0.002200000000000002,0.0023944379994757315,0.0,0.006000000000000005,"[0.0020000000000000018,0.0040000000000000036,0.006000000000000005,0.0,0.0,0.0020000000000000018,0.0,0.006000000000000005,0.0,0.0020000000000000018]",
5,alibi,mean,false_ejection_rate,catch_outside minus baseline,10,0.0,0.0,0.0,0.0,"[0.0,0.0,0.0,0.0,0.0,0.0,0.0,0.0,0.0,0.0]",
5,alibi,mean,incident_rate,catch_outside minus baseline,10,0.0,0.0,0.0,0.0,"[0.0,0.0,0.0,0.0,0.0,0.0,0.0,0.0,0.0,0.0]",
5,alibi,mean,no_ejection_rate,catch_outside minus baseline,10,0.0016000000000000014,0.0018378731669453645,0.0,0.0040000000000000036,"[0.0,0.0040000000000000036,0.0040000000000000036,0.0,0.0,0.0020000000000000018,0.0,0.0040000000000000036,0.0,0.0020000000000000018]",
5,alibi,sharp_credibility,coalition_favorable_rate,alibi_off minus baseline,10,-0.1366,0.0224707216914218,-0.16800000000000004,-0.10399999999999998,"[-0.16800000000000004,-0.15000000000000002,-0.126,-0.134,-0.122,-0.16800000000000004,-0.12,-0.15600000000000003,-0.10399999999999998,-0.118]",
5,alibi,,coalition_favorable_rate,sharp_credibility minus mean,10,0.1842,0.012127104628338395,0.16599999999999998,0.20399999999999996,"[0.184,0.16599999999999998,0.20399999999999996,0.174,0.194,0.19,0.182,0.194,0.18600000000000005,0.16800000000000004]",alibi_off
5,alibi,sharp_credibility,creator_ejection_rate,alibi_off minus baseline,10,0.22680000000000003,0.031583399296325136,0.18000000000000002,0.274,"[0.274,0.266,0.20400000000000001,0.22199999999999998,0.20600000000000002,0.24200000000000002,0.242,0.242,0.18000000000000002,0.19]",
5,alibi,,creator_ejection_rate,sharp_credibility minus mean,10,-0.1656,0.00965171257112205,-0.182,-0.14999999999999997,"[-0.16399999999999998,-0.15400000000000003,-0.182,-0.16000000000000003,-0.176,-0.16599999999999998,-0.16399999999999998,-0.16799999999999998,-0.17199999999999993,-0.14999999999999997]",alibi_off
5,alibi,sharp_credibility,creator_survival,alibi_off minus baseline,10,-0.22679999999999997,0.031583399296325136,-0.274,-0.18000000000000005,"[-0.274,-0.266,-0.20399999999999996,-0.22199999999999998,-0.20599999999999996,-0.242,-0.242,-0.242,-0.18000000000000005,-0.19000000000000006]",
5,alibi,,creator_survival,sharp_credibility minus mean,10,0.16560000000000002,0.009651712571122071,0.14999999999999997,0.18200000000000005,"[0.16400000000000003,0.15400000000000003,0.18200000000000005,0.16000000000000003,0.17600000000000005,0.16600000000000004,0.16400000000000003,0.16800000000000004,0.172,0.14999999999999997]",alibi_off
5,alibi,sharp_credibility,false_ejection_rate,alibi_off minus baseline,10,-0.0784,0.02236664182810345,-0.134,-0.05199999999999999,"[-0.09200000000000003,-0.06,-0.07,-0.07199999999999995,-0.07200000000000001,-0.134,-0.08199999999999996,-0.05199999999999999,-0.07600000000000001,-0.07400000000000001]",
5,alibi,,false_ejection_rate,sharp_credibility minus mean,10,0.1102,0.015186251091767914,0.09,0.13799999999999998,"[0.118,0.09,0.132,0.10600000000000004,0.10800000000000001,0.11000000000000001,0.098,0.13799999999999998,0.09799999999999998,0.10399999999999998]",alibi_off
5,alibi,sharp_credibility,incident_rate,alibi_off minus baseline,10,0.0,0.0,0.0,0.0,"[0.0,0.0,0.0,0.0,0.0,0.0,0.0,0.0,0.0,0.0]",
5,alibi,,incident_rate,sharp_credibility minus mean,10,0.0,0.0,0.0,0.0,"[0.0,0.0,0.0,0.0,0.0,0.0,0.0,0.0,0.0,0.0]",alibi_off
5,alibi,sharp_credibility,no_ejection_rate,alibi_off minus baseline,10,-0.05820000000000001,0.024987997118616767,-0.10399999999999998,-0.027999999999999997,"[-0.07599999999999998,-0.09,-0.055999999999999994,-0.062,-0.04999999999999999,-0.034,-0.038000000000000006,-0.10399999999999998,-0.027999999999999997,-0.04400000000000001]",
5,alibi,,no_ejection_rate,sharp_credibility minus mean,10,0.074,0.010583005244258361,0.05600000000000001,0.08800000000000001,"[0.066,0.076,0.072,0.06799999999999999,0.08600000000000001,0.07999999999999999,0.08399999999999999,0.05600000000000001,0.08800000000000001,0.064]",alibi_off
5,alibi,,coalition_favorable_rate,sharp_credibility minus mean,10,0.07799999999999999,0.01892675942210453,0.04600000000000004,0.10599999999999998,"[0.09199999999999997,0.04600000000000004,0.06399999999999995,0.06399999999999995,0.08999999999999997,0.10000000000000009,0.06399999999999995,0.10599999999999998,0.07600000000000007,0.07799999999999996]",baseline
5,alibi,,creator_ejection_rate,sharp_credibility minus mean,10,-0.13819999999999996,0.014740722129152584,-0.16399999999999998,-0.118,"[-0.16399999999999998,-0.13599999999999998,-0.118,-0.124,-0.14600000000000002,-0.13799999999999998,-0.15399999999999997,-0.14799999999999996,-0.12999999999999998,-0.124]",baseline
5,alibi,,creator_survival,sharp_credibility minus mean,10,0.13820000000000002,0.014740722129152605,0.118,0.16400000000000003,"[0.16400000000000003,0.136,0.118,0.124,0.14600000000000002,0.138,0.15400000000000003,0.14800000000000002,0.13,0.124]",baseline
5,alibi,,false_ejection_rate,sharp_credibility minus mean,10,0.1076,0.021884545536367286,0.07400000000000001,0.136,"[0.13,0.07400000000000001,0.07800000000000001,0.08999999999999997,0.11199999999999999,0.136,0.118,0.10799999999999998,0.10000000000000003,0.13]",baseline
5,alibi,,incident_rate,sharp_credibility minus mean,10,0.0,0.0,0.0,0.0,"[0.0,0.0,0.0,0.0,0.0,0.0,0.0,0.0,0.0,0.0]",baseline
5,alibi,,no_ejection_rate,sharp_credibility minus mean,10,-0.029600000000000005,0.016049922118191104,-0.05400000000000002,-0.0020000000000000018,"[-0.038000000000000006,-0.028000000000000025,-0.014000000000000012,-0.026000000000000023,-0.021999999999999992,-0.036000000000000004,-0.05400000000000002,-0.0020000000000000018,-0.023999999999999994,-0.05199999999999999]",baseline
5,alibi,sharp_credibility,coalition_favorable_rate,catch_outside minus baseline,10,-0.17519999999999997,0.020874226532576808,-0.21600000000000003,-0.15200000000000002,"[-0.19,-0.15200000000000002,-0.178,-0.176,-0.16799999999999998,-0.21600000000000003,-0.15799999999999997,-0.198,-0.15400000000000003,-0.16199999999999998]",
5,alibi,,coalition_favorable_rate,sharp_credibility minus mean,10,-0.0988,0.015266521105565168,-0.11800000000000005,-0.07799999999999996,"[-0.09800000000000003,-0.10999999999999999,-0.11800000000000005,-0.11200000000000004,-0.07800000000000001,-0.11799999999999994,-0.09400000000000003,-0.09600000000000003,-0.07799999999999996,-0.08600000000000002]",catch_outside
5,alibi,sharp_credibility,creator_ejection_rate,catch_outside minus baseline,10,0.2354,0.01766477977344876,0.208,0.262,"[0.262,0.24000000000000002,0.236,0.238,0.22400000000000003,0.254,0.244,0.24,0.208,0.20800000000000002]",
5,alibi,,creator_ejection_rate,sharp_credibility minus mean,10,0.09940000000000002,0.01641273218503786,0.07800000000000001,0.124,"[0.10000000000000003,0.10800000000000004,0.124,0.11399999999999999,0.07800000000000001,0.118,0.09000000000000002,0.09800000000000003,0.07800000000000001,0.08600000000000002]",catch_outside
5,alibi,sharp_credibility,creator_survival,catch_outside minus baseline,10,-0.2354,0.017664779773448755,-0.262,-0.20799999999999996,"[-0.262,-0.24,-0.236,-0.238,-0.22399999999999998,-0.254,-0.244,-0.24,-0.20800000000000007,-0.20799999999999996]",
5,alibi,,creator_survival,sharp_credibility minus mean,10,-0.09939999999999999,0.01641273218503786,-0.124,-0.07799999999999996,"[-0.09999999999999998,-0.10799999999999998,-0.124,-0.11399999999999999,-0.07799999999999996,-0.118,-0.08999999999999997,-0.09799999999999998,-0.07800000000000007,-0.08599999999999997]",catch_outside
5,alibi,sharp_credibility,false_ejection_rate,catch_outside minus baseline,10,-0.15219999999999997,0.025041299220820528,-0.20400000000000001,-0.118,"[-0.16999999999999998,-0.118,-0.122,-0.14399999999999996,-0.158,-0.20400000000000001,-0.15799999999999997,-0.15199999999999997,-0.134,-0.16199999999999998]",
5,alibi,,false_ejection_rate,sharp_credibility minus mean,10,-0.04459999999999999,0.010286992865858439,-0.068,-0.03199999999999997,"[-0.03999999999999998,-0.043999999999999984,-0.043999999999999984,-0.05399999999999999,-0.04600000000000001,-0.068,-0.03999999999999998,-0.043999999999999984,-0.033999999999999975,-0.03199999999999997]",catch_outside
5,alibi,sharp_credibility,incident_rate,catch_outside minus baseline,10,0.0,0.0,0.0,0.0,"[0.0,0.0,0.0,0.0,0.0,0.0,0.0,0.0,0.0,0.0]",
5,alibi,,incident_rate,sharp_credibility minus mean,10,0.0,0.0,0.0,0.0,"[0.0,0.0,0.0,0.0,0.0,0.0,0.0,0.0,0.0,0.0]",catch_outside
5,alibi,sharp_credibility,no_ejection_rate,catch_outside minus baseline,10,-0.023,0.018814887722226777,-0.055999999999999994,0.0,"[-0.01999999999999999,-0.034,-0.055999999999999994,-0.032,-0.010000000000000009,-0.011999999999999983,0.0,-0.045999999999999985,-0.020000000000000018,0.0]",
5,alibi,,no_ejection_rate,sharp_credibility minus mean,10,-0.054200000000000005,0.011448435118681802,-0.07400000000000001,-0.032,"[-0.057999999999999996,-0.06600000000000003,-0.07400000000000001,-0.058000000000000024,-0.032,-0.04999999999999999,-0.05400000000000002,-0.05199999999999999,-0.04400000000000001,-0.05399999999999999]",catch_outside
5,alibi,soft_credibility,coalition_favorable_rate,alibi_off minus baseline,10,-0.2904,0.02564371267971938,-0.324,-0.258,"[-0.324,-0.314,-0.302,-0.282,-0.26999999999999996,-0.324,-0.25999999999999995,-0.3,-0.258,-0.27]",
5,alibi,,coalition_favorable_rate,soft_credibility minus mean,10,0.010600000000000004,0.009430447143870398,-0.010000000000000009,0.021999999999999964,"[0.006000000000000005,-0.010000000000000009,0.021999999999999964,0.0040000000000000036,0.020000000000000018,0.010000000000000009,0.01200000000000001,0.01200000000000001,0.020000000000000018,0.010000000000000009]",alibi_off
5,alibi,soft_credibility,creator_ejection_rate,alibi_off minus baseline,10,0.38020000000000004,0.032089458289808095,0.3360000000000001,0.43000000000000005,"[0.43,0.43000000000000005,0.376,0.368,0.354,0.398,0.38,0.384,0.3360000000000001,0.346]",
5,alibi,,creator_ejection_rate,soft_credibility minus mean,10,-0.007599999999999996,0.007763160868271794,-0.019999999999999907,0.008000000000000007,"[-0.0020000000000000018,0.008000000000000007,-0.016000000000000014,-0.0040000000000000036,-0.01200000000000001,-0.006000000000000005,-0.010000000000000009,-0.008000000000000007,-0.019999999999999907,-0.006000000000000005]",alibi_off
5,alibi,soft_credibility,creator_survival,alibi_off minus baseline,10,-0.3802,0.0320894582898081,-0.43000000000000005,-0.336,"[-0.43000000000000005,-0.43000000000000005,-0.376,-0.368,-0.354,-0.398,-0.38,-0.384,-0.336,-0.34600000000000003]",
5,alibi,,creator_survival,soft_credibility minus mean,10,0.007600000000000007,0.007763160868271814,-0.008000000000000007,0.020000000000000018,"[0.0020000000000000018,-0.008000000000000007,0.016000000000000014,0.0040000000000000036,0.01200000000000001,0.006000000000000005,0.010000000000000009,0.008000000000000007,0.020000000000000018,0.006000000000000005]",alibi_off
5,alibi,soft_credibility,false_ejection_rate,alibi_off minus baseline,10,-0.1492,0.01726138915486108,-0.18599999999999997,-0.12399999999999997,"[-0.15800000000000003,-0.16,-0.16,-0.13799999999999998,-0.142,-0.18599999999999997,-0.12399999999999997,-0.142,-0.13799999999999996,-0.14400000000000002]",
5,alibi,,false_ejection_rate,soft_credibility minus mean,10,-0.00020000000000000017,0.012127104628338405,-0.02400000000000002,0.01999999999999999,"[0.0040000000000000036,-0.02400000000000002,0.01999999999999999,-0.005999999999999978,-0.0040000000000000036,0.010000000000000009,0.0020000000000000018,0.0040000000000000036,0.0040000000000000036,-0.01200000000000001]",alibi_off
5,alibi,soft_credibility,incident_rate,alibi_off minus baseline,10,0.0,0.0,0.0,0.0,"[0.0,0.0,0.0,0.0,0.0,0.0,0.0,0.0,0.0,0.0]",
5,alibi,,incident_rate,soft_credibility minus mean,10,0.0,0.0,0.0,0.0,"[0.0,0.0,0.0,0.0,0.0,0.0,0.0,0.0,0.0,0.0]",alibi_off
5,alibi,soft_credibility,no_ejection_rate,alibi_off minus baseline,10,-0.1412,0.014763317904710837,-0.166,-0.12,"[-0.166,-0.154,-0.14200000000000002,-0.14400000000000002,-0.128,-0.138,-0.136,-0.158,-0.12,-0.126]",
5,alibi,,no_ejection_rate,soft_credibility minus mean,10,0.010799999999999999,0.008283853102404835,0.0,0.023999999999999994,"[0.0020000000000000018,0.013999999999999999,0.001999999999999988,0.010000000000000009,0.023999999999999994,0.0,0.009999999999999995,0.007999999999999993,0.016,0.022000000000000006]",alibi_off
5,alibi,,coalition_favorable_rate,soft_credibility minus mean,10,0.058199999999999974,0.0157888849792786,0.03399999999999992,0.07600000000000007,"[0.06999999999999995,0.03400000000000003,0.05799999999999994,0.041999999999999926,0.06399999999999995,0.07600000000000007,0.03399999999999992,0.06799999999999995,0.06400000000000006,0.07199999999999995]",baseline
5,alibi,,creator_ejection_rate,soft_credibility minus mean,10,-0.13359999999999997,0.011266469426281385,-0.15799999999999997,-0.11399999999999999,"[-0.15799999999999997,-0.13799999999999998,-0.124,-0.11399999999999999,-0.13,-0.13399999999999998,-0.13799999999999998,-0.12999999999999998,-0.13399999999999998,-0.13599999999999998]",baseline
5,alibi,,creator_survival,soft_credibility minus mean,10,0.13360000000000002,0.0112664694262814,0.11399999999999999,0.15800000000000003,"[0.15800000000000003,0.138,0.124,0.11399999999999999,0.13,0.134,0.138,0.13,0.134,0.136]",baseline
5,alibi,,false_ejection_rate,soft_credibility minus mean,10,0.06799999999999999,0.013630032200173916,0.043999999999999984,0.08799999999999997,"[0.08200000000000002,0.06,0.055999999999999994,0.043999999999999984,0.06999999999999995,0.08799999999999997,0.064,0.064,0.068,0.08400000000000002]",baseline
5,alibi,,incident_rate,soft_credibility minus mean,10,0.0,0.0,0.0,0.0,"[0.0,0.0,0.0,0.0,0.0,0.0,0.0,0.0,0.0,0.0]",baseline
5,alibi,,no_ejection_rate,soft_credibility minus mean,10,-0.009799999999999998,0.011173381065928283,-0.030000000000000027,0.0040000000000000036,"[-0.011999999999999983,-0.026000000000000023,0.0020000000000000018,-0.0020000000000000018,-0.005999999999999978,-0.011999999999999983,-0.030000000000000027,0.0040000000000000036,-0.0040000000000000036,-0.011999999999999983]",baseline
5,alibi,soft_credibility,coalition_favorable_rate,catch_outside minus baseline,10,-0.09979999999999997,0.017112698339082733,-0.13,-0.07399999999999995,"[-0.10199999999999998,-0.07799999999999996,-0.10599999999999998,-0.08399999999999996,-0.09599999999999997,-0.13,-0.07399999999999995,-0.10999999999999999,-0.10799999999999998,-0.10999999999999999]",
5,alibi,,coalition_favorable_rate,soft_credibility minus mean,10,-0.0432,0.007786027371016742,-0.05599999999999994,-0.03200000000000003,"[-0.03200000000000003,-0.04799999999999993,-0.052000000000000046,-0.04200000000000004,-0.03200000000000003,-0.05599999999999994,-0.040000000000000036,-0.04600000000000004,-0.04399999999999993,-0.040000000000000036]",catch_outside
5,alibi,soft_credibility,creator_ejection_rate,catch_outside minus baseline,10,0.17519999999999997,0.010336558636434302,0.15799999999999997,0.19,"[0.19,0.18000000000000002,0.174,0.15799999999999997,0.16199999999999998,0.18999999999999997,0.17600000000000002,0.17200000000000001,0.17800000000000002,0.17200000000000001]",
5,alibi,,creator_ejection_rate,soft_credibility minus mean,10,0.04380000000000002,0.008664102184685185,0.03199999999999997,0.057999999999999996,"[0.03400000000000003,0.04600000000000004,0.055999999999999994,0.043999999999999984,0.03199999999999997,0.057999999999999996,0.038000000000000034,0.04800000000000004,0.04400000000000004,0.038000000000000034]",catch_outside
5,alibi,soft_credibility,creator_survival,catch_outside minus baseline,10,-0.17520000000000008,0.010336558636434305,-0.19000000000000006,-0.15800000000000003,"[-0.19000000000000006,-0.18000000000000005,-0.17400000000000004,-0.15800000000000003,-0.16200000000000003,-0.19000000000000006,-0.17600000000000005,-0.17200000000000004,-0.17800000000000005,-0.17200000000000004]",
5,alibi,,creator_survival,soft_credibility minus mean,10,-0.04380000000000004,0.008664102184685196,-0.05800000000000005,-0.03200000000000003,"[-0.03400000000000003,-0.04600000000000004,-0.05600000000000005,-0.04400000000000004,-0.03200000000000003,-0.05800000000000005,-0.038000000000000034,-0.04800000000000004,-0.04400000000000004,-0.038000000000000034]",catch_outside
5,alibi,soft_credibility,false_ejection_rate,catch_outside minus baseline,10,-0.09119999999999999,0.014972567507871787,-0.128,-0.07800000000000001,"[-0.09800000000000003,-0.08000000000000002,-0.08200000000000002,-0.07800000000000001,-0.08799999999999997,-0.128,-0.08399999999999996,-0.08599999999999997,-0.08599999999999997,-0.10200000000000004]",
5,alibi,,false_ejection_rate,soft_credibility minus mean,10,-0.023200000000000005,0.007899367063252614,-0.040000000000000036,-0.016000000000000014,"[-0.016000000000000014,-0.020000000000000018,-0.026000000000000023,-0.03400000000000003,-0.018000000000000016,-0.040000000000000036,-0.019999999999999962,-0.021999999999999964,-0.01799999999999996,-0.018000000000000016]",catch_outside
5,alibi,soft_credibility,incident_rate,catch_outside minus baseline,10,0.0,0.0,0.0,0.0,"[0.0,0.0,0.0,0.0,0.0,0.0,0.0,0.0,0.0,0.0]",
5,alibi,,incident_rate,soft_credibility minus mean,10,0.0,0.0,0.0,0.0,"[0.0,0.0,0.0,0.0,0.0,0.0,0.0,0.0,0.0,0.0]",catch_outside
5,alibi,soft_credibility,no_ejection_rate,catch_outside minus baseline,10,-0.008600000000000002,0.011471704319759994,-0.02400000000000002,0.010000000000000009,"[-0.0040000000000000036,0.0020000000000000018,-0.02400000000000002,-0.006000000000000005,-0.008000000000000007,-0.0020000000000000018,0.010000000000000009,-0.023999999999999994,-0.021999999999999992,-0.008000000000000007]",
5,alibi,,no_ejection_rate,soft_credibility minus mean,10,-0.02,0.006394442031083633,-0.028000000000000025,-0.008000000000000007,"[-0.015999999999999986,-0.028000000000000025,-0.026000000000000023,-0.008000000000000007,-0.013999999999999985,-0.015999999999999986,-0.020000000000000018,-0.023999999999999994,-0.025999999999999995,-0.021999999999999992]",catch_outside
5,framer,mean,coalition_favorable_rate,alibi_off minus baseline,10,0.2386,0.0234956260704933,0.19600000000000006,0.27,"[0.22999999999999998,0.258,0.246,0.21199999999999997,0.23399999999999999,0.264,0.19600000000000006,0.22599999999999998,0.27,0.25]",
5,framer,mean,creator_ejection_rate,alibi_off minus baseline,10,-0.1888,0.0162808681177223,-0.208,-0.16,"[-0.192,-0.20799999999999996,-0.196,-0.166,-0.19599999999999998,-0.208,-0.16,-0.184,-0.198,-0.18]",
5,framer,mean,creator_survival,alibi_off minus baseline,10,0.18880000000000002,0.016280868117722308,0.16000000000000003,0.20800000000000007,"[0.19199999999999995,0.20800000000000007,0.19600000000000006,0.16600000000000004,0.19599999999999995,0.20800000000000007,0.16000000000000003,0.18399999999999994,0.19799999999999995,0.18000000000000005]",
5,framer,mean,false_ejection_rate,alibi_off minus baseline,10,0.11839999999999999,0.013977760113043101,0.08799999999999997,0.132,"[0.13000000000000006,0.122,0.132,0.11399999999999999,0.12600000000000006,0.128,0.10199999999999992,0.08799999999999997,0.11599999999999999,0.12600000000000006]",
5,framer,mean,incident_rate,alibi_off minus baseline,10,0.0,0.0,0.0,0.0,"[0.0,0.0,0.0,0.0,0.0,0.0,0.0,0.0,0.0,0.0]",
5,framer,mean,no_ejection_rate,alibi_off minus baseline,10,0.12020000000000004,0.02040588150509554,0.094,0.15400000000000003,"[0.1,0.136,0.11400000000000002,0.098,0.10800000000000001,0.136,0.094,0.138,0.15400000000000003,0.124]",
5,framer,mean,coalition_favorable_rate,catch_outside minus baseline,10,0.0,0.0,0.0,0.0,"[0.0,0.0,0.0,0.0,0.0,0.0,0.0,0.0,0.0,0.0]",
5,framer,mean,creator_ejection_rate,catch_outside minus baseline,10,0.0,0.0,0.0,0.0,"[0.0,0.0,0.0,0.0,0.0,0.0,0.0,0.0,0.0,0.0]",
5,framer,mean,creator_survival,catch_outside minus baseline,10,0.0,0.0,0.0,0.0,"[0.0,0.0,0.0,0.0,0.0,0.0,0.0,0.0,0.0,0.0]",
5,framer,mean,false_ejection_rate,catch_outside minus baseline,10,0.0,0.0,0.0,0.0,"[0.0,0.0,0.0,0.0,0.0,0.0,0.0,0.0,0.0,0.0]",
5,framer,mean,incident_rate,catch_outside minus baseline,10,0.0,0.0,0.0,0.0,"[0.0,0.0,0.0,0.0,0.0,0.0,0.0,0.0,0.0,0.0]",
5,framer,mean,no_ejection_rate,catch_outside minus baseline,10,0.0,0.0,0.0,0.0,"[0.0,0.0,0.0,0.0,0.0,0.0,0.0,0.0,0.0,0.0]",
5,framer,sharp_credibility,coalition_favorable_rate,alibi_off minus baseline,10,0.09619999999999998,0.016850980848471576,0.07199999999999995,0.124,"[0.09999999999999998,0.07399999999999995,0.09799999999999998,0.07999999999999996,0.09799999999999998,0.11599999999999994,0.09999999999999998,0.07199999999999995,0.124,0.09999999999999998]",
5,framer,,coalition_favorable_rate,sharp_credibility minus mean,10,-0.16340000000000005,0.014361986863476343,-0.18000000000000005,-0.138,"[-0.16200000000000003,-0.17200000000000004,-0.15400000000000003,-0.16200000000000003,-0.14400000000000002,-0.17200000000000004,-0.138,-0.18000000000000005,-0.17000000000000004,-0.18000000000000005]",alibi_off
5,framer,sharp_credibility,creator_ejection_rate,alibi_off minus baseline,10,-0.08420000000000001,0.012090400232323899,-0.10399999999999998,-0.07,"[-0.08800000000000002,-0.07,-0.08800000000000002,-0.07,-0.08199999999999996,-0.10200000000000004,-0.08000000000000002,-0.07200000000000001,-0.10399999999999998,-0.08599999999999997]",
5,framer,,creator_ejection_rate,sharp_credibility minus mean,10,0.1286,0.009094564921485306,0.11399999999999999,0.138,"[0.136,0.132,0.11399999999999999,0.13399999999999998,0.12000000000000002,0.13399999999999998,0.11400000000000002,0.134,0.13,0.138]",alibi_off
5,framer,sharp_credibility,creator_survival,alibi_off minus baseline,10,0.08420000000000002,0.012090400232323903,0.07000000000000006,0.10400000000000009,"[0.08799999999999997,0.07000000000000006,0.08800000000000008,0.07000000000000006,0.08199999999999996,0.10199999999999998,0.08000000000000007,0.07199999999999995,0.10400000000000009,0.08600000000000008]",
5,framer,,creator_survival,sharp_credibility minus mean,10,-0.1286,0.009094564921485316,-0.138,-0.11399999999999999,"[-0.136,-0.132,-0.11399999999999999,-0.134,-0.12,-0.134,-0.11399999999999999,-0.134,-0.1299999999999999,-0.138]",alibi_off
5,framer,sharp_credibility,false_ejection_rate,alibi_off minus baseline,10,0.06520000000000001,0.009670114327716658,0.04600000000000004,0.07400000000000001,"[0.066,0.04999999999999999,0.07400000000000001,0.064,0.068,0.07200000000000001,0.07,0.04600000000000004,0.07400000000000001,0.06799999999999995]",
5,framer,,false_ejection_rate,sharp_credibility minus mean,10,-0.0538,0.007913420387052774,-0.06400000000000006,-0.03799999999999998,"[-0.06000000000000005,-0.055999999999999994,-0.04400000000000004,-0.057999999999999996,-0.05800000000000005,-0.057999999999999996,-0.051999999999999935,-0.03799999999999998,-0.04999999999999999,-0.06400000000000006]",alibi_off
5,framer,sharp_credibility,incident_rate,alibi_off minus baseline,10,0.0,0.0,0.0,0.0,"[0.0,0.0,0.0,0.0,0.0,0.0,0.0,0.0,0.0,0.0]",
5,framer,,incident_rate,sharp_credibility minus mean,10,0.0,0.0,0.0,0.0,"[0.0,0.0,0.0,0.0,0.0,0.0,0.0,0.0,0.0,0.0]",alibi_off
5,framer,sharp_credibility,no_ejection_rate,alibi_off minus baseline,10,0.030999999999999993,0.009944289260117535,0.016,0.05,"[0.03399999999999999,0.023999999999999994,0.023999999999999994,0.016,0.03,0.04400000000000001,0.03,0.02600000000000001,0.05,0.032]",
5,framer,,no_ejection_rate,sharp_credibility minus mean,10,-0.1096,0.016540858502508266,-0.14200000000000002,-0.08600000000000001,"[-0.10200000000000001,-0.11600000000000002,-0.11000000000000001,-0.10400000000000001,-0.08600000000000002,-0.11399999999999999,-0.08600000000000001,-0.14200000000000002,-0.12000000000000002,-0.11599999999999999]",alibi_off
5,framer,,coalition_favorable_rate,sharp_credibility minus mean,10,-0.021,0.015811388300841896,-0.041999999999999926,0.01200000000000001,"[-0.03200000000000003,0.01200000000000001,-0.006000000000000005,-0.030000000000000027,-0.008000000000000007,-0.023999999999999966,-0.041999999999999926,-0.026000000000000023,-0.02400000000000002,-0.030000000000000027]",baseline
5,framer,,creator_ejection_rate,sharp_credibility minus mean,10,0.02400000000000001,0.016573070526208055,-0.00599999999999995,0.043999999999999984,"[0.03200000000000003,-0.00599999999999995,0.006000000000000005,0.03799999999999998,0.006000000000000005,0.028000000000000025,0.03400000000000003,0.02200000000000002,0.035999999999999976,0.043999999999999984]",baseline
5,framer,,creator_survival,sharp_credibility minus mean,10,-0.02400000000000001,0.016573070526208083,-0.04400000000000004,0.006000000000000005,"[-0.03200000000000003,0.006000000000000005,-0.006000000000000005,-0.038000000000000034,-0.006000000000000005,-0.027999999999999914,-0.03400000000000003,-0.02200000000000002,-0.03600000000000003,-0.04400000000000004]",baseline
5,framer,,false_ejection_rate,sharp_credibility minus mean,10,-0.0006000000000000061,0.010793001847905373,-0.020000000000000018,0.016000000000000014,"[0.0040000000000000036,0.016000000000000014,0.013999999999999957,-0.008000000000000007,0.0,-0.0020000000000000018,-0.020000000000000018,0.003999999999999948,-0.008000000000000007,-0.00599999999999995]",baseline
5,framer,,incident_rate,sharp_credibility minus mean,10,0.0,0.0,0.0,0.0,"[0.0,0.0,0.0,0.0,0.0,0.0,0.0,0.0,0.0,0.0]",baseline
5,framer,,no_ejection_rate,sharp_credibility minus mean,10,-0.020400000000000005,0.009418657606639657,-0.03599999999999999,-0.0040000000000000036,"[-0.03599999999999999,-0.0040000000000000036,-0.01999999999999999,-0.022000000000000006,-0.008000000000000007,-0.022000000000000006,-0.022000000000000006,-0.030000000000000013,-0.016,-0.023999999999999994]",baseline
5,framer,sharp_credibility,coalition_favorable_rate,catch_outside minus baseline,10,-0.04840000000000001,0.011654279137819811,-0.064,-0.030000000000000027,"[-0.050000000000000044,-0.064,-0.057999999999999996,-0.062,-0.040000000000000036,-0.04400000000000004,-0.030000000000000027,-0.055999999999999994,-0.033999999999999975,-0.045999999999999985]",
5,framer,,coalition_favorable_rate,sharp_credibility minus mean,10,-0.06940000000000002,0.01414370688484616,-0.09200000000000003,-0.04800000000000004,"[-0.08200000000000007,-0.05199999999999999,-0.064,-0.09200000000000003,-0.04800000000000004,-0.068,-0.07199999999999995,-0.08200000000000002,-0.057999999999999996,-0.07600000000000001]",catch_outside
5,framer,sharp_credibility,creator_ejection_rate,catch_outside minus baseline,10,0.0404,0.010658330075579377,0.02400000000000002,0.057999999999999996,"[0.043999999999999984,0.057999999999999996,0.045999999999999985,0.04999999999999999,0.038000000000000034,0.035999999999999976,0.02799999999999997,0.04799999999999999,0.02400000000000002,0.03200000000000003]",
5,framer,,creator_ejection_rate,sharp_credibility minus mean,10,0.06440000000000001,0.013359973386533691,0.04400000000000004,0.08799999999999997,"[0.07600000000000001,0.052000000000000046,0.05199999999999999,0.08799999999999997,0.04400000000000004,0.064,0.062,0.07,0.06,0.07600000000000001]",catch_outside
5,framer,sharp_credibility,creator_survival,catch_outside minus baseline,10,-0.04039999999999997,0.010658330075579378,-0.05799999999999994,-0.02399999999999991,"[-0.04399999999999993,-0.05799999999999994,-0.04599999999999993,-0.04999999999999993,-0.038000000000000034,-0.03600000000000003,-0.028000000000000025,-0.04800000000000004,-0.02399999999999991,-0.03199999999999992]",
5,framer,,creator_survival,sharp_credibility minus mean,10,-0.06439999999999999,0.013359973386533702,-0.08799999999999997,-0.04400000000000004,"[-0.07599999999999996,-0.051999999999999935,-0.051999999999999935,-0.08799999999999997,-0.04400000000000004,-0.06399999999999995,-0.062000000000000055,-0.07000000000000006,-0.05999999999999994,-0.07599999999999996]",catch_outside
5,framer,sharp_credibility,false_ejection_rate,catch_outside minus baseline,10,-0.026399999999999996,0.008579044235810898,-0.038000000000000034,-0.01200000000000001,"[-0.02799999999999997,-0.03600000000000003,-0.02999999999999997,-0.038000000000000034,-0.013999999999999957,-0.023999999999999966,-0.01200000000000001,-0.03199999999999997,-0.02200000000000002,-0.028000000000000025]",
5,framer,,false_ejection_rate,sharp_credibility minus mean,10,-0.027000000000000003,0.009392668535736929,-0.04600000000000004,-0.013999999999999957,"[-0.023999999999999966,-0.020000000000000018,-0.016000000000000014,-0.04600000000000004,-0.013999999999999957,-0.025999999999999968,-0.03200000000000003,-0.028000000000000025,-0.030000000000000027,-0.033999999999999975]",catch_outside
5,framer,sharp_credibility,incident_rate,catch_outside minus baseline,10,0.0,0.0,0.0,0.0,"[0.0,0.0,0.0,0.0,0.0,0.0,0.0,0.0,0.0,0.0]",
5,framer,,incident_rate,sharp_credibility minus mean,10,0.0,0.0,0.0,0.0,"[0.0,0.0,0.0,0.0,0.0,0.0,0.0,0.0,0.0,0.0]",catch_outside
5,framer,sharp_credibility,no_ejection_rate,catch_outside minus baseline,10,-0.022000000000000002,0.005077182070575939,-0.027999999999999997,-0.011999999999999997,"[-0.022000000000000006,-0.027999999999999997,-0.027999999999999997,-0.024000000000000007,-0.025999999999999995,-0.01999999999999999,-0.018000000000000002,-0.023999999999999994,-0.011999999999999997,-0.018000000000000002]",
5,framer,,no_ejection_rate,sharp_credibility minus mean,10,-0.0424,0.009512564790259716,-0.057999999999999996,-0.027999999999999997,"[-0.057999999999999996,-0.032,-0.04799999999999999,-0.04600000000000001,-0.034,-0.041999999999999996,-0.04000000000000001,-0.054000000000000006,-0.027999999999999997,-0.041999999999999996]",catch_outside
5,framer,soft_credibility,coalition_favorable_rate,alibi_off minus baseline,10,0.13000000000000003,0.01811077027627485,0.09799999999999998,0.15600000000000003,"[0.136,0.11199999999999999,0.136,0.126,0.134,0.15000000000000002,0.11199999999999999,0.09799999999999998,0.15600000000000003,0.14]",
5,framer,,coalition_favorable_rate,soft_credibility minus mean,10,-0.1254,0.012473972903610152,-0.14400000000000002,-0.10199999999999998,"[-0.122,-0.134,-0.13,-0.13,-0.11599999999999999,-0.11399999999999999,-0.10199999999999998,-0.14400000000000002,-0.124,-0.138]",alibi_off
5,framer,soft_credibility,creator_ejection_rate,alibi_off minus baseline,10,-0.1058,0.01480090087348289,-0.128,-0.08200000000000002,"[-0.11200000000000004,-0.09799999999999998,-0.10799999999999998,-0.10399999999999998,-0.10599999999999998,-0.128,-0.08600000000000002,-0.08200000000000002,-0.126,-0.10799999999999998]",
5,framer,,creator_ejection_rate,soft_credibility minus mean,10,0.10979999999999998,0.011409547658771484,0.094,0.134,"[0.11399999999999999,0.10999999999999999,0.11199999999999999,0.11400000000000002,0.11000000000000001,0.094,0.098,0.134,0.09799999999999998,0.11399999999999999]",alibi_off
5,framer,soft_credibility,creator_survival,alibi_off minus baseline,10,0.10579999999999998,0.014800900873482905,0.08199999999999996,0.128,"[0.11199999999999999,0.09799999999999998,0.10799999999999998,0.10399999999999998,0.10599999999999998,0.128,0.08599999999999997,0.08199999999999996,0.126,0.10799999999999998]",
5,framer,,creator_survival,soft_credibility minus mean,10,-0.10980000000000004,0.011409547658771469,-0.134,-0.09400000000000008,"[-0.11399999999999999,-0.1100000000000001,-0.1120000000000001,-0.11399999999999999,-0.10999999999999999,-0.09400000000000008,-0.09800000000000009,-0.134,-0.09799999999999998,-0.1140000000000001]",alibi_off
5,framer,soft_credibility,false_ejection_rate,alibi_off minus baseline,10,0.08760000000000001,0.014323252268795503,0.062,0.10999999999999999,"[0.09399999999999997,0.07,0.09800000000000003,0.09200000000000003,0.09000000000000002,0.10999999999999999,0.07600000000000001,0.062,0.08799999999999997,0.09600000000000003]",
5,framer,,false_ejection_rate,soft_credibility minus mean,10,-0.0354,0.008435375246872864,-0.05199999999999999,-0.026000000000000023,"[-0.04200000000000004,-0.045999999999999985,-0.030000000000000027,-0.05199999999999999,-0.03200000000000003,-0.026000000000000023,-0.03399999999999992,-0.03199999999999997,-0.03200000000000003,-0.028000000000000025]",alibi_off
5,framer,soft_credibility,incident_rate,alibi_off minus baseline,10,0.0,0.0,0.0,0.0,"[0.0,0.0,0.0,0.0,0.0,0.0,0.0,0.0,0.0,0.0]",
5,framer,,incident_rate,soft_credibility minus mean,10,0.0,0.0,0.0,0.0,"[0.0,0.0,0.0,0.0,0.0,0.0,0.0,0.0,0.0,0.0]",alibi_off
5,framer,soft_credibility,no_ejection_rate,alibi_off minus baseline,10,0.04240000000000001,0.009651712571122052,0.034,0.06799999999999999,"[0.04200000000000001,0.04199999999999998,0.038000000000000006,0.034,0.044,0.04000000000000001,0.036000000000000004,0.036000000000000004,0.06799999999999999,0.04400000000000001]",
5,framer,,no_ejection_rate,soft_credibility minus mean,10,-0.09,0.013984117975602018,-0.11200000000000002,-0.068,"[-0.07999999999999999,-0.08800000000000002,-0.1,-0.07800000000000001,-0.08400000000000002,-0.088,-0.068,-0.11200000000000002,-0.09200000000000003,-0.10999999999999999]",alibi_off
5,framer,,coalition_favorable_rate,soft_credibility minus mean,10,-0.016800000000000002,0.015497670075781655,-0.04400000000000004,0.01200000000000001,"[-0.028000000000000025,0.01200000000000001,-0.020000000000000018,-0.04400000000000004,-0.016000000000000014,0.0,-0.017999999999999905,-0.016000000000000014,-0.010000000000000009,-0.028000000000000025]",baseline
5,framer,,creator_ejection_rate,soft_credibility minus mean,10,0.0268,0.014489843186023631,0.0,0.05199999999999999,"[0.03400000000000003,0.0,0.023999999999999966,0.05199999999999999,0.020000000000000018,0.014000000000000012,0.02400000000000002,0.03200000000000003,0.025999999999999968,0.04199999999999998]",baseline
5,framer,,creator_survival,soft_credibility minus mean,10,-0.02680000000000001,0.014489843186023626,-0.051999999999999935,0.0,"[-0.03400000000000003,0.0,-0.02400000000000002,-0.051999999999999935,-0.020000000000000018,-0.014000000000000012,-0.02400000000000002,-0.03200000000000003,-0.026000000000000023,-0.04200000000000004]",baseline
5,framer,,false_ejection_rate,soft_credibility minus mean,10,-0.004600000000000004,0.01041579996394367,-0.030000000000000027,0.006000000000000005,"[-0.00599999999999995,0.006000000000000005,0.003999999999999948,-0.030000000000000027,0.0040000000000000036,-0.008000000000000007,-0.008000000000000007,-0.006000000000000005,-0.0040000000000000036,0.0020000000000000018]",baseline
5,framer,,incident_rate,soft_credibility minus mean,10,0.0,0.0,0.0,0.0,"[0.0,0.0,0.0,0.0,0.0,0.0,0.0,0.0,0.0,0.0]",baseline
5,framer,,no_ejection_rate,soft_credibility minus mean,10,-0.0122,0.012488216668346026,-0.03,0.007999999999999993,"[-0.021999999999999992,0.006000000000000005,-0.023999999999999994,-0.014000000000000012,-0.020000000000000004,0.007999999999999993,-0.010000000000000009,-0.010000000000000009,-0.0059999999999999915,-0.03]",baseline
5,framer,soft_credibility,coalition_favorable_rate,catch_outside minus baseline,10,-0.0008000000000000007,0.0010327955589886455,-0.0020000000000000018,0.0,"[-0.0020000000000000018,0.0,0.0,0.0,0.0,0.0,0.0,-0.0020000000000000018,-0.0020000000000000018,-0.0020000000000000018]",
5,framer,,coalition_favorable_rate,soft_credibility minus mean,10,-0.017600000000000005,0.015742370286021816,-0.04400000000000004,0.01200000000000001,"[-0.030000000000000027,0.01200000000000001,-0.020000000000000018,-0.04400000000000004,-0.016000000000000014,0.0,-0.017999999999999905,-0.018000000000000016,-0.01200000000000001,-0.030000000000000027]",catch_outside
5,framer,soft_credibility,creator_ejection_rate,catch_outside minus baseline,10,-0.0013999999999999956,0.0013498971154211044,-0.0040000000000000036,0.0,"[0.0,0.0,-0.0020000000000000018,-0.0020000000000000018,-0.0020000000000000018,-0.0020000000000000018,0.0,0.0,-0.0019999999999999463,-0.0040000000000000036]",
5,framer,,creator_ejection_rate,soft_credibility minus mean,10,0.025400000000000006,0.014049120178067297,0.0,0.04999999999999999,"[0.03400000000000003,0.0,0.021999999999999964,0.04999999999999999,0.018000000000000016,0.01200000000000001,0.02400000000000002,0.03200000000000003,0.02400000000000002,0.03799999999999998]",catch_outside
5,framer,soft_credibility,creator_survival,catch_outside minus baseline,10,0.0013999999999999902,0.0013498971154211016,0.0,0.0040000000000000036,"[0.0,0.0,0.0020000000000000018,0.0019999999999998908,0.0020000000000000018,0.0020000000000000018,0.0,0.0,0.0020000000000000018,0.0040000000000000036]",
5,framer,,creator_survival,soft_credibility minus mean,10,-0.025400000000000023,0.014049120178067313,-0.050000000000000044,0.0,"[-0.03400000000000003,0.0,-0.02200000000000002,-0.050000000000000044,-0.018000000000000016,-0.01200000000000001,-0.02400000000000002,-0.03200000000000003,-0.02400000000000002,-0.038000000000000034]",catch_outside
5,framer,soft_credibility,false_ejection_rate,catch_outside minus baseline,10,-0.00040000000000000034,0.0008432740427115685,-0.0020000000000000018,0.0,"[0.0,0.0,0.0,0.0,0.0,0.0,0.0,-0.0020000000000000018,-0.0020000000000000018,0.0]",
5,framer,,false_ejection_rate,soft_credibility minus mean,10,-0.0050000000000000044,0.010466878978738391,-0.030000000000000027,0.006000000000000005,"[-0.00599999999999995,0.006000000000000005,0.003999999999999948,-0.030000000000000027,0.0040000000000000036,-0.008000000000000007,-0.008000000000000007,-0.008000000000000007,-0.006000000000000005,0.0020000000000000018]",catch_outside
5,framer,soft_credibility,incident_rate,catch_outside minus baseline,10,0.0,0.0,0.0,0.0,"[0.0,0.0,0.0,0.0,0.0,0.0,0.0,0.0,0.0,0.0]",
5,framer,,incident_rate,soft_credibility minus mean,10,0.0,0.0,0.0,0.0,"[0.0,0.0,0.0,0.0,0.0,0.0,0.0,0.0,0.0,0.0]",catch_outside
5,framer,soft_credibility,no_ejection_rate,catch_outside minus baseline,10,-0.00040000000000000034,0.0008432740427115685,-0.0020000000000000018,0.0,"[-0.0020000000000000018,0.0,0.0,0.0,0.0,0.0,0.0,0.0,0.0,-0.0020000000000000018]",
5,framer,,no_ejection_rate,soft_credibility minus mean,10,-0.0126,0.012997435644515934,-0.032,0.007999999999999993,"[-0.023999999999999994,0.006000000000000005,-0.023999999999999994,-0.014000000000000012,-0.020000000000000004,0.007999999999999993,-0.010000000000000009,-0.010000000000000009,-0.0059999999999999915,-0.032]",catch_outside
5,lone_liar,mean,coalition_favorable_rate,alibi_off minus baseline,10,0.05319999999999999,0.012154560186750206,0.04000000000000001,0.08399999999999999,"[0.055999999999999994,0.057999999999999996,0.04000000000000001,0.05399999999999999,0.05199999999999996,0.04999999999999999,0.04800000000000004,0.043999999999999984,0.04600000000000001,0.08399999999999999]",
5,lone_liar,mean,creator_ejection_rate,alibi_off minus baseline,10,-0.05120000000000004,0.011203174153386683,-0.07800000000000007,-0.038000000000000034,"[-0.05600000000000005,-0.05600000000000005,-0.038000000000000034,-0.052000000000000046,-0.04600000000000004,-0.052000000000000046,-0.04799999999999993,-0.04600000000000004,-0.040000000000000036,-0.07800000000000007]",
5,lone_liar,mean,creator_survival,alibi_off minus baseline,10,0.0512,0.011203174153386666,0.038000000000000034,0.07800000000000001,"[0.055999999999999994,0.055999999999999994,0.038000000000000034,0.05199999999999999,0.045999999999999985,0.05199999999999999,0.04799999999999999,0.045999999999999985,0.040000000000000036,0.07800000000000001]",
5,lone_liar,mean,false_ejection_rate,alibi_off minus baseline,10,0.05499999999999999,0.0118227652339788,0.043999999999999984,0.084,"[0.064,0.057999999999999996,0.048000000000000015,0.04999999999999999,0.048000000000000015,0.05399999999999999,0.05399999999999999,0.043999999999999984,0.04600000000000001,0.084]",
5,lone_liar,mean,incident_rate,alibi_off minus baseline,10,0.0,0.0,0.0,0.0,"[0.0,0.0,0.0,0.0,0.0,0.0,0.0,0.0,0.0,0.0]",
5,lone_liar,mean,no_ejection_rate,alibi_off minus baseline,10,-0.0018000000000000043,0.004467164151400254,-0.008000000000000007,0.00399999999999999,"[-0.008000000000000007,0.0,-0.008000000000000007,0.00399999999999999,0.00399999999999999,-0.0040000000000000036,-0.006000000000000005,0.0,0.0,0.0]",
5,lone_liar,mean,coalition_favorable_rate,catch_outside minus baseline,10,0.0,0.0,0.0,0.0,"[0.0,0.0,0.0,0.0,0.0,0.0,0.0,0.0,0.0,0.0]",
5,lone_liar,mean,creator_ejection_rate,catch_outside minus baseline,10,0.0,0.0,0.0,0.0,"[0.0,0.0,0.0,0.0,0.0,0.0,0.0,0.0,0.0,0.0]",
5,lone_liar,mean,creator_survival,catch_outside minus baseline,10,0.0,0.0,0.0,0.0,"[0.0,0.0,0.0,0.0,0.0,0.0,0.0,0.0,0.0,0.0]",
5,lone_liar,mean,false_ejection_rate,catch_outside minus baseline,10,0.0,0.0,0.0,0.0,"[0.0,0.0,0.0,0.0,0.0,0.0,0.0,0.0,0.0,0.0]",
5,lone_liar,mean,incident_rate,catch_outside minus baseline,10,0.0,0.0,0.0,0.0,"[0.0,0.0,0.0,0.0,0.0,0.0,0.0,0.0,0.0,0.0]",
5,lone_liar,mean,no_ejection_rate,catch_outside minus baseline,10,0.0,0.0,0.0,0.0,"[0.0,0.0,0.0,0.0,0.0,0.0,0.0,0.0,0.0,0.0]",
5,lone_liar,sharp_credibility,coalition_favorable_rate,alibi_off minus baseline,10,0.06120000000000001,0.01219107141403996,0.04799999999999999,0.09000000000000002,"[0.066,0.066,0.04799999999999999,0.052000000000000046,0.06799999999999995,0.05399999999999999,0.05399999999999999,0.06,0.05399999999999999,0.09000000000000002]",
5,lone_liar,,coalition_favorable_rate,sharp_credibility minus mean,10,0.09179999999999999,0.015845083359410476,0.07200000000000001,0.124,"[0.08200000000000002,0.09200000000000003,0.08599999999999997,0.07200000000000001,0.124,0.10800000000000004,0.07399999999999995,0.08800000000000002,0.10199999999999998,0.09000000000000002]",alibi_off
5,lone_liar,sharp_credibility,creator_ejection_rate,alibi_off minus baseline,10,-0.0534,0.01240250870679889,-0.08200000000000002,-0.038000000000000034,"[-0.062,-0.05600000000000005,-0.038000000000000034,-0.043999999999999984,-0.05399999999999999,-0.04800000000000004,-0.045999999999999985,-0.057999999999999996,-0.045999999999999985,-0.08200000000000002]",
5,lone_liar,,creator_ejection_rate,sharp_credibility minus mean,10,-0.2492,0.015440207252495022,-0.27799999999999997,-0.22599999999999992,"[-0.25599999999999995,-0.244,-0.24,-0.26599999999999996,-0.27799999999999997,-0.258,-0.23600000000000004,-0.22599999999999992,-0.24,-0.248]",alibi_off
5,lone_liar,sharp_credibility,creator_survival,alibi_off minus baseline,10,0.05340000000000004,0.012402508706798907,0.038000000000000034,0.08200000000000007,"[0.062000000000000055,0.05600000000000005,0.038000000000000034,0.04400000000000004,0.05400000000000005,0.04800000000000004,0.04599999999999993,0.05800000000000005,0.04600000000000004,0.08200000000000007]",
5,lone_liar,,creator_survival,sharp_credibility minus mean,10,0.2492000000000001,0.015440207252495041,0.22600000000000003,0.278,"[0.25600000000000006,0.24400000000000005,0.24,0.26600000000000007,0.278,0.258,0.23599999999999993,0.22600000000000003,0.24,0.248]",alibi_off
5,lone_liar,sharp_credibility,false_ejection_rate,alibi_off minus baseline,10,0.0452,0.010633281086600999,0.028000000000000025,0.066,"[0.045999999999999985,0.043999999999999984,0.04999999999999999,0.028000000000000025,0.043999999999999984,0.03400000000000003,0.04799999999999999,0.05399999999999999,0.03799999999999998,0.066]",
5,lone_liar,,false_ejection_rate,sharp_credibility minus mean,10,0.13679999999999998,0.020487394498406405,0.10799999999999998,0.18199999999999997,"[0.10799999999999998,0.126,0.15,0.12000000000000002,0.18199999999999997,0.136,0.12999999999999998,0.15200000000000002,0.13399999999999998,0.13]",alibi_off
5,lone_liar,sharp_credibility,incident_rate,alibi_off minus baseline,10,0.0,0.0,0.0,0.0,"[0.0,0.0,0.0,0.0,0.0,0.0,0.0,0.0,0.0,0.0]",
5,lone_liar,,incident_rate,sharp_credibility minus mean,10,0.0,0.0,0.0,0.0,"[0.0,0.0,0.0,0.0,0.0,0.0,0.0,0.0,0.0,0.0]",alibi_off
5,lone_liar,sharp_credibility,no_ejection_rate,alibi_off minus baseline,10,0.016000000000000004,0.009333333333333334,-0.0020000000000000018,0.024000000000000007,"[0.020000000000000004,0.022000000000000006,-0.0020000000000000018,0.023999999999999994,0.024,0.020000000000000004,0.005999999999999998,0.006000000000000005,0.016,0.024000000000000007]",
5,lone_liar,,no_ejection_rate,sharp_credibility minus mean,10,-0.045,0.01485485330343813,-0.064,-0.025999999999999995,"[-0.025999999999999995,-0.03399999999999999,-0.064,-0.048,-0.057999999999999996,-0.027999999999999997,-0.055999999999999994,-0.064,-0.032,-0.039999999999999994]",alibi_off
5,lone_liar,,coalition_favorable_rate,sharp_credibility minus mean,10,0.0838,0.01396662688936262,0.068,0.10800000000000001,"[0.07200000000000001,0.08400000000000002,0.07799999999999999,0.07399999999999995,0.10800000000000001,0.10400000000000004,0.068,0.07200000000000001,0.094,0.08399999999999999]",baseline
5,lone_liar,,creator_ejection_rate,sharp_credibility minus mean,10,-0.24700000000000003,0.01794435844492637,-0.274,-0.21399999999999997,"[-0.25,-0.244,-0.24,-0.274,-0.27,-0.262,-0.238,-0.21399999999999997,-0.23400000000000004,-0.24400000000000005]",baseline
5,lone_liar,,creator_survival,sharp_credibility minus mean,10,0.24699999999999997,0.017944358444926364,0.21399999999999997,0.274,"[0.25,0.244,0.24,0.274,0.26999999999999996,0.26199999999999996,0.238,0.21399999999999997,0.23399999999999999,0.24399999999999994]",baseline
5,lone_liar,,false_ejection_rate,sharp_credibility minus mean,10,0.1466,0.015945741333242135,0.126,0.186,"[0.126,0.14,0.14800000000000002,0.142,0.186,0.15599999999999997,0.13599999999999998,0.14200000000000002,0.14200000000000002,0.14800000000000002]",baseline
5,lone_liar,,incident_rate,sharp_credibility minus mean,10,0.0,0.0,0.0,0.0,"[0.0,0.0,0.0,0.0,0.0,0.0,0.0,0.0,0.0,0.0]",baseline
5,lone_liar,,no_ejection_rate,sharp_credibility minus mean,10,-0.06280000000000001,0.009715966241192898,-0.07800000000000001,-0.048,"[-0.054000000000000006,-0.055999999999999994,-0.07,-0.068,-0.07800000000000001,-0.052000000000000005,-0.068,-0.07,-0.048,-0.064]",baseline
5,lone_liar,sharp_credibility,coalition_favorable_rate,catch_outside minus baseline,10,-0.086,0.014936904334938725,-0.11200000000000002,-0.068,"[-0.07400000000000001,-0.08400000000000002,-0.08399999999999999,-0.07399999999999995,-0.11200000000000002,-0.10600000000000001,-0.068,-0.07200000000000001,-0.096,-0.09]",
5,lone_liar,,coalition_favorable_rate,sharp_credibility minus mean,10,-0.0021999999999999993,0.002394437999475732,-0.006000000000000005,0.0,"[-0.0020000000000000018,0.0,-0.006000000000000005,0.0,-0.0040000000000000036,-0.001999999999999974,0.0,0.0,-0.0020000000000000018,-0.006000000000000005]",catch_outside
5,lone_liar,sharp_credibility,creator_ejection_rate,catch_outside minus baseline,10,0.24720000000000003,0.017793881595150135,0.21199999999999997,0.272,"[0.25,0.244,0.24,0.272,0.268,0.264,0.238,0.21199999999999997,0.23600000000000004,0.24800000000000005]",
5,lone_liar,,creator_ejection_rate,sharp_credibility minus mean,10,0.00020000000000000017,0.0019888578520235083,-0.0020000000000000018,0.0040000000000000036,"[0.0,0.0,0.0,-0.0020000000000000018,-0.0020000000000000018,0.0020000000000000018,0.0,-0.0020000000000000018,0.0020000000000000018,0.0040000000000000036]",catch_outside
5,lone_liar,sharp_credibility,creator_survival,catch_outside minus baseline,10,-0.2472,0.017793881595150125,-0.272,-0.21199999999999997,"[-0.25,-0.244,-0.24,-0.272,-0.26799999999999996,-0.26399999999999996,-0.238,-0.21199999999999997,-0.236,-0.24799999999999994]",
5,lone_liar,,creator_survival,sharp_credibility minus mean,10,-0.00020000000000000017,0.0019888578520235083,-0.0040000000000000036,0.0020000000000000018,"[0.0,0.0,0.0,0.0020000000000000018,0.0020000000000000018,-0.0020000000000000018,0.0,0.0020000000000000018,-0.0020000000000000018,-0.0040000000000000036]",catch_outside
5,lone_liar,sharp_credibility,false_ejection_rate,catch_outside minus baseline,10,-0.1476,0.015826840774105514,-0.186,-0.128,"[-0.128,-0.14,-0.14800000000000002,-0.142,-0.186,-0.15799999999999997,-0.13599999999999998,-0.14200000000000002,-0.14400000000000002,-0.152]",
5,lone_liar,,false_ejection_rate,sharp_credibility minus mean,10,-0.0009999999999999996,0.001414213562373093,-0.00399999999999999,0.0,"[-0.0020000000000000018,0.0,0.0,0.0,0.0,-0.0020000000000000018,0.0,0.0,-0.0020000000000000018,-0.00399999999999999]",catch_outside
5,lone_liar,sharp_credibility,incident_rate,catch_outside minus baseline,10,0.0,0.0,0.0,0.0,"[0.0,0.0,0.0,0.0,0.0,0.0,0.0,0.0,0.0,0.0]",
5,lone_liar,,incident_rate,sharp_credibility minus mean,10,0.0,0.0,0.0,0.0,"[0.0,0.0,0.0,0.0,0.0,0.0,0.0,0.0,0.0,0.0]",catch_outside
5,lone_liar,sharp_credibility,no_ejection_rate,catch_outside minus baseline,10,0.06160000000000001,0.008682037651253178,0.048,0.07400000000000001,"[0.054000000000000006,0.055999999999999994,0.064,0.068,0.07400000000000001,0.052000000000000005,0.068,0.07,0.048,0.062]",
5,lone_liar,,no_ejection_rate,sharp_credibility minus mean,10,-0.001200000000000001,0.0021499353995462814,-0.006000000000000005,0.0,"[0.0,0.0,-0.006000000000000005,0.0,-0.0040000000000000036,0.0,0.0,0.0,0.0,-0.0020000000000000018]",catch_outside
5,lone_liar,soft_credibility,coalition_favorable_rate,alibi_off minus baseline,10,0.0488,0.011043348928452615,0.036000000000000004,0.07400000000000001,"[0.055999999999999994,0.05399999999999999,0.036000000000000004,0.05200000000000002,0.04600000000000001,0.04200000000000001,0.04799999999999999,0.04000000000000001,0.04000000000000001,0.07400000000000001]",
5,lone_liar,,coalition_favorable_rate,soft_credibility minus mean,10,-0.047799999999999995,0.009727395449051214,-0.06,-0.033999999999999975,"[-0.06,-0.045999999999999985,-0.05600000000000002,-0.05199999999999999,-0.055999999999999966,-0.033999999999999975,-0.04600000000000004,-0.055999999999999994,-0.034,-0.03799999999999998]",alibi_off
5,lone_liar,soft_credibility,creator_ejection_rate,alibi_off minus baseline,10,-0.040799999999999996,0.011593101396951563,-0.06399999999999995,-0.027999999999999914,"[-0.05400000000000005,-0.04600000000000004,-0.028000000000000025,-0.04200000000000004,-0.029999999999999916,-0.03600000000000003,-0.03999999999999998,-0.040000000000000036,-0.027999999999999914,-0.06399999999999995]",
5,lone_liar,,creator_ejection_rate,soft_credibility minus mean,10,-0.08239999999999996,0.011305849027040054,-0.10399999999999998,-0.06599999999999995,"[-0.08399999999999996,-0.07599999999999996,-0.07599999999999996,-0.10399999999999998,-0.07399999999999995,-0.09599999999999997,-0.08800000000000002,-0.06599999999999995,-0.07599999999999996,-0.08399999999999996]",alibi_off
5,lone_liar,soft_credibility,creator_survival,alibi_off minus baseline,10,0.0408,0.011593101396951548,0.02799999999999997,0.064,"[0.05399999999999999,0.045999999999999985,0.02799999999999997,0.04200000000000004,0.030000000000000027,0.035999999999999976,0.040000000000000036,0.03999999999999998,0.028000000000000025,0.064]",
5,lone_liar,,creator_survival,soft_credibility minus mean,10,0.0824,0.011305849027040045,0.066,0.10400000000000004,"[0.08400000000000002,0.07600000000000001,0.07599999999999996,0.10400000000000004,0.07400000000000001,0.09599999999999997,0.08800000000000002,0.066,0.07600000000000001,0.08399999999999996]",alibi_off
5,lone_liar,soft_credibility,false_ejection_rate,alibi_off minus baseline,10,0.0466,0.010915839663331244,0.036000000000000004,0.07200000000000001,"[0.057999999999999996,0.04799999999999999,0.04200000000000001,0.04200000000000001,0.038000000000000006,0.04199999999999998,0.04799999999999999,0.036000000000000004,0.04000000000000001,0.07200000000000001]",
5,lone_liar,,false_ejection_rate,soft_credibility minus mean,10,0.018799999999999994,0.006811754546370566,0.005999999999999978,0.032,"[0.005999999999999978,0.01999999999999999,0.017999999999999988,0.020000000000000018,0.015999999999999986,0.017999999999999988,0.025999999999999995,0.016000000000000014,0.015999999999999986,0.032]",alibi_off
5,lone_liar,soft_credibility,incident_rate,alibi_off minus baseline,10,0.0,0.0,0.0,0.0,"[0.0,0.0,0.0,0.0,0.0,0.0,0.0,0.0,0.0,0.0]",
5,lone_liar,,incident_rate,soft_credibility minus mean,10,0.0,0.0,0.0,0.0,"[0.0,0.0,0.0,0.0,0.0,0.0,0.0,0.0,0.0,0.0]",alibi_off
5,lone_liar,soft_credibility,no_ejection_rate,alibi_off minus baseline,10,0.0022,0.004848825745591516,-0.006000000000000002,0.010000000000000002,"[-0.0020000000000000018,0.005999999999999998,-0.006000000000000002,0.010000000000000002,0.008,0.0,0.0,0.0040000000000000036,0.0,0.0020000000000000018]",
5,lone_liar,,no_ejection_rate,soft_credibility minus mean,10,-0.06660000000000002,0.00864355893779357,-0.074,-0.049999999999999996,"[-0.066,-0.066,-0.074,-0.072,-0.072,-0.052,-0.072,-0.072,-0.049999999999999996,-0.07]",alibi_off
5,lone_liar,,coalition_favorable_rate,soft_credibility minus mean,10,-0.04340000000000001,0.012001851708984101,-0.06,-0.025999999999999995,"[-0.06,-0.04199999999999998,-0.05200000000000002,-0.05000000000000002,-0.05000000000000002,-0.025999999999999995,-0.045999999999999985,-0.05200000000000002,-0.027999999999999997,-0.027999999999999997]",baseline
5,lone_liar,,creator_ejection_rate,soft_credibility minus mean,10,-0.09280000000000001,0.012726175998922683,-0.11399999999999999,-0.07199999999999995,"[-0.08599999999999997,-0.08599999999999997,-0.08599999999999997,-0.11399999999999999,-0.09000000000000008,-0.11199999999999999,-0.09599999999999997,-0.07199999999999995,-0.08800000000000008,-0.09800000000000009]",baseline
5,lone_liar,,creator_survival,soft_credibility minus mean,10,0.09280000000000001,0.012726175998922664,0.07200000000000001,0.11399999999999999,"[0.08600000000000002,0.08600000000000002,0.08600000000000002,0.11399999999999999,0.08999999999999997,0.11199999999999999,0.09599999999999997,0.07200000000000001,0.08800000000000002,0.09799999999999998]",baseline
5,lone_liar,,false_ejection_rate,soft_credibility minus mean,10,0.027199999999999995,0.008175845182269813,0.011999999999999983,0.044,"[0.011999999999999983,0.03,0.023999999999999994,0.027999999999999997,0.025999999999999995,0.03,0.032,0.023999999999999994,0.021999999999999992,0.044]",baseline
5,lone_liar,,incident_rate,soft_credibility minus mean,10,0.0,0.0,0.0,0.0,"[0.0,0.0,0.0,0.0,0.0,0.0,0.0,0.0,0.0,0.0]",baseline
5,lone_liar,,no_ejection_rate,soft_credibility minus mean,10,-0.07060000000000002,0.009663217775553743,-0.07800000000000001,-0.049999999999999996,"[-0.07200000000000001,-0.072,-0.076,-0.07800000000000001,-0.07600000000000001,-0.056,-0.078,-0.076,-0.049999999999999996,-0.07200000000000001]",baseline
5,lone_liar,soft_credibility,coalition_favorable_rate,catch_outside minus baseline,10,0.041600000000000005,0.012851286144022924,0.021999999999999992,0.057999999999999996,"[0.057999999999999996,0.04199999999999998,0.048000000000000015,0.05000000000000002,0.048000000000000015,0.02400000000000002,0.045999999999999985,0.05200000000000002,0.025999999999999995,0.021999999999999992]",
5,lone_liar,,coalition_favorable_rate,soft_credibility minus mean,10,-0.0017999999999999989,0.001988857852023508,-0.006000000000000005,0.0,"[-0.0020000000000000018,0.0,-0.0040000000000000036,0.0,-0.0020000000000000018,-0.001999999999999974,0.0,0.0,-0.0020000000000000018,-0.006000000000000005]",catch_outside
5,lone_liar,soft_credibility,creator_ejection_rate,catch_outside minus baseline,10,0.094,0.01299572579307863,0.07199999999999995,0.11399999999999999,"[0.08799999999999997,0.08599999999999997,0.08799999999999997,0.11399999999999999,0.09000000000000008,0.11399999999999999,0.09599999999999997,0.07199999999999995,0.09000000000000008,0.10200000000000009]",
5,lone_liar,,creator_ejection_rate,soft_credibility minus mean,10,0.001200000000000001,0.0013984117975602032,0.0,0.0040000000000000036,"[0.0020000000000000018,0.0,0.0020000000000000018,0.0,0.0,0.0020000000000000018,0.0,0.0,0.0020000000000000018,0.0040000000000000036]",catch_outside
5,lone_liar,soft_credibility,creator_survival,catch_outside minus baseline,10,-0.094,0.012995725793078608,-0.11399999999999999,-0.07200000000000001,"[-0.08800000000000002,-0.08600000000000002,-0.08800000000000002,-0.11399999999999999,-0.08999999999999997,-0.11399999999999999,-0.09599999999999997,-0.07200000000000001,-0.09000000000000002,-0.10199999999999998]",
5,lone_liar,,creator_survival,soft_credibility minus mean,10,-0.001200000000000001,0.0013984117975602032,-0.0040000000000000036,0.0,"[-0.0020000000000000018,0.0,-0.0020000000000000018,0.0,0.0,-0.0020000000000000018,0.0,0.0,-0.0020000000000000018,-0.0040000000000000036]",catch_outside
5,lone_liar,soft_credibility,false_ejection_rate,catch_outside minus baseline,10,-0.028199999999999992,0.008715248450592534,-0.04799999999999999,-0.013999999999999985,"[-0.013999999999999985,-0.03,-0.023999999999999994,-0.027999999999999997,-0.025999999999999995,-0.032,-0.032,-0.023999999999999994,-0.023999999999999994,-0.04799999999999999]",
5,lone_liar,,false_ejection_rate,soft_credibility minus mean,10,-0.0009999999999999996,0.001414213562373093,-0.00399999999999999,0.0,"[-0.0020000000000000018,0.0,0.0,0.0,0.0,-0.0020000000000000018,0.0,0.0,-0.0020000000000000018,-0.00399999999999999]",catch_outside
5,lone_liar,soft_credibility,incident_rate,catch_outside minus baseline,10,0.0,0.0,0.0,0.0,"[0.0,0.0,0.0,0.0,0.0,0.0,0.0,0.0,0.0,0.0]",
5,lone_liar,,incident_rate,soft_credibility minus mean,10,0.0,0.0,0.0,0.0,"[0.0,0.0,0.0,0.0,0.0,0.0,0.0,0.0,0.0,0.0]",catch_outside
5,lone_liar,soft_credibility,no_ejection_rate,catch_outside minus baseline,10,0.06980000000000001,0.00935473736195256,0.049999999999999996,0.07800000000000001,"[0.07200000000000001,0.072,0.072,0.07800000000000001,0.07400000000000001,0.056,0.078,0.076,0.049999999999999996,0.07]",
5,lone_liar,,no_ejection_rate,soft_credibility minus mean,10,-0.0008000000000000007,0.0013984117975602032,-0.0040000000000000036,0.0,"[0.0,0.0,-0.0040000000000000036,0.0,-0.0020000000000000018,0.0,0.0,0.0,0.0,-0.0020000000000000018]",catch_outside
5,truthful,mean,coalition_favorable_rate,alibi_off minus baseline,10,0.0,0.0,0.0,0.0,"[0.0,0.0,0.0,0.0,0.0,0.0,0.0,0.0,0.0,0.0]",
5,truthful,mean,creator_ejection_rate,alibi_off minus baseline,10,0.0,0.0,0.0,0.0,"[0.0,0.0,0.0,0.0,0.0,0.0,0.0,0.0,0.0,0.0]",
5,truthful,mean,creator_survival,alibi_off minus baseline,10,0.0,0.0,0.0,0.0,"[0.0,0.0,0.0,0.0,0.0,0.0,0.0,0.0,0.0,0.0]",
5,truthful,mean,false_ejection_rate,alibi_off minus baseline,10,0.0,0.0,0.0,0.0,"[0.0,0.0,0.0,0.0,0.0,0.0,0.0,0.0,0.0,0.0]",
5,truthful,mean,incident_rate,alibi_off minus baseline,10,0.0,0.0,0.0,0.0,"[0.0,0.0,0.0,0.0,0.0,0.0,0.0,0.0,0.0,0.0]",
5,truthful,mean,no_ejection_rate,alibi_off minus baseline,10,0.0,0.0,0.0,0.0,"[0.0,0.0,0.0,0.0,0.0,0.0,0.0,0.0,0.0,0.0]",
5,truthful,mean,coalition_favorable_rate,catch_outside minus baseline,10,0.0,0.0,0.0,0.0,"[0.0,0.0,0.0,0.0,0.0,0.0,0.0,0.0,0.0,0.0]",
5,truthful,mean,creator_ejection_rate,catch_outside minus baseline,10,0.0,0.0,0.0,0.0,"[0.0,0.0,0.0,0.0,0.0,0.0,0.0,0.0,0.0,0.0]",
5,truthful,mean,creator_survival,catch_outside minus baseline,10,0.0,0.0,0.0,0.0,"[0.0,0.0,0.0,0.0,0.0,0.0,0.0,0.0,0.0,0.0]",
5,truthful,mean,false_ejection_rate,catch_outside minus baseline,10,0.0,0.0,0.0,0.0,"[0.0,0.0,0.0,0.0,0.0,0.0,0.0,0.0,0.0,0.0]",
5,truthful,mean,incident_rate,catch_outside minus baseline,10,0.0,0.0,0.0,0.0,"[0.0,0.0,0.0,0.0,0.0,0.0,0.0,0.0,0.0,0.0]",
5,truthful,mean,no_ejection_rate,catch_outside minus baseline,10,0.0,0.0,0.0,0.0,"[0.0,0.0,0.0,0.0,0.0,0.0,0.0,0.0,0.0,0.0]",
5,truthful,sharp_credibility,coalition_favorable_rate,alibi_off minus baseline,10,0.0,0.0,0.0,0.0,"[0.0,0.0,0.0,0.0,0.0,0.0,0.0,0.0,0.0,0.0]",
5,truthful,,coalition_favorable_rate,sharp_credibility minus mean,10,0.0,0.0,0.0,0.0,"[0.0,0.0,0.0,0.0,0.0,0.0,0.0,0.0,0.0,0.0]",alibi_off
5,truthful,sharp_credibility,creator_ejection_rate,alibi_off minus baseline,10,0.0,0.0,0.0,0.0,"[0.0,0.0,0.0,0.0,0.0,0.0,0.0,0.0,0.0,0.0]",
5,truthful,,creator_ejection_rate,sharp_credibility minus mean,10,0.0,0.0,0.0,0.0,"[0.0,0.0,0.0,0.0,0.0,0.0,0.0,0.0,0.0,0.0]",alibi_off
5,truthful,sharp_credibility,creator_survival,alibi_off minus baseline,10,0.0,0.0,0.0,0.0,"[0.0,0.0,0.0,0.0,0.0,0.0,0.0,0.0,0.0,0.0]",
5,truthful,,creator_survival,sharp_credibility minus mean,10,0.0,0.0,0.0,0.0,"[0.0,0.0,0.0,0.0,0.0,0.0,0.0,0.0,0.0,0.0]",alibi_off
5,truthful,sharp_credibility,false_ejection_rate,alibi_off minus baseline,10,0.0,0.0,0.0,0.0,"[0.0,0.0,0.0,0.0,0.0,0.0,0.0,0.0,0.0,0.0]",
5,truthful,,false_ejection_rate,sharp_credibility minus mean,10,0.0,0.0,0.0,0.0,"[0.0,0.0,0.0,0.0,0.0,0.0,0.0,0.0,0.0,0.0]",alibi_off
5,truthful,sharp_credibility,incident_rate,alibi_off minus baseline,10,0.0,0.0,0.0,0.0,"[0.0,0.0,0.0,0.0,0.0,0.0,0.0,0.0,0.0,0.0]",
5,truthful,,incident_rate,sharp_credibility minus mean,10,0.0,0.0,0.0,0.0,"[0.0,0.0,0.0,0.0,0.0,0.0,0.0,0.0,0.0,0.0]",alibi_off
5,truthful,sharp_credibility,no_ejection_rate,alibi_off minus baseline,10,0.0,0.0,0.0,0.0,"[0.0,0.0,0.0,0.0,0.0,0.0,0.0,0.0,0.0,0.0]",
5,truthful,,no_ejection_rate,sharp_credibility minus mean,10,0.0,0.0,0.0,0.0,"[0.0,0.0,0.0,0.0,0.0,0.0,0.0,0.0,0.0,0.0]",alibi_off
5,truthful,,coalition_favorable_rate,sharp_credibility minus mean,10,0.0,0.0,0.0,0.0,"[0.0,0.0,0.0,0.0,0.0,0.0,0.0,0.0,0.0,0.0]",baseline
5,truthful,,creator_ejection_rate,sharp_credibility minus mean,10,0.0,0.0,0.0,0.0,"[0.0,0.0,0.0,0.0,0.0,0.0,0.0,0.0,0.0,0.0]",baseline
5,truthful,,creator_survival,sharp_credibility minus mean,10,0.0,0.0,0.0,0.0,"[0.0,0.0,0.0,0.0,0.0,0.0,0.0,0.0,0.0,0.0]",baseline
5,truthful,,false_ejection_rate,sharp_credibility minus mean,10,0.0,0.0,0.0,0.0,"[0.0,0.0,0.0,0.0,0.0,0.0,0.0,0.0,0.0,0.0]",baseline
5,truthful,,incident_rate,sharp_credibility minus mean,10,0.0,0.0,0.0,0.0,"[0.0,0.0,0.0,0.0,0.0,0.0,0.0,0.0,0.0,0.0]",baseline
5,truthful,,no_ejection_rate,sharp_credibility minus mean,10,0.0,0.0,0.0,0.0,"[0.0,0.0,0.0,0.0,0.0,0.0,0.0,0.0,0.0,0.0]",baseline
5,truthful,sharp_credibility,coalition_favorable_rate,catch_outside minus baseline,10,0.0,0.0,0.0,0.0,"[0.0,0.0,0.0,0.0,0.0,0.0,0.0,0.0,0.0,0.0]",
5,truthful,,coalition_favorable_rate,sharp_credibility minus mean,10,0.0,0.0,0.0,0.0,"[0.0,0.0,0.0,0.0,0.0,0.0,0.0,0.0,0.0,0.0]",catch_outside
5,truthful,sharp_credibility,creator_ejection_rate,catch_outside minus baseline,10,0.0,0.0,0.0,0.0,"[0.0,0.0,0.0,0.0,0.0,0.0,0.0,0.0,0.0,0.0]",
5,truthful,,creator_ejection_rate,sharp_credibility minus mean,10,0.0,0.0,0.0,0.0,"[0.0,0.0,0.0,0.0,0.0,0.0,0.0,0.0,0.0,0.0]",catch_outside
5,truthful,sharp_credibility,creator_survival,catch_outside minus baseline,10,0.0,0.0,0.0,0.0,"[0.0,0.0,0.0,0.0,0.0,0.0,0.0,0.0,0.0,0.0]",
5,truthful,,creator_survival,sharp_credibility minus mean,10,0.0,0.0,0.0,0.0,"[0.0,0.0,0.0,0.0,0.0,0.0,0.0,0.0,0.0,0.0]",catch_outside
5,truthful,sharp_credibility,false_ejection_rate,catch_outside minus baseline,10,0.0,0.0,0.0,0.0,"[0.0,0.0,0.0,0.0,0.0,0.0,0.0,0.0,0.0,0.0]",
5,truthful,,false_ejection_rate,sharp_credibility minus mean,10,0.0,0.0,0.0,0.0,"[0.0,0.0,0.0,0.0,0.0,0.0,0.0,0.0,0.0,0.0]",catch_outside
5,truthful,sharp_credibility,incident_rate,catch_outside minus baseline,10,0.0,0.0,0.0,0.0,"[0.0,0.0,0.0,0.0,0.0,0.0,0.0,0.0,0.0,0.0]",
5,truthful,,incident_rate,sharp_credibility minus mean,10,0.0,0.0,0.0,0.0,"[0.0,0.0,0.0,0.0,0.0,0.0,0.0,0.0,0.0,0.0]",catch_outside
5,truthful,sharp_credibility,no_ejection_rate,catch_outside minus baseline,10,0.0,0.0,0.0,0.0,"[0.0,0.0,0.0,0.0,0.0,0.0,0.0,0.0,0.0,0.0]",
5,truthful,,no_ejection_rate,sharp_credibility minus mean,10,0.0,0.0,0.0,0.0,"[0.0,0.0,0.0,0.0,0.0,0.0,0.0,0.0,0.0,0.0]",catch_outside
5,truthful,soft_credibility,coalition_favorable_rate,alibi_off minus baseline,10,0.0,0.0,0.0,0.0,"[0.0,0.0,0.0,0.0,0.0,0.0,0.0,0.0,0.0,0.0]",
5,truthful,,coalition_favorable_rate,soft_credibility minus mean,10,0.0,0.0,0.0,0.0,"[0.0,0.0,0.0,0.0,0.0,0.0,0.0,0.0,0.0,0.0]",alibi_off
5,truthful,soft_credibility,creator_ejection_rate,alibi_off minus baseline,10,0.0,0.0,0.0,0.0,"[0.0,0.0,0.0,0.0,0.0,0.0,0.0,0.0,0.0,0.0]",
5,truthful,,creator_ejection_rate,soft_credibility minus mean,10,0.0,0.0,0.0,0.0,"[0.0,0.0,0.0,0.0,0.0,0.0,0.0,0.0,0.0,0.0]",alibi_off
5,truthful,soft_credibility,creator_survival,alibi_off minus baseline,10,0.0,0.0,0.0,0.0,"[0.0,0.0,0.0,0.0,0.0,0.0,0.0,0.0,0.0,0.0]",
5,truthful,,creator_survival,soft_credibility minus mean,10,0.0,0.0,0.0,0.0,"[0.0,0.0,0.0,0.0,0.0,0.0,0.0,0.0,0.0,0.0]",alibi_off
5,truthful,soft_credibility,false_ejection_rate,alibi_off minus baseline,10,0.0,0.0,0.0,0.0,"[0.0,0.0,0.0,0.0,0.0,0.0,0.0,0.0,0.0,0.0]",
5,truthful,,false_ejection_rate,soft_credibility minus mean,10,0.0,0.0,0.0,0.0,"[0.0,0.0,0.0,0.0,0.0,0.0,0.0,0.0,0.0,0.0]",alibi_off
5,truthful,soft_credibility,incident_rate,alibi_off minus baseline,10,0.0,0.0,0.0,0.0,"[0.0,0.0,0.0,0.0,0.0,0.0,0.0,0.0,0.0,0.0]",
5,truthful,,incident_rate,soft_credibility minus mean,10,0.0,0.0,0.0,0.0,"[0.0,0.0,0.0,0.0,0.0,0.0,0.0,0.0,0.0,0.0]",alibi_off
5,truthful,soft_credibility,no_ejection_rate,alibi_off minus baseline,10,0.0,0.0,0.0,0.0,"[0.0,0.0,0.0,0.0,0.0,0.0,0.0,0.0,0.0,0.0]",
5,truthful,,no_ejection_rate,soft_credibility minus mean,10,0.0,0.0,0.0,0.0,"[0.0,0.0,0.0,0.0,0.0,0.0,0.0,0.0,0.0,0.0]",alibi_off
5,truthful,,coalition_favorable_rate,soft_credibility minus mean,10,0.0,0.0,0.0,0.0,"[0.0,0.0,0.0,0.0,0.0,0.0,0.0,0.0,0.0,0.0]",baseline
5,truthful,,creator_ejection_rate,soft_credibility minus mean,10,0.0,0.0,0.0,0.0,"[0.0,0.0,0.0,0.0,0.0,0.0,0.0,0.0,0.0,0.0]",baseline
5,truthful,,creator_survival,soft_credibility minus mean,10,0.0,0.0,0.0,0.0,"[0.0,0.0,0.0,0.0,0.0,0.0,0.0,0.0,0.0,0.0]",baseline
5,truthful,,false_ejection_rate,soft_credibility minus mean,10,0.0,0.0,0.0,0.0,"[0.0,0.0,0.0,0.0,0.0,0.0,0.0,0.0,0.0,0.0]",baseline
5,truthful,,incident_rate,soft_credibility minus mean,10,0.0,0.0,0.0,0.0,"[0.0,0.0,0.0,0.0,0.0,0.0,0.0,0.0,0.0,0.0]",baseline
5,truthful,,no_ejection_rate,soft_credibility minus mean,10,0.0,0.0,0.0,0.0,"[0.0,0.0,0.0,0.0,0.0,0.0,0.0,0.0,0.0,0.0]",baseline
5,truthful,soft_credibility,coalition_favorable_rate,catch_outside minus baseline,10,0.0,0.0,0.0,0.0,"[0.0,0.0,0.0,0.0,0.0,0.0,0.0,0.0,0.0,0.0]",
5,truthful,,coalition_favorable_rate,soft_credibility minus mean,10,0.0,0.0,0.0,0.0,"[0.0,0.0,0.0,0.0,0.0,0.0,0.0,0.0,0.0,0.0]",catch_outside
5,truthful,soft_credibility,creator_ejection_rate,catch_outside minus baseline,10,0.0,0.0,0.0,0.0,"[0.0,0.0,0.0,0.0,0.0,0.0,0.0,0.0,0.0,0.0]",
5,truthful,,creator_ejection_rate,soft_credibility minus mean,10,0.0,0.0,0.0,0.0,"[0.0,0.0,0.0,0.0,0.0,0.0,0.0,0.0,0.0,0.0]",catch_outside
5,truthful,soft_credibility,creator_survival,catch_outside minus baseline,10,0.0,0.0,0.0,0.0,"[0.0,0.0,0.0,0.0,0.0,0.0,0.0,0.0,0.0,0.0]",
5,truthful,,creator_survival,soft_credibility minus mean,10,0.0,0.0,0.0,0.0,"[0.0,0.0,0.0,0.0,0.0,0.0,0.0,0.0,0.0,0.0]",catch_outside
5,truthful,soft_credibility,false_ejection_rate,catch_outside minus baseline,10,0.0,0.0,0.0,0.0,"[0.0,0.0,0.0,0.0,0.0,0.0,0.0,0.0,0.0,0.0]",
5,truthful,,false_ejection_rate,soft_credibility minus mean,10,0.0,0.0,0.0,0.0,"[0.0,0.0,0.0,0.0,0.0,0.0,0.0,0.0,0.0,0.0]",catch_outside
5,truthful,soft_credibility,incident_rate,catch_outside minus baseline,10,0.0,0.0,0.0,0.0,"[0.0,0.0,0.0,0.0,0.0,0.0,0.0,0.0,0.0,0.0]",
5,truthful,,incident_rate,soft_credibility minus mean,10,0.0,0.0,0.0,0.0,"[0.0,0.0,0.0,0.0,0.0,0.0,0.0,0.0,0.0,0.0]",catch_outside
5,truthful,soft_credibility,no_ejection_rate,catch_outside minus baseline,10,0.0,0.0,0.0,0.0,"[0.0,0.0,0.0,0.0,0.0,0.0,0.0,0.0,0.0,0.0]",
5,truthful,,no_ejection_rate,soft_credibility minus mean,10,0.0,0.0,0.0,0.0,"[0.0,0.0,0.0,0.0,0.0,0.0,0.0,0.0,0.0,0.0]",catch_outside
7,alibi,mean,coalition_favorable_rate,alibi_off minus baseline,10,-0.17099999999999999,0.019072959334559964,-0.202,-0.14399999999999996,"[-0.182,-0.202,-0.14600000000000002,-0.14399999999999996,-0.18800000000000003,-0.17,-0.184,-0.16800000000000004,-0.152,-0.174]",
7,alibi,mean,creator_ejection_rate,alibi_off minus baseline,10,0.18319999999999997,0.018860894287740786,0.15200000000000002,0.21599999999999997,"[0.19400000000000006,0.21599999999999997,0.16599999999999993,0.15200000000000002,0.19199999999999995,0.17599999999999993,0.19199999999999995,0.18399999999999994,0.16400000000000003,0.19599999999999995]",
7,alibi,mean,creator_survival,alibi_off minus baseline,10,-0.18319999999999997,0.0188608942877408,-0.21600000000000003,-0.15199999999999997,"[-0.19399999999999998,-0.21600000000000003,-0.16600000000000004,-0.15199999999999997,-0.192,-0.176,-0.192,-0.184,-0.16399999999999998,-0.19599999999999995]",
7,alibi,mean,false_ejection_rate,alibi_off minus baseline,10,-0.0448,0.02085292412215717,-0.07200000000000001,-0.015999999999999986,"[-0.062,-0.07200000000000001,-0.015999999999999986,-0.015999999999999986,-0.064,-0.057999999999999996,-0.05199999999999999,-0.02200000000000002,-0.036000000000000004,-0.04999999999999999]",
7,alibi,mean,incident_rate,alibi_off minus baseline,10,0.0,0.0,0.0,0.0,"[0.0,0.0,0.0,0.0,0.0,0.0,0.0,0.0,0.0,0.0]",
7,alibi,mean,no_ejection_rate,alibi_off minus baseline,10,-0.1262,0.009496198069637016,-0.146,-0.11199999999999999,"[-0.12,-0.13,-0.13,-0.128,-0.124,-0.11199999999999999,-0.132,-0.146,-0.116,-0.124]",
7,alibi,mean,coalition_favorable_rate,catch_outside minus baseline,10,0.00020000000000000017,0.0006324555320336764,0.0,0.0020000000000000018,"[0.0,0.0,0.0,0.0,0.0,0.0020000000000000018,0.0,0.0,0.0,0.0]",
7,alibi,mean,creator_ejection_rate,catch_outside minus baseline,10,-0.0006000000000000005,0.0009660917830792966,-0.0020000000000000018,0.0,"[0.0,0.0,0.0,-0.0020000000000000018,0.0,-0.0020000000000000018,-0.0020000000000000018,0.0,0.0,0.0]",
7,alibi,mean,creator_survival,catch_outside minus baseline,10,0.0006000000000000005,0.0009660917830792966,0.0,0.0020000000000000018,"[0.0,0.0,0.0,0.0020000000000000018,0.0,0.0020000000000000018,0.0020000000000000018,0.0,0.0,0.0]",
7,alibi,mean,false_ejection_rate,catch_outside minus baseline,10,0.0,0.0,0.0,0.0,"[0.0,0.0,0.0,0.0,0.0,0.0,0.0,0.0,0.0,0.0]",
7,alibi,mean,incident_rate,catch_outside minus baseline,10,0.0,0.0,0.0,0.0,"[0.0,0.0,0.0,0.0,0.0,0.0,0.0,0.0,0.0,0.0]",
7,alibi,mean,no_ejection_rate,catch_outside minus baseline,10,0.00020000000000000017,0.0006324555320336764,0.0,0.0020000000000000018,"[0.0,0.0,0.0,0.0,0.0,0.0020000000000000018,0.0,0.0,0.0,0.0]",
7,alibi,sharp_credibility,coalition_favorable_rate,alibi_off minus baseline,10,-0.09359999999999999,0.013393198937437496,-0.11599999999999994,-0.07000000000000006,"[-0.10200000000000004,-0.11599999999999994,-0.08000000000000002,-0.09000000000000002,-0.09399999999999997,-0.09200000000000003,-0.10999999999999993,-0.08999999999999997,-0.07000000000000006,-0.09199999999999997]",
7,alibi,,coalition_favorable_rate,sharp_credibility minus mean,10,0.25920000000000004,0.01855202893965449,0.23000000000000004,0.29200000000000004,"[0.244,0.272,0.23000000000000004,0.244,0.29200000000000004,0.24800000000000003,0.262,0.254,0.272,0.27399999999999997]",alibi_off
7,alibi,sharp_credibility,creator_ejection_rate,alibi_off minus baseline,10,0.1782,0.018558017135459265,0.15200000000000002,0.22199999999999998,"[0.17600000000000005,0.22199999999999998,0.16199999999999998,0.174,0.178,0.174,0.172,0.19,0.15200000000000002,0.182]",
7,alibi,,creator_ejection_rate,sharp_credibility minus mean,10,-0.2412,0.018954917274651685,-0.27199999999999996,-0.22199999999999998,"[-0.236,-0.252,-0.22199999999999998,-0.22799999999999998,-0.27199999999999996,-0.236,-0.22399999999999998,-0.22199999999999998,-0.26999999999999996,-0.25]",alibi_off
7,alibi,sharp_credibility,creator_survival,alibi_off minus baseline,10,-0.1782,0.018558017135459254,-0.22199999999999998,-0.15200000000000002,"[-0.176,-0.22199999999999998,-0.16200000000000003,-0.17400000000000004,-0.17799999999999994,-0.17400000000000004,-0.17199999999999993,-0.18999999999999995,-0.15200000000000002,-0.18199999999999994]",
7,alibi,,creator_survival,sharp_credibility minus mean,10,0.2412,0.018954917274651695,0.22200000000000003,0.2720000000000001,"[0.23600000000000002,0.252,0.22200000000000003,0.22799999999999998,0.2720000000000001,0.236,0.22400000000000003,0.22200000000000003,0.27,0.25]",alibi_off
7,alibi,sharp_credibility,false_ejection_rate,alibi_off minus baseline,10,-0.03499999999999999,0.01814141976558371,-0.057999999999999996,-0.0020000000000000018,"[-0.01799999999999996,-0.05399999999999999,-0.01799999999999996,-0.035999999999999976,-0.03799999999999998,-0.057999999999999996,-0.05199999999999999,-0.0020000000000000018,-0.030000000000000027,-0.04400000000000004]",
7,alibi,,false_ejection_rate,sharp_credibility minus mean,10,0.23800000000000004,0.02517494345133228,0.19599999999999998,0.272,"[0.262,0.254,0.20400000000000001,0.216,0.272,0.19599999999999998,0.236,0.242,0.244,0.254]",alibi_off
7,alibi,sharp_credibility,incident_rate,alibi_off minus baseline,10,0.0,0.0,0.0,0.0,"[0.0,0.0,0.0,0.0,0.0,0.0,0.0,0.0,0.0,0.0]",
7,alibi,,incident_rate,sharp_credibility minus mean,10,0.0,0.0,0.0,0.0,"[0.0,0.0,0.0,0.0,0.0,0.0,0.0,0.0,0.0,0.0]",alibi_off
7,alibi,sharp_credibility,no_ejection_rate,alibi_off minus baseline,10,-0.058600000000000006,0.017076299364909245,-0.088,-0.034,"[-0.084,-0.062000000000000006,-0.06200000000000001,-0.054000000000000006,-0.05600000000000001,-0.034,-0.05800000000000001,-0.088,-0.04000000000000001,-0.04800000000000001]",
7,alibi,,no_ejection_rate,sharp_credibility minus mean,10,0.021199999999999997,0.017389652095427324,-0.018000000000000002,0.052,"[-0.018000000000000002,0.018000000000000002,0.025999999999999995,0.027999999999999997,0.019999999999999997,0.052,0.026000000000000002,0.012000000000000004,0.027999999999999997,0.019999999999999997]",alibi_off
7,alibi,,coalition_favorable_rate,sharp_credibility minus mean,10,0.1818,0.01230898497485112,0.16400000000000003,0.19799999999999995,"[0.16400000000000003,0.18599999999999994,0.16400000000000003,0.19000000000000006,0.19799999999999995,0.17000000000000004,0.18799999999999994,0.17599999999999993,0.19000000000000006,0.19199999999999995]",baseline
7,alibi,,creator_ejection_rate,sharp_credibility minus mean,10,-0.23620000000000002,0.019401030900444427,-0.258,-0.20400000000000001,"[-0.21799999999999997,-0.258,-0.21800000000000003,-0.24999999999999994,-0.258,-0.23400000000000004,-0.20400000000000001,-0.22800000000000004,-0.25799999999999995,-0.23600000000000004]",baseline
7,alibi,,creator_survival,sharp_credibility minus mean,10,0.23620000000000002,0.019401030900444448,0.20399999999999996,0.25800000000000006,"[0.21800000000000003,0.25799999999999995,0.21800000000000003,0.25000000000000006,0.258,0.23400000000000004,0.20399999999999996,0.22799999999999998,0.25800000000000006,0.236]",baseline
7,alibi,,false_ejection_rate,sharp_credibility minus mean,10,0.22820000000000001,0.017190436617814903,0.19599999999999998,0.24800000000000003,"[0.21799999999999997,0.23600000000000002,0.206,0.236,0.246,0.19599999999999998,0.236,0.22199999999999998,0.23800000000000002,0.24800000000000003]",baseline
7,alibi,,incident_rate,sharp_credibility minus mean,10,0.0,0.0,0.0,0.0,"[0.0,0.0,0.0,0.0,0.0,0.0,0.0,0.0,0.0,0.0]",baseline
7,alibi,,no_ejection_rate,sharp_credibility minus mean,10,-0.04639999999999999,0.00820839678486474,-0.055999999999999994,-0.025999999999999995,"[-0.05399999999999999,-0.05,-0.04199999999999998,-0.045999999999999985,-0.048,-0.025999999999999995,-0.04799999999999999,-0.045999999999999985,-0.048,-0.055999999999999994]",baseline
7,alibi,sharp_credibility,coalition_favorable_rate,catch_outside minus baseline,10,-0.2414,0.01602914013081591,-0.26199999999999996,-0.21000000000000002,"[-0.21000000000000002,-0.23599999999999993,-0.22800000000000004,-0.25200000000000006,-0.252,-0.23200000000000004,-0.25199999999999995,-0.23399999999999999,-0.25600000000000006,-0.26199999999999996]",
7,alibi,,coalition_favorable_rate,sharp_credibility minus mean,10,-0.059800000000000006,0.007627435858647241,-0.07,-0.045999999999999985,"[-0.045999999999999985,-0.04999999999999999,-0.064,-0.062,-0.05400000000000005,-0.064,-0.064,-0.05800000000000005,-0.066,-0.07]",catch_outside
7,alibi,sharp_credibility,creator_ejection_rate,catch_outside minus baseline,10,0.297,0.02168973131332992,0.262,0.33,"[0.262,0.30999999999999994,0.286,0.312,0.30999999999999994,0.296,0.26799999999999996,0.284,0.33,0.312]",
7,alibi,,creator_ejection_rate,sharp_credibility minus mean,10,0.061399999999999975,0.010068653225619494,0.04400000000000004,0.07599999999999996,"[0.04400000000000004,0.051999999999999935,0.06799999999999995,0.06400000000000006,0.051999999999999935,0.06399999999999995,0.06599999999999995,0.05599999999999994,0.07200000000000006,0.07599999999999996]",catch_outside
7,alibi,sharp_credibility,creator_survival,catch_outside minus baseline,10,-0.29700000000000004,0.021689731313329935,-0.33000000000000007,-0.262,"[-0.262,-0.31,-0.28600000000000003,-0.31200000000000006,-0.31,-0.29600000000000004,-0.26799999999999996,-0.284,-0.33000000000000007,-0.31199999999999994]",
7,alibi,,creator_survival,sharp_credibility minus mean,10,-0.061399999999999996,0.010068653225619485,-0.07599999999999996,-0.043999999999999984,"[-0.043999999999999984,-0.052000000000000046,-0.068,-0.064,-0.05199999999999999,-0.064,-0.066,-0.055999999999999994,-0.07200000000000001,-0.07599999999999996]",catch_outside
7,alibi,sharp_credibility,false_ejection_rate,catch_outside minus baseline,10,-0.25760000000000005,0.016594510471170228,-0.274,-0.22999999999999998,"[-0.238,-0.262,-0.24,-0.268,-0.274,-0.22999999999999998,-0.27,-0.25,-0.272,-0.272]",
7,alibi,,false_ejection_rate,sharp_credibility minus mean,10,-0.029400000000000003,0.004993328882953066,-0.034,-0.020000000000000018,"[-0.020000000000000018,-0.025999999999999995,-0.034,-0.032,-0.027999999999999997,-0.034,-0.034,-0.028000000000000025,-0.034,-0.023999999999999994]",catch_outside
7,alibi,sharp_credibility,incident_rate,catch_outside minus baseline,10,0.0,0.0,0.0,0.0,"[0.0,0.0,0.0,0.0,0.0,0.0,0.0,0.0,0.0,0.0]",
7,alibi,,incident_rate,sharp_credibility minus mean,10,0.0,0.0,0.0,0.0,"[0.0,0.0,0.0,0.0,0.0,0.0,0.0,0.0,0.0,0.0]",catch_outside
7,alibi,sharp_credibility,no_ejection_rate,catch_outside minus baseline,10,0.016199999999999992,0.008560892995995738,-0.0020000000000000018,0.027999999999999997,"[0.027999999999999997,0.02599999999999998,0.011999999999999983,0.015999999999999986,0.022000000000000006,-0.0020000000000000018,0.017999999999999988,0.015999999999999986,0.016,0.009999999999999995]",
7,alibi,,no_ejection_rate,sharp_credibility minus mean,10,-0.0304,0.006022181221672646,-0.046,-0.02400000000000002,"[-0.025999999999999995,-0.02400000000000002,-0.03,-0.03,-0.025999999999999995,-0.03,-0.03,-0.03,-0.032,-0.046]",catch_outside
7,alibi,soft_credibility,coalition_favorable_rate,alibi_off minus baseline,10,-0.2736,0.01688654954558675,-0.29800000000000004,-0.244,"[-0.26,-0.29600000000000004,-0.268,-0.244,-0.28200000000000003,-0.28,-0.272,-0.278,-0.258,-0.29800000000000004]",
7,alibi,,coalition_favorable_rate,soft_credibility minus mean,10,0.04300000000000001,0.014306175822583287,0.014000000000000012,0.064,"[0.064,0.048000000000000015,0.014000000000000012,0.043999999999999984,0.058000000000000024,0.04600000000000001,0.04799999999999999,0.028000000000000025,0.036000000000000004,0.043999999999999984]",alibi_off
7,alibi,soft_credibility,creator_ejection_rate,alibi_off minus baseline,10,0.35860000000000003,0.023702789334215973,0.33199999999999996,0.39999999999999997,"[0.33199999999999996,0.39999999999999997,0.3539999999999999,0.33199999999999996,0.36400000000000005,0.36200000000000004,0.338,0.37200000000000005,0.34199999999999997,0.38999999999999996]",
7,alibi,,creator_ejection_rate,soft_credibility minus mean,10,-0.04039999999999999,0.012606876430477674,-0.062000000000000055,-0.020000000000000018,"[-0.062000000000000055,-0.04800000000000004,-0.020000000000000018,-0.03400000000000003,-0.051999999999999935,-0.04799999999999993,-0.041999999999999926,-0.025999999999999912,-0.038000000000000034,-0.03400000000000003]",alibi_off
7,alibi,soft_credibility,creator_survival,alibi_off minus baseline,10,-0.35860000000000003,0.02370278933421594,-0.39999999999999997,-0.332,"[-0.332,-0.39999999999999997,-0.35400000000000004,-0.332,-0.36399999999999993,-0.36200000000000004,-0.338,-0.37199999999999994,-0.342,-0.38999999999999996]",
7,alibi,,creator_survival,soft_credibility minus mean,10,0.040400000000000005,0.012606876430477662,0.020000000000000018,0.06199999999999997,"[0.06199999999999997,0.04799999999999999,0.020000000000000018,0.033999999999999975,0.052000000000000046,0.04799999999999999,0.04200000000000004,0.026000000000000023,0.03799999999999998,0.033999999999999975]",alibi_off
7,alibi,soft_credibility,false_ejection_rate,alibi_off minus baseline,10,-0.1576,0.01963670033381373,-0.186,-0.126,"[-0.142,-0.186,-0.144,-0.126,-0.16000000000000003,-0.17400000000000002,-0.15600000000000003,-0.142,-0.162,-0.18400000000000002]",
7,alibi,,false_ejection_rate,soft_credibility minus mean,10,0.0458,0.0178748737369278,0.021999999999999992,0.08399999999999999,"[0.08399999999999999,0.04600000000000001,0.021999999999999992,0.04200000000000001,0.066,0.035999999999999976,0.04199999999999998,0.034,0.034,0.05199999999999999]",alibi_off
7,alibi,soft_credibility,incident_rate,alibi_off minus baseline,10,0.0,0.0,0.0,0.0,"[0.0,0.0,0.0,0.0,0.0,0.0,0.0,0.0,0.0,0.0]",
7,alibi,,incident_rate,soft_credibility minus mean,10,0.0,0.0,0.0,0.0,"[0.0,0.0,0.0,0.0,0.0,0.0,0.0,0.0,0.0,0.0]",alibi_off
7,alibi,soft_credibility,no_ejection_rate,alibi_off minus baseline,10,-0.11600000000000002,0.010790942704159102,-0.136,-0.09599999999999999,"[-0.11800000000000001,-0.10999999999999999,-0.124,-0.11800000000000001,-0.122,-0.106,-0.11599999999999999,-0.136,-0.09599999999999999,-0.11400000000000002]",
7,alibi,,no_ejection_rate,soft_credibility minus mean,10,-0.0027999999999999995,0.008804039476916898,-0.020000000000000004,0.010000000000000002,"[-0.020000000000000004,0.0020000000000000018,-0.008,0.0020000000000000018,-0.008,0.010000000000000002,0.006000000000000005,-0.006000000000000005,0.0020000000000000018,-0.008]",alibi_off
7,alibi,,coalition_favorable_rate,soft_credibility minus mean,10,0.14560000000000003,0.010189319026422835,0.136,0.16800000000000004,"[0.14200000000000002,0.14200000000000002,0.136,0.14400000000000002,0.15200000000000002,0.15600000000000003,0.136,0.138,0.14200000000000002,0.16800000000000004]",baseline
7,alibi,,creator_ejection_rate,soft_credibility minus mean,10,-0.2158,0.014528133626404571,-0.23400000000000004,-0.188,"[-0.19999999999999996,-0.23200000000000004,-0.20800000000000002,-0.21399999999999997,-0.22400000000000003,-0.23400000000000004,-0.188,-0.21400000000000002,-0.21599999999999997,-0.22800000000000004]",baseline
7,alibi,,creator_survival,soft_credibility minus mean,10,0.2158,0.014528133626404531,0.18800000000000006,0.23400000000000004,"[0.2,0.23199999999999993,0.20800000000000002,0.21400000000000002,0.22399999999999998,0.23400000000000004,0.18800000000000006,0.21399999999999997,0.21600000000000003,0.22799999999999998]",baseline
7,alibi,,false_ejection_rate,soft_credibility minus mean,10,0.15860000000000002,0.011236844159579092,0.14600000000000002,0.18600000000000003,"[0.16399999999999998,0.16,0.15,0.15200000000000002,0.16200000000000003,0.152,0.14600000000000002,0.15399999999999997,0.16,0.18600000000000003]",baseline
7,alibi,,incident_rate,soft_credibility minus mean,10,0.0,0.0,0.0,0.0,"[0.0,0.0,0.0,0.0,0.0,0.0,0.0,0.0,0.0,0.0]",baseline
7,alibi,,no_ejection_rate,soft_credibility minus mean,10,-0.012999999999999998,0.007438637868140467,-0.021999999999999992,0.0040000000000000036,"[-0.021999999999999992,-0.018000000000000016,-0.013999999999999985,-0.00799999999999998,-0.010000000000000009,0.0040000000000000036,-0.010000000000000009,-0.015999999999999986,-0.018000000000000016,-0.017999999999999988]",baseline
7,alibi,soft_credibility,coalition_favorable_rate,catch_outside minus baseline,10,-0.17560000000000003,0.012885823390239541,-0.20400000000000001,-0.16200000000000003,"[-0.16800000000000004,-0.17200000000000004,-0.16200000000000003,-0.176,-0.17800000000000005,-0.19000000000000006,-0.16999999999999998,-0.16200000000000003,-0.174,-0.20400000000000001]",
7,alibi,,coalition_favorable_rate,soft_credibility minus mean,10,-0.030200000000000005,0.0044671641514002405,-0.03600000000000003,-0.02400000000000002,"[-0.026000000000000023,-0.030000000000000027,-0.026000000000000023,-0.03199999999999997,-0.026000000000000023,-0.03600000000000003,-0.033999999999999975,-0.02400000000000002,-0.03199999999999997,-0.035999999999999976]",catch_outside
7,alibi,soft_credibility,creator_ejection_rate,catch_outside minus baseline,10,0.24579999999999996,0.015956886357376295,0.22200000000000003,0.26599999999999996,"[0.22399999999999998,0.26199999999999996,0.23399999999999993,0.248,0.24800000000000005,0.26599999999999996,0.22200000000000003,0.23800000000000004,0.252,0.26399999999999996]",
7,alibi,,creator_ejection_rate,soft_credibility minus mean,10,0.03059999999999998,0.005581716183715858,0.02400000000000002,0.03600000000000003,"[0.02400000000000002,0.029999999999999916,0.025999999999999912,0.03600000000000003,0.02400000000000002,0.03399999999999992,0.03600000000000003,0.02400000000000002,0.03600000000000003,0.03599999999999992]",catch_outside
7,alibi,soft_credibility,creator_survival,catch_outside minus baseline,10,-0.24579999999999996,0.01595688635737631,-0.26600000000000007,-0.22200000000000003,"[-0.22399999999999998,-0.26199999999999996,-0.23400000000000004,-0.248,-0.24799999999999994,-0.26600000000000007,-0.22200000000000003,-0.23799999999999993,-0.252,-0.26399999999999996]",
7,alibi,,creator_survival,soft_credibility minus mean,10,-0.03059999999999999,0.005581716183715864,-0.035999999999999976,-0.023999999999999966,"[-0.023999999999999966,-0.030000000000000027,-0.026000000000000023,-0.035999999999999976,-0.023999999999999966,-0.03400000000000003,-0.035999999999999976,-0.023999999999999966,-0.035999999999999976,-0.035999999999999976]",catch_outside
7,alibi,soft_credibility,false_ejection_rate,catch_outside minus baseline,10,-0.175,0.00844590630621329,-0.19400000000000003,-0.16400000000000003,"[-0.174,-0.17600000000000002,-0.16799999999999998,-0.17,-0.17800000000000002,-0.17400000000000002,-0.16400000000000003,-0.16999999999999998,-0.182,-0.19400000000000003]",
7,alibi,,false_ejection_rate,soft_credibility minus mean,10,-0.016400000000000005,0.004501851470969101,-0.02200000000000002,-0.008000000000000007,"[-0.010000000000000009,-0.016000000000000014,-0.017999999999999988,-0.017999999999999988,-0.015999999999999986,-0.02200000000000002,-0.018000000000000016,-0.016000000000000014,-0.021999999999999992,-0.008000000000000007]",catch_outside
7,alibi,soft_credibility,incident_rate,catch_outside minus baseline,10,0.0,0.0,0.0,0.0,"[0.0,0.0,0.0,0.0,0.0,0.0,0.0,0.0,0.0,0.0]",
7,alibi,,incident_rate,soft_credibility minus mean,10,0.0,0.0,0.0,0.0,"[0.0,0.0,0.0,0.0,0.0,0.0,0.0,0.0,0.0,0.0]",catch_outside
7,alibi,soft_credibility,no_ejection_rate,catch_outside minus baseline,10,-0.000599999999999995,0.008435375246872871,-0.015999999999999986,0.008000000000000007,"[0.006000000000000005,0.0040000000000000036,0.006000000000000005,-0.006000000000000005,0.0,-0.015999999999999986,-0.005999999999999978,0.008000000000000007,0.008000000000000007,-0.010000000000000009]",
7,alibi,,no_ejection_rate,soft_credibility minus mean,10,-0.013799999999999993,0.005846176338238336,-0.027999999999999997,-0.00799999999999998,"[-0.015999999999999986,-0.014000000000000012,-0.00799999999999998,-0.013999999999999985,-0.010000000000000009,-0.013999999999999985,-0.015999999999999986,-0.00799999999999998,-0.010000000000000009,-0.027999999999999997]",catch_outside
7,framer,mean,coalition_favorable_rate,alibi_off minus baseline,10,0.3006,0.019253859641929237,0.27199999999999996,0.336,"[0.3,0.306,0.298,0.336,0.32599999999999996,0.30000000000000004,0.288,0.27199999999999996,0.27999999999999997,0.3]",
7,framer,mean,creator_ejection_rate,alibi_off minus baseline,10,-0.26539999999999997,0.022152000160507206,-0.302,-0.236,"[-0.25999999999999995,-0.27199999999999996,-0.25999999999999995,-0.3,-0.302,-0.2700000000000001,-0.26199999999999996,-0.238,-0.236,-0.25399999999999995]",
7,framer,mean,creator_survival,alibi_off minus baseline,10,0.2654,0.022152000160507192,0.23600000000000004,0.30200000000000005,"[0.26,0.272,0.26000000000000006,0.29999999999999993,0.30200000000000005,0.26999999999999996,0.26199999999999996,0.238,0.23600000000000004,0.254]",
7,framer,mean,false_ejection_rate,alibi_off minus baseline,10,0.2016,0.019816940003721834,0.17400000000000004,0.23399999999999999,"[0.18999999999999995,0.21599999999999997,0.192,0.23399999999999999,0.22599999999999998,0.20600000000000002,0.17400000000000004,0.176,0.198,0.20400000000000001]",
7,framer,mean,incident_rate,alibi_off minus baseline,10,0.0,0.0,0.0,0.0,"[0.0,0.0,0.0,0.0,0.0,0.0,0.0,0.0,0.0,0.0]",
7,framer,mean,no_ejection_rate,alibi_off minus baseline,10,0.099,0.009533566430716732,0.08199999999999999,0.11400000000000002,"[0.10999999999999999,0.09000000000000001,0.10600000000000001,0.102,0.1,0.094,0.11400000000000002,0.096,0.08199999999999999,0.09599999999999999]",
7,framer,mean,coalition_favorable_rate,catch_outside minus baseline,10,0.00040000000000000034,0.0008432740427115685,0.0,0.0020000000000000018,"[0.0,0.0,0.0,0.0020000000000000018,0.0,0.0,0.0,0.0020000000000000018,0.0,0.0]",
7,framer,mean,creator_ejection_rate,catch_outside minus baseline,10,-0.00040000000000000034,0.0008432740427115685,-0.0020000000000000018,0.0,"[0.0,0.0,0.0,-0.0020000000000000018,0.0,0.0,0.0,-0.0020000000000000018,0.0,0.0]",
7,framer,mean,creator_survival,catch_outside minus baseline,10,0.0003999999999999948,0.0008432740427115569,0.0,0.0020000000000000018,"[0.0,0.0,0.0,0.0020000000000000018,0.0,0.0,0.0,0.0019999999999999463,0.0,0.0]",
7,framer,mean,false_ejection_rate,catch_outside minus baseline,10,0.0,0.0,0.0,0.0,"[0.0,0.0,0.0,0.0,0.0,0.0,0.0,0.0,0.0,0.0]",
7,framer,mean,incident_rate,catch_outside minus baseline,10,0.0,0.0,0.0,0.0,"[0.0,0.0,0.0,0.0,0.0,0.0,0.0,0.0,0.0,0.0]",
7,framer,mean,no_ejection_rate,catch_outside minus baseline,10,0.00040000000000000034,0.0008432740427115685,0.0,0.0020000000000000018,"[0.0,0.0,0.0,0.0020000000000000018,0.0,0.0,0.0,0.0020000000000000018,0.0,0.0]",
7,framer,sharp_credibility,coalition_favorable_rate,alibi_off minus baseline,10,0.1262,0.012769755936064954,0.10400000000000004,0.14599999999999996,"[0.122,0.128,0.12999999999999995,0.14599999999999996,0.128,0.14200000000000002,0.11000000000000004,0.10400000000000004,0.12999999999999995,0.122]",
7,framer,,coalition_favorable_rate,sharp_credibility minus mean,10,-0.13739999999999997,0.0195516410223456,-0.16399999999999998,-0.10399999999999993,"[-0.138,-0.132,-0.134,-0.16200000000000003,-0.16399999999999998,-0.14,-0.15799999999999997,-0.10399999999999993,-0.12,-0.122]",alibi_off
7,framer,sharp_credibility,creator_ejection_rate,alibi_off minus baseline,10,-0.1272,0.014942854107863345,-0.15199999999999997,-0.10000000000000003,"[-0.13399999999999995,-0.12400000000000005,-0.12799999999999995,-0.15199999999999997,-0.136,-0.14200000000000002,-0.12600000000000006,-0.10000000000000003,-0.11599999999999994,-0.11400000000000005]",
7,framer,,creator_ejection_rate,sharp_credibility minus mean,10,0.11259999999999999,0.01511584893047323,0.09399999999999997,0.13999999999999996,"[0.10999999999999999,0.10599999999999998,0.10999999999999999,0.126,0.13999999999999996,0.12000000000000005,0.126,0.09600000000000003,0.09800000000000003,0.09399999999999997]",alibi_off
7,framer,sharp_credibility,creator_survival,alibi_off minus baseline,10,0.1272,0.014942854107863352,0.10000000000000003,0.15199999999999997,"[0.13400000000000006,0.12399999999999994,0.12800000000000006,0.15199999999999997,0.136,0.14199999999999996,0.12599999999999995,0.10000000000000003,0.11600000000000005,0.11399999999999993]",
7,framer,,creator_survival,sharp_credibility minus mean,10,-0.1126,0.01511584893047323,-0.14,-0.09400000000000008,"[-0.10999999999999999,-0.1060000000000001,-0.10999999999999999,-0.126,-0.14,-0.12,-0.126,-0.09599999999999997,-0.09799999999999998,-0.09400000000000008]",alibi_off
7,framer,sharp_credibility,false_ejection_rate,alibi_off minus baseline,10,0.10300000000000001,0.018018509002319445,0.07400000000000001,0.122,"[0.10199999999999998,0.12,0.07400000000000001,0.122,0.12000000000000005,0.12,0.08200000000000002,0.08399999999999996,0.10799999999999998,0.09799999999999998]",
7,framer,,false_ejection_rate,sharp_credibility minus mean,10,-0.047799999999999995,0.015647506013561525,-0.07,-0.02200000000000002,"[-0.04199999999999998,-0.033999999999999975,-0.07,-0.062,-0.06799999999999995,-0.04799999999999999,-0.05399999999999999,-0.02200000000000002,-0.04200000000000004,-0.03600000000000003]",alibi_off
7,framer,sharp_credibility,incident_rate,alibi_off minus baseline,10,0.0,0.0,0.0,0.0,"[0.0,0.0,0.0,0.0,0.0,0.0,0.0,0.0,0.0,0.0]",
7,framer,,incident_rate,sharp_credibility minus mean,10,0.0,0.0,0.0,0.0,"[0.0,0.0,0.0,0.0,0.0,0.0,0.0,0.0,0.0,0.0]",alibi_off
7,framer,sharp_credibility,no_ejection_rate,alibi_off minus baseline,10,0.0232,0.013273197722394473,0.008,0.056,"[0.02,0.008,0.056,0.024,0.008,0.022,0.027999999999999997,0.019999999999999997,0.022,0.024]",
7,framer,,no_ejection_rate,sharp_credibility minus mean,10,-0.08959999999999999,0.012176480060619598,-0.10400000000000001,-0.064,"[-0.09599999999999999,-0.098,-0.064,-0.09999999999999999,-0.096,-0.092,-0.10400000000000001,-0.08200000000000002,-0.078,-0.086]",alibi_off
7,framer,,coalition_favorable_rate,sharp_credibility minus mean,10,0.037,0.014824903971958054,0.018000000000000016,0.064,"[0.03999999999999998,0.045999999999999985,0.03400000000000003,0.028000000000000025,0.033999999999999975,0.018000000000000016,0.019999999999999962,0.064,0.030000000000000027,0.055999999999999994]",baseline
7,framer,,creator_ejection_rate,sharp_credibility minus mean,10,-0.025599999999999977,0.013492384683385062,-0.04599999999999993,-0.008000000000000007,"[-0.016000000000000014,-0.041999999999999926,-0.02200000000000002,-0.02200000000000002,-0.026000000000000023,-0.008000000000000007,-0.009999999999999898,-0.041999999999999926,-0.02200000000000002,-0.04599999999999993]",baseline
7,framer,,creator_survival,sharp_credibility minus mean,10,0.025599999999999994,0.013492384683385077,0.008000000000000007,0.045999999999999985,"[0.01599999999999996,0.04199999999999998,0.02200000000000002,0.021999999999999964,0.026000000000000023,0.008000000000000007,0.010000000000000009,0.04199999999999998,0.02200000000000002,0.045999999999999985]",baseline
7,framer,,false_ejection_rate,sharp_credibility minus mean,10,0.0508,0.012443650768341436,0.03799999999999998,0.07,"[0.045999999999999985,0.062,0.04799999999999999,0.04999999999999999,0.03799999999999998,0.038000000000000034,0.038000000000000034,0.07,0.04799999999999999,0.07]",baseline
7,framer,,incident_rate,sharp_credibility minus mean,10,0.0,0.0,0.0,0.0,"[0.0,0.0,0.0,0.0,0.0,0.0,0.0,0.0,0.0,0.0]",baseline
7,framer,,no_ejection_rate,sharp_credibility minus mean,10,-0.013799999999999998,0.00635609943282828,-0.022,-0.0040000000000000036,"[-0.006000000000000002,-0.016,-0.013999999999999999,-0.022,-0.0040000000000000036,-0.019999999999999997,-0.017999999999999995,-0.005999999999999998,-0.018000000000000002,-0.013999999999999999]",baseline
7,framer,sharp_credibility,coalition_favorable_rate,catch_outside minus baseline,10,-0.08299999999999999,0.013341664064126325,-0.10199999999999998,-0.055999999999999994,"[-0.08799999999999997,-0.09399999999999997,-0.08600000000000002,-0.08200000000000002,-0.066,-0.08000000000000002,-0.055999999999999994,-0.08999999999999997,-0.08600000000000002,-0.10199999999999998]",
7,framer,,coalition_favorable_rate,sharp_credibility minus mean,10,-0.0464,0.011147495981908518,-0.062,-0.02799999999999997,"[-0.04799999999999999,-0.04799999999999999,-0.05199999999999999,-0.055999999999999994,-0.03200000000000003,-0.062,-0.03600000000000003,-0.02799999999999997,-0.055999999999999994,-0.045999999999999985]",catch_outside
7,framer,sharp_credibility,creator_ejection_rate,catch_outside minus baseline,10,0.0714,0.012997435644515939,0.051999999999999935,0.08999999999999997,"[0.07600000000000007,0.08599999999999997,0.06800000000000006,0.07400000000000007,0.052000000000000046,0.061999999999999944,0.051999999999999935,0.07399999999999995,0.08000000000000007,0.08999999999999997]",
7,framer,,creator_ejection_rate,sharp_credibility minus mean,10,0.04620000000000003,0.010726913193769522,0.026000000000000023,0.06000000000000005,"[0.06000000000000005,0.04400000000000004,0.04600000000000004,0.05400000000000005,0.026000000000000023,0.05399999999999994,0.04200000000000004,0.03400000000000003,0.05800000000000005,0.04400000000000004]",catch_outside
7,framer,sharp_credibility,creator_survival,catch_outside minus baseline,10,-0.07140000000000002,0.012997435644515946,-0.09000000000000002,-0.05199999999999999,"[-0.07600000000000001,-0.08600000000000002,-0.068,-0.07400000000000001,-0.05199999999999999,-0.062,-0.05199999999999999,-0.07400000000000001,-0.08000000000000002,-0.09000000000000002]",
7,framer,,creator_survival,sharp_credibility minus mean,10,-0.046200000000000005,0.010726913193769541,-0.06000000000000005,-0.025999999999999968,"[-0.06000000000000005,-0.04400000000000004,-0.045999999999999985,-0.05400000000000005,-0.025999999999999968,-0.05399999999999999,-0.04199999999999998,-0.033999999999999975,-0.057999999999999996,-0.04400000000000004]",catch_outside
7,framer,sharp_credibility,false_ejection_rate,catch_outside minus baseline,10,-0.075,0.012832251036613448,-0.094,-0.05199999999999999,"[-0.08000000000000002,-0.08200000000000002,-0.07799999999999999,-0.07799999999999999,-0.055999999999999966,-0.068,-0.05199999999999999,-0.07800000000000001,-0.08399999999999999,-0.094]",
7,framer,,false_ejection_rate,sharp_credibility minus mean,10,-0.024199999999999996,0.00906519595914936,-0.036000000000000004,-0.008000000000000007,"[-0.03400000000000003,-0.020000000000000018,-0.03,-0.027999999999999997,-0.017999999999999988,-0.02999999999999997,-0.013999999999999957,-0.008000000000000007,-0.036000000000000004,-0.023999999999999994]",catch_outside
7,framer,sharp_credibility,incident_rate,catch_outside minus baseline,10,0.0,0.0,0.0,0.0,"[0.0,0.0,0.0,0.0,0.0,0.0,0.0,0.0,0.0,0.0]",
7,framer,,incident_rate,sharp_credibility minus mean,10,0.0,0.0,0.0,0.0,"[0.0,0.0,0.0,0.0,0.0,0.0,0.0,0.0,0.0,0.0]",catch_outside
7,framer,sharp_credibility,no_ejection_rate,catch_outside minus baseline,10,-0.008000000000000002,0.003651483716701108,-0.012000000000000004,-0.0020000000000000018,"[-0.008,-0.012,-0.008,-0.004,-0.009999999999999998,-0.012000000000000004,-0.0040000000000000036,-0.012000000000000004,-0.0020000000000000018,-0.008000000000000004]",
7,framer,,no_ejection_rate,sharp_credibility minus mean,10,-0.0222,0.005846176338238333,-0.032,-0.014000000000000002,"[-0.014000000000000002,-0.028,-0.022,-0.028,-0.014000000000000002,-0.032,-0.022,-0.020000000000000004,-0.020000000000000004,-0.022000000000000002]",catch_outside
7,framer,soft_credibility,coalition_favorable_rate,alibi_off minus baseline,10,0.15539999999999998,0.02000111108024863,0.12,0.184,"[0.138,0.16600000000000004,0.16599999999999998,0.184,0.176,0.14799999999999996,0.15999999999999998,0.12,0.16200000000000003,0.134]",
7,framer,,coalition_favorable_rate,soft_credibility minus mean,10,-0.16139999999999996,0.020828399415754983,-0.18600000000000005,-0.136,"[-0.174,-0.15399999999999997,-0.136,-0.186,-0.15199999999999997,-0.18600000000000005,-0.136,-0.16799999999999993,-0.13799999999999996,-0.184]",alibi_off
7,framer,soft_credibility,creator_ejection_rate,alibi_off minus baseline,10,-0.1478,0.02036227448548473,-0.184,-0.10999999999999999,"[-0.14400000000000002,-0.15599999999999997,-0.15199999999999997,-0.184,-0.16200000000000003,-0.14199999999999996,-0.15999999999999998,-0.10999999999999999,-0.14200000000000002,-0.126]",
7,framer,,creator_ejection_rate,soft_credibility minus mean,10,0.146,0.0180616229121921,0.122,0.17600000000000005,"[0.15199999999999997,0.14200000000000002,0.122,0.15800000000000003,0.14599999999999996,0.17600000000000005,0.126,0.15800000000000003,0.122,0.15799999999999997]",alibi_off
7,framer,soft_credibility,creator_survival,alibi_off minus baseline,10,0.14780000000000001,0.02036227448548474,0.10999999999999999,0.18400000000000005,"[0.14400000000000002,0.15600000000000003,0.15200000000000002,0.18400000000000005,0.16200000000000003,0.14200000000000002,0.15999999999999998,0.10999999999999999,0.14200000000000002,0.126]",
7,framer,,creator_survival,soft_credibility minus mean,10,-0.146,0.018061622912192075,-0.17599999999999993,-0.122,"[-0.15200000000000002,-0.14200000000000002,-0.122,-0.15799999999999992,-0.14600000000000002,-0.17599999999999993,-0.126,-0.15800000000000003,-0.122,-0.15800000000000003]",alibi_off
7,framer,soft_credibility,false_ejection_rate,alibi_off minus baseline,10,0.13319999999999999,0.02221510997296911,0.10199999999999998,0.16999999999999998,"[0.11599999999999999,0.15600000000000003,0.118,0.16999999999999998,0.15800000000000003,0.122,0.124,0.10199999999999998,0.14400000000000002,0.122]",
7,framer,,false_ejection_rate,soft_credibility minus mean,10,-0.0764,0.014135848832745147,-0.09600000000000003,-0.04800000000000004,"[-0.08399999999999996,-0.06999999999999995,-0.07400000000000001,-0.08000000000000002,-0.06999999999999995,-0.09600000000000003,-0.04800000000000004,-0.08200000000000002,-0.066,-0.09400000000000003]",alibi_off
7,framer,soft_credibility,incident_rate,alibi_off minus baseline,10,0.0,0.0,0.0,0.0,"[0.0,0.0,0.0,0.0,0.0,0.0,0.0,0.0,0.0,0.0]",
7,framer,,incident_rate,soft_credibility minus mean,10,0.0,0.0,0.0,0.0,"[0.0,0.0,0.0,0.0,0.0,0.0,0.0,0.0,0.0,0.0]",alibi_off
7,framer,soft_credibility,no_ejection_rate,alibi_off minus baseline,10,0.022199999999999998,0.011754904413808638,0.010000000000000002,0.048,"[0.022,0.010000000000000002,0.048,0.014000000000000002,0.017999999999999995,0.026000000000000002,0.036,0.018000000000000002,0.017999999999999995,0.011999999999999997]",
7,framer,,no_ejection_rate,soft_credibility minus mean,10,-0.08499999999999999,0.011709445380166859,-0.10599999999999998,-0.062,"[-0.09,-0.08400000000000002,-0.062,-0.10599999999999998,-0.08200000000000002,-0.09,-0.08800000000000001,-0.08600000000000001,-0.07200000000000001,-0.09]",alibi_off
7,framer,,coalition_favorable_rate,soft_credibility minus mean,10,-0.0162,0.011013123484683564,-0.033999999999999975,-0.0020000000000000018,"[-0.01200000000000001,-0.014000000000000012,-0.0040000000000000036,-0.033999999999999975,-0.0020000000000000018,-0.033999999999999975,-0.008000000000000007,-0.01599999999999996,-0.020000000000000018,-0.018000000000000016]",baseline
7,framer,,creator_ejection_rate,soft_credibility minus mean,10,0.028400000000000016,0.012321616055624441,0.006000000000000005,0.04799999999999993,"[0.03600000000000003,0.026000000000000023,0.014000000000000012,0.04200000000000004,0.006000000000000005,0.04799999999999993,0.02400000000000002,0.030000000000000027,0.028000000000000025,0.030000000000000027]",baseline
7,framer,,creator_survival,soft_credibility minus mean,10,-0.02840000000000001,0.012321616055624459,-0.04799999999999999,-0.006000000000000005,"[-0.03600000000000003,-0.026000000000000023,-0.013999999999999957,-0.04200000000000004,-0.006000000000000005,-0.04799999999999999,-0.02400000000000002,-0.030000000000000027,-0.02799999999999997,-0.030000000000000027]",baseline
7,framer,,false_ejection_rate,soft_credibility minus mean,10,-0.008000000000000007,0.005962847939999444,-0.016000000000000014,0.0020000000000000018,"[-0.010000000000000009,-0.010000000000000009,0.0,-0.016000000000000014,-0.0020000000000000018,-0.01200000000000001,0.0020000000000000018,-0.008000000000000007,-0.01200000000000001,-0.01200000000000001]",baseline
7,framer,,incident_rate,soft_credibility minus mean,10,0.0,0.0,0.0,0.0,"[0.0,0.0,0.0,0.0,0.0,0.0,0.0,0.0,0.0,0.0]",baseline
7,framer,,no_ejection_rate,soft_credibility minus mean,10,-0.008199999999999999,0.006957010852370433,-0.022,0.0,"[-0.0020000000000000018,-0.0040000000000000036,-0.003999999999999997,-0.018,0.0,-0.022,-0.009999999999999995,-0.008,-0.008,-0.005999999999999998]",baseline
7,framer,soft_credibility,coalition_favorable_rate,catch_outside minus baseline,10,-0.0008000000000000007,0.0013984117975602032,-0.0040000000000000036,0.0,"[-0.0020000000000000018,-0.0020000000000000018,0.0,0.0,0.0,-0.0040000000000000036,0.0,0.0,0.0,0.0]",
7,framer,,coalition_favorable_rate,soft_credibility minus mean,10,-0.0174,0.012001851708984086,-0.03799999999999998,-0.0020000000000000018,"[-0.014000000000000012,-0.016000000000000014,-0.0040000000000000036,-0.035999999999999976,-0.0020000000000000018,-0.03799999999999998,-0.008000000000000007,-0.01799999999999996,-0.020000000000000018,-0.018000000000000016]",catch_outside
7,framer,soft_credibility,creator_ejection_rate,catch_outside minus baseline,10,-0.005400000000000005,0.0029888682361946554,-0.010000000000000009,0.0,"[-0.0040000000000000036,-0.010000000000000009,-0.006000000000000005,-0.006000000000000005,-0.0040000000000000036,-0.008000000000000007,0.0,-0.008000000000000007,-0.0020000000000000018,-0.006000000000000005]",
7,framer,,creator_ejection_rate,soft_credibility minus mean,10,0.02340000000000001,0.012112436217008986,0.0020000000000000018,0.039999999999999925,"[0.03200000000000003,0.016000000000000014,0.008000000000000007,0.038000000000000034,0.0020000000000000018,0.039999999999999925,0.02400000000000002,0.02400000000000002,0.026000000000000023,0.02400000000000002]",catch_outside
7,framer,soft_credibility,creator_survival,catch_outside minus baseline,10,0.005399999999999999,0.0029888682361946498,0.0,0.010000000000000009,"[0.0040000000000000036,0.010000000000000009,0.006000000000000005,0.006000000000000005,0.0040000000000000036,0.007999999999999952,0.0,0.008000000000000007,0.0020000000000000018,0.006000000000000005]",
7,framer,,creator_survival,soft_credibility minus mean,10,-0.023400000000000004,0.012112436217009009,-0.040000000000000036,-0.0020000000000000018,"[-0.03200000000000003,-0.016000000000000014,-0.007999999999999952,-0.038000000000000034,-0.0020000000000000018,-0.040000000000000036,-0.02400000000000002,-0.023999999999999966,-0.025999999999999968,-0.02400000000000002]",catch_outside
7,framer,soft_credibility,false_ejection_rate,catch_outside minus baseline,10,-0.0006000000000000005,0.0009660917830792966,-0.0020000000000000018,0.0,"[-0.0020000000000000018,-0.0020000000000000018,0.0,0.0,0.0,-0.0020000000000000018,0.0,0.0,0.0,0.0]",
7,framer,,false_ejection_rate,soft_credibility minus mean,10,-0.008600000000000007,0.006328067986711625,-0.016000000000000014,0.0020000000000000018,"[-0.01200000000000001,-0.01200000000000001,0.0,-0.016000000000000014,-0.0020000000000000018,-0.014000000000000012,0.0020000000000000018,-0.008000000000000007,-0.01200000000000001,-0.01200000000000001]",catch_outside
7,framer,soft_credibility,incident_rate,catch_outside minus baseline,10,0.0,0.0,0.0,0.0,"[0.0,0.0,0.0,0.0,0.0,0.0,0.0,0.0,0.0,0.0]",
7,framer,,incident_rate,soft_credibility minus mean,10,0.0,0.0,0.0,0.0,"[0.0,0.0,0.0,0.0,0.0,0.0,0.0,0.0,0.0,0.0]",catch_outside
7,framer,soft_credibility,no_ejection_rate,catch_outside minus baseline,10,-0.00020000000000000017,0.0006324555320336764,-0.0020000000000000018,0.0,"[0.0,0.0,0.0,0.0,0.0,-0.0020000000000000018,0.0,0.0,0.0,0.0]",
7,framer,,no_ejection_rate,soft_credibility minus mean,10,-0.008799999999999999,0.007728734264634367,-0.024,0.0,"[-0.0020000000000000018,-0.0040000000000000036,-0.003999999999999997,-0.02,0.0,-0.024,-0.009999999999999995,-0.010000000000000002,-0.008,-0.005999999999999998]",catch_outside
7,lone_liar,mean,coalition_favorable_rate,alibi_off minus baseline,10,0.046200000000000005,0.011013123484683576,0.03,0.066,"[0.058000000000000024,0.04400000000000001,0.04600000000000001,0.04799999999999999,0.05199999999999999,0.036000000000000004,0.048,0.066,0.03,0.034]",
7,lone_liar,mean,creator_ejection_rate,alibi_off minus baseline,10,-0.04420000000000003,0.009211104409594134,-0.05800000000000005,-0.026000000000000023,"[-0.05600000000000005,-0.04800000000000004,-0.040000000000000036,-0.04400000000000004,-0.04400000000000004,-0.038000000000000034,-0.04799999999999993,-0.05800000000000005,-0.026000000000000023,-0.040000000000000036]",
7,lone_liar,mean,creator_survival,alibi_off minus baseline,10,0.0442,0.009211104409594125,0.026000000000000023,0.057999999999999996,"[0.055999999999999994,0.048000000000000015,0.04000000000000001,0.04400000000000001,0.04400000000000001,0.038000000000000006,0.04799999999999999,0.057999999999999996,0.026000000000000023,0.03999999999999998]",
7,lone_liar,mean,false_ejection_rate,alibi_off minus baseline,10,0.0508,0.0120443624433453,0.029999999999999985,0.07200000000000001,"[0.062,0.054000000000000006,0.055999999999999994,0.046,0.05399999999999999,0.05,0.048,0.07200000000000001,0.029999999999999985,0.036000000000000004]",
7,lone_liar,mean,incident_rate,alibi_off minus baseline,10,0.0,0.0,0.0,0.0,"[0.0,0.0,0.0,0.0,0.0,0.0,0.0,0.0,0.0,0.0]",
7,lone_liar,mean,no_ejection_rate,alibi_off minus baseline,10,-0.004600000000000002,0.00525357021462548,-0.014000000000000005,0.0020000000000000018,"[-0.0040000000000000036,-0.009999999999999995,-0.010000000000000002,0.0020000000000000018,-0.0020000000000000018,-0.014000000000000005,0.0,-0.006000000000000005,0.0,-0.0020000000000000018]",
7,lone_liar,mean,coalition_favorable_rate,catch_outside minus baseline,10,0.0,0.0,0.0,0.0,"[0.0,0.0,0.0,0.0,0.0,0.0,0.0,0.0,0.0,0.0]",
7,lone_liar,mean,creator_ejection_rate,catch_outside minus baseline,10,0.0,0.0,0.0,0.0,"[0.0,0.0,0.0,0.0,0.0,0.0,0.0,0.0,0.0,0.0]",
7,lone_liar,mean,creator_survival,catch_outside minus baseline,10,0.0,0.0,0.0,0.0,"[0.0,0.0,0.0,0.0,0.0,0.0,0.0,0.0,0.0,0.0]",
7,lone_liar,mean,false_ejection_rate,catch_outside minus baseline,10,0.0,0.0,0.0,0.0,"[0.0,0.0,0.0,0.0,0.0,0.0,0.0,0.0,0.0,0.0]",
7,lone_liar,mean,incident_rate,catch_outside minus baseline,10,0.0,0.0,0.0,0.0,"[0.0,0.0,0.0,0.0,0.0,0.0,0.0,0.0,0.0,0.0]",
7,lone_liar,mean,no_ejection_rate,catch_outside minus baseline,10,0.0,0.0,0.0,0.0,"[0.0,0.0,0.0,0.0,0.0,0.0,0.0,0.0,0.0,0.0]",
7,lone_liar,sharp_credibility,coalition_favorable_rate,alibi_off minus baseline,10,0.079,0.013767917618708925,0.05399999999999999,0.09600000000000003,"[0.09199999999999997,0.08000000000000002,0.09000000000000002,0.08799999999999997,0.068,0.05399999999999999,0.07,0.09600000000000003,0.066,0.08600000000000002]",
7,lone_liar,,coalition_favorable_rate,sharp_credibility minus mean,10,0.20820000000000002,0.01924000462000407,0.17999999999999997,0.244,"[0.17999999999999997,0.244,0.194,0.214,0.204,0.20800000000000002,0.226,0.19,0.19800000000000004,0.22400000000000003]",alibi_off
7,lone_liar,sharp_credibility,creator_ejection_rate,alibi_off minus baseline,10,-0.0744,0.011768130220595323,-0.09000000000000002,-0.057999999999999996,"[-0.07999999999999996,-0.07600000000000001,-0.07799999999999996,-0.08199999999999996,-0.057999999999999996,-0.06,-0.066,-0.09000000000000002,-0.064,-0.09000000000000002]",
7,lone_liar,,creator_ejection_rate,sharp_credibility minus mean,10,-0.3328,0.01715808847162179,-0.352,-0.29999999999999993,"[-0.29999999999999993,-0.35,-0.33399999999999996,-0.352,-0.32799999999999996,-0.312,-0.34400000000000003,-0.328,-0.32999999999999996,-0.35000000000000003]",alibi_off
7,lone_liar,sharp_credibility,creator_survival,alibi_off minus baseline,10,0.07439999999999998,0.011768130220595308,0.05799999999999994,0.08999999999999997,"[0.07999999999999996,0.07599999999999996,0.07799999999999996,0.08199999999999996,0.05799999999999994,0.06000000000000005,0.06600000000000006,0.08999999999999997,0.06399999999999995,0.08999999999999997]",
7,lone_liar,,creator_survival,sharp_credibility minus mean,10,0.3328,0.01715808847162177,0.3,0.352,"[0.3,0.35,0.33399999999999996,0.352,0.32799999999999996,0.31200000000000006,0.3440000000000001,0.32799999999999996,0.32999999999999996,0.35]",alibi_off
7,lone_liar,sharp_credibility,false_ejection_rate,alibi_off minus baseline,10,0.06600000000000002,0.012183777921664696,0.04600000000000004,0.08399999999999996,"[0.07600000000000001,0.064,0.07799999999999996,0.068,0.064,0.04799999999999999,0.04600000000000004,0.08399999999999996,0.062,0.07]",
7,lone_liar,,false_ejection_rate,sharp_credibility minus mean,10,0.22559999999999997,0.013359973386533714,0.20199999999999999,0.24200000000000002,"[0.214,0.232,0.20199999999999999,0.23,0.23800000000000002,0.22199999999999998,0.21600000000000003,0.21799999999999997,0.24200000000000002,0.242]",alibi_off
7,lone_liar,sharp_credibility,incident_rate,alibi_off minus baseline,10,0.0,0.0,0.0,0.0,"[0.0,0.0,0.0,0.0,0.0,0.0,0.0,0.0,0.0,0.0]",
7,lone_liar,,incident_rate,sharp_credibility minus mean,10,0.0,0.0,0.0,0.0,"[0.0,0.0,0.0,0.0,0.0,0.0,0.0,0.0,0.0,0.0]",alibi_off
7,lone_liar,sharp_credibility,no_ejection_rate,alibi_off minus baseline,10,0.013000000000000001,0.00674948557710553,0.004,0.024000000000000004,"[0.016,0.016,0.011999999999999997,0.02,0.004,0.005999999999999998,0.024000000000000004,0.011999999999999997,0.004,0.016000000000000004]",
7,lone_liar,,no_ejection_rate,sharp_credibility minus mean,10,-0.0174,0.018524458306670013,-0.044000000000000004,0.011999999999999997,"[-0.033999999999999996,0.011999999999999997,-0.008,-0.016,-0.034,-0.013999999999999999,0.010000000000000002,-0.027999999999999997,-0.044000000000000004,-0.017999999999999995]",alibi_off
7,lone_liar,,coalition_favorable_rate,sharp_credibility minus mean,10,0.17539999999999997,0.021582915053861982,0.14600000000000002,0.208,"[0.14600000000000002,0.208,0.15,0.17400000000000002,0.18799999999999997,0.19000000000000003,0.20400000000000001,0.15999999999999998,0.16200000000000003,0.17200000000000001]",baseline
7,lone_liar,,creator_ejection_rate,sharp_credibility minus mean,10,-0.3026,0.015833859640375456,-0.32599999999999996,-0.276,"[-0.276,-0.322,-0.29600000000000004,-0.31400000000000006,-0.314,-0.29000000000000004,-0.32599999999999996,-0.29600000000000004,-0.292,-0.30000000000000004]",baseline
7,lone_liar,,creator_survival,sharp_credibility minus mean,10,0.3026,0.015833859640375467,0.276,0.32599999999999996,"[0.276,0.32200000000000006,0.29600000000000004,0.31400000000000006,0.31400000000000006,0.29000000000000004,0.32599999999999996,0.296,0.29200000000000004,0.3]",baseline
7,lone_liar,,false_ejection_rate,sharp_credibility minus mean,10,0.2104,0.013945927322659068,0.18000000000000002,0.228,"[0.19999999999999998,0.22200000000000003,0.18000000000000002,0.20800000000000002,0.228,0.22399999999999998,0.21799999999999997,0.20600000000000002,0.21000000000000002,0.208]",baseline
7,lone_liar,,incident_rate,sharp_credibility minus mean,10,0.0,0.0,0.0,0.0,"[0.0,0.0,0.0,0.0,0.0,0.0,0.0,0.0,0.0,0.0]",baseline
7,lone_liar,,no_ejection_rate,sharp_credibility minus mean,10,-0.034999999999999996,0.013274871834493251,-0.054,-0.013999999999999999,"[-0.054,-0.013999999999999999,-0.03,-0.034,-0.04,-0.034,-0.014000000000000002,-0.046,-0.048,-0.036000000000000004]",baseline
7,lone_liar,sharp_credibility,coalition_favorable_rate,catch_outside minus baseline,10,-0.17959999999999998,0.022247097188921823,-0.214,-0.148,"[-0.148,-0.206,-0.152,-0.18400000000000002,-0.18999999999999997,-0.194,-0.214,-0.15999999999999998,-0.17,-0.178]",
7,lone_liar,,coalition_favorable_rate,sharp_credibility minus mean,10,-0.004199999999999991,0.004157990967870046,-0.010000000000000009,0.0020000000000000018,"[-0.001999999999999974,0.0020000000000000018,-0.0020000000000000018,-0.010000000000000009,-0.0020000000000000018,-0.003999999999999976,-0.009999999999999995,0.0,-0.00799999999999998,-0.005999999999999978]",catch_outside
7,lone_liar,sharp_credibility,creator_ejection_rate,catch_outside minus baseline,10,0.30300000000000005,0.016090024514862883,0.276,0.32999999999999996,"[0.276,0.318,0.29600000000000004,0.31600000000000006,0.314,0.29000000000000004,0.32999999999999996,0.29600000000000004,0.294,0.30000000000000004]",
7,lone_liar,,creator_ejection_rate,sharp_credibility minus mean,10,0.00040000000000000034,0.002065591117977291,-0.0040000000000000036,0.0040000000000000036,"[0.0,-0.0040000000000000036,0.0,0.0020000000000000018,0.0,0.0,0.0040000000000000036,0.0,0.0020000000000000018,0.0]",catch_outside
7,lone_liar,sharp_credibility,creator_survival,catch_outside minus baseline,10,-0.303,0.01609002451486289,-0.32999999999999996,-0.276,"[-0.276,-0.31800000000000006,-0.29600000000000004,-0.31600000000000006,-0.31400000000000006,-0.29000000000000004,-0.32999999999999996,-0.296,-0.29400000000000004,-0.3]",
7,lone_liar,,creator_survival,sharp_credibility minus mean,10,-0.00040000000000000034,0.002065591117977291,-0.0040000000000000036,0.0040000000000000036,"[0.0,0.0040000000000000036,0.0,-0.0020000000000000018,0.0,0.0,-0.0040000000000000036,0.0,-0.0020000000000000018,0.0]",catch_outside
7,lone_liar,sharp_credibility,false_ejection_rate,catch_outside minus baseline,10,-0.211,0.014055445761538672,-0.228,-0.18000000000000002,"[-0.19999999999999998,-0.22000000000000003,-0.18000000000000002,-0.21000000000000002,-0.228,-0.22399999999999998,-0.22199999999999998,-0.20600000000000002,-0.21200000000000002,-0.208]",
7,lone_liar,,false_ejection_rate,sharp_credibility minus mean,10,-0.0006000000000000005,0.0016465452046971307,-0.0040000000000000036,0.0020000000000000018,"[0.0,0.0020000000000000018,0.0,-0.0020000000000000018,0.0,0.0,-0.0040000000000000036,0.0,-0.0020000000000000018,0.0]",catch_outside
7,lone_liar,sharp_credibility,incident_rate,catch_outside minus baseline,10,0.0,0.0,0.0,0.0,"[0.0,0.0,0.0,0.0,0.0,0.0,0.0,0.0,0.0,0.0]",
7,lone_liar,,incident_rate,sharp_credibility minus mean,10,0.0,0.0,0.0,0.0,"[0.0,0.0,0.0,0.0,0.0,0.0,0.0,0.0,0.0,0.0]",catch_outside
7,lone_liar,sharp_credibility,no_ejection_rate,catch_outside minus baseline,10,0.0314,0.013696714934611144,0.008,0.052,"[0.052,0.013999999999999999,0.027999999999999997,0.026,0.038,0.03,0.008,0.046,0.041999999999999996,0.030000000000000002]",
7,lone_liar,,no_ejection_rate,sharp_credibility minus mean,10,-0.0036000000000000016,0.0027968235951204043,-0.008,0.0,"[-0.0020000000000000018,0.0,-0.0020000000000000018,-0.008,-0.0020000000000000018,-0.0040000000000000036,-0.006000000000000002,0.0,-0.006000000000000005,-0.005999999999999998]",catch_outside
7,lone_liar,soft_credibility,coalition_favorable_rate,alibi_off minus baseline,10,0.03500000000000001,0.013960261060914624,0.017999999999999988,0.058000000000000024,"[0.05399999999999999,0.017999999999999988,0.04600000000000001,0.038000000000000006,0.034,0.03,0.03,0.058000000000000024,0.021999999999999992,0.01999999999999999]",
7,lone_liar,,coalition_favorable_rate,soft_credibility minus mean,10,0.0068000000000000005,0.010250203250017373,-0.008000000000000007,0.021999999999999992,"[-0.008000000000000007,0.01999999999999999,0.0,0.006000000000000005,0.016000000000000014,0.0020000000000000018,0.021999999999999992,0.0020000000000000018,0.01200000000000001,-0.0040000000000000036]",alibi_off
7,lone_liar,soft_credibility,creator_ejection_rate,alibi_off minus baseline,10,-0.031200000000000016,0.010591401124392278,-0.04800000000000004,-0.018000000000000016,"[-0.04600000000000004,-0.018000000000000016,-0.03600000000000003,-0.03600000000000003,-0.026000000000000023,-0.03200000000000003,-0.029999999999999916,-0.04800000000000004,-0.018000000000000016,-0.02200000000000002]",
7,lone_liar,,creator_ejection_rate,soft_credibility minus mean,10,-0.11279999999999997,0.009624043964063255,-0.124,-0.09999999999999998,"[-0.10199999999999998,-0.09999999999999998,-0.118,-0.12,-0.118,-0.09999999999999998,-0.122,-0.124,-0.118,-0.10599999999999998]",alibi_off
7,lone_liar,soft_credibility,creator_survival,alibi_off minus baseline,10,0.031199999999999995,0.010591401124392273,0.01799999999999996,0.04799999999999999,"[0.04600000000000004,0.01799999999999996,0.035999999999999976,0.035999999999999976,0.026000000000000023,0.03199999999999997,0.030000000000000027,0.04799999999999999,0.018000000000000016,0.021999999999999964]",
7,lone_liar,,creator_survival,soft_credibility minus mean,10,0.11279999999999997,0.009624043964063252,0.09999999999999998,0.124,"[0.10200000000000004,0.09999999999999998,0.118,0.12,0.118,0.09999999999999998,0.12200000000000003,0.124,0.118,0.10599999999999998]",alibi_off
7,lone_liar,soft_credibility,false_ejection_rate,alibi_off minus baseline,10,0.03960000000000001,0.01588290485606039,0.02200000000000002,0.06400000000000002,"[0.058000000000000024,0.025999999999999995,0.057999999999999996,0.04000000000000001,0.038000000000000006,0.04200000000000001,0.025999999999999995,0.06400000000000002,0.02200000000000002,0.02200000000000002]",
7,lone_liar,,false_ejection_rate,soft_credibility minus mean,10,0.04180000000000002,0.006762642481555077,0.036000000000000004,0.05400000000000002,"[0.04400000000000001,0.036000000000000004,0.036000000000000004,0.04200000000000001,0.05200000000000002,0.036000000000000004,0.036000000000000004,0.04400000000000001,0.05400000000000002,0.038000000000000006]",alibi_off
7,lone_liar,soft_credibility,incident_rate,alibi_off minus baseline,10,0.0,0.0,0.0,0.0,"[0.0,0.0,0.0,0.0,0.0,0.0,0.0,0.0,0.0,0.0]",
7,lone_liar,,incident_rate,soft_credibility minus mean,10,0.0,0.0,0.0,0.0,"[0.0,0.0,0.0,0.0,0.0,0.0,0.0,0.0,0.0,0.0]",alibi_off
7,lone_liar,soft_credibility,no_ejection_rate,alibi_off minus baseline,10,-0.004600000000000001,0.005081557066709201,-0.012,0.003999999999999998,"[-0.004,-0.008,-0.012,-0.002,-0.004,-0.012,0.003999999999999998,-0.005999999999999998,0.0,-0.002]",
7,lone_liar,,no_ejection_rate,soft_credibility minus mean,10,-0.034999999999999996,0.011747340124470729,-0.052,-0.014000000000000002,"[-0.052,-0.016000000000000004,-0.036,-0.036000000000000004,-0.036,-0.034,-0.014000000000000002,-0.041999999999999996,-0.042,-0.041999999999999996]",alibi_off
7,lone_liar,,coalition_favorable_rate,soft_credibility minus mean,10,0.018000000000000006,0.016891812612426567,-0.003999999999999976,0.04600000000000001,"[-0.003999999999999976,0.04600000000000001,0.0,0.015999999999999986,0.034,0.008000000000000007,0.039999999999999994,0.009999999999999981,0.020000000000000018,0.010000000000000009]",baseline
7,lone_liar,,creator_ejection_rate,soft_credibility minus mean,10,-0.1258,0.010517709932405554,-0.14,-0.10599999999999998,"[-0.11199999999999999,-0.13,-0.122,-0.128,-0.136,-0.10599999999999998,-0.14,-0.134,-0.126,-0.124]",baseline
7,lone_liar,,creator_survival,soft_credibility minus mean,10,0.1258,0.01051770993240554,0.10600000000000001,0.13999999999999999,"[0.11199999999999999,0.13000000000000003,0.12200000000000003,0.12800000000000003,0.13599999999999998,0.10600000000000001,0.13999999999999999,0.134,0.126,0.124]",baseline
7,lone_liar,,false_ejection_rate,soft_credibility minus mean,10,0.053000000000000005,0.010252370999486468,0.034,0.068,"[0.04799999999999999,0.06400000000000002,0.034,0.048,0.068,0.044,0.05800000000000001,0.052,0.061999999999999986,0.05199999999999999]",baseline
7,lone_liar,,incident_rate,soft_credibility minus mean,10,0.0,0.0,0.0,0.0,"[0.0,0.0,0.0,0.0,0.0,0.0,0.0,0.0,0.0,0.0]",baseline
7,lone_liar,,no_ejection_rate,soft_credibility minus mean,10,-0.034999999999999996,0.010677078252031312,-0.052000000000000005,-0.018,"[-0.052000000000000005,-0.018,-0.034,-0.032,-0.034,-0.036000000000000004,-0.018000000000000002,-0.042,-0.042,-0.041999999999999996]",baseline
7,lone_liar,soft_credibility,coalition_favorable_rate,catch_outside minus baseline,10,-0.0214,0.01694566480122735,-0.046,0.0020000000000000018,"[0.0020000000000000018,-0.04400000000000001,-0.0020000000000000018,-0.025999999999999995,-0.036000000000000004,-0.010000000000000009,-0.046,-0.009999999999999981,-0.026000000000000023,-0.015999999999999986]",
7,lone_liar,,coalition_favorable_rate,soft_credibility minus mean,10,-0.0033999999999999976,0.003533962208186288,-0.010000000000000009,0.0020000000000000018,"[-0.001999999999999974,0.0020000000000000018,-0.0020000000000000018,-0.010000000000000009,-0.0020000000000000018,-0.0020000000000000018,-0.006000000000000005,0.0,-0.006000000000000005,-0.005999999999999978]",catch_outside
7,lone_liar,soft_credibility,creator_ejection_rate,catch_outside minus baseline,10,0.1264,0.011187294380481626,0.10599999999999998,0.14400000000000002,"[0.11199999999999999,0.128,0.122,0.13,0.136,0.10599999999999998,0.14400000000000002,0.134,0.128,0.124]",
7,lone_liar,,creator_ejection_rate,soft_credibility minus mean,10,0.0006000000000000005,0.0016465452046971307,-0.0020000000000000018,0.0040000000000000036,"[0.0,-0.0020000000000000018,0.0,0.0020000000000000018,0.0,0.0,0.0040000000000000036,0.0,0.0020000000000000018,0.0]",catch_outside
7,lone_liar,soft_credibility,creator_survival,catch_outside minus baseline,10,-0.1264,0.011187294380481614,-0.144,-0.10600000000000001,"[-0.11199999999999999,-0.12800000000000003,-0.12200000000000003,-0.13000000000000003,-0.13599999999999998,-0.10600000000000001,-0.144,-0.134,-0.128,-0.124]",
7,lone_liar,,creator_survival,soft_credibility minus mean,10,-0.0006000000000000005,0.0016465452046971307,-0.0040000000000000036,0.0020000000000000018,"[0.0,0.0020000000000000018,0.0,-0.0020000000000000018,0.0,0.0,-0.0040000000000000036,0.0,-0.0020000000000000018,0.0]",catch_outside
7,lone_liar,soft_credibility,false_ejection_rate,catch_outside minus baseline,10,-0.0536,0.010447753612885193,-0.068,-0.034,"[-0.04799999999999999,-0.06200000000000001,-0.034,-0.05,-0.068,-0.044,-0.06200000000000001,-0.052,-0.06399999999999999,-0.05199999999999999]",
7,lone_liar,,false_ejection_rate,soft_credibility minus mean,10,-0.0006000000000000005,0.0016465452046971307,-0.0040000000000000036,0.0020000000000000018,"[0.0,0.0020000000000000018,0.0,-0.0020000000000000018,0.0,0.0,-0.0040000000000000036,0.0,-0.0020000000000000018,0.0]",catch_outside
7,lone_liar,soft_credibility,incident_rate,catch_outside minus baseline,10,0.0,0.0,0.0,0.0,"[0.0,0.0,0.0,0.0,0.0,0.0,0.0,0.0,0.0,0.0]",
7,lone_liar,,incident_rate,soft_credibility minus mean,10,0.0,0.0,0.0,0.0,"[0.0,0.0,0.0,0.0,0.0,0.0,0.0,0.0,0.0,0.0]",catch_outside
7,lone_liar,soft_credibility,no_ejection_rate,catch_outside minus baseline,10,0.03219999999999999,0.010517709932405545,0.016,0.05,"[0.05,0.018,0.032,0.024,0.032,0.034,0.016,0.042,0.038,0.036000000000000004]",
7,lone_liar,,no_ejection_rate,soft_credibility minus mean,10,-0.0028000000000000013,0.002529822128134703,-0.008,0.0,"[-0.0020000000000000018,0.0,-0.0020000000000000018,-0.008,-0.0020000000000000018,-0.0020000000000000018,-0.0020000000000000018,0.0,-0.0040000000000000036,-0.005999999999999998]",catch_outside
7,truthful,mean,coalition_favorable_rate,alibi_off minus baseline,10,0.0,0.0,0.0,0.0,"[0.0,0.0,0.0,0.0,0.0,0.0,0.0,0.0,0.0,0.0]",
7,truthful,mean,creator_ejection_rate,alibi_off minus baseline,10,0.0,0.0,0.0,0.0,"[0.0,0.0,0.0,0.0,0.0,0.0,0.0,0.0,0.0,0.0]",
7,truthful,mean,creator_survival,alibi_off minus baseline,10,0.0,0.0,0.0,0.0,"[0.0,0.0,0.0,0.0,0.0,0.0,0.0,0.0,0.0,0.0]",
7,truthful,mean,false_ejection_rate,alibi_off minus baseline,10,0.0,0.0,0.0,0.0,"[0.0,0.0,0.0,0.0,0.0,0.0,0.0,0.0,0.0,0.0]",
7,truthful,mean,incident_rate,alibi_off minus baseline,10,0.0,0.0,0.0,0.0,"[0.0,0.0,0.0,0.0,0.0,0.0,0.0,0.0,0.0,0.0]",
7,truthful,mean,no_ejection_rate,alibi_off minus baseline,10,0.0,0.0,0.0,0.0,"[0.0,0.0,0.0,0.0,0.0,0.0,0.0,0.0,0.0,0.0]",
7,truthful,mean,coalition_favorable_rate,catch_outside minus baseline,10,0.0,0.0,0.0,0.0,"[0.0,0.0,0.0,0.0,0.0,0.0,0.0,0.0,0.0,0.0]",
7,truthful,mean,creator_ejection_rate,catch_outside minus baseline,10,0.0,0.0,0.0,0.0,"[0.0,0.0,0.0,0.0,0.0,0.0,0.0,0.0,0.0,0.0]",
7,truthful,mean,creator_survival,catch_outside minus baseline,10,0.0,0.0,0.0,0.0,"[0.0,0.0,0.0,0.0,0.0,0.0,0.0,0.0,0.0,0.0]",
7,truthful,mean,false_ejection_rate,catch_outside minus baseline,10,0.0,0.0,0.0,0.0,"[0.0,0.0,0.0,0.0,0.0,0.0,0.0,0.0,0.0,0.0]",
7,truthful,mean,incident_rate,catch_outside minus baseline,10,0.0,0.0,0.0,0.0,"[0.0,0.0,0.0,0.0,0.0,0.0,0.0,0.0,0.0,0.0]",
7,truthful,mean,no_ejection_rate,catch_outside minus baseline,10,0.0,0.0,0.0,0.0,"[0.0,0.0,0.0,0.0,0.0,0.0,0.0,0.0,0.0,0.0]",
7,truthful,sharp_credibility,coalition_favorable_rate,alibi_off minus baseline,10,0.0,0.0,0.0,0.0,"[0.0,0.0,0.0,0.0,0.0,0.0,0.0,0.0,0.0,0.0]",
7,truthful,,coalition_favorable_rate,sharp_credibility minus mean,10,0.0,0.0,0.0,0.0,"[0.0,0.0,0.0,0.0,0.0,0.0,0.0,0.0,0.0,0.0]",alibi_off
7,truthful,sharp_credibility,creator_ejection_rate,alibi_off minus baseline,10,0.0,0.0,0.0,0.0,"[0.0,0.0,0.0,0.0,0.0,0.0,0.0,0.0,0.0,0.0]",
7,truthful,,creator_ejection_rate,sharp_credibility minus mean,10,0.0,0.0,0.0,0.0,"[0.0,0.0,0.0,0.0,0.0,0.0,0.0,0.0,0.0,0.0]",alibi_off
7,truthful,sharp_credibility,creator_survival,alibi_off minus baseline,10,0.0,0.0,0.0,0.0,"[0.0,0.0,0.0,0.0,0.0,0.0,0.0,0.0,0.0,0.0]",
7,truthful,,creator_survival,sharp_credibility minus mean,10,0.0,0.0,0.0,0.0,"[0.0,0.0,0.0,0.0,0.0,0.0,0.0,0.0,0.0,0.0]",alibi_off
7,truthful,sharp_credibility,false_ejection_rate,alibi_off minus baseline,10,0.0,0.0,0.0,0.0,"[0.0,0.0,0.0,0.0,0.0,0.0,0.0,0.0,0.0,0.0]",
7,truthful,,false_ejection_rate,sharp_credibility minus mean,10,0.0,0.0,0.0,0.0,"[0.0,0.0,0.0,0.0,0.0,0.0,0.0,0.0,0.0,0.0]",alibi_off
7,truthful,sharp_credibility,incident_rate,alibi_off minus baseline,10,0.0,0.0,0.0,0.0,"[0.0,0.0,0.0,0.0,0.0,0.0,0.0,0.0,0.0,0.0]",
7,truthful,,incident_rate,sharp_credibility minus mean,10,0.0,0.0,0.0,0.0,"[0.0,0.0,0.0,0.0,0.0,0.0,0.0,0.0,0.0,0.0]",alibi_off
7,truthful,sharp_credibility,no_ejection_rate,alibi_off minus baseline,10,0.0,0.0,0.0,0.0,"[0.0,0.0,0.0,0.0,0.0,0.0,0.0,0.0,0.0,0.0]",
7,truthful,,no_ejection_rate,sharp_credibility minus mean,10,0.0,0.0,0.0,0.0,"[0.0,0.0,0.0,0.0,0.0,0.0,0.0,0.0,0.0,0.0]",alibi_off
7,truthful,,coalition_favorable_rate,sharp_credibility minus mean,10,0.0,0.0,0.0,0.0,"[0.0,0.0,0.0,0.0,0.0,0.0,0.0,0.0,0.0,0.0]",baseline
7,truthful,,creator_ejection_rate,sharp_credibility minus mean,10,0.0,0.0,0.0,0.0,"[0.0,0.0,0.0,0.0,0.0,0.0,0.0,0.0,0.0,0.0]",baseline
7,truthful,,creator_survival,sharp_credibility minus mean,10,0.0,0.0,0.0,0.0,"[0.0,0.0,0.0,0.0,0.0,0.0,0.0,0.0,0.0,0.0]",baseline
7,truthful,,false_ejection_rate,sharp_credibility minus mean,10,0.0,0.0,0.0,0.0,"[0.0,0.0,0.0,0.0,0.0,0.0,0.0,0.0,0.0,0.0]",baseline
7,truthful,,incident_rate,sharp_credibility minus mean,10,0.0,0.0,0.0,0.0,"[0.0,0.0,0.0,0.0,0.0,0.0,0.0,0.0,0.0,0.0]",baseline
7,truthful,,no_ejection_rate,sharp_credibility minus mean,10,0.0,0.0,0.0,0.0,"[0.0,0.0,0.0,0.0,0.0,0.0,0.0,0.0,0.0,0.0]",baseline
7,truthful,sharp_credibility,coalition_favorable_rate,catch_outside minus baseline,10,0.0,0.0,0.0,0.0,"[0.0,0.0,0.0,0.0,0.0,0.0,0.0,0.0,0.0,0.0]",
7,truthful,,coalition_favorable_rate,sharp_credibility minus mean,10,0.0,0.0,0.0,0.0,"[0.0,0.0,0.0,0.0,0.0,0.0,0.0,0.0,0.0,0.0]",catch_outside
7,truthful,sharp_credibility,creator_ejection_rate,catch_outside minus baseline,10,0.0,0.0,0.0,0.0,"[0.0,0.0,0.0,0.0,0.0,0.0,0.0,0.0,0.0,0.0]",
7,truthful,,creator_ejection_rate,sharp_credibility minus mean,10,0.0,0.0,0.0,0.0,"[0.0,0.0,0.0,0.0,0.0,0.0,0.0,0.0,0.0,0.0]",catch_outside
7,truthful,sharp_credibility,creator_survival,catch_outside minus baseline,10,0.0,0.0,0.0,0.0,"[0.0,0.0,0.0,0.0,0.0,0.0,0.0,0.0,0.0,0.0]",
7,truthful,,creator_survival,sharp_credibility minus mean,10,0.0,0.0,0.0,0.0,"[0.0,0.0,0.0,0.0,0.0,0.0,0.0,0.0,0.0,0.0]",catch_outside
7,truthful,sharp_credibility,false_ejection_rate,catch_outside minus baseline,10,0.0,0.0,0.0,0.0,"[0.0,0.0,0.0,0.0,0.0,0.0,0.0,0.0,0.0,0.0]",
7,truthful,,false_ejection_rate,sharp_credibility minus mean,10,0.0,0.0,0.0,0.0,"[0.0,0.0,0.0,0.0,0.0,0.0,0.0,0.0,0.0,0.0]",catch_outside
7,truthful,sharp_credibility,incident_rate,catch_outside minus baseline,10,0.0,0.0,0.0,0.0,"[0.0,0.0,0.0,0.0,0.0,0.0,0.0,0.0,0.0,0.0]",
7,truthful,,incident_rate,sharp_credibility minus mean,10,0.0,0.0,0.0,0.0,"[0.0,0.0,0.0,0.0,0.0,0.0,0.0,0.0,0.0,0.0]",catch_outside
7,truthful,sharp_credibility,no_ejection_rate,catch_outside minus baseline,10,0.0,0.0,0.0,0.0,"[0.0,0.0,0.0,0.0,0.0,0.0,0.0,0.0,0.0,0.0]",
7,truthful,,no_ejection_rate,sharp_credibility minus mean,10,0.0,0.0,0.0,0.0,"[0.0,0.0,0.0,0.0,0.0,0.0,0.0,0.0,0.0,0.0]",catch_outside
7,truthful,soft_credibility,coalition_favorable_rate,alibi_off minus baseline,10,0.0,0.0,0.0,0.0,"[0.0,0.0,0.0,0.0,0.0,0.0,0.0,0.0,0.0,0.0]",
7,truthful,,coalition_favorable_rate,soft_credibility minus mean,10,0.0,0.0,0.0,0.0,"[0.0,0.0,0.0,0.0,0.0,0.0,0.0,0.0,0.0,0.0]",alibi_off
7,truthful,soft_credibility,creator_ejection_rate,alibi_off minus baseline,10,0.0,0.0,0.0,0.0,"[0.0,0.0,0.0,0.0,0.0,0.0,0.0,0.0,0.0,0.0]",
7,truthful,,creator_ejection_rate,soft_credibility minus mean,10,0.0,0.0,0.0,0.0,"[0.0,0.0,0.0,0.0,0.0,0.0,0.0,0.0,0.0,0.0]",alibi_off
7,truthful,soft_credibility,creator_survival,alibi_off minus baseline,10,0.0,0.0,0.0,0.0,"[0.0,0.0,0.0,0.0,0.0,0.0,0.0,0.0,0.0,0.0]",
7,truthful,,creator_survival,soft_credibility minus mean,10,0.0,0.0,0.0,0.0,"[0.0,0.0,0.0,0.0,0.0,0.0,0.0,0.0,0.0,0.0]",alibi_off
7,truthful,soft_credibility,false_ejection_rate,alibi_off minus baseline,10,0.0,0.0,0.0,0.0,"[0.0,0.0,0.0,0.0,0.0,0.0,0.0,0.0,0.0,0.0]",
7,truthful,,false_ejection_rate,soft_credibility minus mean,10,0.0,0.0,0.0,0.0,"[0.0,0.0,0.0,0.0,0.0,0.0,0.0,0.0,0.0,0.0]",alibi_off
7,truthful,soft_credibility,incident_rate,alibi_off minus baseline,10,0.0,0.0,0.0,0.0,"[0.0,0.0,0.0,0.0,0.0,0.0,0.0,0.0,0.0,0.0]",
7,truthful,,incident_rate,soft_credibility minus mean,10,0.0,0.0,0.0,0.0,"[0.0,0.0,0.0,0.0,0.0,0.0,0.0,0.0,0.0,0.0]",alibi_off
7,truthful,soft_credibility,no_ejection_rate,alibi_off minus baseline,10,0.0,0.0,0.0,0.0,"[0.0,0.0,0.0,0.0,0.0,0.0,0.0,0.0,0.0,0.0]",
7,truthful,,no_ejection_rate,soft_credibility minus mean,10,0.0,0.0,0.0,0.0,"[0.0,0.0,0.0,0.0,0.0,0.0,0.0,0.0,0.0,0.0]",alibi_off
7,truthful,,coalition_favorable_rate,soft_credibility minus mean,10,0.0,0.0,0.0,0.0,"[0.0,0.0,0.0,0.0,0.0,0.0,0.0,0.0,0.0,0.0]",baseline
7,truthful,,creator_ejection_rate,soft_credibility minus mean,10,0.0,0.0,0.0,0.0,"[0.0,0.0,0.0,0.0,0.0,0.0,0.0,0.0,0.0,0.0]",baseline
7,truthful,,creator_survival,soft_credibility minus mean,10,0.0,0.0,0.0,0.0,"[0.0,0.0,0.0,0.0,0.0,0.0,0.0,0.0,0.0,0.0]",baseline
7,truthful,,false_ejection_rate,soft_credibility minus mean,10,0.0,0.0,0.0,0.0,"[0.0,0.0,0.0,0.0,0.0,0.0,0.0,0.0,0.0,0.0]",baseline
7,truthful,,incident_rate,soft_credibility minus mean,10,0.0,0.0,0.0,0.0,"[0.0,0.0,0.0,0.0,0.0,0.0,0.0,0.0,0.0,0.0]",baseline
7,truthful,,no_ejection_rate,soft_credibility minus mean,10,0.0,0.0,0.0,0.0,"[0.0,0.0,0.0,0.0,0.0,0.0,0.0,0.0,0.0,0.0]",baseline
7,truthful,soft_credibility,coalition_favorable_rate,catch_outside minus baseline,10,0.0,0.0,0.0,0.0,"[0.0,0.0,0.0,0.0,0.0,0.0,0.0,0.0,0.0,0.0]",
7,truthful,,coalition_favorable_rate,soft_credibility minus mean,10,0.0,0.0,0.0,0.0,"[0.0,0.0,0.0,0.0,0.0,0.0,0.0,0.0,0.0,0.0]",catch_outside
7,truthful,soft_credibility,creator_ejection_rate,catch_outside minus baseline,10,0.0,0.0,0.0,0.0,"[0.0,0.0,0.0,0.0,0.0,0.0,0.0,0.0,0.0,0.0]",
7,truthful,,creator_ejection_rate,soft_credibility minus mean,10,0.0,0.0,0.0,0.0,"[0.0,0.0,0.0,0.0,0.0,0.0,0.0,0.0,0.0,0.0]",catch_outside
7,truthful,soft_credibility,creator_survival,catch_outside minus baseline,10,0.0,0.0,0.0,0.0,"[0.0,0.0,0.0,0.0,0.0,0.0,0.0,0.0,0.0,0.0]",
7,truthful,,creator_survival,soft_credibility minus mean,10,0.0,0.0,0.0,0.0,"[0.0,0.0,0.0,0.0,0.0,0.0,0.0,0.0,0.0,0.0]",catch_outside
7,truthful,soft_credibility,false_ejection_rate,catch_outside minus baseline,10,0.0,0.0,0.0,0.0,"[0.0,0.0,0.0,0.0,0.0,0.0,0.0,0.0,0.0,0.0]",
7,truthful,,false_ejection_rate,soft_credibility minus mean,10,0.0,0.0,0.0,0.0,"[0.0,0.0,0.0,0.0,0.0,0.0,0.0,0.0,0.0,0.0]",catch_outside
7,truthful,soft_credibility,incident_rate,catch_outside minus baseline,10,0.0,0.0,0.0,0.0,"[0.0,0.0,0.0,0.0,0.0,0.0,0.0,0.0,0.0,0.0]",
7,truthful,,incident_rate,soft_credibility minus mean,10,0.0,0.0,0.0,0.0,"[0.0,0.0,0.0,0.0,0.0,0.0,0.0,0.0,0.0,0.0]",catch_outside
7,truthful,soft_credibility,no_ejection_rate,catch_outside minus baseline,10,0.0,0.0,0.0,0.0,"[0.0,0.0,0.0,0.0,0.0,0.0,0.0,0.0,0.0,0.0]",
7,truthful,,no_ejection_rate,soft_credibility minus mean,10,0.0,0.0,0.0,0.0,"[0.0,0.0,0.0,0.0,0.0,0.0,0.0,0.0,0.0,0.0]",catch_outside
