crew,condition,rule,variant,metric,replicate,value,kind
3,truthful,mean,baseline,false_ejection_rate,0,0.0,outcome
3,truthful,mean,baseline,coalition_favorable_rate,0,0.94,outcome
3,truthful,mean,baseline,creator_ejection_rate,0,0.06,outcome
3,truthful,mean,baseline,creator_survival,0,0.94,outcome
3,truthful,mean,baseline,no_ejection_rate,0,0.94,outcome
3,truthful,mean,baseline,incident_rate,0,1.0,outcome
3,truthful,mean,alibi_off,false_ejection_rate,0,0.0,outcome
3,truthful,mean,alibi_off,coalition_favorable_rate,0,0.89,outcome
3,truthful,mean,alibi_off,creator_ejection_rate,0,0.11,outcome
3,truthful,mean,alibi_off,creator_survival,0,0.89,outcome
3,truthful,mean,alibi_off,no_ejection_rate,0,0.89,outcome
3,truthful,mean,alibi_off,incident_rate,0,1.0,outcome
3,truthful,mean,catch_outside,false_ejection_rate,0,0.0,outcome
3,truthful,mean,catch_outside,coalition_favorable_rate,0,0.94,outcome
3,truthful,mean,catch_outside,creator_ejection_rate,0,0.06,outcome
3,truthful,mean,catch_outside,creator_survival,0,0.94,outcome
3,truthful,mean,catch_outside,no_ejection_rate,0,0.94,outcome
3,truthful,mean,catch_outside,incident_rate,0,1.0,outcome
3,truthful,soft_credibility,baseline,false_ejection_rate,0,0.0,outcome
3,truthful,soft_credibility,baseline,coalition_favorable_rate,0,0.94,outcome
3,truthful,soft_credibility,baseline,creator_ejection_rate,0,0.06,outcome
3,truthful,soft_credibility,baseline,creator_survival,0,0.94,outcome
3,truthful,soft_credibility,baseline,no_ejection_rate,0,0.94,outcome
3,truthful,soft_credibility,baseline,incident_rate,0,1.0,outcome
3,truthful,soft_credibility,baseline,n_speakers,0,4.0,voter
3,truthful,soft_credibility,baseline,coalition_share,0,0.5,voter
3,truthful,soft_credibility,baseline,coalition_weight_soft,0,0.5,voter
3,truthful,soft_credibility,baseline,weight_minus_share,0,0.0,voter
3,truthful,soft_credibility,baseline,cred_coalition,0,3.0,voter
3,truthful,soft_credibility,baseline,cred_honest,0,3.0,voter
3,truthful,soft_credibility,baseline,uninformative_share,0,0.0,voter
3,truthful,soft_credibility,baseline,weight_on_uninformative,0,0.0,voter
3,truthful,soft_credibility,baseline,coalition_caught,0,0.0,voter
3,truthful,soft_credibility,baseline,argmax_differs,0,0.0,voter
3,truthful,soft_credibility,baseline,mean_top_is_coalition,0,1.0,voter
3,truthful,soft_credibility,baseline,soft_top_is_coalition,0,1.0,voter
3,truthful,soft_credibility,baseline,mean_skips,0,0.0,voter
3,truthful,soft_credibility,baseline,soft_skips,0,0.0,voter
3,truthful,soft_credibility,alibi_off,false_ejection_rate,0,0.0,outcome
3,truthful,soft_credibility,alibi_off,coalition_favorable_rate,0,0.89,outcome
3,truthful,soft_credibility,alibi_off,creator_ejection_rate,0,0.11,outcome
3,truthful,soft_credibility,alibi_off,creator_survival,0,0.89,outcome
3,truthful,soft_credibility,alibi_off,no_ejection_rate,0,0.89,outcome
3,truthful,soft_credibility,alibi_off,incident_rate,0,1.0,outcome
3,truthful,soft_credibility,catch_outside,false_ejection_rate,0,0.0,outcome
3,truthful,soft_credibility,catch_outside,coalition_favorable_rate,0,0.94,outcome
3,truthful,soft_credibility,catch_outside,creator_ejection_rate,0,0.06,outcome
3,truthful,soft_credibility,catch_outside,creator_survival,0,0.94,outcome
3,truthful,soft_credibility,catch_outside,no_ejection_rate,0,0.94,outcome
3,truthful,soft_credibility,catch_outside,incident_rate,0,1.0,outcome
3,truthful,sharp_credibility,baseline,false_ejection_rate,0,0.0,outcome
3,truthful,sharp_credibility,baseline,coalition_favorable_rate,0,0.94,outcome
3,truthful,sharp_credibility,baseline,creator_ejection_rate,0,0.06,outcome
3,truthful,sharp_credibility,baseline,creator_survival,0,0.94,outcome
3,truthful,sharp_credibility,baseline,no_ejection_rate,0,0.94,outcome
3,truthful,sharp_credibility,baseline,incident_rate,0,1.0,outcome
3,truthful,sharp_credibility,alibi_off,false_ejection_rate,0,0.0,outcome
3,truthful,sharp_credibility,alibi_off,coalition_favorable_rate,0,0.89,outcome
3,truthful,sharp_credibility,alibi_off,creator_ejection_rate,0,0.11,outcome
3,truthful,sharp_credibility,alibi_off,creator_survival,0,0.89,outcome
3,truthful,sharp_credibility,alibi_off,no_ejection_rate,0,0.89,outcome
3,truthful,sharp_credibility,alibi_off,incident_rate,0,1.0,outcome
3,truthful,sharp_credibility,catch_outside,false_ejection_rate,0,0.0,outcome
3,truthful,sharp_credibility,catch_outside,coalition_favorable_rate,0,0.94,outcome
3,truthful,sharp_credibility,catch_outside,creator_ejection_rate,0,0.06,outcome
3,truthful,sharp_credibility,catch_outside,creator_survival,0,0.94,outcome
3,truthful,sharp_credibility,catch_outside,no_ejection_rate,0,0.94,outcome
3,truthful,sharp_credibility,catch_outside,incident_rate,0,1.0,outcome
3,lone_liar,mean,baseline,false_ejection_rate,0,0.308,outcome
3,lone_liar,mean,baseline,coalition_favorable_rate,0,0.844,outcome
3,lone_liar,mean,baseline,creator_ejection_rate,0,0.148,outcome
3,lone_liar,mean,baseline,creator_survival,0,0.852,outcome
3,lone_liar,mean,baseline,no_ejection_rate,0,0.536,outcome
3,lone_liar,mean,baseline,incident_rate,0,1.0,outcome
3,lone_liar,mean,alibi_off,false_ejection_rate,0,0.344,outcome
3,lone_liar,mean,alibi_off,coalition_favorable_rate,0,0.97,outcome
3,lone_liar,mean,alibi_off,creator_ejection_rate,0,0.03,outcome
3,lone_liar,mean,alibi_off,creator_survival,0,0.97,outcome
3,lone_liar,mean,alibi_off,no_ejection_rate,0,0.626,outcome
3,lone_liar,mean,alibi_off,incident_rate,0,1.0,outcome
3,lone_liar,mean,catch_outside,false_ejection_rate,0,0.308,outcome
3,lone_liar,mean,catch_outside,coalition_favorable_rate,0,0.844,outcome
3,lone_liar,mean,catch_outside,creator_ejection_rate,0,0.148,outcome
3,lone_liar,mean,catch_outside,creator_survival,0,0.852,outcome
3,lone_liar,mean,catch_outside,no_ejection_rate,0,0.536,outcome
3,lone_liar,mean,catch_outside,incident_rate,0,1.0,outcome
3,lone_liar,soft_credibility,baseline,false_ejection_rate,0,0.17,outcome
3,lone_liar,soft_credibility,baseline,coalition_favorable_rate,0,0.844,outcome
3,lone_liar,soft_credibility,baseline,creator_ejection_rate,0,0.138,outcome
3,lone_liar,soft_credibility,baseline,creator_survival,0,0.862,outcome
3,lone_liar,soft_credibility,baseline,no_ejection_rate,0,0.674,outcome
3,lone_liar,soft_credibility,baseline,incident_rate,0,1.0,outcome
3,lone_liar,soft_credibility,baseline,n_speakers,0,4.0,voter
3,lone_liar,soft_credibility,baseline,coalition_share,0,0.5,voter
3,lone_liar,soft_credibility,baseline,coalition_weight_soft,0,0.42511414195355385,voter
3,lone_liar,soft_credibility,baseline,weight_minus_share,0,-0.07488585804644608,voter
3,lone_liar,soft_credibility,baseline,cred_coalition,0,1.627,voter
3,lone_liar,soft_credibility,baseline,cred_honest,0,2.982,voter
3,lone_liar,soft_credibility,baseline,uninformative_share,0,0.0,voter
3,lone_liar,soft_credibility,baseline,weight_on_uninformative,0,0.0,voter
3,lone_liar,soft_credibility,baseline,coalition_caught,0,0.45,voter
3,lone_liar,soft_credibility,baseline,argmax_differs,0,0.119,voter
3,lone_liar,soft_credibility,baseline,mean_top_is_coalition,0,0.896,voter
3,lone_liar,soft_credibility,baseline,soft_top_is_coalition,0,0.896,voter
3,lone_liar,soft_credibility,baseline,mean_skips,0,0.0,voter
3,lone_liar,soft_credibility,baseline,soft_skips,0,0.0,voter
3,lone_liar,soft_credibility,alibi_off,false_ejection_rate,0,0.206,outcome
3,lone_liar,soft_credibility,alibi_off,coalition_favorable_rate,0,0.97,outcome
3,lone_liar,soft_credibility,alibi_off,creator_ejection_rate,0,0.03,outcome
3,lone_liar,soft_credibility,alibi_off,creator_survival,0,0.97,outcome
3,lone_liar,soft_credibility,alibi_off,no_ejection_rate,0,0.764,outcome
3,lone_liar,soft_credibility,alibi_off,incident_rate,0,1.0,outcome
3,lone_liar,soft_credibility,catch_outside,false_ejection_rate,0,0.308,outcome
3,lone_liar,soft_credibility,catch_outside,coalition_favorable_rate,0,0.844,outcome
3,lone_liar,soft_credibility,catch_outside,creator_ejection_rate,0,0.148,outcome
3,lone_liar,soft_credibility,catch_outside,creator_survival,0,0.852,outcome
3,lone_liar,soft_credibility,catch_outside,no_ejection_rate,0,0.536,outcome
3,lone_liar,soft_credibility,catch_outside,incident_rate,0,1.0,outcome
3,lone_liar,sharp_credibility,baseline,false_ejection_rate,0,0.208,outcome
3,lone_liar,sharp_credibility,baseline,coalition_favorable_rate,0,0.85,outcome
3,lone_liar,sharp_credibility,baseline,creator_ejection_rate,0,0.128,outcome
3,lone_liar,sharp_credibility,baseline,creator_survival,0,0.872,outcome
3,lone_liar,sharp_credibility,baseline,no_ejection_rate,0,0.642,outcome
3,lone_liar,sharp_credibility,baseline,incident_rate,0,1.0,outcome
3,lone_liar,sharp_credibility,alibi_off,false_ejection_rate,0,0.228,outcome
3,lone_liar,sharp_credibility,alibi_off,coalition_favorable_rate,0,0.982,outcome
3,lone_liar,sharp_credibility,alibi_off,creator_ejection_rate,0,0.018,outcome
3,lone_liar,sharp_credibility,alibi_off,creator_survival,0,0.982,outcome
3,lone_liar,sharp_credibility,alibi_off,no_ejection_rate,0,0.754,outcome
3,lone_liar,sharp_credibility,alibi_off,incident_rate,0,1.0,outcome
3,lone_liar,sharp_credibility,catch_outside,false_ejection_rate,0,0.306,outcome
3,lone_liar,sharp_credibility,catch_outside,coalition_favorable_rate,0,0.844,outcome
3,lone_liar,sharp_credibility,catch_outside,creator_ejection_rate,0,0.148,outcome
3,lone_liar,sharp_credibility,catch_outside,creator_survival,0,0.852,outcome
3,lone_liar,sharp_credibility,catch_outside,no_ejection_rate,0,0.538,outcome
3,lone_liar,sharp_credibility,catch_outside,incident_rate,0,1.0,outcome
3,alibi,mean,baseline,false_ejection_rate,0,0.482,outcome
3,alibi,mean,baseline,coalition_favorable_rate,0,1.0,outcome
3,alibi,mean,baseline,creator_ejection_rate,0,0.0,outcome
3,alibi,mean,baseline,creator_survival,0,1.0,outcome
3,alibi,mean,baseline,no_ejection_rate,0,0.518,outcome
3,alibi,mean,baseline,incident_rate,0,1.0,outcome
3,alibi,mean,alibi_off,false_ejection_rate,0,0.358,outcome
3,alibi,mean,alibi_off,coalition_favorable_rate,0,1.0,outcome
3,alibi,mean,alibi_off,creator_ejection_rate,0,0.0,outcome
3,alibi,mean,alibi_off,creator_survival,0,1.0,outcome
3,alibi,mean,alibi_off,no_ejection_rate,0,0.642,outcome
3,alibi,mean,alibi_off,incident_rate,0,1.0,outcome
3,alibi,mean,catch_outside,false_ejection_rate,0,0.482,outcome
3,alibi,mean,catch_outside,coalition_favorable_rate,0,1.0,outcome
3,alibi,mean,catch_outside,creator_ejection_rate,0,0.0,outcome
3,alibi,mean,catch_outside,creator_survival,0,1.0,outcome
3,alibi,mean,catch_outside,no_ejection_rate,0,0.518,outcome
3,alibi,mean,catch_outside,incident_rate,0,1.0,outcome
3,alibi,soft_credibility,baseline,false_ejection_rate,0,0.49,outcome
3,alibi,soft_credibility,baseline,coalition_favorable_rate,0,1.0,outcome
3,alibi,soft_credibility,baseline,creator_ejection_rate,0,0.0,outcome
3,alibi,soft_credibility,baseline,creator_survival,0,1.0,outcome
3,alibi,soft_credibility,baseline,no_ejection_rate,0,0.51,outcome
3,alibi,soft_credibility,baseline,incident_rate,0,1.0,outcome
3,alibi,soft_credibility,baseline,n_speakers,0,4.0,voter
3,alibi,soft_credibility,baseline,coalition_share,0,0.5,voter
3,alibi,soft_credibility,baseline,coalition_weight_soft,0,0.26055285577233833,voter
3,alibi,soft_credibility,baseline,weight_minus_share,0,-0.23944714422766164,voter
3,alibi,soft_credibility,baseline,cred_coalition,0,0.124,voter
3,alibi,soft_credibility,baseline,cred_honest,0,2.954,voter
3,alibi,soft_credibility,baseline,uninformative_share,0,0.0,voter
3,alibi,soft_credibility,baseline,weight_on_uninformative,0,0.0,voter
3,alibi,soft_credibility,baseline,coalition_caught,0,0.558,voter
3,alibi,soft_credibility,baseline,argmax_differs,0,0.153,voter
3,alibi,soft_credibility,baseline,mean_top_is_coalition,0,0.705,voter
3,alibi,soft_credibility,baseline,soft_top_is_coalition,0,0.647,voter
3,alibi,soft_credibility,baseline,mean_skips,0,0.0,voter
3,alibi,soft_credibility,baseline,soft_skips,0,0.018,voter
3,alibi,soft_credibility,alibi_off,false_ejection_rate,0,0.342,outcome
3,alibi,soft_credibility,alibi_off,coalition_favorable_rate,0,1.0,outcome
3,alibi,soft_credibility,alibi_off,creator_ejection_rate,0,0.0,outcome
3,alibi,soft_credibility,alibi_off,creator_survival,0,1.0,outcome
3,alibi,soft_credibility,alibi_off,no_ejection_rate,0,0.658,outcome
3,alibi,soft_credibility,alibi_off,incident_rate,0,1.0,outcome
3,alibi,soft_credibility,catch_outside,false_ejection_rate,0,0.48,outcome
3,alibi,soft_credibility,catch_outside,coalition_favorable_rate,0,1.0,outcome
3,alibi,soft_credibility,catch_outside,creator_ejection_rate,0,0.0,outcome
3,alibi,soft_credibility,catch_outside,creator_survival,0,1.0,outcome
3,alibi,soft_credibility,catch_outside,no_ejection_rate,0,0.52,outcome
3,alibi,soft_credibility,catch_outside,incident_rate,0,1.0,outcome
3,alibi,sharp_credibility,baseline,false_ejection_rate,0,0.486,outcome
3,alibi,sharp_credibility,baseline,coalition_favorable_rate,0,1.0,outcome
3,alibi,sharp_credibility,baseline,creator_ejection_rate,0,0.0,outcome
3,alibi,sharp_credibility,baseline,creator_survival,0,1.0,outcome
3,alibi,sharp_credibility,baseline,no_ejection_rate,0,0.514,outcome
3,alibi,sharp_credibility,baseline,incident_rate,0,1.0,outcome
3,alibi,sharp_credibility,alibi_off,false_ejection_rate,0,0.41,outcome
3,alibi,sharp_credibility,alibi_off,coalition_favorable_rate,0,1.0,outcome
3,alibi,sharp_credibility,alibi_off,creator_ejection_rate,0,0.0,outcome
3,alibi,sharp_credibility,alibi_off,creator_survival,0,1.0,outcome
3,alibi,sharp_credibility,alibi_off,no_ejection_rate,0,0.59,outcome
3,alibi,sharp_credibility,alibi_off,incident_rate,0,1.0,outcome
3,alibi,sharp_credibility,catch_outside,false_ejection_rate,0,0.44,outcome
3,alibi,sharp_credibility,catch_outside,coalition_favorable_rate,0,1.0,outcome
3,alibi,sharp_credibility,catch_outside,creator_ejection_rate,0,0.0,outcome
3,alibi,sharp_credibility,catch_outside,creator_survival,0,1.0,outcome
3,alibi,sharp_credibility,catch_outside,no_ejection_rate,0,0.56,outcome
3,alibi,sharp_credibility,catch_outside,incident_rate,0,1.0,outcome
3,framer,mean,baseline,false_ejection_rate,0,0.558,outcome
3,framer,mean,baseline,coalition_favorable_rate,0,1.0,outcome
3,framer,mean,baseline,creator_ejection_rate,0,0.0,outcome
3,framer,mean,baseline,creator_survival,0,1.0,outcome
3,framer,mean,baseline,no_ejection_rate,0,0.442,outcome
3,framer,mean,baseline,incident_rate,0,1.0,outcome
3,framer,mean,alibi_off,false_ejection_rate,0,0.562,outcome
3,framer,mean,alibi_off,coalition_favorable_rate,0,1.0,outcome
3,framer,mean,alibi_off,creator_ejection_rate,0,0.0,outcome
3,framer,mean,alibi_off,creator_survival,0,1.0,outcome
3,framer,mean,alibi_off,no_ejection_rate,0,0.438,outcome
3,framer,mean,alibi_off,incident_rate,0,1.0,outcome
3,framer,mean,catch_outside,false_ejection_rate,0,0.558,outcome
3,framer,mean,catch_outside,coalition_favorable_rate,0,1.0,outcome
3,framer,mean,catch_outside,creator_ejection_rate,0,0.0,outcome
3,framer,mean,catch_outside,creator_survival,0,1.0,outcome
3,framer,mean,catch_outside,no_ejection_rate,0,0.442,outcome
3,framer,mean,catch_outside,incident_rate,0,1.0,outcome
3,framer,soft_credibility,baseline,false_ejection_rate,0,0.55,outcome
3,framer,soft_credibility,baseline,coalition_favorable_rate,0,1.0,outcome
3,framer,soft_credibility,baseline,creator_ejection_rate,0,0.0,outcome
3,framer,soft_credibility,baseline,creator_survival,0,1.0,outcome
3,framer,soft_credibility,baseline,no_ejection_rate,0,0.45,outcome
3,framer,soft_credibility,baseline,incident_rate,0,1.0,outcome
3,framer,soft_credibility,baseline,n_speakers,0,4.0,voter
3,framer,soft_credibility,baseline,coalition_share,0,0.5,voter
3,framer,soft_credibility,baseline,coalition_weight_soft,0,0.15195647483056854,voter
3,framer,soft_credibility,baseline,weight_minus_share,0,-0.3480435251694314,voter
3,framer,soft_credibility,baseline,cred_coalition,0,-1.528,voter
3,framer,soft_credibility,baseline,cred_honest,0,2.531,voter
3,framer,soft_credibility,baseline,uninformative_share,0,0.0,voter
3,framer,soft_credibility,baseline,weight_on_uninformative,0,0.0,voter
3,framer,soft_credibility,baseline,coalition_caught,0,0.781,voter
3,framer,soft_credibility,baseline,argmax_differs,0,0.004,voter
3,framer,soft_credibility,baseline,mean_top_is_coalition,0,0.721,voter
3,framer,soft_credibility,baseline,soft_top_is_coalition,0,0.725,voter
3,framer,soft_credibility,baseline,mean_skips,0,0.0,voter
3,framer,soft_credibility,baseline,soft_skips,0,0.0,voter
3,framer,soft_credibility,alibi_off,false_ejection_rate,0,0.552,outcome
3,framer,soft_credibility,alibi_off,coalition_favorable_rate,0,1.0,outcome
3,framer,soft_credibility,alibi_off,creator_ejection_rate,0,0.0,outcome
3,framer,soft_credibility,alibi_off,creator_survival,0,1.0,outcome
3,framer,soft_credibility,alibi_off,no_ejection_rate,0,0.448,outcome
3,framer,soft_credibility,alibi_off,incident_rate,0,1.0,outcome
3,framer,soft_credibility,catch_outside,false_ejection_rate,0,0.55,outcome
3,framer,soft_credibility,catch_outside,coalition_favorable_rate,0,1.0,outcome
3,framer,soft_credibility,catch_outside,creator_ejection_rate,0,0.0,outcome
3,framer,soft_credibility,catch_outside,creator_survival,0,1.0,outcome
3,framer,soft_credibility,catch_outside,no_ejection_rate,0,0.45,outcome
3,framer,soft_credibility,catch_outside,incident_rate,0,1.0,outcome
3,framer,sharp_credibility,baseline,false_ejection_rate,0,0.526,outcome
3,framer,sharp_credibility,baseline,coalition_favorable_rate,0,1.0,outcome
3,framer,sharp_credibility,baseline,creator_ejection_rate,0,0.0,outcome
3,framer,sharp_credibility,baseline,creator_survival,0,1.0,outcome
3,framer,sharp_credibility,baseline,no_ejection_rate,0,0.474,outcome
3,framer,sharp_credibility,baseline,incident_rate,0,1.0,outcome
3,framer,sharp_credibility,alibi_off,false_ejection_rate,0,0.534,outcome
3,framer,sharp_credibility,alibi_off,coalition_favorable_rate,0,1.0,outcome
3,framer,sharp_credibility,alibi_off,creator_ejection_rate,0,0.0,outcome
3,framer,sharp_credibility,alibi_off,creator_survival,0,1.0,outcome
3,framer,sharp_credibility,alibi_off,no_ejection_rate,0,0.466,outcome
3,framer,sharp_credibility,alibi_off,incident_rate,0,1.0,outcome
3,framer,sharp_credibility,catch_outside,false_ejection_rate,0,0.524,outcome
3,framer,sharp_credibility,catch_outside,coalition_favorable_rate,0,1.0,outcome
3,framer,sharp_credibility,catch_outside,creator_ejection_rate,0,0.0,outcome
3,framer,sharp_credibility,catch_outside,creator_survival,0,1.0,outcome
3,framer,sharp_credibility,catch_outside,no_ejection_rate,0,0.476,outcome
3,framer,sharp_credibility,catch_outside,incident_rate,0,1.0,outcome
3,truthful,mean,baseline,false_ejection_rate,1,0.0,outcome
3,truthful,mean,baseline,coalition_favorable_rate,1,0.93,outcome
3,truthful,mean,baseline,creator_ejection_rate,1,0.07,outcome
3,truthful,mean,baseline,creator_survival,1,0.93,outcome
3,truthful,mean,baseline,no_ejection_rate,1,0.93,outcome
3,truthful,mean,baseline,incident_rate,1,1.0,outcome
3,truthful,mean,alibi_off,false_ejection_rate,1,0.0,outcome
3,truthful,mean,alibi_off,coalition_favorable_rate,1,0.898,outcome
3,truthful,mean,alibi_off,creator_ejection_rate,1,0.102,outcome
3,truthful,mean,alibi_off,creator_survival,1,0.898,outcome
3,truthful,mean,alibi_off,no_ejection_rate,1,0.898,outcome
3,truthful,mean,alibi_off,incident_rate,1,1.0,outcome
3,truthful,mean,catch_outside,false_ejection_rate,1,0.0,outcome
3,truthful,mean,catch_outside,coalition_favorable_rate,1,0.93,outcome
3,truthful,mean,catch_outside,creator_ejection_rate,1,0.07,outcome
3,truthful,mean,catch_outside,creator_survival,1,0.93,outcome
3,truthful,mean,catch_outside,no_ejection_rate,1,0.93,outcome
3,truthful,mean,catch_outside,incident_rate,1,1.0,outcome
3,truthful,soft_credibility,baseline,false_ejection_rate,1,0.0,outcome
3,truthful,soft_credibility,baseline,coalition_favorable_rate,1,0.93,outcome
3,truthful,soft_credibility,baseline,creator_ejection_rate,1,0.07,outcome
3,truthful,soft_credibility,baseline,creator_survival,1,0.93,outcome
3,truthful,soft_credibility,baseline,no_ejection_rate,1,0.93,outcome
3,truthful,soft_credibility,baseline,incident_rate,1,1.0,outcome
3,truthful,soft_credibility,baseline,n_speakers,1,4.0,voter
3,truthful,soft_credibility,baseline,coalition_share,1,0.5,voter
3,truthful,soft_credibility,baseline,coalition_weight_soft,1,0.5,voter
3,truthful,soft_credibility,baseline,weight_minus_share,1,0.0,voter
3,truthful,soft_credibility,baseline,cred_coalition,1,3.0,voter
3,truthful,soft_credibility,baseline,cred_honest,1,3.0,voter
3,truthful,soft_credibility,baseline,uninformative_share,1,0.0,voter
3,truthful,soft_credibility,baseline,weight_on_uninformative,1,0.0,voter
3,truthful,soft_credibility,baseline,coalition_caught,1,0.0,voter
3,truthful,soft_credibility,baseline,argmax_differs,1,0.0,voter
3,truthful,soft_credibility,baseline,mean_top_is_coalition,1,1.0,voter
3,truthful,soft_credibility,baseline,soft_top_is_coalition,1,1.0,voter
3,truthful,soft_credibility,baseline,mean_skips,1,0.0,voter
3,truthful,soft_credibility,baseline,soft_skips,1,0.0,voter
3,truthful,soft_credibility,alibi_off,false_ejection_rate,1,0.0,outcome
3,truthful,soft_credibility,alibi_off,coalition_favorable_rate,1,0.898,outcome
3,truthful,soft_credibility,alibi_off,creator_ejection_rate,1,0.102,outcome
3,truthful,soft_credibility,alibi_off,creator_survival,1,0.898,outcome
3,truthful,soft_credibility,alibi_off,no_ejection_rate,1,0.898,outcome
3,truthful,soft_credibility,alibi_off,incident_rate,1,1.0,outcome
3,truthful,soft_credibility,catch_outside,false_ejection_rate,1,0.0,outcome
3,truthful,soft_credibility,catch_outside,coalition_favorable_rate,1,0.93,outcome
3,truthful,soft_credibility,catch_outside,creator_ejection_rate,1,0.07,outcome
3,truthful,soft_credibility,catch_outside,creator_survival,1,0.93,outcome
3,truthful,soft_credibility,catch_outside,no_ejection_rate,1,0.93,outcome
3,truthful,soft_credibility,catch_outside,incident_rate,1,1.0,outcome
3,truthful,sharp_credibility,baseline,false_ejection_rate,1,0.0,outcome
3,truthful,sharp_credibility,baseline,coalition_favorable_rate,1,0.93,outcome
3,truthful,sharp_credibility,baseline,creator_ejection_rate,1,0.07,outcome
3,truthful,sharp_credibility,baseline,creator_survival,1,0.93,outcome
3,truthful,sharp_credibility,baseline,no_ejection_rate,1,0.93,outcome
3,truthful,sharp_credibility,baseline,incident_rate,1,1.0,outcome
3,truthful,sharp_credibility,alibi_off,false_ejection_rate,1,0.0,outcome
3,truthful,sharp_credibility,alibi_off,coalition_favorable_rate,1,0.898,outcome
3,truthful,sharp_credibility,alibi_off,creator_ejection_rate,1,0.102,outcome
3,truthful,sharp_credibility,alibi_off,creator_survival,1,0.898,outcome
3,truthful,sharp_credibility,alibi_off,no_ejection_rate,1,0.898,outcome
3,truthful,sharp_credibility,alibi_off,incident_rate,1,1.0,outcome
3,truthful,sharp_credibility,catch_outside,false_ejection_rate,1,0.0,outcome
3,truthful,sharp_credibility,catch_outside,coalition_favorable_rate,1,0.93,outcome
3,truthful,sharp_credibility,catch_outside,creator_ejection_rate,1,0.07,outcome
3,truthful,sharp_credibility,catch_outside,creator_survival,1,0.93,outcome
3,truthful,sharp_credibility,catch_outside,no_ejection_rate,1,0.93,outcome
3,truthful,sharp_credibility,catch_outside,incident_rate,1,1.0,outcome
3,lone_liar,mean,baseline,false_ejection_rate,1,0.32,outcome
3,lone_liar,mean,baseline,coalition_favorable_rate,1,0.826,outcome
3,lone_liar,mean,baseline,creator_ejection_rate,1,0.172,outcome
3,lone_liar,mean,baseline,creator_survival,1,0.828,outcome
3,lone_liar,mean,baseline,no_ejection_rate,1,0.506,outcome
3,lone_liar,mean,baseline,incident_rate,1,1.0,outcome
3,lone_liar,mean,alibi_off,false_ejection_rate,1,0.37,outcome
3,lone_liar,mean,alibi_off,coalition_favorable_rate,1,0.972,outcome
3,lone_liar,mean,alibi_off,creator_ejection_rate,1,0.028,outcome
3,lone_liar,mean,alibi_off,creator_survival,1,0.972,outcome
3,lone_liar,mean,alibi_off,no_ejection_rate,1,0.602,outcome
3,lone_liar,mean,alibi_off,incident_rate,1,1.0,outcome
3,lone_liar,mean,catch_outside,false_ejection_rate,1,0.32,outcome
3,lone_liar,mean,catch_outside,coalition_favorable_rate,1,0.826,outcome
3,lone_liar,mean,catch_outside,creator_ejection_rate,1,0.172,outcome
3,lone_liar,mean,catch_outside,creator_survival,1,0.828,outcome
3,lone_liar,mean,catch_outside,no_ejection_rate,1,0.506,outcome
3,lone_liar,mean,catch_outside,incident_rate,1,1.0,outcome
3,lone_liar,soft_credibility,baseline,false_ejection_rate,1,0.208,outcome
3,lone_liar,soft_credibility,baseline,coalition_favorable_rate,1,0.826,outcome
3,lone_liar,soft_credibility,baseline,creator_ejection_rate,1,0.17,outcome
3,lone_liar,soft_credibility,baseline,creator_survival,1,0.83,outcome
3,lone_liar,soft_credibility,baseline,no_ejection_rate,1,0.618,outcome
3,lone_liar,soft_credibility,baseline,incident_rate,1,1.0,outcome
3,lone_liar,soft_credibility,baseline,n_speakers,1,4.0,voter
3,lone_liar,soft_credibility,baseline,coalition_share,1,0.5,voter
3,lone_liar,soft_credibility,baseline,coalition_weight_soft,1,0.4207155648010985,voter
3,lone_liar,soft_credibility,baseline,weight_minus_share,1,-0.07928443519890152,voter
3,lone_liar,soft_credibility,baseline,cred_coalition,1,1.5485,voter
3,lone_liar,soft_credibility,baseline,cred_honest,1,2.983,voter
3,lone_liar,soft_credibility,baseline,uninformative_share,1,0.0,voter
3,lone_liar,soft_credibility,baseline,weight_on_uninformative,1,0.0,voter
3,lone_liar,soft_credibility,baseline,coalition_caught,1,0.477,voter
3,lone_liar,soft_credibility,baseline,argmax_differs,1,0.118,voter
3,lone_liar,soft_credibility,baseline,mean_top_is_coalition,1,0.878,voter
3,lone_liar,soft_credibility,baseline,soft_top_is_coalition,1,0.878,voter
3,lone_liar,soft_credibility,baseline,mean_skips,1,0.0,voter
3,lone_liar,soft_credibility,baseline,soft_skips,1,0.0,voter
3,lone_liar,soft_credibility,alibi_off,false_ejection_rate,1,0.258,outcome
3,lone_liar,soft_credibility,alibi_off,coalition_favorable_rate,1,0.972,outcome
3,lone_liar,soft_credibility,alibi_off,creator_ejection_rate,1,0.028,outcome
3,lone_liar,soft_credibility,alibi_off,creator_survival,1,0.972,outcome
3,lone_liar,soft_credibility,alibi_off,no_ejection_rate,1,0.714,outcome
3,lone_liar,soft_credibility,alibi_off,incident_rate,1,1.0,outcome
3,lone_liar,soft_credibility,catch_outside,false_ejection_rate,1,0.32,outcome
3,lone_liar,soft_credibility,catch_outside,coalition_favorable_rate,1,0.826,outcome
3,lone_liar,soft_credibility,catch_outside,creator_ejection_rate,1,0.172,outcome
3,lone_liar,soft_credibility,catch_outside,creator_survival,1,0.828,outcome
3,lone_liar,soft_credibility,catch_outside,no_ejection_rate,1,0.506,outcome
3,lone_liar,soft_credibility,catch_outside,incident_rate,1,1.0,outcome
3,lone_liar,sharp_credibility,baseline,false_ejection_rate,1,0.238,outcome
3,lone_liar,sharp_credibility,baseline,coalition_favorable_rate,1,0.842,outcome
3,lone_liar,sharp_credibility,baseline,creator_ejection_rate,1,0.148,outcome
3,lone_liar,sharp_credibility,baseline,creator_survival,1,0.852,outcome
3,lone_liar,sharp_credibility,baseline,no_ejection_rate,1,0.604,outcome
3,lone_liar,sharp_credibility,baseline,incident_rate,1,1.0,outcome
3,lone_liar,sharp_credibility,alibi_off,false_ejection_rate,1,0.26,outcome
3,lone_liar,sharp_credibility,alibi_off,coalition_favorable_rate,1,0.976,outcome
3,lone_liar,sharp_credibility,alibi_off,creator_ejection_rate,1,0.024,outcome
3,lone_liar,sharp_credibility,alibi_off,creator_survival,1,0.976,outcome
3,lone_liar,sharp_credibility,alibi_off,no_ejection_rate,1,0.716,outcome
3,lone_liar,sharp_credibility,alibi_off,incident_rate,1,1.0,outcome
3,lone_liar,sharp_credibility,catch_outside,false_ejection_rate,1,0.314,outcome
3,lone_liar,sharp_credibility,catch_outside,coalition_favorable_rate,1,0.824,outcome
3,lone_liar,sharp_credibility,catch_outside,creator_ejection_rate,1,0.174,outcome
3,lone_liar,sharp_credibility,catch_outside,creator_survival,1,0.826,outcome
3,lone_liar,sharp_credibility,catch_outside,no_ejection_rate,1,0.51,outcome
3,lone_liar,sharp_credibility,catch_outside,incident_rate,1,1.0,outcome
3,alibi,mean,baseline,false_ejection_rate,1,0.532,outcome
3,alibi,mean,baseline,coalition_favorable_rate,1,1.0,outcome
3,alibi,mean,baseline,creator_ejection_rate,1,0.0,outcome
3,alibi,mean,baseline,creator_survival,1,1.0,outcome
3,alibi,mean,baseline,no_ejection_rate,1,0.468,outcome
3,alibi,mean,baseline,incident_rate,1,1.0,outcome
3,alibi,mean,alibi_off,false_ejection_rate,1,0.406,outcome
3,alibi,mean,alibi_off,coalition_favorable_rate,1,1.0,outcome
3,alibi,mean,alibi_off,creator_ejection_rate,1,0.0,outcome
3,alibi,mean,alibi_off,creator_survival,1,1.0,outcome
3,alibi,mean,alibi_off,no_ejection_rate,1,0.594,outcome
3,alibi,mean,alibi_off,incident_rate,1,1.0,outcome
3,alibi,mean,catch_outside,false_ejection_rate,1,0.532,outcome
3,alibi,mean,catch_outside,coalition_favorable_rate,1,1.0,outcome
3,alibi,mean,catch_outside,creator_ejection_rate,1,0.0,outcome
3,alibi,mean,catch_outside,creator_survival,1,1.0,outcome
3,alibi,mean,catch_outside,no_ejection_rate,1,0.468,outcome
3,alibi,mean,catch_outside,incident_rate,1,1.0,outcome
3,alibi,soft_credibility,baseline,false_ejection_rate,1,0.532,outcome
3,alibi,soft_credibility,baseline,coalition_favorable_rate,1,1.0,outcome
3,alibi,soft_credibility,baseline,creator_ejection_rate,1,0.0,outcome
3,alibi,soft_credibility,baseline,creator_survival,1,1.0,outcome
3,alibi,soft_credibility,baseline,no_ejection_rate,1,0.468,outcome
3,alibi,soft_credibility,baseline,incident_rate,1,1.0,outcome
3,alibi,soft_credibility,baseline,n_speakers,1,4.0,voter
3,alibi,soft_credibility,baseline,coalition_share,1,0.5,voter
3,alibi,soft_credibility,baseline,coalition_weight_soft,1,0.2574105467083734,voter
3,alibi,soft_credibility,baseline,weight_minus_share,1,-0.24258945329162665,voter
3,alibi,soft_credibility,baseline,cred_coalition,1,0.0935,voter
3,alibi,soft_credibility,baseline,cred_honest,1,2.962,voter
3,alibi,soft_credibility,baseline,uninformative_share,1,0.0,voter
3,alibi,soft_credibility,baseline,weight_on_uninformative,1,0.0,voter
3,alibi,soft_credibility,baseline,coalition_caught,1,0.571,voter
3,alibi,soft_credibility,baseline,argmax_differs,1,0.178,voter
3,alibi,soft_credibility,baseline,mean_top_is_coalition,1,0.687,voter
3,alibi,soft_credibility,baseline,soft_top_is_coalition,1,0.619,voter
3,alibi,soft_credibility,baseline,mean_skips,1,0.0,voter
3,alibi,soft_credibility,baseline,soft_skips,1,0.015,voter
3,alibi,soft_credibility,alibi_off,false_ejection_rate,1,0.374,outcome
3,alibi,soft_credibility,alibi_off,coalition_favorable_rate,1,1.0,outcome
3,alibi,soft_credibility,alibi_off,creator_ejection_rate,1,0.0,outcome
3,alibi,soft_credibility,alibi_off,creator_survival,1,1.0,outcome
3,alibi,soft_credibility,alibi_off,no_ejection_rate,1,0.626,outcome
3,alibi,soft_credibility,alibi_off,incident_rate,1,1.0,outcome
3,alibi,soft_credibility,catch_outside,false_ejection_rate,1,0.516,outcome
3,alibi,soft_credibility,catch_outside,coalition_favorable_rate,1,1.0,outcome
3,alibi,soft_credibility,catch_outside,creator_ejection_rate,1,0.0,outcome
3,alibi,soft_credibility,catch_outside,creator_survival,1,1.0,outcome
3,alibi,soft_credibility,catch_outside,no_ejection_rate,1,0.484,outcome
3,alibi,soft_credibility,catch_outside,incident_rate,1,1.0,outcome
3,alibi,sharp_credibility,baseline,false_ejection_rate,1,0.514,outcome
3,alibi,sharp_credibility,baseline,coalition_favorable_rate,1,1.0,outcome
3,alibi,sharp_credibility,baseline,creator_ejection_rate,1,0.0,outcome
3,alibi,sharp_credibility,baseline,creator_survival,1,1.0,outcome
3,alibi,sharp_credibility,baseline,no_ejection_rate,1,0.486,outcome
3,alibi,sharp_credibility,baseline,incident_rate,1,1.0,outcome
3,alibi,sharp_credibility,alibi_off,false_ejection_rate,1,0.432,outcome
3,alibi,sharp_credibility,alibi_off,coalition_favorable_rate,1,1.0,outcome
3,alibi,sharp_credibility,alibi_off,creator_ejection_rate,1,0.0,outcome
3,alibi,sharp_credibility,alibi_off,creator_survival,1,1.0,outcome
3,alibi,sharp_credibility,alibi_off,no_ejection_rate,1,0.568,outcome
3,alibi,sharp_credibility,alibi_off,incident_rate,1,1.0,outcome
3,alibi,sharp_credibility,catch_outside,false_ejection_rate,1,0.462,outcome
3,alibi,sharp_credibility,catch_outside,coalition_favorable_rate,1,1.0,outcome
3,alibi,sharp_credibility,catch_outside,creator_ejection_rate,1,0.0,outcome
3,alibi,sharp_credibility,catch_outside,creator_survival,1,1.0,outcome
3,alibi,sharp_credibility,catch_outside,no_ejection_rate,1,0.538,outcome
3,alibi,sharp_credibility,catch_outside,incident_rate,1,1.0,outcome
3,framer,mean,baseline,false_ejection_rate,1,0.542,outcome
3,framer,mean,baseline,coalition_favorable_rate,1,1.0,outcome
3,framer,mean,baseline,creator_ejection_rate,1,0.0,outcome
3,framer,mean,baseline,creator_survival,1,1.0,outcome
3,framer,mean,baseline,no_ejection_rate,1,0.458,outcome
3,framer,mean,baseline,incident_rate,1,1.0,outcome
3,framer,mean,alibi_off,false_ejection_rate,1,0.542,outcome
3,framer,mean,alibi_off,coalition_favorable_rate,1,1.0,outcome
3,framer,mean,alibi_off,creator_ejection_rate,1,0.0,outcome
3,framer,mean,alibi_off,creator_survival,1,1.0,outcome
3,framer,mean,alibi_off,no_ejection_rate,1,0.458,outcome
3,framer,mean,alibi_off,incident_rate,1,1.0,outcome
3,framer,mean,catch_outside,false_ejection_rate,1,0.542,outcome
3,framer,mean,catch_outside,coalition_favorable_rate,1,1.0,outcome
3,framer,mean,catch_outside,creator_ejection_rate,1,0.0,outcome
3,framer,mean,catch_outside,creator_survival,1,1.0,outcome
3,framer,mean,catch_outside,no_ejection_rate,1,0.458,outcome
3,framer,mean,catch_outside,incident_rate,1,1.0,outcome
3,framer,soft_credibility,baseline,false_ejection_rate,1,0.536,outcome
3,framer,soft_credibility,baseline,coalition_favorable_rate,1,1.0,outcome
3,framer,soft_credibility,baseline,creator_ejection_rate,1,0.0,outcome
3,framer,soft_credibility,baseline,creator_survival,1,1.0,outcome
3,framer,soft_credibility,baseline,no_ejection_rate,1,0.464,outcome
3,framer,soft_credibility,baseline,incident_rate,1,1.0,outcome
3,framer,soft_credibility,baseline,n_speakers,1,4.0,voter
3,framer,soft_credibility,baseline,coalition_share,1,0.5,voter
3,framer,soft_credibility,baseline,coalition_weight_soft,1,0.14818257760095432,voter
3,framer,soft_credibility,baseline,weight_minus_share,1,-0.3518174223990457,voter
3,framer,soft_credibility,baseline,cred_coalition,1,-1.537,voter
3,framer,soft_credibility,baseline,cred_honest,1,2.597,voter
3,framer,soft_credibility,baseline,uninformative_share,1,0.0,voter
3,framer,soft_credibility,baseline,weight_on_uninformative,1,0.0,voter
3,framer,soft_credibility,baseline,coalition_caught,1,0.773,voter
3,framer,soft_credibility,baseline,argmax_differs,1,0.002,voter
3,framer,soft_credibility,baseline,mean_top_is_coalition,1,0.73,voter
3,framer,soft_credibility,baseline,soft_top_is_coalition,1,0.732,voter
3,framer,soft_credibility,baseline,mean_skips,1,0.0,voter
3,framer,soft_credibility,baseline,soft_skips,1,0.0,voter
3,framer,soft_credibility,alibi_off,false_ejection_rate,1,0.538,outcome
3,framer,soft_credibility,alibi_off,coalition_favorable_rate,1,1.0,outcome
3,framer,soft_credibility,alibi_off,creator_ejection_rate,1,0.0,outcome
3,framer,soft_credibility,alibi_off,creator_survival,1,1.0,outcome
3,framer,soft_credibility,alibi_off,no_ejection_rate,1,0.462,outcome
3,framer,soft_credibility,alibi_off,incident_rate,1,1.0,outcome
3,framer,soft_credibility,catch_outside,false_ejection_rate,1,0.536,outcome
3,framer,soft_credibility,catch_outside,coalition_favorable_rate,1,1.0,outcome
3,framer,soft_credibility,catch_outside,creator_ejection_rate,1,0.0,outcome
3,framer,soft_credibility,catch_outside,creator_survival,1,1.0,outcome
3,framer,soft_credibility,catch_outside,no_ejection_rate,1,0.464,outcome
3,framer,soft_credibility,catch_outside,incident_rate,1,1.0,outcome
3,framer,sharp_credibility,baseline,false_ejection_rate,1,0.52,outcome
3,framer,sharp_credibility,baseline,coalition_favorable_rate,1,1.0,outcome
3,framer,sharp_credibility,baseline,creator_ejection_rate,1,0.0,outcome
3,framer,sharp_credibility,baseline,creator_survival,1,1.0,outcome
3,framer,sharp_credibility,baseline,no_ejection_rate,1,0.48,outcome
3,framer,sharp_credibility,baseline,incident_rate,1,1.0,outcome
3,framer,sharp_credibility,alibi_off,false_ejection_rate,1,0.526,outcome
3,framer,sharp_credibility,alibi_off,coalition_favorable_rate,1,1.0,outcome
3,framer,sharp_credibility,alibi_off,creator_ejection_rate,1,0.0,outcome
3,framer,sharp_credibility,alibi_off,creator_survival,1,1.0,outcome
3,framer,sharp_credibility,alibi_off,no_ejection_rate,1,0.474,outcome
3,framer,sharp_credibility,alibi_off,incident_rate,1,1.0,outcome
3,framer,sharp_credibility,catch_outside,false_ejection_rate,1,0.52,outcome
3,framer,sharp_credibility,catch_outside,coalition_favorable_rate,1,1.0,outcome
3,framer,sharp_credibility,catch_outside,creator_ejection_rate,1,0.0,outcome
3,framer,sharp_credibility,catch_outside,creator_survival,1,1.0,outcome
3,framer,sharp_credibility,catch_outside,no_ejection_rate,1,0.48,outcome
3,framer,sharp_credibility,catch_outside,incident_rate,1,1.0,outcome
3,truthful,mean,baseline,false_ejection_rate,2,0.0,outcome
3,truthful,mean,baseline,coalition_favorable_rate,2,0.946,outcome
3,truthful,mean,baseline,creator_ejection_rate,2,0.054,outcome
3,truthful,mean,baseline,creator_survival,2,0.946,outcome
3,truthful,mean,baseline,no_ejection_rate,2,0.946,outcome
3,truthful,mean,baseline,incident_rate,2,1.0,outcome
3,truthful,mean,alibi_off,false_ejection_rate,2,0.0,outcome
3,truthful,mean,alibi_off,coalition_favorable_rate,2,0.912,outcome
3,truthful,mean,alibi_off,creator_ejection_rate,2,0.088,outcome
3,truthful,mean,alibi_off,creator_survival,2,0.912,outcome
3,truthful,mean,alibi_off,no_ejection_rate,2,0.912,outcome
3,truthful,mean,alibi_off,incident_rate,2,1.0,outcome
3,truthful,mean,catch_outside,false_ejection_rate,2,0.0,outcome
3,truthful,mean,catch_outside,coalition_favorable_rate,2,0.946,outcome
3,truthful,mean,catch_outside,creator_ejection_rate,2,0.054,outcome
3,truthful,mean,catch_outside,creator_survival,2,0.946,outcome
3,truthful,mean,catch_outside,no_ejection_rate,2,0.946,outcome
3,truthful,mean,catch_outside,incident_rate,2,1.0,outcome
3,truthful,soft_credibility,baseline,false_ejection_rate,2,0.0,outcome
3,truthful,soft_credibility,baseline,coalition_favorable_rate,2,0.946,outcome
3,truthful,soft_credibility,baseline,creator_ejection_rate,2,0.054,outcome
3,truthful,soft_credibility,baseline,creator_survival,2,0.946,outcome
3,truthful,soft_credibility,baseline,no_ejection_rate,2,0.946,outcome
3,truthful,soft_credibility,baseline,incident_rate,2,1.0,outcome
3,truthful,soft_credibility,baseline,n_speakers,2,4.0,voter
3,truthful,soft_credibility,baseline,coalition_share,2,0.5,voter
3,truthful,soft_credibility,baseline,coalition_weight_soft,2,0.5,voter
3,truthful,soft_credibility,baseline,weight_minus_share,2,0.0,voter
3,truthful,soft_credibility,baseline,cred_coalition,2,3.0,voter
3,truthful,soft_credibility,baseline,cred_honest,2,3.0,voter
3,truthful,soft_credibility,baseline,uninformative_share,2,0.0,voter
3,truthful,soft_credibility,baseline,weight_on_uninformative,2,0.0,voter
3,truthful,soft_credibility,baseline,coalition_caught,2,0.0,voter
3,truthful,soft_credibility,baseline,argmax_differs,2,0.0,voter
3,truthful,soft_credibility,baseline,mean_top_is_coalition,2,1.0,voter
3,truthful,soft_credibility,baseline,soft_top_is_coalition,2,1.0,voter
3,truthful,soft_credibility,baseline,mean_skips,2,0.0,voter
3,truthful,soft_credibility,baseline,soft_skips,2,0.0,voter
3,truthful,soft_credibility,alibi_off,false_ejection_rate,2,0.0,outcome
3,truthful,soft_credibility,alibi_off,coalition_favorable_rate,2,0.912,outcome
3,truthful,soft_credibility,alibi_off,creator_ejection_rate,2,0.088,outcome
3,truthful,soft_credibility,alibi_off,creator_survival,2,0.912,outcome
3,truthful,soft_credibility,alibi_off,no_ejection_rate,2,0.912,outcome
3,truthful,soft_credibility,alibi_off,incident_rate,2,1.0,outcome
3,truthful,soft_credibility,catch_outside,false_ejection_rate,2,0.0,outcome
3,truthful,soft_credibility,catch_outside,coalition_favorable_rate,2,0.946,outcome
3,truthful,soft_credibility,catch_outside,creator_ejection_rate,2,0.054,outcome
3,truthful,soft_credibility,catch_outside,creator_survival,2,0.946,outcome
3,truthful,soft_credibility,catch_outside,no_ejection_rate,2,0.946,outcome
3,truthful,soft_credibility,catch_outside,incident_rate,2,1.0,outcome
3,truthful,sharp_credibility,baseline,false_ejection_rate,2,0.0,outcome
3,truthful,sharp_credibility,baseline,coalition_favorable_rate,2,0.946,outcome
3,truthful,sharp_credibility,baseline,creator_ejection_rate,2,0.054,outcome
3,truthful,sharp_credibility,baseline,creator_survival,2,0.946,outcome
3,truthful,sharp_credibility,baseline,no_ejection_rate,2,0.946,outcome
3,truthful,sharp_credibility,baseline,incident_rate,2,1.0,outcome
3,truthful,sharp_credibility,alibi_off,false_ejection_rate,2,0.0,outcome
3,truthful,sharp_credibility,alibi_off,coalition_favorable_rate,2,0.912,outcome
3,truthful,sharp_credibility,alibi_off,creator_ejection_rate,2,0.088,outcome
3,truthful,sharp_credibility,alibi_off,creator_survival,2,0.912,outcome
3,truthful,sharp_credibility,alibi_off,no_ejection_rate,2,0.912,outcome
3,truthful,sharp_credibility,alibi_off,incident_rate,2,1.0,outcome
3,truthful,sharp_credibility,catch_outside,false_ejection_rate,2,0.0,outcome
3,truthful,sharp_credibility,catch_outside,coalition_favorable_rate,2,0.946,outcome
3,truthful,sharp_credibility,catch_outside,creator_ejection_rate,2,0.054,outcome
3,truthful,sharp_credibility,catch_outside,creator_survival,2,0.946,outcome
3,truthful,sharp_credibility,catch_outside,no_ejection_rate,2,0.946,outcome
3,truthful,sharp_credibility,catch_outside,incident_rate,2,1.0,outcome
3,lone_liar,mean,baseline,false_ejection_rate,2,0.354,outcome
3,lone_liar,mean,baseline,coalition_favorable_rate,2,0.826,outcome
3,lone_liar,mean,baseline,creator_ejection_rate,2,0.17,outcome
3,lone_liar,mean,baseline,creator_survival,2,0.83,outcome
3,lone_liar,mean,baseline,no_ejection_rate,2,0.472,outcome
3,lone_liar,mean,baseline,incident_rate,2,1.0,outcome
3,lone_liar,mean,alibi_off,false_ejection_rate,2,0.38,outcome
3,lone_liar,mean,alibi_off,coalition_favorable_rate,2,0.966,outcome
3,lone_liar,mean,alibi_off,creator_ejection_rate,2,0.034,outcome
3,lone_liar,mean,alibi_off,creator_survival,2,0.966,outcome
3,lone_liar,mean,alibi_off,no_ejection_rate,2,0.586,outcome
3,lone_liar,mean,alibi_off,incident_rate,2,1.0,outcome
3,lone_liar,mean,catch_outside,false_ejection_rate,2,0.354,outcome
3,lone_liar,mean,catch_outside,coalition_favorable_rate,2,0.826,outcome
3,lone_liar,mean,catch_outside,creator_ejection_rate,2,0.17,outcome
3,lone_liar,mean,catch_outside,creator_survival,2,0.83,outcome
3,lone_liar,mean,catch_outside,no_ejection_rate,2,0.472,outcome
3,lone_liar,mean,catch_outside,incident_rate,2,1.0,outcome
3,lone_liar,soft_credibility,baseline,false_ejection_rate,2,0.196,outcome
3,lone_liar,soft_credibility,baseline,coalition_favorable_rate,2,0.826,outcome
3,lone_liar,soft_credibility,baseline,creator_ejection_rate,2,0.156,outcome
3,lone_liar,soft_credibility,baseline,creator_survival,2,0.844,outcome
3,lone_liar,soft_credibility,baseline,no_ejection_rate,2,0.63,outcome
3,lone_liar,soft_credibility,baseline,incident_rate,2,1.0,outcome
3,lone_liar,soft_credibility,baseline,n_speakers,2,4.0,voter
3,lone_liar,soft_credibility,baseline,coalition_share,2,0.5,voter
3,lone_liar,soft_credibility,baseline,coalition_weight_soft,2,0.4224957932889257,voter
3,lone_liar,soft_credibility,baseline,weight_minus_share,2,-0.0775042067110742,voter
3,lone_liar,soft_credibility,baseline,cred_coalition,2,1.574,voter
3,lone_liar,soft_credibility,baseline,cred_honest,2,2.979,voter
3,lone_liar,soft_credibility,baseline,uninformative_share,2,0.0,voter
3,lone_liar,soft_credibility,baseline,weight_on_uninformative,2,0.0,voter
3,lone_liar,soft_credibility,baseline,coalition_caught,2,0.467,voter
3,lone_liar,soft_credibility,baseline,argmax_differs,2,0.131,voter
3,lone_liar,soft_credibility,baseline,mean_top_is_coalition,2,0.883,voter
3,lone_liar,soft_credibility,baseline,soft_top_is_coalition,2,0.883,voter
3,lone_liar,soft_credibility,baseline,mean_skips,2,0.0,voter
3,lone_liar,soft_credibility,baseline,soft_skips,2,0.0,voter
3,lone_liar,soft_credibility,alibi_off,false_ejection_rate,2,0.222,outcome
3,lone_liar,soft_credibility,alibi_off,coalition_favorable_rate,2,0.966,outcome
3,lone_liar,soft_credibility,alibi_off,creator_ejection_rate,2,0.034,outcome
3,lone_liar,soft_credibility,alibi_off,creator_survival,2,0.966,outcome
3,lone_liar,soft_credibility,alibi_off,no_ejection_rate,2,0.744,outcome
3,lone_liar,soft_credibility,alibi_off,incident_rate,2,1.0,outcome
3,lone_liar,soft_credibility,catch_outside,false_ejection_rate,2,0.35,outcome
3,lone_liar,soft_credibility,catch_outside,coalition_favorable_rate,2,0.826,outcome
3,lone_liar,soft_credibility,catch_outside,creator_ejection_rate,2,0.17,outcome
3,lone_liar,soft_credibility,catch_outside,creator_survival,2,0.83,outcome
3,lone_liar,soft_credibility,catch_outside,no_ejection_rate,2,0.476,outcome
3,lone_liar,soft_credibility,catch_outside,incident_rate,2,1.0,outcome
3,lone_liar,sharp_credibility,baseline,false_ejection_rate,2,0.218,outcome
3,lone_liar,sharp_credibility,baseline,coalition_favorable_rate,2,0.832,outcome
3,lone_liar,sharp_credibility,baseline,creator_ejection_rate,2,0.142,outcome
3,lone_liar,sharp_credibility,baseline,creator_survival,2,0.858,outcome
3,lone_liar,sharp_credibility,baseline,no_ejection_rate,2,0.614,outcome
3,lone_liar,sharp_credibility,baseline,incident_rate,2,1.0,outcome
3,lone_liar,sharp_credibility,alibi_off,false_ejection_rate,2,0.232,outcome
3,lone_liar,sharp_credibility,alibi_off,coalition_favorable_rate,2,0.974,outcome
3,lone_liar,sharp_credibility,alibi_off,creator_ejection_rate,2,0.026,outcome
3,lone_liar,sharp_credibility,alibi_off,creator_survival,2,0.974,outcome
3,lone_liar,sharp_credibility,alibi_off,no_ejection_rate,2,0.742,outcome
3,lone_liar,sharp_credibility,alibi_off,incident_rate,2,1.0,outcome
3,lone_liar,sharp_credibility,catch_outside,false_ejection_rate,2,0.344,outcome
3,lone_liar,sharp_credibility,catch_outside,coalition_favorable_rate,2,0.826,outcome
3,lone_liar,sharp_credibility,catch_outside,creator_ejection_rate,2,0.17,outcome
3,lone_liar,sharp_credibility,catch_outside,creator_survival,2,0.83,outcome
3,lone_liar,sharp_credibility,catch_outside,no_ejection_rate,2,0.482,outcome
3,lone_liar,sharp_credibility,catch_outside,incident_rate,2,1.0,outcome
3,alibi,mean,baseline,false_ejection_rate,2,0.57,outcome
3,alibi,mean,baseline,coalition_favorable_rate,2,1.0,outcome
3,alibi,mean,baseline,creator_ejection_rate,2,0.0,outcome
3,alibi,mean,baseline,creator_survival,2,1.0,outcome
3,alibi,mean,baseline,no_ejection_rate,2,0.43,outcome
3,alibi,mean,baseline,incident_rate,2,1.0,outcome
3,alibi,mean,alibi_off,false_ejection_rate,2,0.438,outcome
3,alibi,mean,alibi_off,coalition_favorable_rate,2,1.0,outcome
3,alibi,mean,alibi_off,creator_ejection_rate,2,0.0,outcome
3,alibi,mean,alibi_off,creator_survival,2,1.0,outcome
3,alibi,mean,alibi_off,no_ejection_rate,2,0.562,outcome
3,alibi,mean,alibi_off,incident_rate,2,1.0,outcome
3,alibi,mean,catch_outside,false_ejection_rate,2,0.57,outcome
3,alibi,mean,catch_outside,coalition_favorable_rate,2,1.0,outcome
3,alibi,mean,catch_outside,creator_ejection_rate,2,0.0,outcome
3,alibi,mean,catch_outside,creator_survival,2,1.0,outcome
3,alibi,mean,catch_outside,no_ejection_rate,2,0.43,outcome
3,alibi,mean,catch_outside,incident_rate,2,1.0,outcome
3,alibi,soft_credibility,baseline,false_ejection_rate,2,0.58,outcome
3,alibi,soft_credibility,baseline,coalition_favorable_rate,2,1.0,outcome
3,alibi,soft_credibility,baseline,creator_ejection_rate,2,0.0,outcome
3,alibi,soft_credibility,baseline,creator_survival,2,1.0,outcome
3,alibi,soft_credibility,baseline,no_ejection_rate,2,0.42,outcome
3,alibi,soft_credibility,baseline,incident_rate,2,1.0,outcome
3,alibi,soft_credibility,baseline,n_speakers,2,4.0,voter
3,alibi,soft_credibility,baseline,coalition_share,2,0.5,voter
3,alibi,soft_credibility,baseline,coalition_weight_soft,2,0.2748021920312013,voter
3,alibi,soft_credibility,baseline,weight_minus_share,2,-0.22519780796879865,voter
3,alibi,soft_credibility,baseline,cred_coalition,2,0.3255,voter
3,alibi,soft_credibility,baseline,cred_honest,2,2.964,voter
3,alibi,soft_credibility,baseline,uninformative_share,2,0.0,voter
3,alibi,soft_credibility,baseline,weight_on_uninformative,2,0.0,voter
3,alibi,soft_credibility,baseline,coalition_caught,2,0.541,voter
3,alibi,soft_credibility,baseline,argmax_differs,2,0.184,voter
3,alibi,soft_credibility,baseline,mean_top_is_coalition,2,0.64,voter
3,alibi,soft_credibility,baseline,soft_top_is_coalition,2,0.564,voter
3,alibi,soft_credibility,baseline,mean_skips,2,0.0,voter
3,alibi,soft_credibility,baseline,soft_skips,2,0.014,voter
3,alibi,soft_credibility,alibi_off,false_ejection_rate,2,0.404,outcome
3,alibi,soft_credibility,alibi_off,coalition_favorable_rate,2,1.0,outcome
3,alibi,soft_credibility,alibi_off,creator_ejection_rate,2,0.0,outcome
3,alibi,soft_credibility,alibi_off,creator_survival,2,1.0,outcome
3,alibi,soft_credibility,alibi_off,no_ejection_rate,2,0.596,outcome
3,alibi,soft_credibility,alibi_off,incident_rate,2,1.0,outcome
3,alibi,soft_credibility,catch_outside,false_ejection_rate,2,0.552,outcome
3,alibi,soft_credibility,catch_outside,coalition_favorable_rate,2,1.0,outcome
3,alibi,soft_credibility,catch_outside,creator_ejection_rate,2,0.0,outcome
3,alibi,soft_credibility,catch_outside,creator_survival,2,1.0,outcome
3,alibi,soft_credibility,catch_outside,no_ejection_rate,2,0.448,outcome
3,alibi,soft_credibility,catch_outside,incident_rate,2,1.0,outcome
3,alibi,sharp_credibility,baseline,false_ejection_rate,2,0.57,outcome
3,alibi,sharp_credibility,baseline,coalition_favorable_rate,2,1.0,outcome
3,alibi,sharp_credibility,baseline,creator_ejection_rate,2,0.0,outcome
3,alibi,sharp_credibility,baseline,creator_survival,2,1.0,outcome
3,alibi,sharp_credibility,baseline,no_ejection_rate,2,0.43,outcome
3,alibi,sharp_credibility,baseline,incident_rate,2,1.0,outcome
3,alibi,sharp_credibility,alibi_off,false_ejection_rate,2,0.474,outcome
3,alibi,sharp_credibility,alibi_off,coalition_favorable_rate,2,1.0,outcome
3,alibi,sharp_credibility,alibi_off,creator_ejection_rate,2,0.0,outcome
3,alibi,sharp_credibility,alibi_off,creator_survival,2,1.0,outcome
3,alibi,sharp_credibility,alibi_off,no_ejection_rate,2,0.526,outcome
3,alibi,sharp_credibility,alibi_off,incident_rate,2,1.0,outcome
3,alibi,sharp_credibility,catch_outside,false_ejection_rate,2,0.486,outcome
3,alibi,sharp_credibility,catch_outside,coalition_favorable_rate,2,1.0,outcome
3,alibi,sharp_credibility,catch_outside,creator_ejection_rate,2,0.0,outcome
3,alibi,sharp_credibility,catch_outside,creator_survival,2,1.0,outcome
3,alibi,sharp_credibility,catch_outside,no_ejection_rate,2,0.514,outcome
3,alibi,sharp_credibility,catch_outside,incident_rate,2,1.0,outcome
3,framer,mean,baseline,false_ejection_rate,2,0.516,outcome
3,framer,mean,baseline,coalition_favorable_rate,2,1.0,outcome
3,framer,mean,baseline,creator_ejection_rate,2,0.0,outcome
3,framer,mean,baseline,creator_survival,2,1.0,outcome
3,framer,mean,baseline,no_ejection_rate,2,0.484,outcome
3,framer,mean,baseline,incident_rate,2,1.0,outcome
3,framer,mean,alibi_off,false_ejection_rate,2,0.516,outcome
3,framer,mean,alibi_off,coalition_favorable_rate,2,1.0,outcome
3,framer,mean,alibi_off,creator_ejection_rate,2,0.0,outcome
3,framer,mean,alibi_off,creator_survival,2,1.0,outcome
3,framer,mean,alibi_off,no_ejection_rate,2,0.484,outcome
3,framer,mean,alibi_off,incident_rate,2,1.0,outcome
3,framer,mean,catch_outside,false_ejection_rate,2,0.516,outcome
3,framer,mean,catch_outside,coalition_favorable_rate,2,1.0,outcome
3,framer,mean,catch_outside,creator_ejection_rate,2,0.0,outcome
3,framer,mean,catch_outside,creator_survival,2,1.0,outcome
3,framer,mean,catch_outside,no_ejection_rate,2,0.484,outcome
3,framer,mean,catch_outside,incident_rate,2,1.0,outcome
3,framer,soft_credibility,baseline,false_ejection_rate,2,0.508,outcome
3,framer,soft_credibility,baseline,coalition_favorable_rate,2,1.0,outcome
3,framer,soft_credibility,baseline,creator_ejection_rate,2,0.0,outcome
3,framer,soft_credibility,baseline,creator_survival,2,1.0,outcome
3,framer,soft_credibility,baseline,no_ejection_rate,2,0.492,outcome
3,framer,soft_credibility,baseline,incident_rate,2,1.0,outcome
3,framer,soft_credibility,baseline,n_speakers,2,4.0,voter
3,framer,soft_credibility,baseline,coalition_share,2,0.5,voter
3,framer,soft_credibility,baseline,coalition_weight_soft,2,0.1444355833420394,voter
3,framer,soft_credibility,baseline,weight_minus_share,2,-0.35556441665796057,voter
3,framer,soft_credibility,baseline,cred_coalition,2,-1.5735,voter
3,framer,soft_credibility,baseline,cred_honest,2,2.594,voter
3,framer,soft_credibility,baseline,uninformative_share,2,0.0,voter
3,framer,soft_credibility,baseline,weight_on_uninformative,2,0.0,voter
3,framer,soft_credibility,baseline,coalition_caught,2,0.779,voter
3,framer,soft_credibility,baseline,argmax_differs,2,0.002,voter
3,framer,soft_credibility,baseline,mean_top_is_coalition,2,0.744,voter
3,framer,soft_credibility,baseline,soft_top_is_coalition,2,0.746,voter
3,framer,soft_credibility,baseline,mean_skips,2,0.0,voter
3,framer,soft_credibility,baseline,soft_skips,2,0.0,voter
3,framer,soft_credibility,alibi_off,false_ejection_rate,2,0.508,outcome
3,framer,soft_credibility,alibi_off,coalition_favorable_rate,2,1.0,outcome
3,framer,soft_credibility,alibi_off,creator_ejection_rate,2,0.0,outcome
3,framer,soft_credibility,alibi_off,creator_survival,2,1.0,outcome
3,framer,soft_credibility,alibi_off,no_ejection_rate,2,0.492,outcome
3,framer,soft_credibility,alibi_off,incident_rate,2,1.0,outcome
3,framer,soft_credibility,catch_outside,false_ejection_rate,2,0.508,outcome
3,framer,soft_credibility,catch_outside,coalition_favorable_rate,2,1.0,outcome
3,framer,soft_credibility,catch_outside,creator_ejection_rate,2,0.0,outcome
3,framer,soft_credibility,catch_outside,creator_survival,2,1.0,outcome
3,framer,soft_credibility,catch_outside,no_ejection_rate,2,0.492,outcome
3,framer,soft_credibility,catch_outside,incident_rate,2,1.0,outcome
3,framer,sharp_credibility,baseline,false_ejection_rate,2,0.49,outcome
3,framer,sharp_credibility,baseline,coalition_favorable_rate,2,1.0,outcome
3,framer,sharp_credibility,baseline,creator_ejection_rate,2,0.0,outcome
3,framer,sharp_credibility,baseline,creator_survival,2,1.0,outcome
3,framer,sharp_credibility,baseline,no_ejection_rate,2,0.51,outcome
3,framer,sharp_credibility,baseline,incident_rate,2,1.0,outcome
3,framer,sharp_credibility,alibi_off,false_ejection_rate,2,0.496,outcome
3,framer,sharp_credibility,alibi_off,coalition_favorable_rate,2,1.0,outcome
3,framer,sharp_credibility,alibi_off,creator_ejection_rate,2,0.0,outcome
3,framer,sharp_credibility,alibi_off,creator_survival,2,1.0,outcome
3,framer,sharp_credibility,alibi_off,no_ejection_rate,2,0.504,outcome
3,framer,sharp_credibility,alibi_off,incident_rate,2,1.0,outcome
3,framer,sharp_credibility,catch_outside,false_ejection_rate,2,0.49,outcome
3,framer,sharp_credibility,catch_outside,coalition_favorable_rate,2,1.0,outcome
3,framer,sharp_credibility,catch_outside,creator_ejection_rate,2,0.0,outcome
3,framer,sharp_credibility,catch_outside,creator_survival,2,1.0,outcome
3,framer,sharp_credibility,catch_outside,no_ejection_rate,2,0.51,outcome
3,framer,sharp_credibility,catch_outside,incident_rate,2,1.0,outcome
3,truthful,mean,baseline,false_ejection_rate,3,0.0,outcome
3,truthful,mean,baseline,coalition_favorable_rate,3,0.956,outcome
3,truthful,mean,baseline,creator_ejection_rate,3,0.044,outcome
3,truthful,mean,baseline,creator_survival,3,0.956,outcome
3,truthful,mean,baseline,no_ejection_rate,3,0.956,outcome
3,truthful,mean,baseline,incident_rate,3,1.0,outcome
3,truthful,mean,alibi_off,false_ejection_rate,3,0.0,outcome
3,truthful,mean,alibi_off,coalition_favorable_rate,3,0.922,outcome
3,truthful,mean,alibi_off,creator_ejection_rate,3,0.078,outcome
3,truthful,mean,alibi_off,creator_survival,3,0.922,outcome
3,truthful,mean,alibi_off,no_ejection_rate,3,0.922,outcome
3,truthful,mean,alibi_off,incident_rate,3,1.0,outcome
3,truthful,mean,catch_outside,false_ejection_rate,3,0.0,outcome
3,truthful,mean,catch_outside,coalition_favorable_rate,3,0.956,outcome
3,truthful,mean,catch_outside,creator_ejection_rate,3,0.044,outcome
3,truthful,mean,catch_outside,creator_survival,3,0.956,outcome
3,truthful,mean,catch_outside,no_ejection_rate,3,0.956,outcome
3,truthful,mean,catch_outside,incident_rate,3,1.0,outcome
3,truthful,soft_credibility,baseline,false_ejection_rate,3,0.0,outcome
3,truthful,soft_credibility,baseline,coalition_favorable_rate,3,0.956,outcome
3,truthful,soft_credibility,baseline,creator_ejection_rate,3,0.044,outcome
3,truthful,soft_credibility,baseline,creator_survival,3,0.956,outcome
3,truthful,soft_credibility,baseline,no_ejection_rate,3,0.956,outcome
3,truthful,soft_credibility,baseline,incident_rate,3,1.0,outcome
3,truthful,soft_credibility,baseline,n_speakers,3,4.0,voter
3,truthful,soft_credibility,baseline,coalition_share,3,0.5,voter
3,truthful,soft_credibility,baseline,coalition_weight_soft,3,0.5,voter
3,truthful,soft_credibility,baseline,weight_minus_share,3,0.0,voter
3,truthful,soft_credibility,baseline,cred_coalition,3,3.0,voter
3,truthful,soft_credibility,baseline,cred_honest,3,3.0,voter
3,truthful,soft_credibility,baseline,uninformative_share,3,0.0,voter
3,truthful,soft_credibility,baseline,weight_on_uninformative,3,0.0,voter
3,truthful,soft_credibility,baseline,coalition_caught,3,0.0,voter
3,truthful,soft_credibility,baseline,argmax_differs,3,0.0,voter
3,truthful,soft_credibility,baseline,mean_top_is_coalition,3,1.0,voter
3,truthful,soft_credibility,baseline,soft_top_is_coalition,3,1.0,voter
3,truthful,soft_credibility,baseline,mean_skips,3,0.0,voter
3,truthful,soft_credibility,baseline,soft_skips,3,0.0,voter
3,truthful,soft_credibility,alibi_off,false_ejection_rate,3,0.0,outcome
3,truthful,soft_credibility,alibi_off,coalition_favorable_rate,3,0.922,outcome
3,truthful,soft_credibility,alibi_off,creator_ejection_rate,3,0.078,outcome
3,truthful,soft_credibility,alibi_off,creator_survival,3,0.922,outcome
3,truthful,soft_credibility,alibi_off,no_ejection_rate,3,0.922,outcome
3,truthful,soft_credibility,alibi_off,incident_rate,3,1.0,outcome
3,truthful,soft_credibility,catch_outside,false_ejection_rate,3,0.0,outcome
3,truthful,soft_credibility,catch_outside,coalition_favorable_rate,3,0.956,outcome
3,truthful,soft_credibility,catch_outside,creator_ejection_rate,3,0.044,outcome
3,truthful,soft_credibility,catch_outside,creator_survival,3,0.956,outcome
3,truthful,soft_credibility,catch_outside,no_ejection_rate,3,0.956,outcome
3,truthful,soft_credibility,catch_outside,incident_rate,3,1.0,outcome
3,truthful,sharp_credibility,baseline,false_ejection_rate,3,0.0,outcome
3,truthful,sharp_credibility,baseline,coalition_favorable_rate,3,0.956,outcome
3,truthful,sharp_credibility,baseline,creator_ejection_rate,3,0.044,outcome
3,truthful,sharp_credibility,baseline,creator_survival,3,0.956,outcome
3,truthful,sharp_credibility,baseline,no_ejection_rate,3,0.956,outcome
3,truthful,sharp_credibility,baseline,incident_rate,3,1.0,outcome
3,truthful,sharp_credibility,alibi_off,false_ejection_rate,3,0.0,outcome
3,truthful,sharp_credibility,alibi_off,coalition_favorable_rate,3,0.922,outcome
3,truthful,sharp_credibility,alibi_off,creator_ejection_rate,3,0.078,outcome
3,truthful,sharp_credibility,alibi_off,creator_survival,3,0.922,outcome
3,truthful,sharp_credibility,alibi_off,no_ejection_rate,3,0.922,outcome
3,truthful,sharp_credibility,alibi_off,incident_rate,3,1.0,outcome
3,truthful,sharp_credibility,catch_outside,false_ejection_rate,3,0.0,outcome
3,truthful,sharp_credibility,catch_outside,coalition_favorable_rate,3,0.956,outcome
3,truthful,sharp_credibility,catch_outside,creator_ejection_rate,3,0.044,outcome
3,truthful,sharp_credibility,catch_outside,creator_survival,3,0.956,outcome
3,truthful,sharp_credibility,catch_outside,no_ejection_rate,3,0.956,outcome
3,truthful,sharp_credibility,catch_outside,incident_rate,3,1.0,outcome
3,lone_liar,mean,baseline,false_ejection_rate,3,0.31,outcome
3,lone_liar,mean,baseline,coalition_favorable_rate,3,0.804,outcome
3,lone_liar,mean,baseline,creator_ejection_rate,3,0.186,outcome
3,lone_liar,mean,baseline,creator_survival,3,0.814,outcome
3,lone_liar,mean,baseline,no_ejection_rate,3,0.494,outcome
3,lone_liar,mean,baseline,incident_rate,3,1.0,outcome
3,lone_liar,mean,alibi_off,false_ejection_rate,3,0.34,outcome
3,lone_liar,mean,alibi_off,coalition_favorable_rate,3,0.952,outcome
3,lone_liar,mean,alibi_off,creator_ejection_rate,3,0.048,outcome
3,lone_liar,mean,alibi_off,creator_survival,3,0.952,outcome
3,lone_liar,mean,alibi_off,no_ejection_rate,3,0.612,outcome
3,lone_liar,mean,alibi_off,incident_rate,3,1.0,outcome
3,lone_liar,mean,catch_outside,false_ejection_rate,3,0.31,outcome
3,lone_liar,mean,catch_outside,coalition_favorable_rate,3,0.804,outcome
3,lone_liar,mean,catch_outside,creator_ejection_rate,3,0.186,outcome
3,lone_liar,mean,catch_outside,creator_survival,3,0.814,outcome
3,lone_liar,mean,catch_outside,no_ejection_rate,3,0.494,outcome
3,lone_liar,mean,catch_outside,incident_rate,3,1.0,outcome
3,lone_liar,soft_credibility,baseline,false_ejection_rate,3,0.138,outcome
3,lone_liar,soft_credibility,baseline,coalition_favorable_rate,3,0.804,outcome
3,lone_liar,soft_credibility,baseline,creator_ejection_rate,3,0.182,outcome
3,lone_liar,soft_credibility,baseline,creator_survival,3,0.818,outcome
3,lone_liar,soft_credibility,baseline,no_ejection_rate,3,0.666,outcome
3,lone_liar,soft_credibility,baseline,incident_rate,3,1.0,outcome
3,lone_liar,soft_credibility,baseline,n_speakers,3,4.0,voter
3,lone_liar,soft_credibility,baseline,coalition_share,3,0.5,voter
3,lone_liar,soft_credibility,baseline,coalition_weight_soft,3,0.4182538379916452,voter
3,lone_liar,soft_credibility,baseline,weight_minus_share,3,-0.08174616200835468,voter
3,lone_liar,soft_credibility,baseline,cred_coalition,3,1.518,voter
3,lone_liar,soft_credibility,baseline,cred_honest,3,2.984,voter
3,lone_liar,soft_credibility,baseline,uninformative_share,3,0.0,voter
3,lone_liar,soft_credibility,baseline,weight_on_uninformative,3,0.0,voter
3,lone_liar,soft_credibility,baseline,coalition_caught,3,0.485,voter
3,lone_liar,soft_credibility,baseline,argmax_differs,3,0.125,voter
3,lone_liar,soft_credibility,baseline,mean_top_is_coalition,3,0.921,voter
3,lone_liar,soft_credibility,baseline,soft_top_is_coalition,3,0.921,voter
3,lone_liar,soft_credibility,baseline,mean_skips,3,0.0,voter
3,lone_liar,soft_credibility,baseline,soft_skips,3,0.0,voter
3,lone_liar,soft_credibility,alibi_off,false_ejection_rate,3,0.168,outcome
3,lone_liar,soft_credibility,alibi_off,coalition_favorable_rate,3,0.952,outcome
3,lone_liar,soft_credibility,alibi_off,creator_ejection_rate,3,0.048,outcome
3,lone_liar,soft_credibility,alibi_off,creator_survival,3,0.952,outcome
3,lone_liar,soft_credibility,alibi_off,no_ejection_rate,3,0.784,outcome
3,lone_liar,soft_credibility,alibi_off,incident_rate,3,1.0,outcome
3,lone_liar,soft_credibility,catch_outside,false_ejection_rate,3,0.308,outcome
3,lone_liar,soft_credibility,catch_outside,coalition_favorable_rate,3,0.804,outcome
3,lone_liar,soft_credibility,catch_outside,creator_ejection_rate,3,0.186,outcome
3,lone_liar,soft_credibility,catch_outside,creator_survival,3,0.814,outcome
3,lone_liar,soft_credibility,catch_outside,no_ejection_rate,3,0.496,outcome
3,lone_liar,soft_credibility,catch_outside,incident_rate,3,1.0,outcome
3,lone_liar,sharp_credibility,baseline,false_ejection_rate,3,0.164,outcome
3,lone_liar,sharp_credibility,baseline,coalition_favorable_rate,3,0.824,outcome
3,lone_liar,sharp_credibility,baseline,creator_ejection_rate,3,0.156,outcome
3,lone_liar,sharp_credibility,baseline,creator_survival,3,0.844,outcome
3,lone_liar,sharp_credibility,baseline,no_ejection_rate,3,0.66,outcome
3,lone_liar,sharp_credibility,baseline,incident_rate,3,1.0,outcome
3,lone_liar,sharp_credibility,alibi_off,false_ejection_rate,3,0.17,outcome
3,lone_liar,sharp_credibility,alibi_off,coalition_favorable_rate,3,0.97,outcome
3,lone_liar,sharp_credibility,alibi_off,creator_ejection_rate,3,0.03,outcome
3,lone_liar,sharp_credibility,alibi_off,creator_survival,3,0.97,outcome
3,lone_liar,sharp_credibility,alibi_off,no_ejection_rate,3,0.8,outcome
3,lone_liar,sharp_credibility,alibi_off,incident_rate,3,1.0,outcome
3,lone_liar,sharp_credibility,catch_outside,false_ejection_rate,3,0.304,outcome
3,lone_liar,sharp_credibility,catch_outside,coalition_favorable_rate,3,0.804,outcome
3,lone_liar,sharp_credibility,catch_outside,creator_ejection_rate,3,0.186,outcome
3,lone_liar,sharp_credibility,catch_outside,creator_survival,3,0.814,outcome
3,lone_liar,sharp_credibility,catch_outside,no_ejection_rate,3,0.5,outcome
3,lone_liar,sharp_credibility,catch_outside,incident_rate,3,1.0,outcome
3,alibi,mean,baseline,false_ejection_rate,3,0.506,outcome
3,alibi,mean,baseline,coalition_favorable_rate,3,1.0,outcome
3,alibi,mean,baseline,creator_ejection_rate,3,0.0,outcome
3,alibi,mean,baseline,creator_survival,3,1.0,outcome
3,alibi,mean,baseline,no_ejection_rate,3,0.494,outcome
3,alibi,mean,baseline,incident_rate,3,1.0,outcome
3,alibi,mean,alibi_off,false_ejection_rate,3,0.392,outcome
3,alibi,mean,alibi_off,coalition_favorable_rate,3,1.0,outcome
3,alibi,mean,alibi_off,creator_ejection_rate,3,0.0,outcome
3,alibi,mean,alibi_off,creator_survival,3,1.0,outcome
3,alibi,mean,alibi_off,no_ejection_rate,3,0.608,outcome
3,alibi,mean,alibi_off,incident_rate,3,1.0,outcome
3,alibi,mean,catch_outside,false_ejection_rate,3,0.506,outcome
3,alibi,mean,catch_outside,coalition_favorable_rate,3,1.0,outcome
3,alibi,mean,catch_outside,creator_ejection_rate,3,0.0,outcome
3,alibi,mean,catch_outside,creator_survival,3,1.0,outcome
3,alibi,mean,catch_outside,no_ejection_rate,3,0.494,outcome
3,alibi,mean,catch_outside,incident_rate,3,1.0,outcome
3,alibi,soft_credibility,baseline,false_ejection_rate,3,0.52,outcome
3,alibi,soft_credibility,baseline,coalition_favorable_rate,3,1.0,outcome
3,alibi,soft_credibility,baseline,creator_ejection_rate,3,0.0,outcome
3,alibi,soft_credibility,baseline,creator_survival,3,1.0,outcome
3,alibi,soft_credibility,baseline,no_ejection_rate,3,0.48,outcome
3,alibi,soft_credibility,baseline,incident_rate,3,1.0,outcome
3,alibi,soft_credibility,baseline,n_speakers,3,4.0,voter
3,alibi,soft_credibility,baseline,coalition_share,3,0.5,voter
3,alibi,soft_credibility,baseline,coalition_weight_soft,3,0.2650426713475707,voter
3,alibi,soft_credibility,baseline,weight_minus_share,3,-0.2349573286524293,voter
3,alibi,soft_credibility,baseline,cred_coalition,3,0.197,voter
3,alibi,soft_credibility,baseline,cred_honest,3,2.957,voter
3,alibi,soft_credibility,baseline,uninformative_share,3,0.0,voter
3,alibi,soft_credibility,baseline,weight_on_uninformative,3,0.0,voter
3,alibi,soft_credibility,baseline,coalition_caught,3,0.56,voter
3,alibi,soft_credibility,baseline,argmax_differs,3,0.183,voter
3,alibi,soft_credibility,baseline,mean_top_is_coalition,3,0.687,voter
3,alibi,soft_credibility,baseline,soft_top_is_coalition,3,0.62,voter
3,alibi,soft_credibility,baseline,mean_skips,3,0.0,voter
3,alibi,soft_credibility,baseline,soft_skips,3,0.029,voter
3,alibi,soft_credibility,alibi_off,false_ejection_rate,3,0.36,outcome
3,alibi,soft_credibility,alibi_off,coalition_favorable_rate,3,1.0,outcome
3,alibi,soft_credibility,alibi_off,creator_ejection_rate,3,0.0,outcome
3,alibi,soft_credibility,alibi_off,creator_survival,3,1.0,outcome
3,alibi,soft_credibility,alibi_off,no_ejection_rate,3,0.64,outcome
3,alibi,soft_credibility,alibi_off,incident_rate,3,1.0,outcome
3,alibi,soft_credibility,catch_outside,false_ejection_rate,3,0.488,outcome
3,alibi,soft_credibility,catch_outside,coalition_favorable_rate,3,1.0,outcome
3,alibi,soft_credibility,catch_outside,creator_ejection_rate,3,0.0,outcome
3,alibi,soft_credibility,catch_outside,creator_survival,3,1.0,outcome
3,alibi,soft_credibility,catch_outside,no_ejection_rate,3,0.512,outcome
3,alibi,soft_credibility,catch_outside,incident_rate,3,1.0,outcome
3,alibi,sharp_credibility,baseline,false_ejection_rate,3,0.5,outcome
3,alibi,sharp_credibility,baseline,coalition_favorable_rate,3,1.0,outcome
3,alibi,sharp_credibility,baseline,creator_ejection_rate,3,0.0,outcome
3,alibi,sharp_credibility,baseline,creator_survival,3,1.0,outcome
3,alibi,sharp_credibility,baseline,no_ejection_rate,3,0.5,outcome
3,alibi,sharp_credibility,baseline,incident_rate,3,1.0,outcome
3,alibi,sharp_credibility,alibi_off,false_ejection_rate,3,0.428,outcome
3,alibi,sharp_credibility,alibi_off,coalition_favorable_rate,3,1.0,outcome
3,alibi,sharp_credibility,alibi_off,creator_ejection_rate,3,0.0,outcome
3,alibi,sharp_credibility,alibi_off,creator_survival,3,1.0,outcome
3,alibi,sharp_credibility,alibi_off,no_ejection_rate,3,0.572,outcome
3,alibi,sharp_credibility,alibi_off,incident_rate,3,1.0,outcome
3,alibi,sharp_credibility,catch_outside,false_ejection_rate,3,0.436,outcome
3,alibi,sharp_credibility,catch_outside,coalition_favorable_rate,3,1.0,outcome
3,alibi,sharp_credibility,catch_outside,creator_ejection_rate,3,0.0,outcome
3,alibi,sharp_credibility,catch_outside,creator_survival,3,1.0,outcome
3,alibi,sharp_credibility,catch_outside,no_ejection_rate,3,0.564,outcome
3,alibi,sharp_credibility,catch_outside,incident_rate,3,1.0,outcome
3,framer,mean,baseline,false_ejection_rate,3,0.542,outcome
3,framer,mean,baseline,coalition_favorable_rate,3,1.0,outcome
3,framer,mean,baseline,creator_ejection_rate,3,0.0,outcome
3,framer,mean,baseline,creator_survival,3,1.0,outcome
3,framer,mean,baseline,no_ejection_rate,3,0.458,outcome
3,framer,mean,baseline,incident_rate,3,1.0,outcome
3,framer,mean,alibi_off,false_ejection_rate,3,0.546,outcome
3,framer,mean,alibi_off,coalition_favorable_rate,3,1.0,outcome
3,framer,mean,alibi_off,creator_ejection_rate,3,0.0,outcome
3,framer,mean,alibi_off,creator_survival,3,1.0,outcome
3,framer,mean,alibi_off,no_ejection_rate,3,0.454,outcome
3,framer,mean,alibi_off,incident_rate,3,1.0,outcome
3,framer,mean,catch_outside,false_ejection_rate,3,0.542,outcome
3,framer,mean,catch_outside,coalition_favorable_rate,3,1.0,outcome
3,framer,mean,catch_outside,creator_ejection_rate,3,0.0,outcome
3,framer,mean,catch_outside,creator_survival,3,1.0,outcome
3,framer,mean,catch_outside,no_ejection_rate,3,0.458,outcome
3,framer,mean,catch_outside,incident_rate,3,1.0,outcome
3,framer,soft_credibility,baseline,false_ejection_rate,3,0.542,outcome
3,framer,soft_credibility,baseline,coalition_favorable_rate,3,1.0,outcome
3,framer,soft_credibility,baseline,creator_ejection_rate,3,0.0,outcome
3,framer,soft_credibility,baseline,creator_survival,3,1.0,outcome
3,framer,soft_credibility,baseline,no_ejection_rate,3,0.458,outcome
3,framer,soft_credibility,baseline,incident_rate,3,1.0,outcome
3,framer,soft_credibility,baseline,n_speakers,3,4.0,voter
3,framer,soft_credibility,baseline,coalition_share,3,0.5,voter
3,framer,soft_credibility,baseline,coalition_weight_soft,3,0.14753046515312143,voter
3,framer,soft_credibility,baseline,weight_minus_share,3,-0.35246953484687854,voter
3,framer,soft_credibility,baseline,cred_coalition,3,-1.5685,voter
3,framer,soft_credibility,baseline,cred_honest,3,2.551,voter
3,framer,soft_credibility,baseline,uninformative_share,3,0.0,voter
3,framer,soft_credibility,baseline,weight_on_uninformative,3,0.0,voter
3,framer,soft_credibility,baseline,coalition_caught,3,0.783,voter
3,framer,soft_credibility,baseline,argmax_differs,3,0.002,voter
3,framer,soft_credibility,baseline,mean_top_is_coalition,3,0.727,voter
3,framer,soft_credibility,baseline,soft_top_is_coalition,3,0.729,voter
3,framer,soft_credibility,baseline,mean_skips,3,0.0,voter
3,framer,soft_credibility,baseline,soft_skips,3,0.0,voter
3,framer,soft_credibility,alibi_off,false_ejection_rate,3,0.544,outcome
3,framer,soft_credibility,alibi_off,coalition_favorable_rate,3,1.0,outcome
3,framer,soft_credibility,alibi_off,creator_ejection_rate,3,0.0,outcome
3,framer,soft_credibility,alibi_off,creator_survival,3,1.0,outcome
3,framer,soft_credibility,alibi_off,no_ejection_rate,3,0.456,outcome
3,framer,soft_credibility,alibi_off,incident_rate,3,1.0,outcome
3,framer,soft_credibility,catch_outside,false_ejection_rate,3,0.542,outcome
3,framer,soft_credibility,catch_outside,coalition_favorable_rate,3,1.0,outcome
3,framer,soft_credibility,catch_outside,creator_ejection_rate,3,0.0,outcome
3,framer,soft_credibility,catch_outside,creator_survival,3,1.0,outcome
3,framer,soft_credibility,catch_outside,no_ejection_rate,3,0.458,outcome
3,framer,soft_credibility,catch_outside,incident_rate,3,1.0,outcome
3,framer,sharp_credibility,baseline,false_ejection_rate,3,0.524,outcome
3,framer,sharp_credibility,baseline,coalition_favorable_rate,3,1.0,outcome
3,framer,sharp_credibility,baseline,creator_ejection_rate,3,0.0,outcome
3,framer,sharp_credibility,baseline,creator_survival,3,1.0,outcome
3,framer,sharp_credibility,baseline,no_ejection_rate,3,0.476,outcome
3,framer,sharp_credibility,baseline,incident_rate,3,1.0,outcome
3,framer,sharp_credibility,alibi_off,false_ejection_rate,3,0.53,outcome
3,framer,sharp_credibility,alibi_off,coalition_favorable_rate,3,1.0,outcome
3,framer,sharp_credibility,alibi_off,creator_ejection_rate,3,0.0,outcome
3,framer,sharp_credibility,alibi_off,creator_survival,3,1.0,outcome
3,framer,sharp_credibility,alibi_off,no_ejection_rate,3,0.47,outcome
3,framer,sharp_credibility,alibi_off,incident_rate,3,1.0,outcome
3,framer,sharp_credibility,catch_outside,false_ejection_rate,3,0.524,outcome
3,framer,sharp_credibility,catch_outside,coalition_favorable_rate,3,1.0,outcome
3,framer,sharp_credibility,catch_outside,creator_ejection_rate,3,0.0,outcome
3,framer,sharp_credibility,catch_outside,creator_survival,3,1.0,outcome
3,framer,sharp_credibility,catch_outside,no_ejection_rate,3,0.476,outcome
3,framer,sharp_credibility,catch_outside,incident_rate,3,1.0,outcome
3,truthful,mean,baseline,false_ejection_rate,4,0.0,outcome
3,truthful,mean,baseline,coalition_favorable_rate,4,0.956,outcome
3,truthful,mean,baseline,creator_ejection_rate,4,0.044,outcome
3,truthful,mean,baseline,creator_survival,4,0.956,outcome
3,truthful,mean,baseline,no_ejection_rate,4,0.956,outcome
3,truthful,mean,baseline,incident_rate,4,1.0,outcome
3,truthful,mean,alibi_off,false_ejection_rate,4,0.0,outcome
3,truthful,mean,alibi_off,coalition_favorable_rate,4,0.916,outcome
3,truthful,mean,alibi_off,creator_ejection_rate,4,0.084,outcome
3,truthful,mean,alibi_off,creator_survival,4,0.916,outcome
3,truthful,mean,alibi_off,no_ejection_rate,4,0.916,outcome
3,truthful,mean,alibi_off,incident_rate,4,1.0,outcome
3,truthful,mean,catch_outside,false_ejection_rate,4,0.0,outcome
3,truthful,mean,catch_outside,coalition_favorable_rate,4,0.956,outcome
3,truthful,mean,catch_outside,creator_ejection_rate,4,0.044,outcome
3,truthful,mean,catch_outside,creator_survival,4,0.956,outcome
3,truthful,mean,catch_outside,no_ejection_rate,4,0.956,outcome
3,truthful,mean,catch_outside,incident_rate,4,1.0,outcome
3,truthful,soft_credibility,baseline,false_ejection_rate,4,0.0,outcome
3,truthful,soft_credibility,baseline,coalition_favorable_rate,4,0.956,outcome
3,truthful,soft_credibility,baseline,creator_ejection_rate,4,0.044,outcome
3,truthful,soft_credibility,baseline,creator_survival,4,0.956,outcome
3,truthful,soft_credibility,baseline,no_ejection_rate,4,0.956,outcome
3,truthful,soft_credibility,baseline,incident_rate,4,1.0,outcome
3,truthful,soft_credibility,baseline,n_speakers,4,4.0,voter
3,truthful,soft_credibility,baseline,coalition_share,4,0.5,voter
3,truthful,soft_credibility,baseline,coalition_weight_soft,4,0.5,voter
3,truthful,soft_credibility,baseline,weight_minus_share,4,0.0,voter
3,truthful,soft_credibility,baseline,cred_coalition,4,3.0,voter
3,truthful,soft_credibility,baseline,cred_honest,4,3.0,voter
3,truthful,soft_credibility,baseline,uninformative_share,4,0.0,voter
3,truthful,soft_credibility,baseline,weight_on_uninformative,4,0.0,voter
3,truthful,soft_credibility,baseline,coalition_caught,4,0.0,voter
3,truthful,soft_credibility,baseline,argmax_differs,4,0.0,voter
3,truthful,soft_credibility,baseline,mean_top_is_coalition,4,1.0,voter
3,truthful,soft_credibility,baseline,soft_top_is_coalition,4,1.0,voter
3,truthful,soft_credibility,baseline,mean_skips,4,0.0,voter
3,truthful,soft_credibility,baseline,soft_skips,4,0.0,voter
3,truthful,soft_credibility,alibi_off,false_ejection_rate,4,0.0,outcome
3,truthful,soft_credibility,alibi_off,coalition_favorable_rate,4,0.916,outcome
3,truthful,soft_credibility,alibi_off,creator_ejection_rate,4,0.084,outcome
3,truthful,soft_credibility,alibi_off,creator_survival,4,0.916,outcome
3,truthful,soft_credibility,alibi_off,no_ejection_rate,4,0.916,outcome
3,truthful,soft_credibility,alibi_off,incident_rate,4,1.0,outcome
3,truthful,soft_credibility,catch_outside,false_ejection_rate,4,0.0,outcome
3,truthful,soft_credibility,catch_outside,coalition_favorable_rate,4,0.956,outcome
3,truthful,soft_credibility,catch_outside,creator_ejection_rate,4,0.044,outcome
3,truthful,soft_credibility,catch_outside,creator_survival,4,0.956,outcome
3,truthful,soft_credibility,catch_outside,no_ejection_rate,4,0.956,outcome
3,truthful,soft_credibility,catch_outside,incident_rate,4,1.0,outcome
3,truthful,sharp_credibility,baseline,false_ejection_rate,4,0.0,outcome
3,truthful,sharp_credibility,baseline,coalition_favorable_rate,4,0.956,outcome
3,truthful,sharp_credibility,baseline,creator_ejection_rate,4,0.044,outcome
3,truthful,sharp_credibility,baseline,creator_survival,4,0.956,outcome
3,truthful,sharp_credibility,baseline,no_ejection_rate,4,0.956,outcome
3,truthful,sharp_credibility,baseline,incident_rate,4,1.0,outcome
3,truthful,sharp_credibility,alibi_off,false_ejection_rate,4,0.0,outcome
3,truthful,sharp_credibility,alibi_off,coalition_favorable_rate,4,0.916,outcome
3,truthful,sharp_credibility,alibi_off,creator_ejection_rate,4,0.084,outcome
3,truthful,sharp_credibility,alibi_off,creator_survival,4,0.916,outcome
3,truthful,sharp_credibility,alibi_off,no_ejection_rate,4,0.916,outcome
3,truthful,sharp_credibility,alibi_off,incident_rate,4,1.0,outcome
3,truthful,sharp_credibility,catch_outside,false_ejection_rate,4,0.0,outcome
3,truthful,sharp_credibility,catch_outside,coalition_favorable_rate,4,0.956,outcome
3,truthful,sharp_credibility,catch_outside,creator_ejection_rate,4,0.044,outcome
3,truthful,sharp_credibility,catch_outside,creator_survival,4,0.956,outcome
3,truthful,sharp_credibility,catch_outside,no_ejection_rate,4,0.956,outcome
3,truthful,sharp_credibility,catch_outside,incident_rate,4,1.0,outcome
3,lone_liar,mean,baseline,false_ejection_rate,4,0.344,outcome
3,lone_liar,mean,baseline,coalition_favorable_rate,4,0.79,outcome
3,lone_liar,mean,baseline,creator_ejection_rate,4,0.2,outcome
3,lone_liar,mean,baseline,creator_survival,4,0.8,outcome
3,lone_liar,mean,baseline,no_ejection_rate,4,0.446,outcome
3,lone_liar,mean,baseline,incident_rate,4,1.0,outcome
3,lone_liar,mean,alibi_off,false_ejection_rate,4,0.386,outcome
3,lone_liar,mean,alibi_off,coalition_favorable_rate,4,0.962,outcome
3,lone_liar,mean,alibi_off,creator_ejection_rate,4,0.038,outcome
3,lone_liar,mean,alibi_off,creator_survival,4,0.962,outcome
3,lone_liar,mean,alibi_off,no_ejection_rate,4,0.576,outcome
3,lone_liar,mean,alibi_off,incident_rate,4,1.0,outcome
3,lone_liar,mean,catch_outside,false_ejection_rate,4,0.344,outcome
3,lone_liar,mean,catch_outside,coalition_favorable_rate,4,0.79,outcome
3,lone_liar,mean,catch_outside,creator_ejection_rate,4,0.2,outcome
3,lone_liar,mean,catch_outside,creator_survival,4,0.8,outcome
3,lone_liar,mean,catch_outside,no_ejection_rate,4,0.446,outcome
3,lone_liar,mean,catch_outside,incident_rate,4,1.0,outcome
3,lone_liar,soft_credibility,baseline,false_ejection_rate,4,0.184,outcome
3,lone_liar,soft_credibility,baseline,coalition_favorable_rate,4,0.79,outcome
3,lone_liar,soft_credibility,baseline,creator_ejection_rate,4,0.19,outcome
3,lone_liar,soft_credibility,baseline,creator_survival,4,0.81,outcome
3,lone_liar,soft_credibility,baseline,no_ejection_rate,4,0.606,outcome
3,lone_liar,soft_credibility,baseline,incident_rate,4,1.0,outcome
3,lone_liar,soft_credibility,baseline,n_speakers,4,4.0,voter
3,lone_liar,soft_credibility,baseline,coalition_share,4,0.5,voter
3,lone_liar,soft_credibility,baseline,coalition_weight_soft,4,0.42424369058876193,voter
3,lone_liar,soft_credibility,baseline,weight_minus_share,4,-0.075756309411238,voter
3,lone_liar,soft_credibility,baseline,cred_coalition,4,1.6265,voter
3,lone_liar,soft_credibility,baseline,cred_honest,4,2.984,voter
3,lone_liar,soft_credibility,baseline,uninformative_share,4,0.0,voter
3,lone_liar,soft_credibility,baseline,weight_on_uninformative,4,0.0,voter
3,lone_liar,soft_credibility,baseline,coalition_caught,4,0.448,voter
3,lone_liar,soft_credibility,baseline,argmax_differs,4,0.138,voter
3,lone_liar,soft_credibility,baseline,mean_top_is_coalition,4,0.894,voter
3,lone_liar,soft_credibility,baseline,soft_top_is_coalition,4,0.894,voter
3,lone_liar,soft_credibility,baseline,mean_skips,4,0.0,voter
3,lone_liar,soft_credibility,baseline,soft_skips,4,0.0,voter
3,lone_liar,soft_credibility,alibi_off,false_ejection_rate,4,0.226,outcome
3,lone_liar,soft_credibility,alibi_off,coalition_favorable_rate,4,0.962,outcome
3,lone_liar,soft_credibility,alibi_off,creator_ejection_rate,4,0.038,outcome
3,lone_liar,soft_credibility,alibi_off,creator_survival,4,0.962,outcome
3,lone_liar,soft_credibility,alibi_off,no_ejection_rate,4,0.736,outcome
3,lone_liar,soft_credibility,alibi_off,incident_rate,4,1.0,outcome
3,lone_liar,soft_credibility,catch_outside,false_ejection_rate,4,0.344,outcome
3,lone_liar,soft_credibility,catch_outside,coalition_favorable_rate,4,0.79,outcome
3,lone_liar,soft_credibility,catch_outside,creator_ejection_rate,4,0.2,outcome
3,lone_liar,soft_credibility,catch_outside,creator_survival,4,0.8,outcome
3,lone_liar,soft_credibility,catch_outside,no_ejection_rate,4,0.446,outcome
3,lone_liar,soft_credibility,catch_outside,incident_rate,4,1.0,outcome
3,lone_liar,sharp_credibility,baseline,false_ejection_rate,4,0.208,outcome
3,lone_liar,sharp_credibility,baseline,coalition_favorable_rate,4,0.806,outcome
3,lone_liar,sharp_credibility,baseline,creator_ejection_rate,4,0.172,outcome
3,lone_liar,sharp_credibility,baseline,creator_survival,4,0.828,outcome
3,lone_liar,sharp_credibility,baseline,no_ejection_rate,4,0.598,outcome
3,lone_liar,sharp_credibility,baseline,incident_rate,4,1.0,outcome
3,lone_liar,sharp_credibility,alibi_off,false_ejection_rate,4,0.238,outcome
3,lone_liar,sharp_credibility,alibi_off,coalition_favorable_rate,4,0.974,outcome
3,lone_liar,sharp_credibility,alibi_off,creator_ejection_rate,4,0.026,outcome
3,lone_liar,sharp_credibility,alibi_off,creator_survival,4,0.974,outcome
3,lone_liar,sharp_credibility,alibi_off,no_ejection_rate,4,0.736,outcome
3,lone_liar,sharp_credibility,alibi_off,incident_rate,4,1.0,outcome
3,lone_liar,sharp_credibility,catch_outside,false_ejection_rate,4,0.34,outcome
3,lone_liar,sharp_credibility,catch_outside,coalition_favorable_rate,4,0.79,outcome
3,lone_liar,sharp_credibility,catch_outside,creator_ejection_rate,4,0.2,outcome
3,lone_liar,sharp_credibility,catch_outside,creator_survival,4,0.8,outcome
3,lone_liar,sharp_credibility,catch_outside,no_ejection_rate,4,0.45,outcome
3,lone_liar,sharp_credibility,catch_outside,incident_rate,4,1.0,outcome
3,alibi,mean,baseline,false_ejection_rate,4,0.52,outcome
3,alibi,mean,baseline,coalition_favorable_rate,4,1.0,outcome
3,alibi,mean,baseline,creator_ejection_rate,4,0.0,outcome
3,alibi,mean,baseline,creator_survival,4,1.0,outcome
3,alibi,mean,baseline,no_ejection_rate,4,0.48,outcome
3,alibi,mean,baseline,incident_rate,4,1.0,outcome
3,alibi,mean,alibi_off,false_ejection_rate,4,0.41,outcome
3,alibi,mean,alibi_off,coalition_favorable_rate,4,1.0,outcome
3,alibi,mean,alibi_off,creator_ejection_rate,4,0.0,outcome
3,alibi,mean,alibi_off,creator_survival,4,1.0,outcome
3,alibi,mean,alibi_off,no_ejection_rate,4,0.59,outcome
3,alibi,mean,alibi_off,incident_rate,4,1.0,outcome
3,alibi,mean,catch_outside,false_ejection_rate,4,0.52,outcome
3,alibi,mean,catch_outside,coalition_favorable_rate,4,1.0,outcome
3,alibi,mean,catch_outside,creator_ejection_rate,4,0.0,outcome
3,alibi,mean,catch_outside,creator_survival,4,1.0,outcome
3,alibi,mean,catch_outside,no_ejection_rate,4,0.48,outcome
3,alibi,mean,catch_outside,incident_rate,4,1.0,outcome
3,alibi,soft_credibility,baseline,false_ejection_rate,4,0.532,outcome
3,alibi,soft_credibility,baseline,coalition_favorable_rate,4,1.0,outcome
3,alibi,soft_credibility,baseline,creator_ejection_rate,4,0.0,outcome
3,alibi,soft_credibility,baseline,creator_survival,4,1.0,outcome
3,alibi,soft_credibility,baseline,no_ejection_rate,4,0.468,outcome
3,alibi,soft_credibility,baseline,incident_rate,4,1.0,outcome
3,alibi,soft_credibility,baseline,n_speakers,4,4.0,voter
3,alibi,soft_credibility,baseline,coalition_share,4,0.5,voter
3,alibi,soft_credibility,baseline,coalition_weight_soft,4,0.2653835059046257,voter
3,alibi,soft_credibility,baseline,weight_minus_share,4,-0.23461649409537427,voter
3,alibi,soft_credibility,baseline,cred_coalition,4,0.175,voter
3,alibi,soft_credibility,baseline,cred_honest,4,2.967,voter
3,alibi,soft_credibility,baseline,uninformative_share,4,0.0,voter
3,alibi,soft_credibility,baseline,weight_on_uninformative,4,0.0,voter
3,alibi,soft_credibility,baseline,coalition_caught,4,0.552,voter
3,alibi,soft_credibility,baseline,argmax_differs,4,0.158,voter
3,alibi,soft_credibility,baseline,mean_top_is_coalition,4,0.672,voter
3,alibi,soft_credibility,baseline,soft_top_is_coalition,4,0.614,voter
3,alibi,soft_credibility,baseline,mean_skips,4,0.0,voter
3,alibi,soft_credibility,baseline,soft_skips,4,0.022,voter
3,alibi,soft_credibility,alibi_off,false_ejection_rate,4,0.37,outcome
3,alibi,soft_credibility,alibi_off,coalition_favorable_rate,4,1.0,outcome
3,alibi,soft_credibility,alibi_off,creator_ejection_rate,4,0.0,outcome
3,alibi,soft_credibility,alibi_off,creator_survival,4,1.0,outcome
3,alibi,soft_credibility,alibi_off,no_ejection_rate,4,0.63,outcome
3,alibi,soft_credibility,alibi_off,incident_rate,4,1.0,outcome
3,alibi,soft_credibility,catch_outside,false_ejection_rate,4,0.506,outcome
3,alibi,soft_credibility,catch_outside,coalition_favorable_rate,4,1.0,outcome
3,alibi,soft_credibility,catch_outside,creator_ejection_rate,4,0.0,outcome
3,alibi,soft_credibility,catch_outside,creator_survival,4,1.0,outcome
3,alibi,soft_credibility,catch_outside,no_ejection_rate,4,0.494,outcome
3,alibi,soft_credibility,catch_outside,incident_rate,4,1.0,outcome
3,alibi,sharp_credibility,baseline,false_ejection_rate,4,0.52,outcome
3,alibi,sharp_credibility,baseline,coalition_favorable_rate,4,1.0,outcome
3,alibi,sharp_credibility,baseline,creator_ejection_rate,4,0.0,outcome
3,alibi,sharp_credibility,baseline,creator_survival,4,1.0,outcome
3,alibi,sharp_credibility,baseline,no_ejection_rate,4,0.48,outcome
3,alibi,sharp_credibility,baseline,incident_rate,4,1.0,outcome
3,alibi,sharp_credibility,alibi_off,false_ejection_rate,4,0.446,outcome
3,alibi,sharp_credibility,alibi_off,coalition_favorable_rate,4,1.0,outcome
3,alibi,sharp_credibility,alibi_off,creator_ejection_rate,4,0.0,outcome
3,alibi,sharp_credibility,alibi_off,creator_survival,4,1.0,outcome
3,alibi,sharp_credibility,alibi_off,no_ejection_rate,4,0.554,outcome
3,alibi,sharp_credibility,alibi_off,incident_rate,4,1.0,outcome
3,alibi,sharp_credibility,catch_outside,false_ejection_rate,4,0.446,outcome
3,alibi,sharp_credibility,catch_outside,coalition_favorable_rate,4,1.0,outcome
3,alibi,sharp_credibility,catch_outside,creator_ejection_rate,4,0.0,outcome
3,alibi,sharp_credibility,catch_outside,creator_survival,4,1.0,outcome
3,alibi,sharp_credibility,catch_outside,no_ejection_rate,4,0.554,outcome
3,alibi,sharp_credibility,catch_outside,incident_rate,4,1.0,outcome
3,framer,mean,baseline,false_ejection_rate,4,0.504,outcome
3,framer,mean,baseline,coalition_favorable_rate,4,1.0,outcome
3,framer,mean,baseline,creator_ejection_rate,4,0.0,outcome
3,framer,mean,baseline,creator_survival,4,1.0,outcome
3,framer,mean,baseline,no_ejection_rate,4,0.496,outcome
3,framer,mean,baseline,incident_rate,4,1.0,outcome
3,framer,mean,alibi_off,false_ejection_rate,4,0.504,outcome
3,framer,mean,alibi_off,coalition_favorable_rate,4,1.0,outcome
3,framer,mean,alibi_off,creator_ejection_rate,4,0.0,outcome
3,framer,mean,alibi_off,creator_survival,4,1.0,outcome
3,framer,mean,alibi_off,no_ejection_rate,4,0.496,outcome
3,framer,mean,alibi_off,incident_rate,4,1.0,outcome
3,framer,mean,catch_outside,false_ejection_rate,4,0.504,outcome
3,framer,mean,catch_outside,coalition_favorable_rate,4,1.0,outcome
3,framer,mean,catch_outside,creator_ejection_rate,4,0.0,outcome
3,framer,mean,catch_outside,creator_survival,4,1.0,outcome
3,framer,mean,catch_outside,no_ejection_rate,4,0.496,outcome
3,framer,mean,catch_outside,incident_rate,4,1.0,outcome
3,framer,soft_credibility,baseline,false_ejection_rate,4,0.496,outcome
3,framer,soft_credibility,baseline,coalition_favorable_rate,4,1.0,outcome
3,framer,soft_credibility,baseline,creator_ejection_rate,4,0.0,outcome
3,framer,soft_credibility,baseline,creator_survival,4,1.0,outcome
3,framer,soft_credibility,baseline,no_ejection_rate,4,0.504,outcome
3,framer,soft_credibility,baseline,incident_rate,4,1.0,outcome
3,framer,soft_credibility,baseline,n_speakers,4,4.0,voter
3,framer,soft_credibility,baseline,coalition_share,4,0.5,voter
3,framer,soft_credibility,baseline,coalition_weight_soft,4,0.14034358316514217,voter
3,framer,soft_credibility,baseline,weight_minus_share,4,-0.3596564168348577,voter
3,framer,soft_credibility,baseline,cred_coalition,4,-1.6405,voter
3,framer,soft_credibility,baseline,cred_honest,4,2.553,voter
3,framer,soft_credibility,baseline,uninformative_share,4,0.0,voter
3,framer,soft_credibility,baseline,weight_on_uninformative,4,0.0,voter
3,framer,soft_credibility,baseline,coalition_caught,4,0.789,voter
3,framer,soft_credibility,baseline,argmax_differs,4,0.005,voter
3,framer,soft_credibility,baseline,mean_top_is_coalition,4,0.748,voter
3,framer,soft_credibility,baseline,soft_top_is_coalition,4,0.752,voter
3,framer,soft_credibility,baseline,mean_skips,4,0.0,voter
3,framer,soft_credibility,baseline,soft_skips,4,0.0,voter
3,framer,soft_credibility,alibi_off,false_ejection_rate,4,0.498,outcome
3,framer,soft_credibility,alibi_off,coalition_favorable_rate,4,1.0,outcome
3,framer,soft_credibility,alibi_off,creator_ejection_rate,4,0.0,outcome
3,framer,soft_credibility,alibi_off,creator_survival,4,1.0,outcome
3,framer,soft_credibility,alibi_off,no_ejection_rate,4,0.502,outcome
3,framer,soft_credibility,alibi_off,incident_rate,4,1.0,outcome
3,framer,soft_credibility,catch_outside,false_ejection_rate,4,0.496,outcome
3,framer,soft_credibility,catch_outside,coalition_favorable_rate,4,1.0,outcome
3,framer,soft_credibility,catch_outside,creator_ejection_rate,4,0.0,outcome
3,framer,soft_credibility,catch_outside,creator_survival,4,1.0,outcome
3,framer,soft_credibility,catch_outside,no_ejection_rate,4,0.504,outcome
3,framer,soft_credibility,catch_outside,incident_rate,4,1.0,outcome
3,framer,sharp_credibility,baseline,false_ejection_rate,4,0.476,outcome
3,framer,sharp_credibility,baseline,coalition_favorable_rate,4,1.0,outcome
3,framer,sharp_credibility,baseline,creator_ejection_rate,4,0.0,outcome
3,framer,sharp_credibility,baseline,creator_survival,4,1.0,outcome
3,framer,sharp_credibility,baseline,no_ejection_rate,4,0.524,outcome
3,framer,sharp_credibility,baseline,incident_rate,4,1.0,outcome
3,framer,sharp_credibility,alibi_off,false_ejection_rate,4,0.478,outcome
3,framer,sharp_credibility,alibi_off,coalition_favorable_rate,4,1.0,outcome
3,framer,sharp_credibility,alibi_off,creator_ejection_rate,4,0.0,outcome
3,framer,sharp_credibility,alibi_off,creator_survival,4,1.0,outcome
3,framer,sharp_credibility,alibi_off,no_ejection_rate,4,0.522,outcome
3,framer,sharp_credibility,alibi_off,incident_rate,4,1.0,outcome
3,framer,sharp_credibility,catch_outside,false_ejection_rate,4,0.474,outcome
3,framer,sharp_credibility,catch_outside,coalition_favorable_rate,4,1.0,outcome
3,framer,sharp_credibility,catch_outside,creator_ejection_rate,4,0.0,outcome
3,framer,sharp_credibility,catch_outside,creator_survival,4,1.0,outcome
3,framer,sharp_credibility,catch_outside,no_ejection_rate,4,0.526,outcome
3,framer,sharp_credibility,catch_outside,incident_rate,4,1.0,outcome
3,truthful,mean,baseline,false_ejection_rate,5,0.0,outcome
3,truthful,mean,baseline,coalition_favorable_rate,5,0.958,outcome
3,truthful,mean,baseline,creator_ejection_rate,5,0.042,outcome
3,truthful,mean,baseline,creator_survival,5,0.958,outcome
3,truthful,mean,baseline,no_ejection_rate,5,0.958,outcome
3,truthful,mean,baseline,incident_rate,5,1.0,outcome
3,truthful,mean,alibi_off,false_ejection_rate,5,0.0,outcome
3,truthful,mean,alibi_off,coalition_favorable_rate,5,0.892,outcome
3,truthful,mean,alibi_off,creator_ejection_rate,5,0.108,outcome
3,truthful,mean,alibi_off,creator_survival,5,0.892,outcome
3,truthful,mean,alibi_off,no_ejection_rate,5,0.892,outcome
3,truthful,mean,alibi_off,incident_rate,5,1.0,outcome
3,truthful,mean,catch_outside,false_ejection_rate,5,0.0,outcome
3,truthful,mean,catch_outside,coalition_favorable_rate,5,0.958,outcome
3,truthful,mean,catch_outside,creator_ejection_rate,5,0.042,outcome
3,truthful,mean,catch_outside,creator_survival,5,0.958,outcome
3,truthful,mean,catch_outside,no_ejection_rate,5,0.958,outcome
3,truthful,mean,catch_outside,incident_rate,5,1.0,outcome
3,truthful,soft_credibility,baseline,false_ejection_rate,5,0.0,outcome
3,truthful,soft_credibility,baseline,coalition_favorable_rate,5,0.958,outcome
3,truthful,soft_credibility,baseline,creator_ejection_rate,5,0.042,outcome
3,truthful,soft_credibility,baseline,creator_survival,5,0.958,outcome
3,truthful,soft_credibility,baseline,no_ejection_rate,5,0.958,outcome
3,truthful,soft_credibility,baseline,incident_rate,5,1.0,outcome
3,truthful,soft_credibility,baseline,n_speakers,5,4.0,voter
3,truthful,soft_credibility,baseline,coalition_share,5,0.5,voter
3,truthful,soft_credibility,baseline,coalition_weight_soft,5,0.5,voter
3,truthful,soft_credibility,baseline,weight_minus_share,5,0.0,voter
3,truthful,soft_credibility,baseline,cred_coalition,5,3.0,voter
3,truthful,soft_credibility,baseline,cred_honest,5,3.0,voter
3,truthful,soft_credibility,baseline,uninformative_share,5,0.0,voter
3,truthful,soft_credibility,baseline,weight_on_uninformative,5,0.0,voter
3,truthful,soft_credibility,baseline,coalition_caught,5,0.0,voter
3,truthful,soft_credibility,baseline,argmax_differs,5,0.0,voter
3,truthful,soft_credibility,baseline,mean_top_is_coalition,5,1.0,voter
3,truthful,soft_credibility,baseline,soft_top_is_coalition,5,1.0,voter
3,truthful,soft_credibility,baseline,mean_skips,5,0.0,voter
3,truthful,soft_credibility,baseline,soft_skips,5,0.0,voter
3,truthful,soft_credibility,alibi_off,false_ejection_rate,5,0.0,outcome
3,truthful,soft_credibility,alibi_off,coalition_favorable_rate,5,0.892,outcome
3,truthful,soft_credibility,alibi_off,creator_ejection_rate,5,0.108,outcome
3,truthful,soft_credibility,alibi_off,creator_survival,5,0.892,outcome
3,truthful,soft_credibility,alibi_off,no_ejection_rate,5,0.892,outcome
3,truthful,soft_credibility,alibi_off,incident_rate,5,1.0,outcome
3,truthful,soft_credibility,catch_outside,false_ejection_rate,5,0.0,outcome
3,truthful,soft_credibility,catch_outside,coalition_favorable_rate,5,0.958,outcome
3,truthful,soft_credibility,catch_outside,creator_ejection_rate,5,0.042,outcome
3,truthful,soft_credibility,catch_outside,creator_survival,5,0.958,outcome
3,truthful,soft_credibility,catch_outside,no_ejection_rate,5,0.958,outcome
3,truthful,soft_credibility,catch_outside,incident_rate,5,1.0,outcome
3,truthful,sharp_credibility,baseline,false_ejection_rate,5,0.0,outcome
3,truthful,sharp_credibility,baseline,coalition_favorable_rate,5,0.958,outcome
3,truthful,sharp_credibility,baseline,creator_ejection_rate,5,0.042,outcome
3,truthful,sharp_credibility,baseline,creator_survival,5,0.958,outcome
3,truthful,sharp_credibility,baseline,no_ejection_rate,5,0.958,outcome
3,truthful,sharp_credibility,baseline,incident_rate,5,1.0,outcome
3,truthful,sharp_credibility,alibi_off,false_ejection_rate,5,0.0,outcome
3,truthful,sharp_credibility,alibi_off,coalition_favorable_rate,5,0.892,outcome
3,truthful,sharp_credibility,alibi_off,creator_ejection_rate,5,0.108,outcome
3,truthful,sharp_credibility,alibi_off,creator_survival,5,0.892,outcome
3,truthful,sharp_credibility,alibi_off,no_ejection_rate,5,0.892,outcome
3,truthful,sharp_credibility,alibi_off,incident_rate,5,1.0,outcome
3,truthful,sharp_credibility,catch_outside,false_ejection_rate,5,0.0,outcome
3,truthful,sharp_credibility,catch_outside,coalition_favorable_rate,5,0.958,outcome
3,truthful,sharp_credibility,catch_outside,creator_ejection_rate,5,0.042,outcome
3,truthful,sharp_credibility,catch_outside,creator_survival,5,0.958,outcome
3,truthful,sharp_credibility,catch_outside,no_ejection_rate,5,0.958,outcome
3,truthful,sharp_credibility,catch_outside,incident_rate,5,1.0,outcome
3,lone_liar,mean,baseline,false_ejection_rate,5,0.31,outcome
3,lone_liar,mean,baseline,coalition_favorable_rate,5,0.794,outcome
3,lone_liar,mean,baseline,creator_ejection_rate,5,0.198,outcome
3,lone_liar,mean,baseline,creator_survival,5,0.802,outcome
3,lone_liar,mean,baseline,no_ejection_rate,5,0.484,outcome
3,lone_liar,mean,baseline,incident_rate,5,1.0,outcome
3,lone_liar,mean,alibi_off,false_ejection_rate,5,0.356,outcome
3,lone_liar,mean,alibi_off,coalition_favorable_rate,5,0.954,outcome
3,lone_liar,mean,alibi_off,creator_ejection_rate,5,0.046,outcome
3,lone_liar,mean,alibi_off,creator_survival,5,0.954,outcome
3,lone_liar,mean,alibi_off,no_ejection_rate,5,0.598,outcome
3,lone_liar,mean,alibi_off,incident_rate,5,1.0,outcome
3,lone_liar,mean,catch_outside,false_ejection_rate,5,0.31,outcome
3,lone_liar,mean,catch_outside,coalition_favorable_rate,5,0.794,outcome
3,lone_liar,mean,catch_outside,creator_ejection_rate,5,0.198,outcome
3,lone_liar,mean,catch_outside,creator_survival,5,0.802,outcome
3,lone_liar,mean,catch_outside,no_ejection_rate,5,0.484,outcome
3,lone_liar,mean,catch_outside,incident_rate,5,1.0,outcome
3,lone_liar,soft_credibility,baseline,false_ejection_rate,5,0.16,outcome
3,lone_liar,soft_credibility,baseline,coalition_favorable_rate,5,0.794,outcome
3,lone_liar,soft_credibility,baseline,creator_ejection_rate,5,0.186,outcome
3,lone_liar,soft_credibility,baseline,creator_survival,5,0.814,outcome
3,lone_liar,soft_credibility,baseline,no_ejection_rate,5,0.634,outcome
3,lone_liar,soft_credibility,baseline,incident_rate,5,1.0,outcome
3,lone_liar,soft_credibility,baseline,n_speakers,5,4.0,voter
3,lone_liar,soft_credibility,baseline,coalition_share,5,0.5,voter
3,lone_liar,soft_credibility,baseline,coalition_weight_soft,5,0.42208544578581425,voter
3,lone_liar,soft_credibility,baseline,weight_minus_share,5,-0.07791455421418567,voter
3,lone_liar,soft_credibility,baseline,cred_coalition,5,1.551,voter
3,lone_liar,soft_credibility,baseline,cred_honest,5,2.973,voter
3,lone_liar,soft_credibility,baseline,uninformative_share,5,0.0,voter
3,lone_liar,soft_credibility,baseline,weight_on_uninformative,5,0.0,voter
3,lone_liar,soft_credibility,baseline,coalition_caught,5,0.475,voter
3,lone_liar,soft_credibility,baseline,argmax_differs,5,0.117,voter
3,lone_liar,soft_credibility,baseline,mean_top_is_coalition,5,0.906,voter
3,lone_liar,soft_credibility,baseline,soft_top_is_coalition,5,0.906,voter
3,lone_liar,soft_credibility,baseline,mean_skips,5,0.0,voter
3,lone_liar,soft_credibility,baseline,soft_skips,5,0.0,voter
3,lone_liar,soft_credibility,alibi_off,false_ejection_rate,5,0.206,outcome
3,lone_liar,soft_credibility,alibi_off,coalition_favorable_rate,5,0.954,outcome
3,lone_liar,soft_credibility,alibi_off,creator_ejection_rate,5,0.046,outcome
3,lone_liar,soft_credibility,alibi_off,creator_survival,5,0.954,outcome
3,lone_liar,soft_credibility,alibi_off,no_ejection_rate,5,0.748,outcome
3,lone_liar,soft_credibility,alibi_off,incident_rate,5,1.0,outcome
3,lone_liar,soft_credibility,catch_outside,false_ejection_rate,5,0.306,outcome
3,lone_liar,soft_credibility,catch_outside,coalition_favorable_rate,5,0.794,outcome
3,lone_liar,soft_credibility,catch_outside,creator_ejection_rate,5,0.198,outcome
3,lone_liar,soft_credibility,catch_outside,creator_survival,5,0.802,outcome
3,lone_liar,soft_credibility,catch_outside,no_ejection_rate,5,0.488,outcome
3,lone_liar,soft_credibility,catch_outside,incident_rate,5,1.0,outcome
3,lone_liar,sharp_credibility,baseline,false_ejection_rate,5,0.192,outcome
3,lone_liar,sharp_credibility,baseline,coalition_favorable_rate,5,0.806,outcome
3,lone_liar,sharp_credibility,baseline,creator_ejection_rate,5,0.17,outcome
3,lone_liar,sharp_credibility,baseline,creator_survival,5,0.83,outcome
3,lone_liar,sharp_credibility,baseline,no_ejection_rate,5,0.614,outcome
3,lone_liar,sharp_credibility,baseline,incident_rate,5,1.0,outcome
3,lone_liar,sharp_credibility,alibi_off,false_ejection_rate,5,0.208,outcome
3,lone_liar,sharp_credibility,alibi_off,coalition_favorable_rate,5,0.968,outcome
3,lone_liar,sharp_credibility,alibi_off,creator_ejection_rate,5,0.032,outcome
3,lone_liar,sharp_credibility,alibi_off,creator_survival,5,0.968,outcome
3,lone_liar,sharp_credibility,alibi_off,no_ejection_rate,5,0.76,outcome
3,lone_liar,sharp_credibility,alibi_off,incident_rate,5,1.0,outcome
3,lone_liar,sharp_credibility,catch_outside,false_ejection_rate,5,0.3,outcome
3,lone_liar,sharp_credibility,catch_outside,coalition_favorable_rate,5,0.794,outcome
3,lone_liar,sharp_credibility,catch_outside,creator_ejection_rate,5,0.198,outcome
3,lone_liar,sharp_credibility,catch_outside,creator_survival,5,0.802,outcome
3,lone_liar,sharp_credibility,catch_outside,no_ejection_rate,5,0.494,outcome
3,lone_liar,sharp_credibility,catch_outside,incident_rate,5,1.0,outcome
3,alibi,mean,baseline,false_ejection_rate,5,0.506,outcome
3,alibi,mean,baseline,coalition_favorable_rate,5,1.0,outcome
3,alibi,mean,baseline,creator_ejection_rate,5,0.0,outcome
3,alibi,mean,baseline,creator_survival,5,1.0,outcome
3,alibi,mean,baseline,no_ejection_rate,5,0.494,outcome
3,alibi,mean,baseline,incident_rate,5,1.0,outcome
3,alibi,mean,alibi_off,false_ejection_rate,5,0.398,outcome
3,alibi,mean,alibi_off,coalition_favorable_rate,5,1.0,outcome
3,alibi,mean,alibi_off,creator_ejection_rate,5,0.0,outcome
3,alibi,mean,alibi_off,creator_survival,5,1.0,outcome
3,alibi,mean,alibi_off,no_ejection_rate,5,0.602,outcome
3,alibi,mean,alibi_off,incident_rate,5,1.0,outcome
3,alibi,mean,catch_outside,false_ejection_rate,5,0.508,outcome
3,alibi,mean,catch_outside,coalition_favorable_rate,5,1.0,outcome
3,alibi,mean,catch_outside,creator_ejection_rate,5,0.0,outcome
3,alibi,mean,catch_outside,creator_survival,5,1.0,outcome
3,alibi,mean,catch_outside,no_ejection_rate,5,0.492,outcome
3,alibi,mean,catch_outside,incident_rate,5,1.0,outcome
3,alibi,soft_credibility,baseline,false_ejection_rate,5,0.532,outcome
3,alibi,soft_credibility,baseline,coalition_favorable_rate,5,1.0,outcome
3,alibi,soft_credibility,baseline,creator_ejection_rate,5,0.0,outcome
3,alibi,soft_credibility,baseline,creator_survival,5,1.0,outcome
3,alibi,soft_credibility,baseline,no_ejection_rate,5,0.468,outcome
3,alibi,soft_credibility,baseline,incident_rate,5,1.0,outcome
3,alibi,soft_credibility,baseline,n_speakers,5,4.0,voter
3,alibi,soft_credibility,baseline,coalition_share,5,0.5,voter
3,alibi,soft_credibility,baseline,coalition_weight_soft,5,0.26200503610309356,voter
3,alibi,soft_credibility,baseline,weight_minus_share,5,-0.23799496389690641,voter
3,alibi,soft_credibility,baseline,cred_coalition,5,0.1555,voter
3,alibi,soft_credibility,baseline,cred_honest,5,2.952,voter
3,alibi,soft_credibility,baseline,uninformative_share,5,0.0,voter
3,alibi,soft_credibility,baseline,weight_on_uninformative,5,0.0,voter
3,alibi,soft_credibility,baseline,coalition_caught,5,0.55,voter
3,alibi,soft_credibility,baseline,argmax_differs,5,0.152,voter
3,alibi,soft_credibility,baseline,mean_top_is_coalition,5,0.673,voter
3,alibi,soft_credibility,baseline,soft_top_is_coalition,5,0.617,voter
3,alibi,soft_credibility,baseline,mean_skips,5,0.0,voter
3,alibi,soft_credibility,baseline,soft_skips,5,0.011,voter
3,alibi,soft_credibility,alibi_off,false_ejection_rate,5,0.4,outcome
3,alibi,soft_credibility,alibi_off,coalition_favorable_rate,5,1.0,outcome
3,alibi,soft_credibility,alibi_off,creator_ejection_rate,5,0.0,outcome
3,alibi,soft_credibility,alibi_off,creator_survival,5,1.0,outcome
3,alibi,soft_credibility,alibi_off,no_ejection_rate,5,0.6,outcome
3,alibi,soft_credibility,alibi_off,incident_rate,5,1.0,outcome
3,alibi,soft_credibility,catch_outside,false_ejection_rate,5,0.506,outcome
3,alibi,soft_credibility,catch_outside,coalition_favorable_rate,5,1.0,outcome
3,alibi,soft_credibility,catch_outside,creator_ejection_rate,5,0.0,outcome
3,alibi,soft_credibility,catch_outside,creator_survival,5,1.0,outcome
3,alibi,soft_credibility,catch_outside,no_ejection_rate,5,0.494,outcome
3,alibi,soft_credibility,catch_outside,incident_rate,5,1.0,outcome
3,alibi,sharp_credibility,baseline,false_ejection_rate,5,0.502,outcome
3,alibi,sharp_credibility,baseline,coalition_favorable_rate,5,1.0,outcome
3,alibi,sharp_credibility,baseline,creator_ejection_rate,5,0.0,outcome
3,alibi,sharp_credibility,baseline,creator_survival,5,1.0,outcome
3,alibi,sharp_credibility,baseline,no_ejection_rate,5,0.498,outcome
3,alibi,sharp_credibility,baseline,incident_rate,5,1.0,outcome
3,alibi,sharp_credibility,alibi_off,false_ejection_rate,5,0.444,outcome
3,alibi,sharp_credibility,alibi_off,coalition_favorable_rate,5,1.0,outcome
3,alibi,sharp_credibility,alibi_off,creator_ejection_rate,5,0.0,outcome
3,alibi,sharp_credibility,alibi_off,creator_survival,5,1.0,outcome
3,alibi,sharp_credibility,alibi_off,no_ejection_rate,5,0.556,outcome
3,alibi,sharp_credibility,alibi_off,incident_rate,5,1.0,outcome
3,alibi,sharp_credibility,catch_outside,false_ejection_rate,5,0.468,outcome
3,alibi,sharp_credibility,catch_outside,coalition_favorable_rate,5,1.0,outcome
3,alibi,sharp_credibility,catch_outside,creator_ejection_rate,5,0.0,outcome
3,alibi,sharp_credibility,catch_outside,creator_survival,5,1.0,outcome
3,alibi,sharp_credibility,catch_outside,no_ejection_rate,5,0.532,outcome
3,alibi,sharp_credibility,catch_outside,incident_rate,5,1.0,outcome
3,framer,mean,baseline,false_ejection_rate,5,0.528,outcome
3,framer,mean,baseline,coalition_favorable_rate,5,1.0,outcome
3,framer,mean,baseline,creator_ejection_rate,5,0.0,outcome
3,framer,mean,baseline,creator_survival,5,1.0,outcome
3,framer,mean,baseline,no_ejection_rate,5,0.472,outcome
3,framer,mean,baseline,incident_rate,5,1.0,outcome
3,framer,mean,alibi_off,false_ejection_rate,5,0.53,outcome
3,framer,mean,alibi_off,coalition_favorable_rate,5,1.0,outcome
3,framer,mean,alibi_off,creator_ejection_rate,5,0.0,outcome
3,framer,mean,alibi_off,creator_survival,5,1.0,outcome
3,framer,mean,alibi_off,no_ejection_rate,5,0.47,outcome
3,framer,mean,alibi_off,incident_rate,5,1.0,outcome
3,framer,mean,catch_outside,false_ejection_rate,5,0.528,outcome
3,framer,mean,catch_outside,coalition_favorable_rate,5,1.0,outcome
3,framer,mean,catch_outside,creator_ejection_rate,5,0.0,outcome
3,framer,mean,catch_outside,creator_survival,5,1.0,outcome
3,framer,mean,catch_outside,no_ejection_rate,5,0.472,outcome
3,framer,mean,catch_outside,incident_rate,5,1.0,outcome
3,framer,soft_credibility,baseline,false_ejection_rate,5,0.52,outcome
3,framer,soft_credibility,baseline,coalition_favorable_rate,5,1.0,outcome
3,framer,soft_credibility,baseline,creator_ejection_rate,5,0.0,outcome
3,framer,soft_credibility,baseline,creator_survival,5,1.0,outcome
3,framer,soft_credibility,baseline,no_ejection_rate,5,0.48,outcome
3,framer,soft_credibility,baseline,incident_rate,5,1.0,outcome
3,framer,soft_credibility,baseline,n_speakers,5,4.0,voter
3,framer,soft_credibility,baseline,coalition_share,5,0.5,voter
3,framer,soft_credibility,baseline,coalition_weight_soft,5,0.14793797312078552,voter
3,framer,soft_credibility,baseline,weight_minus_share,5,-0.35206202687921445,voter
3,framer,soft_credibility,baseline,cred_coalition,5,-1.5435,voter
3,framer,soft_credibility,baseline,cred_honest,5,2.626,voter
3,framer,soft_credibility,baseline,uninformative_share,5,0.0,voter
3,framer,soft_credibility,baseline,weight_on_uninformative,5,0.0,voter
3,framer,soft_credibility,baseline,coalition_caught,5,0.784,voter
3,framer,soft_credibility,baseline,argmax_differs,5,0.003,voter
3,framer,soft_credibility,baseline,mean_top_is_coalition,5,0.737,voter
3,framer,soft_credibility,baseline,soft_top_is_coalition,5,0.74,voter
3,framer,soft_credibility,baseline,mean_skips,5,0.0,voter
3,framer,soft_credibility,baseline,soft_skips,5,0.0,voter
3,framer,soft_credibility,alibi_off,false_ejection_rate,5,0.522,outcome
3,framer,soft_credibility,alibi_off,coalition_favorable_rate,5,1.0,outcome
3,framer,soft_credibility,alibi_off,creator_ejection_rate,5,0.0,outcome
3,framer,soft_credibility,alibi_off,creator_survival,5,1.0,outcome
3,framer,soft_credibility,alibi_off,no_ejection_rate,5,0.478,outcome
3,framer,soft_credibility,alibi_off,incident_rate,5,1.0,outcome
3,framer,soft_credibility,catch_outside,false_ejection_rate,5,0.52,outcome
3,framer,soft_credibility,catch_outside,coalition_favorable_rate,5,1.0,outcome
3,framer,soft_credibility,catch_outside,creator_ejection_rate,5,0.0,outcome
3,framer,soft_credibility,catch_outside,creator_survival,5,1.0,outcome
3,framer,soft_credibility,catch_outside,no_ejection_rate,5,0.48,outcome
3,framer,soft_credibility,catch_outside,incident_rate,5,1.0,outcome
3,framer,sharp_credibility,baseline,false_ejection_rate,5,0.506,outcome
3,framer,sharp_credibility,baseline,coalition_favorable_rate,5,1.0,outcome
3,framer,sharp_credibility,baseline,creator_ejection_rate,5,0.0,outcome
3,framer,sharp_credibility,baseline,creator_survival,5,1.0,outcome
3,framer,sharp_credibility,baseline,no_ejection_rate,5,0.494,outcome
3,framer,sharp_credibility,baseline,incident_rate,5,1.0,outcome
3,framer,sharp_credibility,alibi_off,false_ejection_rate,5,0.508,outcome
3,framer,sharp_credibility,alibi_off,coalition_favorable_rate,5,1.0,outcome
3,framer,sharp_credibility,alibi_off,creator_ejection_rate,5,0.0,outcome
3,framer,sharp_credibility,alibi_off,creator_survival,5,1.0,outcome
3,framer,sharp_credibility,alibi_off,no_ejection_rate,5,0.492,outcome
3,framer,sharp_credibility,alibi_off,incident_rate,5,1.0,outcome
3,framer,sharp_credibility,catch_outside,false_ejection_rate,5,0.502,outcome
3,framer,sharp_credibility,catch_outside,coalition_favorable_rate,5,1.0,outcome
3,framer,sharp_credibility,catch_outside,creator_ejection_rate,5,0.0,outcome
3,framer,sharp_credibility,catch_outside,creator_survival,5,1.0,outcome
3,framer,sharp_credibility,catch_outside,no_ejection_rate,5,0.498,outcome
3,framer,sharp_credibility,catch_outside,incident_rate,5,1.0,outcome
3,truthful,mean,baseline,false_ejection_rate,6,0.0,outcome
3,truthful,mean,baseline,coalition_favorable_rate,6,0.95,outcome
3,truthful,mean,baseline,creator_ejection_rate,6,0.05,outcome
3,truthful,mean,baseline,creator_survival,6,0.95,outcome
3,truthful,mean,baseline,no_ejection_rate,6,0.95,outcome
3,truthful,mean,baseline,incident_rate,6,1.0,outcome
3,truthful,mean,alibi_off,false_ejection_rate,6,0.0,outcome
3,truthful,mean,alibi_off,coalition_favorable_rate,6,0.902,outcome
3,truthful,mean,alibi_off,creator_ejection_rate,6,0.098,outcome
3,truthful,mean,alibi_off,creator_survival,6,0.902,outcome
3,truthful,mean,alibi_off,no_ejection_rate,6,0.902,outcome
3,truthful,mean,alibi_off,incident_rate,6,1.0,outcome
3,truthful,mean,catch_outside,false_ejection_rate,6,0.0,outcome
3,truthful,mean,catch_outside,coalition_favorable_rate,6,0.95,outcome
3,truthful,mean,catch_outside,creator_ejection_rate,6,0.05,outcome
3,truthful,mean,catch_outside,creator_survival,6,0.95,outcome
3,truthful,mean,catch_outside,no_ejection_rate,6,0.95,outcome
3,truthful,mean,catch_outside,incident_rate,6,1.0,outcome
3,truthful,soft_credibility,baseline,false_ejection_rate,6,0.0,outcome
3,truthful,soft_credibility,baseline,coalition_favorable_rate,6,0.95,outcome
3,truthful,soft_credibility,baseline,creator_ejection_rate,6,0.05,outcome
3,truthful,soft_credibility,baseline,creator_survival,6,0.95,outcome
3,truthful,soft_credibility,baseline,no_ejection_rate,6,0.95,outcome
3,truthful,soft_credibility,baseline,incident_rate,6,1.0,outcome
3,truthful,soft_credibility,baseline,n_speakers,6,4.0,voter
3,truthful,soft_credibility,baseline,coalition_share,6,0.5,voter
3,truthful,soft_credibility,baseline,coalition_weight_soft,6,0.5,voter
3,truthful,soft_credibility,baseline,weight_minus_share,6,0.0,voter
3,truthful,soft_credibility,baseline,cred_coalition,6,3.0,voter
3,truthful,soft_credibility,baseline,cred_honest,6,3.0,voter
3,truthful,soft_credibility,baseline,uninformative_share,6,0.0,voter
3,truthful,soft_credibility,baseline,weight_on_uninformative,6,0.0,voter
3,truthful,soft_credibility,baseline,coalition_caught,6,0.0,voter
3,truthful,soft_credibility,baseline,argmax_differs,6,0.0,voter
3,truthful,soft_credibility,baseline,mean_top_is_coalition,6,1.0,voter
3,truthful,soft_credibility,baseline,soft_top_is_coalition,6,1.0,voter
3,truthful,soft_credibility,baseline,mean_skips,6,0.0,voter
3,truthful,soft_credibility,baseline,soft_skips,6,0.0,voter
3,truthful,soft_credibility,alibi_off,false_ejection_rate,6,0.0,outcome
3,truthful,soft_credibility,alibi_off,coalition_favorable_rate,6,0.902,outcome
3,truthful,soft_credibility,alibi_off,creator_ejection_rate,6,0.098,outcome
3,truthful,soft_credibility,alibi_off,creator_survival,6,0.902,outcome
3,truthful,soft_credibility,alibi_off,no_ejection_rate,6,0.902,outcome
3,truthful,soft_credibility,alibi_off,incident_rate,6,1.0,outcome
3,truthful,soft_credibility,catch_outside,false_ejection_rate,6,0.0,outcome
3,truthful,soft_credibility,catch_outside,coalition_favorable_rate,6,0.95,outcome
3,truthful,soft_credibility,catch_outside,creator_ejection_rate,6,0.05,outcome
3,truthful,soft_credibility,catch_outside,creator_survival,6,0.95,outcome
3,truthful,soft_credibility,catch_outside,no_ejection_rate,6,0.95,outcome
3,truthful,soft_credibility,catch_outside,incident_rate,6,1.0,outcome
3,truthful,sharp_credibility,baseline,false_ejection_rate,6,0.0,outcome
3,truthful,sharp_credibility,baseline,coalition_favorable_rate,6,0.95,outcome
3,truthful,sharp_credibility,baseline,creator_ejection_rate,6,0.05,outcome
3,truthful,sharp_credibility,baseline,creator_survival,6,0.95,outcome
3,truthful,sharp_credibility,baseline,no_ejection_rate,6,0.95,outcome
3,truthful,sharp_credibility,baseline,incident_rate,6,1.0,outcome
3,truthful,sharp_credibility,alibi_off,false_ejection_rate,6,0.0,outcome
3,truthful,sharp_credibility,alibi_off,coalition_favorable_rate,6,0.902,outcome
3,truthful,sharp_credibility,alibi_off,creator_ejection_rate,6,0.098,outcome
3,truthful,sharp_credibility,alibi_off,creator_survival,6,0.902,outcome
3,truthful,sharp_credibility,alibi_off,no_ejection_rate,6,0.902,outcome
3,truthful,sharp_credibility,alibi_off,incident_rate,6,1.0,outcome
3,truthful,sharp_credibility,catch_outside,false_ejection_rate,6,0.0,outcome
3,truthful,sharp_credibility,catch_outside,coalition_favorable_rate,6,0.95,outcome
3,truthful,sharp_credibility,catch_outside,creator_ejection_rate,6,0.05,outcome
3,truthful,sharp_credibility,catch_outside,creator_survival,6,0.95,outcome
3,truthful,sharp_credibility,catch_outside,no_ejection_rate,6,0.95,outcome
3,truthful,sharp_credibility,catch_outside,incident_rate,6,1.0,outcome
3,lone_liar,mean,baseline,false_ejection_rate,6,0.336,outcome
3,lone_liar,mean,baseline,coalition_favorable_rate,6,0.828,outcome
3,lone_liar,mean,baseline,creator_ejection_rate,6,0.166,outcome
3,lone_liar,mean,baseline,creator_survival,6,0.834,outcome
3,lone_liar,mean,baseline,no_ejection_rate,6,0.492,outcome
3,lone_liar,mean,baseline,incident_rate,6,1.0,outcome
3,lone_liar,mean,alibi_off,false_ejection_rate,6,0.356,outcome
3,lone_liar,mean,alibi_off,coalition_favorable_rate,6,0.97,outcome
3,lone_liar,mean,alibi_off,creator_ejection_rate,6,0.03,outcome
3,lone_liar,mean,alibi_off,creator_survival,6,0.97,outcome
3,lone_liar,mean,alibi_off,no_ejection_rate,6,0.614,outcome
3,lone_liar,mean,alibi_off,incident_rate,6,1.0,outcome
3,lone_liar,mean,catch_outside,false_ejection_rate,6,0.336,outcome
3,lone_liar,mean,catch_outside,coalition_favorable_rate,6,0.828,outcome
3,lone_liar,mean,catch_outside,creator_ejection_rate,6,0.166,outcome
3,lone_liar,mean,catch_outside,creator_survival,6,0.834,outcome
3,lone_liar,mean,catch_outside,no_ejection_rate,6,0.492,outcome
3,lone_liar,mean,catch_outside,incident_rate,6,1.0,outcome
3,lone_liar,soft_credibility,baseline,false_ejection_rate,6,0.17,outcome
3,lone_liar,soft_credibility,baseline,coalition_favorable_rate,6,0.828,outcome
3,lone_liar,soft_credibility,baseline,creator_ejection_rate,6,0.162,outcome
3,lone_liar,soft_credibility,baseline,creator_survival,6,0.838,outcome
3,lone_liar,soft_credibility,baseline,no_ejection_rate,6,0.658,outcome
3,lone_liar,soft_credibility,baseline,incident_rate,6,1.0,outcome
3,lone_liar,soft_credibility,baseline,n_speakers,6,4.0,voter
3,lone_liar,soft_credibility,baseline,coalition_share,6,0.5,voter
3,lone_liar,soft_credibility,baseline,coalition_weight_soft,6,0.42264883168472644,voter
3,lone_liar,soft_credibility,baseline,weight_minus_share,6,-0.07735116831527353,voter
3,lone_liar,soft_credibility,baseline,cred_coalition,6,1.5745,voter
3,lone_liar,soft_credibility,baseline,cred_honest,6,2.983,voter
3,lone_liar,soft_credibility,baseline,uninformative_share,6,0.0,voter
3,lone_liar,soft_credibility,baseline,weight_on_uninformative,6,0.0,voter
3,lone_liar,soft_credibility,baseline,coalition_caught,6,0.469,voter
3,lone_liar,soft_credibility,baseline,argmax_differs,6,0.133,voter
3,lone_liar,soft_credibility,baseline,mean_top_is_coalition,6,0.896,voter
3,lone_liar,soft_credibility,baseline,soft_top_is_coalition,6,0.896,voter
3,lone_liar,soft_credibility,baseline,mean_skips,6,0.0,voter
3,lone_liar,soft_credibility,baseline,soft_skips,6,0.0,voter
3,lone_liar,soft_credibility,alibi_off,false_ejection_rate,6,0.19,outcome
3,lone_liar,soft_credibility,alibi_off,coalition_favorable_rate,6,0.97,outcome
3,lone_liar,soft_credibility,alibi_off,creator_ejection_rate,6,0.03,outcome
3,lone_liar,soft_credibility,alibi_off,creator_survival,6,0.97,outcome
3,lone_liar,soft_credibility,alibi_off,no_ejection_rate,6,0.78,outcome
3,lone_liar,soft_credibility,alibi_off,incident_rate,6,1.0,outcome
3,lone_liar,soft_credibility,catch_outside,false_ejection_rate,6,0.336,outcome
3,lone_liar,soft_credibility,catch_outside,coalition_favorable_rate,6,0.828,outcome
3,lone_liar,soft_credibility,catch_outside,creator_ejection_rate,6,0.166,outcome
3,lone_liar,soft_credibility,catch_outside,creator_survival,6,0.834,outcome
3,lone_liar,soft_credibility,catch_outside,no_ejection_rate,6,0.492,outcome
3,lone_liar,soft_credibility,catch_outside,incident_rate,6,1.0,outcome
3,lone_liar,sharp_credibility,baseline,false_ejection_rate,6,0.182,outcome
3,lone_liar,sharp_credibility,baseline,coalition_favorable_rate,6,0.836,outcome
3,lone_liar,sharp_credibility,baseline,creator_ejection_rate,6,0.148,outcome
3,lone_liar,sharp_credibility,baseline,creator_survival,6,0.852,outcome
3,lone_liar,sharp_credibility,baseline,no_ejection_rate,6,0.654,outcome
3,lone_liar,sharp_credibility,baseline,incident_rate,6,1.0,outcome
3,lone_liar,sharp_credibility,alibi_off,false_ejection_rate,6,0.182,outcome
3,lone_liar,sharp_credibility,alibi_off,coalition_favorable_rate,6,0.976,outcome
3,lone_liar,sharp_credibility,alibi_off,creator_ejection_rate,6,0.024,outcome
3,lone_liar,sharp_credibility,alibi_off,creator_survival,6,0.976,outcome
3,lone_liar,sharp_credibility,alibi_off,no_ejection_rate,6,0.794,outcome
3,lone_liar,sharp_credibility,alibi_off,incident_rate,6,1.0,outcome
3,lone_liar,sharp_credibility,catch_outside,false_ejection_rate,6,0.334,outcome
3,lone_liar,sharp_credibility,catch_outside,coalition_favorable_rate,6,0.828,outcome
3,lone_liar,sharp_credibility,catch_outside,creator_ejection_rate,6,0.166,outcome
3,lone_liar,sharp_credibility,catch_outside,creator_survival,6,0.834,outcome
3,lone_liar,sharp_credibility,catch_outside,no_ejection_rate,6,0.494,outcome
3,lone_liar,sharp_credibility,catch_outside,incident_rate,6,1.0,outcome
3,alibi,mean,baseline,false_ejection_rate,6,0.488,outcome
3,alibi,mean,baseline,coalition_favorable_rate,6,1.0,outcome
3,alibi,mean,baseline,creator_ejection_rate,6,0.0,outcome
3,alibi,mean,baseline,creator_survival,6,1.0,outcome
3,alibi,mean,baseline,no_ejection_rate,6,0.512,outcome
3,alibi,mean,baseline,incident_rate,6,1.0,outcome
3,alibi,mean,alibi_off,false_ejection_rate,6,0.394,outcome
3,alibi,mean,alibi_off,coalition_favorable_rate,6,1.0,outcome
3,alibi,mean,alibi_off,creator_ejection_rate,6,0.0,outcome
3,alibi,mean,alibi_off,creator_survival,6,1.0,outcome
3,alibi,mean,alibi_off,no_ejection_rate,6,0.606,outcome
3,alibi,mean,alibi_off,incident_rate,6,1.0,outcome
3,alibi,mean,catch_outside,false_ejection_rate,6,0.488,outcome
3,alibi,mean,catch_outside,coalition_favorable_rate,6,1.0,outcome
3,alibi,mean,catch_outside,creator_ejection_rate,6,0.0,outcome
3,alibi,mean,catch_outside,creator_survival,6,1.0,outcome
3,alibi,mean,catch_outside,no_ejection_rate,6,0.512,outcome
3,alibi,mean,catch_outside,incident_rate,6,1.0,outcome
3,alibi,soft_credibility,baseline,false_ejection_rate,6,0.506,outcome
3,alibi,soft_credibility,baseline,coalition_favorable_rate,6,1.0,outcome
3,alibi,soft_credibility,baseline,creator_ejection_rate,6,0.0,outcome
3,alibi,soft_credibility,baseline,creator_survival,6,1.0,outcome
3,alibi,soft_credibility,baseline,no_ejection_rate,6,0.494,outcome
3,alibi,soft_credibility,baseline,incident_rate,6,1.0,outcome
3,alibi,soft_credibility,baseline,n_speakers,6,4.0,voter
3,alibi,soft_credibility,baseline,coalition_share,6,0.5,voter
3,alibi,soft_credibility,baseline,coalition_weight_soft,6,0.25483350002753047,voter
3,alibi,soft_credibility,baseline,weight_minus_share,6,-0.24516649997246953,voter
3,alibi,soft_credibility,baseline,cred_coalition,6,0.0615,voter
3,alibi,soft_credibility,baseline,cred_honest,6,2.965,voter
3,alibi,soft_credibility,baseline,uninformative_share,6,0.0,voter
3,alibi,soft_credibility,baseline,weight_on_uninformative,6,0.0,voter
3,alibi,soft_credibility,baseline,coalition_caught,6,0.589,voter
3,alibi,soft_credibility,baseline,argmax_differs,6,0.191,voter
3,alibi,soft_credibility,baseline,mean_top_is_coalition,6,0.682,voter
3,alibi,soft_credibility,baseline,soft_top_is_coalition,6,0.62,voter
3,alibi,soft_credibility,baseline,mean_skips,6,0.0,voter
3,alibi,soft_credibility,baseline,soft_skips,6,0.019,voter
3,alibi,soft_credibility,alibi_off,false_ejection_rate,6,0.354,outcome
3,alibi,soft_credibility,alibi_off,coalition_favorable_rate,6,1.0,outcome
3,alibi,soft_credibility,alibi_off,creator_ejection_rate,6,0.0,outcome
3,alibi,soft_credibility,alibi_off,creator_survival,6,1.0,outcome
3,alibi,soft_credibility,alibi_off,no_ejection_rate,6,0.646,outcome
3,alibi,soft_credibility,alibi_off,incident_rate,6,1.0,outcome
3,alibi,soft_credibility,catch_outside,false_ejection_rate,6,0.476,outcome
3,alibi,soft_credibility,catch_outside,coalition_favorable_rate,6,1.0,outcome
3,alibi,soft_credibility,catch_outside,creator_ejection_rate,6,0.0,outcome
3,alibi,soft_credibility,catch_outside,creator_survival,6,1.0,outcome
3,alibi,soft_credibility,catch_outside,no_ejection_rate,6,0.524,outcome
3,alibi,soft_credibility,catch_outside,incident_rate,6,1.0,outcome
3,alibi,sharp_credibility,baseline,false_ejection_rate,6,0.488,outcome
3,alibi,sharp_credibility,baseline,coalition_favorable_rate,6,1.0,outcome
3,alibi,sharp_credibility,baseline,creator_ejection_rate,6,0.0,outcome
3,alibi,sharp_credibility,baseline,creator_survival,6,1.0,outcome
3,alibi,sharp_credibility,baseline,no_ejection_rate,6,0.512,outcome
3,alibi,sharp_credibility,baseline,incident_rate,6,1.0,outcome
3,alibi,sharp_credibility,alibi_off,false_ejection_rate,6,0.408,outcome
3,alibi,sharp_credibility,alibi_off,coalition_favorable_rate,6,1.0,outcome
3,alibi,sharp_credibility,alibi_off,creator_ejection_rate,6,0.0,outcome
3,alibi,sharp_credibility,alibi_off,creator_survival,6,1.0,outcome
3,alibi,sharp_credibility,alibi_off,no_ejection_rate,6,0.592,outcome
3,alibi,sharp_credibility,alibi_off,incident_rate,6,1.0,outcome
3,alibi,sharp_credibility,catch_outside,false_ejection_rate,6,0.42,outcome
3,alibi,sharp_credibility,catch_outside,coalition_favorable_rate,6,1.0,outcome
3,alibi,sharp_credibility,catch_outside,creator_ejection_rate,6,0.0,outcome
3,alibi,sharp_credibility,catch_outside,creator_survival,6,1.0,outcome
3,alibi,sharp_credibility,catch_outside,no_ejection_rate,6,0.58,outcome
3,alibi,sharp_credibility,catch_outside,incident_rate,6,1.0,outcome
3,framer,mean,baseline,false_ejection_rate,6,0.564,outcome
3,framer,mean,baseline,coalition_favorable_rate,6,1.0,outcome
3,framer,mean,baseline,creator_ejection_rate,6,0.0,outcome
3,framer,mean,baseline,creator_survival,6,1.0,outcome
3,framer,mean,baseline,no_ejection_rate,6,0.436,outcome
3,framer,mean,baseline,incident_rate,6,1.0,outcome
3,framer,mean,alibi_off,false_ejection_rate,6,0.566,outcome
3,framer,mean,alibi_off,coalition_favorable_rate,6,1.0,outcome
3,framer,mean,alibi_off,creator_ejection_rate,6,0.0,outcome
3,framer,mean,alibi_off,creator_survival,6,1.0,outcome
3,framer,mean,alibi_off,no_ejection_rate,6,0.434,outcome
3,framer,mean,alibi_off,incident_rate,6,1.0,outcome
3,framer,mean,catch_outside,false_ejection_rate,6,0.564,outcome
3,framer,mean,catch_outside,coalition_favorable_rate,6,1.0,outcome
3,framer,mean,catch_outside,creator_ejection_rate,6,0.0,outcome
3,framer,mean,catch_outside,creator_survival,6,1.0,outcome
3,framer,mean,catch_outside,no_ejection_rate,6,0.436,outcome
3,framer,mean,catch_outside,incident_rate,6,1.0,outcome
3,framer,soft_credibility,baseline,false_ejection_rate,6,0.56,outcome
3,framer,soft_credibility,baseline,coalition_favorable_rate,6,1.0,outcome
3,framer,soft_credibility,baseline,creator_ejection_rate,6,0.0,outcome
3,framer,soft_credibility,baseline,creator_survival,6,1.0,outcome
3,framer,soft_credibility,baseline,no_ejection_rate,6,0.44,outcome
3,framer,soft_credibility,baseline,incident_rate,6,1.0,outcome
3,framer,soft_credibility,baseline,n_speakers,6,4.0,voter
3,framer,soft_credibility,baseline,coalition_share,6,0.5,voter
3,framer,soft_credibility,baseline,coalition_weight_soft,6,0.154339911014623,voter
3,framer,soft_credibility,baseline,weight_minus_share,6,-0.3456600889853769,voter
3,framer,soft_credibility,baseline,cred_coalition,6,-1.448,voter
3,framer,soft_credibility,baseline,cred_honest,6,2.659,voter
3,framer,soft_credibility,baseline,uninformative_share,6,0.0,voter
3,framer,soft_credibility,baseline,weight_on_uninformative,6,0.0,voter
3,framer,soft_credibility,baseline,coalition_caught,6,0.762,voter
3,framer,soft_credibility,baseline,argmax_differs,6,0.005,voter
3,framer,soft_credibility,baseline,mean_top_is_coalition,6,0.716,voter
3,framer,soft_credibility,baseline,soft_top_is_coalition,6,0.72,voter
3,framer,soft_credibility,baseline,mean_skips,6,0.0,voter
3,framer,soft_credibility,baseline,soft_skips,6,0.0,voter
3,framer,soft_credibility,alibi_off,false_ejection_rate,6,0.56,outcome
3,framer,soft_credibility,alibi_off,coalition_favorable_rate,6,1.0,outcome
3,framer,soft_credibility,alibi_off,creator_ejection_rate,6,0.0,outcome
3,framer,soft_credibility,alibi_off,creator_survival,6,1.0,outcome
3,framer,soft_credibility,alibi_off,no_ejection_rate,6,0.44,outcome
3,framer,soft_credibility,alibi_off,incident_rate,6,1.0,outcome
3,framer,soft_credibility,catch_outside,false_ejection_rate,6,0.56,outcome
3,framer,soft_credibility,catch_outside,coalition_favorable_rate,6,1.0,outcome
3,framer,soft_credibility,catch_outside,creator_ejection_rate,6,0.0,outcome
3,framer,soft_credibility,catch_outside,creator_survival,6,1.0,outcome
3,framer,soft_credibility,catch_outside,no_ejection_rate,6,0.44,outcome
3,framer,soft_credibility,catch_outside,incident_rate,6,1.0,outcome
3,framer,sharp_credibility,baseline,false_ejection_rate,6,0.546,outcome
3,framer,sharp_credibility,baseline,coalition_favorable_rate,6,1.0,outcome
3,framer,sharp_credibility,baseline,creator_ejection_rate,6,0.0,outcome
3,framer,sharp_credibility,baseline,creator_survival,6,1.0,outcome
3,framer,sharp_credibility,baseline,no_ejection_rate,6,0.454,outcome
3,framer,sharp_credibility,baseline,incident_rate,6,1.0,outcome
3,framer,sharp_credibility,alibi_off,false_ejection_rate,6,0.55,outcome
3,framer,sharp_credibility,alibi_off,coalition_favorable_rate,6,1.0,outcome
3,framer,sharp_credibility,alibi_off,creator_ejection_rate,6,0.0,outcome
3,framer,sharp_credibility,alibi_off,creator_survival,6,1.0,outcome
3,framer,sharp_credibility,alibi_off,no_ejection_rate,6,0.45,outcome
3,framer,sharp_credibility,alibi_off,incident_rate,6,1.0,outcome
3,framer,sharp_credibility,catch_outside,false_ejection_rate,6,0.544,outcome
3,framer,sharp_credibility,catch_outside,coalition_favorable_rate,6,1.0,outcome
3,framer,sharp_credibility,catch_outside,creator_ejection_rate,6,0.0,outcome
3,framer,sharp_credibility,catch_outside,creator_survival,6,1.0,outcome
3,framer,sharp_credibility,catch_outside,no_ejection_rate,6,0.456,outcome
3,framer,sharp_credibility,catch_outside,incident_rate,6,1.0,outcome
3,truthful,mean,baseline,false_ejection_rate,7,0.0,outcome
3,truthful,mean,baseline,coalition_favorable_rate,7,0.95,outcome
3,truthful,mean,baseline,creator_ejection_rate,7,0.05,outcome
3,truthful,mean,baseline,creator_survival,7,0.95,outcome
3,truthful,mean,baseline,no_ejection_rate,7,0.95,outcome
3,truthful,mean,baseline,incident_rate,7,1.0,outcome
3,truthful,mean,alibi_off,false_ejection_rate,7,0.0,outcome
3,truthful,mean,alibi_off,coalition_favorable_rate,7,0.906,outcome
3,truthful,mean,alibi_off,creator_ejection_rate,7,0.094,outcome
3,truthful,mean,alibi_off,creator_survival,7,0.906,outcome
3,truthful,mean,alibi_off,no_ejection_rate,7,0.906,outcome
3,truthful,mean,alibi_off,incident_rate,7,1.0,outcome
3,truthful,mean,catch_outside,false_ejection_rate,7,0.0,outcome
3,truthful,mean,catch_outside,coalition_favorable_rate,7,0.95,outcome
3,truthful,mean,catch_outside,creator_ejection_rate,7,0.05,outcome
3,truthful,mean,catch_outside,creator_survival,7,0.95,outcome
3,truthful,mean,catch_outside,no_ejection_rate,7,0.95,outcome
3,truthful,mean,catch_outside,incident_rate,7,1.0,outcome
3,truthful,soft_credibility,baseline,false_ejection_rate,7,0.0,outcome
3,truthful,soft_credibility,baseline,coalition_favorable_rate,7,0.95,outcome
3,truthful,soft_credibility,baseline,creator_ejection_rate,7,0.05,outcome
3,truthful,soft_credibility,baseline,creator_survival,7,0.95,outcome
3,truthful,soft_credibility,baseline,no_ejection_rate,7,0.95,outcome
3,truthful,soft_credibility,baseline,incident_rate,7,1.0,outcome
3,truthful,soft_credibility,baseline,n_speakers,7,4.0,voter
3,truthful,soft_credibility,baseline,coalition_share,7,0.5,voter
3,truthful,soft_credibility,baseline,coalition_weight_soft,7,0.5,voter
3,truthful,soft_credibility,baseline,weight_minus_share,7,0.0,voter
3,truthful,soft_credibility,baseline,cred_coalition,7,3.0,voter
3,truthful,soft_credibility,baseline,cred_honest,7,3.0,voter
3,truthful,soft_credibility,baseline,uninformative_share,7,0.0,voter
3,truthful,soft_credibility,baseline,weight_on_uninformative,7,0.0,voter
3,truthful,soft_credibility,baseline,coalition_caught,7,0.0,voter
3,truthful,soft_credibility,baseline,argmax_differs,7,0.0,voter
3,truthful,soft_credibility,baseline,mean_top_is_coalition,7,1.0,voter
3,truthful,soft_credibility,baseline,soft_top_is_coalition,7,1.0,voter
3,truthful,soft_credibility,baseline,mean_skips,7,0.0,voter
3,truthful,soft_credibility,baseline,soft_skips,7,0.0,voter
3,truthful,soft_credibility,alibi_off,false_ejection_rate,7,0.0,outcome
3,truthful,soft_credibility,alibi_off,coalition_favorable_rate,7,0.906,outcome
3,truthful,soft_credibility,alibi_off,creator_ejection_rate,7,0.094,outcome
3,truthful,soft_credibility,alibi_off,creator_survival,7,0.906,outcome
3,truthful,soft_credibility,alibi_off,no_ejection_rate,7,0.906,outcome
3,truthful,soft_credibility,alibi_off,incident_rate,7,1.0,outcome
3,truthful,soft_credibility,catch_outside,false_ejection_rate,7,0.0,outcome
3,truthful,soft_credibility,catch_outside,coalition_favorable_rate,7,0.95,outcome
3,truthful,soft_credibility,catch_outside,creator_ejection_rate,7,0.05,outcome
3,truthful,soft_credibility,catch_outside,creator_survival,7,0.95,outcome
3,truthful,soft_credibility,catch_outside,no_ejection_rate,7,0.95,outcome
3,truthful,soft_credibility,catch_outside,incident_rate,7,1.0,outcome
3,truthful,sharp_credibility,baseline,false_ejection_rate,7,0.0,outcome
3,truthful,sharp_credibility,baseline,coalition_favorable_rate,7,0.95,outcome
3,truthful,sharp_credibility,baseline,creator_ejection_rate,7,0.05,outcome
3,truthful,sharp_credibility,baseline,creator_survival,7,0.95,outcome
3,truthful,sharp_credibility,baseline,no_ejection_rate,7,0.95,outcome
3,truthful,sharp_credibility,baseline,incident_rate,7,1.0,outcome
3,truthful,sharp_credibility,alibi_off,false_ejection_rate,7,0.0,outcome
3,truthful,sharp_credibility,alibi_off,coalition_favorable_rate,7,0.906,outcome
3,truthful,sharp_credibility,alibi_off,creator_ejection_rate,7,0.094,outcome
3,truthful,sharp_credibility,alibi_off,creator_survival,7,0.906,outcome
3,truthful,sharp_credibility,alibi_off,no_ejection_rate,7,0.906,outcome
3,truthful,sharp_credibility,alibi_off,incident_rate,7,1.0,outcome
3,truthful,sharp_credibility,catch_outside,false_ejection_rate,7,0.0,outcome
3,truthful,sharp_credibility,catch_outside,coalition_favorable_rate,7,0.95,outcome
3,truthful,sharp_credibility,catch_outside,creator_ejection_rate,7,0.05,outcome
3,truthful,sharp_credibility,catch_outside,creator_survival,7,0.95,outcome
3,truthful,sharp_credibility,catch_outside,no_ejection_rate,7,0.95,outcome
3,truthful,sharp_credibility,catch_outside,incident_rate,7,1.0,outcome
3,lone_liar,mean,baseline,false_ejection_rate,7,0.326,outcome
3,lone_liar,mean,baseline,coalition_favorable_rate,7,0.822,outcome
3,lone_liar,mean,baseline,creator_ejection_rate,7,0.168,outcome
3,lone_liar,mean,baseline,creator_survival,7,0.832,outcome
3,lone_liar,mean,baseline,no_ejection_rate,7,0.496,outcome
3,lone_liar,mean,baseline,incident_rate,7,1.0,outcome
3,lone_liar,mean,alibi_off,false_ejection_rate,7,0.376,outcome
3,lone_liar,mean,alibi_off,coalition_favorable_rate,7,0.96,outcome
3,lone_liar,mean,alibi_off,creator_ejection_rate,7,0.04,outcome
3,lone_liar,mean,alibi_off,creator_survival,7,0.96,outcome
3,lone_liar,mean,alibi_off,no_ejection_rate,7,0.584,outcome
3,lone_liar,mean,alibi_off,incident_rate,7,1.0,outcome
3,lone_liar,mean,catch_outside,false_ejection_rate,7,0.326,outcome
3,lone_liar,mean,catch_outside,coalition_favorable_rate,7,0.822,outcome
3,lone_liar,mean,catch_outside,creator_ejection_rate,7,0.168,outcome
3,lone_liar,mean,catch_outside,creator_survival,7,0.832,outcome
3,lone_liar,mean,catch_outside,no_ejection_rate,7,0.496,outcome
3,lone_liar,mean,catch_outside,incident_rate,7,1.0,outcome
3,lone_liar,soft_credibility,baseline,false_ejection_rate,7,0.152,outcome
3,lone_liar,soft_credibility,baseline,coalition_favorable_rate,7,0.822,outcome
3,lone_liar,soft_credibility,baseline,creator_ejection_rate,7,0.166,outcome
3,lone_liar,soft_credibility,baseline,creator_survival,7,0.834,outcome
3,lone_liar,soft_credibility,baseline,no_ejection_rate,7,0.67,outcome
3,lone_liar,soft_credibility,baseline,incident_rate,7,1.0,outcome
3,lone_liar,soft_credibility,baseline,n_speakers,7,4.0,voter
3,lone_liar,soft_credibility,baseline,coalition_share,7,0.5,voter
3,lone_liar,soft_credibility,baseline,coalition_weight_soft,7,0.4202129687596292,voter
3,lone_liar,soft_credibility,baseline,weight_minus_share,7,-0.0797870312403707,voter
3,lone_liar,soft_credibility,baseline,cred_coalition,7,1.5725,voter
3,lone_liar,soft_credibility,baseline,cred_honest,7,2.994,voter
3,lone_liar,soft_credibility,baseline,uninformative_share,7,0.0,voter
3,lone_liar,soft_credibility,baseline,weight_on_uninformative,7,0.0,voter
3,lone_liar,soft_credibility,baseline,coalition_caught,7,0.467,voter
3,lone_liar,soft_credibility,baseline,argmax_differs,7,0.127,voter
3,lone_liar,soft_credibility,baseline,mean_top_is_coalition,7,0.916,voter
3,lone_liar,soft_credibility,baseline,soft_top_is_coalition,7,0.916,voter
3,lone_liar,soft_credibility,baseline,mean_skips,7,0.0,voter
3,lone_liar,soft_credibility,baseline,soft_skips,7,0.0,voter
3,lone_liar,soft_credibility,alibi_off,false_ejection_rate,7,0.202,outcome
3,lone_liar,soft_credibility,alibi_off,coalition_favorable_rate,7,0.96,outcome
3,lone_liar,soft_credibility,alibi_off,creator_ejection_rate,7,0.04,outcome
3,lone_liar,soft_credibility,alibi_off,creator_survival,7,0.96,outcome
3,lone_liar,soft_credibility,alibi_off,no_ejection_rate,7,0.758,outcome
3,lone_liar,soft_credibility,alibi_off,incident_rate,7,1.0,outcome
3,lone_liar,soft_credibility,catch_outside,false_ejection_rate,7,0.322,outcome
3,lone_liar,soft_credibility,catch_outside,coalition_favorable_rate,7,0.822,outcome
3,lone_liar,soft_credibility,catch_outside,creator_ejection_rate,7,0.168,outcome
3,lone_liar,soft_credibility,catch_outside,creator_survival,7,0.832,outcome
3,lone_liar,soft_credibility,catch_outside,no_ejection_rate,7,0.5,outcome
3,lone_liar,soft_credibility,catch_outside,incident_rate,7,1.0,outcome
3,lone_liar,sharp_credibility,baseline,false_ejection_rate,7,0.172,outcome
3,lone_liar,sharp_credibility,baseline,coalition_favorable_rate,7,0.832,outcome
3,lone_liar,sharp_credibility,baseline,creator_ejection_rate,7,0.14,outcome
3,lone_liar,sharp_credibility,baseline,creator_survival,7,0.86,outcome
3,lone_liar,sharp_credibility,baseline,no_ejection_rate,7,0.66,outcome
3,lone_liar,sharp_credibility,baseline,incident_rate,7,1.0,outcome
3,lone_liar,sharp_credibility,alibi_off,false_ejection_rate,7,0.202,outcome
3,lone_liar,sharp_credibility,alibi_off,coalition_favorable_rate,7,0.972,outcome
3,lone_liar,sharp_credibility,alibi_off,creator_ejection_rate,7,0.028,outcome
3,lone_liar,sharp_credibility,alibi_off,creator_survival,7,0.972,outcome
3,lone_liar,sharp_credibility,alibi_off,no_ejection_rate,7,0.77,outcome
3,lone_liar,sharp_credibility,alibi_off,incident_rate,7,1.0,outcome
3,lone_liar,sharp_credibility,catch_outside,false_ejection_rate,7,0.318,outcome
3,lone_liar,sharp_credibility,catch_outside,coalition_favorable_rate,7,0.822,outcome
3,lone_liar,sharp_credibility,catch_outside,creator_ejection_rate,7,0.168,outcome
3,lone_liar,sharp_credibility,catch_outside,creator_survival,7,0.832,outcome
3,lone_liar,sharp_credibility,catch_outside,no_ejection_rate,7,0.504,outcome
3,lone_liar,sharp_credibility,catch_outside,incident_rate,7,1.0,outcome
3,alibi,mean,baseline,false_ejection_rate,7,0.532,outcome
3,alibi,mean,baseline,coalition_favorable_rate,7,1.0,outcome
3,alibi,mean,baseline,creator_ejection_rate,7,0.0,outcome
3,alibi,mean,baseline,creator_survival,7,1.0,outcome
3,alibi,mean,baseline,no_ejection_rate,7,0.468,outcome
3,alibi,mean,baseline,incident_rate,7,1.0,outcome
3,alibi,mean,alibi_off,false_ejection_rate,7,0.412,outcome
3,alibi,mean,alibi_off,coalition_favorable_rate,7,1.0,outcome
3,alibi,mean,alibi_off,creator_ejection_rate,7,0.0,outcome
3,alibi,mean,alibi_off,creator_survival,7,1.0,outcome
3,alibi,mean,alibi_off,no_ejection_rate,7,0.588,outcome
3,alibi,mean,alibi_off,incident_rate,7,1.0,outcome
3,alibi,mean,catch_outside,false_ejection_rate,7,0.534,outcome
3,alibi,mean,catch_outside,coalition_favorable_rate,7,1.0,outcome
3,alibi,mean,catch_outside,creator_ejection_rate,7,0.0,outcome
3,alibi,mean,catch_outside,creator_survival,7,1.0,outcome
3,alibi,mean,catch_outside,no_ejection_rate,7,0.466,outcome
3,alibi,mean,catch_outside,incident_rate,7,1.0,outcome
3,alibi,soft_credibility,baseline,false_ejection_rate,7,0.54,outcome
3,alibi,soft_credibility,baseline,coalition_favorable_rate,7,1.0,outcome
3,alibi,soft_credibility,baseline,creator_ejection_rate,7,0.0,outcome
3,alibi,soft_credibility,baseline,creator_survival,7,1.0,outcome
3,alibi,soft_credibility,baseline,no_ejection_rate,7,0.46,outcome
3,alibi,soft_credibility,baseline,incident_rate,7,1.0,outcome
3,alibi,soft_credibility,baseline,n_speakers,7,4.0,voter
3,alibi,soft_credibility,baseline,coalition_share,7,0.5,voter
3,alibi,soft_credibility,baseline,coalition_weight_soft,7,0.26731857979187273,voter
3,alibi,soft_credibility,baseline,weight_minus_share,7,-0.23268142020812732,voter
3,alibi,soft_credibility,baseline,cred_coalition,7,0.22,voter
3,alibi,soft_credibility,baseline,cred_honest,7,2.972,voter
3,alibi,soft_credibility,baseline,uninformative_share,7,0.0,voter
3,alibi,soft_credibility,baseline,weight_on_uninformative,7,0.0,voter
3,alibi,soft_credibility,baseline,coalition_caught,7,0.543,voter
3,alibi,soft_credibility,baseline,argmax_differs,7,0.163,voter
3,alibi,soft_credibility,baseline,mean_top_is_coalition,7,0.663,voter
3,alibi,soft_credibility,baseline,soft_top_is_coalition,7,0.599,voter
3,alibi,soft_credibility,baseline,mean_skips,7,0.0,voter
3,alibi,soft_credibility,baseline,soft_skips,7,0.008,voter
3,alibi,soft_credibility,alibi_off,false_ejection_rate,7,0.384,outcome
3,alibi,soft_credibility,alibi_off,coalition_favorable_rate,7,1.0,outcome
3,alibi,soft_credibility,alibi_off,creator_ejection_rate,7,0.0,outcome
3,alibi,soft_credibility,alibi_off,creator_survival,7,1.0,outcome
3,alibi,soft_credibility,alibi_off,no_ejection_rate,7,0.616,outcome
3,alibi,soft_credibility,alibi_off,incident_rate,7,1.0,outcome
3,alibi,soft_credibility,catch_outside,false_ejection_rate,7,0.518,outcome
3,alibi,soft_credibility,catch_outside,coalition_favorable_rate,7,1.0,outcome
3,alibi,soft_credibility,catch_outside,creator_ejection_rate,7,0.0,outcome
3,alibi,soft_credibility,catch_outside,creator_survival,7,1.0,outcome
3,alibi,soft_credibility,catch_outside,no_ejection_rate,7,0.482,outcome
3,alibi,soft_credibility,catch_outside,incident_rate,7,1.0,outcome
3,alibi,sharp_credibility,baseline,false_ejection_rate,7,0.532,outcome
3,alibi,sharp_credibility,baseline,coalition_favorable_rate,7,1.0,outcome
3,alibi,sharp_credibility,baseline,creator_ejection_rate,7,0.0,outcome
3,alibi,sharp_credibility,baseline,creator_survival,7,1.0,outcome
3,alibi,sharp_credibility,baseline,no_ejection_rate,7,0.468,outcome
3,alibi,sharp_credibility,baseline,incident_rate,7,1.0,outcome
3,alibi,sharp_credibility,alibi_off,false_ejection_rate,7,0.468,outcome
3,alibi,sharp_credibility,alibi_off,coalition_favorable_rate,7,1.0,outcome
3,alibi,sharp_credibility,alibi_off,creator_ejection_rate,7,0.0,outcome
3,alibi,sharp_credibility,alibi_off,creator_survival,7,1.0,outcome
3,alibi,sharp_credibility,alibi_off,no_ejection_rate,7,0.532,outcome
3,alibi,sharp_credibility,alibi_off,incident_rate,7,1.0,outcome
3,alibi,sharp_credibility,catch_outside,false_ejection_rate,7,0.476,outcome
3,alibi,sharp_credibility,catch_outside,coalition_favorable_rate,7,1.0,outcome
3,alibi,sharp_credibility,catch_outside,creator_ejection_rate,7,0.0,outcome
3,alibi,sharp_credibility,catch_outside,creator_survival,7,1.0,outcome
3,alibi,sharp_credibility,catch_outside,no_ejection_rate,7,0.524,outcome
3,alibi,sharp_credibility,catch_outside,incident_rate,7,1.0,outcome
3,framer,mean,baseline,false_ejection_rate,7,0.542,outcome
3,framer,mean,baseline,coalition_favorable_rate,7,1.0,outcome
3,framer,mean,baseline,creator_ejection_rate,7,0.0,outcome
3,framer,mean,baseline,creator_survival,7,1.0,outcome
3,framer,mean,baseline,no_ejection_rate,7,0.458,outcome
3,framer,mean,baseline,incident_rate,7,1.0,outcome
3,framer,mean,alibi_off,false_ejection_rate,7,0.542,outcome
3,framer,mean,alibi_off,coalition_favorable_rate,7,1.0,outcome
3,framer,mean,alibi_off,creator_ejection_rate,7,0.0,outcome
3,framer,mean,alibi_off,creator_survival,7,1.0,outcome
3,framer,mean,alibi_off,no_ejection_rate,7,0.458,outcome
3,framer,mean,alibi_off,incident_rate,7,1.0,outcome
3,framer,mean,catch_outside,false_ejection_rate,7,0.542,outcome
3,framer,mean,catch_outside,coalition_favorable_rate,7,1.0,outcome
3,framer,mean,catch_outside,creator_ejection_rate,7,0.0,outcome
3,framer,mean,catch_outside,creator_survival,7,1.0,outcome
3,framer,mean,catch_outside,no_ejection_rate,7,0.458,outcome
3,framer,mean,catch_outside,incident_rate,7,1.0,outcome
3,framer,soft_credibility,baseline,false_ejection_rate,7,0.532,outcome
3,framer,soft_credibility,baseline,coalition_favorable_rate,7,1.0,outcome
3,framer,soft_credibility,baseline,creator_ejection_rate,7,0.0,outcome
3,framer,soft_credibility,baseline,creator_survival,7,1.0,outcome
3,framer,soft_credibility,baseline,no_ejection_rate,7,0.468,outcome
3,framer,soft_credibility,baseline,incident_rate,7,1.0,outcome
3,framer,soft_credibility,baseline,n_speakers,7,4.0,voter
3,framer,soft_credibility,baseline,coalition_share,7,0.5,voter
3,framer,soft_credibility,baseline,coalition_weight_soft,7,0.1513141362836425,voter
3,framer,soft_credibility,baseline,weight_minus_share,7,-0.34868586371635746,voter
3,framer,soft_credibility,baseline,cred_coalition,7,-1.5045,voter
3,framer,soft_credibility,baseline,cred_honest,7,2.591,voter
3,framer,soft_credibility,baseline,uninformative_share,7,0.0,voter
3,framer,soft_credibility,baseline,weight_on_uninformative,7,0.0,voter
3,framer,soft_credibility,baseline,coalition_caught,7,0.774,voter
3,framer,soft_credibility,baseline,argmax_differs,7,0.001,voter
3,framer,soft_credibility,baseline,mean_top_is_coalition,7,0.733,voter
3,framer,soft_credibility,baseline,soft_top_is_coalition,7,0.734,voter
3,framer,soft_credibility,baseline,mean_skips,7,0.0,voter
3,framer,soft_credibility,baseline,soft_skips,7,0.0,voter
3,framer,soft_credibility,alibi_off,false_ejection_rate,7,0.532,outcome
3,framer,soft_credibility,alibi_off,coalition_favorable_rate,7,1.0,outcome
3,framer,soft_credibility,alibi_off,creator_ejection_rate,7,0.0,outcome
3,framer,soft_credibility,alibi_off,creator_survival,7,1.0,outcome
3,framer,soft_credibility,alibi_off,no_ejection_rate,7,0.468,outcome
3,framer,soft_credibility,alibi_off,incident_rate,7,1.0,outcome
3,framer,soft_credibility,catch_outside,false_ejection_rate,7,0.532,outcome
3,framer,soft_credibility,catch_outside,coalition_favorable_rate,7,1.0,outcome
3,framer,soft_credibility,catch_outside,creator_ejection_rate,7,0.0,outcome
3,framer,soft_credibility,catch_outside,creator_survival,7,1.0,outcome
3,framer,soft_credibility,catch_outside,no_ejection_rate,7,0.468,outcome
3,framer,soft_credibility,catch_outside,incident_rate,7,1.0,outcome
3,framer,sharp_credibility,baseline,false_ejection_rate,7,0.518,outcome
3,framer,sharp_credibility,baseline,coalition_favorable_rate,7,1.0,outcome
3,framer,sharp_credibility,baseline,creator_ejection_rate,7,0.0,outcome
3,framer,sharp_credibility,baseline,creator_survival,7,1.0,outcome
3,framer,sharp_credibility,baseline,no_ejection_rate,7,0.482,outcome
3,framer,sharp_credibility,baseline,incident_rate,7,1.0,outcome
3,framer,sharp_credibility,alibi_off,false_ejection_rate,7,0.522,outcome
3,framer,sharp_credibility,alibi_off,coalition_favorable_rate,7,1.0,outcome
3,framer,sharp_credibility,alibi_off,creator_ejection_rate,7,0.0,outcome
3,framer,sharp_credibility,alibi_off,creator_survival,7,1.0,outcome
3,framer,sharp_credibility,alibi_off,no_ejection_rate,7,0.478,outcome
3,framer,sharp_credibility,alibi_off,incident_rate,7,1.0,outcome
3,framer,sharp_credibility,catch_outside,false_ejection_rate,7,0.516,outcome
3,framer,sharp_credibility,catch_outside,coalition_favorable_rate,7,1.0,outcome
3,framer,sharp_credibility,catch_outside,creator_ejection_rate,7,0.0,outcome
3,framer,sharp_credibility,catch_outside,creator_survival,7,1.0,outcome
3,framer,sharp_credibility,catch_outside,no_ejection_rate,7,0.484,outcome
3,framer,sharp_credibility,catch_outside,incident_rate,7,1.0,outcome
3,truthful,mean,baseline,false_ejection_rate,8,0.0,outcome
3,truthful,mean,baseline,coalition_favorable_rate,8,0.948,outcome
3,truthful,mean,baseline,creator_ejection_rate,8,0.052,outcome
3,truthful,mean,baseline,creator_survival,8,0.948,outcome
3,truthful,mean,baseline,no_ejection_rate,8,0.948,outcome
3,truthful,mean,baseline,incident_rate,8,1.0,outcome
3,truthful,mean,alibi_off,false_ejection_rate,8,0.0,outcome
3,truthful,mean,alibi_off,coalition_favorable_rate,8,0.902,outcome
3,truthful,mean,alibi_off,creator_ejection_rate,8,0.098,outcome
3,truthful,mean,alibi_off,creator_survival,8,0.902,outcome
3,truthful,mean,alibi_off,no_ejection_rate,8,0.902,outcome
3,truthful,mean,alibi_off,incident_rate,8,1.0,outcome
3,truthful,mean,catch_outside,false_ejection_rate,8,0.0,outcome
3,truthful,mean,catch_outside,coalition_favorable_rate,8,0.948,outcome
3,truthful,mean,catch_outside,creator_ejection_rate,8,0.052,outcome
3,truthful,mean,catch_outside,creator_survival,8,0.948,outcome
3,truthful,mean,catch_outside,no_ejection_rate,8,0.948,outcome
3,truthful,mean,catch_outside,incident_rate,8,1.0,outcome
3,truthful,soft_credibility,baseline,false_ejection_rate,8,0.0,outcome
3,truthful,soft_credibility,baseline,coalition_favorable_rate,8,0.948,outcome
3,truthful,soft_credibility,baseline,creator_ejection_rate,8,0.052,outcome
3,truthful,soft_credibility,baseline,creator_survival,8,0.948,outcome
3,truthful,soft_credibility,baseline,no_ejection_rate,8,0.948,outcome
3,truthful,soft_credibility,baseline,incident_rate,8,1.0,outcome
3,truthful,soft_credibility,baseline,n_speakers,8,4.0,voter
3,truthful,soft_credibility,baseline,coalition_share,8,0.5,voter
3,truthful,soft_credibility,baseline,coalition_weight_soft,8,0.5,voter
3,truthful,soft_credibility,baseline,weight_minus_share,8,0.0,voter
3,truthful,soft_credibility,baseline,cred_coalition,8,3.0,voter
3,truthful,soft_credibility,baseline,cred_honest,8,3.0,voter
3,truthful,soft_credibility,baseline,uninformative_share,8,0.0,voter
3,truthful,soft_credibility,baseline,weight_on_uninformative,8,0.0,voter
3,truthful,soft_credibility,baseline,coalition_caught,8,0.0,voter
3,truthful,soft_credibility,baseline,argmax_differs,8,0.0,voter
3,truthful,soft_credibility,baseline,mean_top_is_coalition,8,1.0,voter
3,truthful,soft_credibility,baseline,soft_top_is_coalition,8,1.0,voter
3,truthful,soft_credibility,baseline,mean_skips,8,0.0,voter
3,truthful,soft_credibility,baseline,soft_skips,8,0.0,voter
3,truthful,soft_credibility,alibi_off,false_ejection_rate,8,0.0,outcome
3,truthful,soft_credibility,alibi_off,coalition_favorable_rate,8,0.902,outcome
3,truthful,soft_credibility,alibi_off,creator_ejection_rate,8,0.098,outcome
3,truthful,soft_credibility,alibi_off,creator_survival,8,0.902,outcome
3,truthful,soft_credibility,alibi_off,no_ejection_rate,8,0.902,outcome
3,truthful,soft_credibility,alibi_off,incident_rate,8,1.0,outcome
3,truthful,soft_credibility,catch_outside,false_ejection_rate,8,0.0,outcome
3,truthful,soft_credibility,catch_outside,coalition_favorable_rate,8,0.948,outcome
3,truthful,soft_credibility,catch_outside,creator_ejection_rate,8,0.052,outcome
3,truthful,soft_credibility,catch_outside,creator_survival,8,0.948,outcome
3,truthful,soft_credibility,catch_outside,no_ejection_rate,8,0.948,outcome
3,truthful,soft_credibility,catch_outside,incident_rate,8,1.0,outcome
3,truthful,sharp_credibility,baseline,false_ejection_rate,8,0.0,outcome
3,truthful,sharp_credibility,baseline,coalition_favorable_rate,8,0.948,outcome
3,truthful,sharp_credibility,baseline,creator_ejection_rate,8,0.052,outcome
3,truthful,sharp_credibility,baseline,creator_survival,8,0.948,outcome
3,truthful,sharp_credibility,baseline,no_ejection_rate,8,0.948,outcome
3,truthful,sharp_credibility,baseline,incident_rate,8,1.0,outcome
3,truthful,sharp_credibility,alibi_off,false_ejection_rate,8,0.0,outcome
3,truthful,sharp_credibility,alibi_off,coalition_favorable_rate,8,0.902,outcome
3,truthful,sharp_credibility,alibi_off,creator_ejection_rate,8,0.098,outcome
3,truthful,sharp_credibility,alibi_off,creator_survival,8,0.902,outcome
3,truthful,sharp_credibility,alibi_off,no_ejection_rate,8,0.902,outcome
3,truthful,sharp_credibility,alibi_off,incident_rate,8,1.0,outcome
3,truthful,sharp_credibility,catch_outside,false_ejection_rate,8,0.0,outcome
3,truthful,sharp_credibility,catch_outside,coalition_favorable_rate,8,0.948,outcome
3,truthful,sharp_credibility,catch_outside,creator_ejection_rate,8,0.052,outcome
3,truthful,sharp_credibility,catch_outside,creator_survival,8,0.948,outcome
3,truthful,sharp_credibility,catch_outside,no_ejection_rate,8,0.948,outcome
3,truthful,sharp_credibility,catch_outside,incident_rate,8,1.0,outcome
3,lone_liar,mean,baseline,false_ejection_rate,8,0.326,outcome
3,lone_liar,mean,baseline,coalition_favorable_rate,8,0.832,outcome
3,lone_liar,mean,baseline,creator_ejection_rate,8,0.158,outcome
3,lone_liar,mean,baseline,creator_survival,8,0.842,outcome
3,lone_liar,mean,baseline,no_ejection_rate,8,0.506,outcome
3,lone_liar,mean,baseline,incident_rate,8,1.0,outcome
3,lone_liar,mean,alibi_off,false_ejection_rate,8,0.358,outcome
3,lone_liar,mean,alibi_off,coalition_favorable_rate,8,0.958,outcome
3,lone_liar,mean,alibi_off,creator_ejection_rate,8,0.042,outcome
3,lone_liar,mean,alibi_off,creator_survival,8,0.958,outcome
3,lone_liar,mean,alibi_off,no_ejection_rate,8,0.6,outcome
3,lone_liar,mean,alibi_off,incident_rate,8,1.0,outcome
3,lone_liar,mean,catch_outside,false_ejection_rate,8,0.326,outcome
3,lone_liar,mean,catch_outside,coalition_favorable_rate,8,0.832,outcome
3,lone_liar,mean,catch_outside,creator_ejection_rate,8,0.158,outcome
3,lone_liar,mean,catch_outside,creator_survival,8,0.842,outcome
3,lone_liar,mean,catch_outside,no_ejection_rate,8,0.506,outcome
3,lone_liar,mean,catch_outside,incident_rate,8,1.0,outcome
3,lone_liar,soft_credibility,baseline,false_ejection_rate,8,0.176,outcome
3,lone_liar,soft_credibility,baseline,coalition_favorable_rate,8,0.832,outcome
3,lone_liar,soft_credibility,baseline,creator_ejection_rate,8,0.152,outcome
3,lone_liar,soft_credibility,baseline,creator_survival,8,0.848,outcome
3,lone_liar,soft_credibility,baseline,no_ejection_rate,8,0.656,outcome
3,lone_liar,soft_credibility,baseline,incident_rate,8,1.0,outcome
3,lone_liar,soft_credibility,baseline,n_speakers,8,4.0,voter
3,lone_liar,soft_credibility,baseline,coalition_share,8,0.5,voter
3,lone_liar,soft_credibility,baseline,coalition_weight_soft,8,0.4249604205423085,voter
3,lone_liar,soft_credibility,baseline,weight_minus_share,8,-0.07503957945769142,voter
3,lone_liar,soft_credibility,baseline,cred_coalition,8,1.6255,voter
3,lone_liar,soft_credibility,baseline,cred_honest,8,2.975,voter
3,lone_liar,soft_credibility,baseline,uninformative_share,8,0.0,voter
3,lone_liar,soft_credibility,baseline,weight_on_uninformative,8,0.0,voter
3,lone_liar,soft_credibility,baseline,coalition_caught,8,0.447,voter
3,lone_liar,soft_credibility,baseline,argmax_differs,8,0.121,voter
3,lone_liar,soft_credibility,baseline,mean_top_is_coalition,8,0.899,voter
3,lone_liar,soft_credibility,baseline,soft_top_is_coalition,8,0.899,voter
3,lone_liar,soft_credibility,baseline,mean_skips,8,0.0,voter
3,lone_liar,soft_credibility,baseline,soft_skips,8,0.0,voter
3,lone_liar,soft_credibility,alibi_off,false_ejection_rate,8,0.208,outcome
3,lone_liar,soft_credibility,alibi_off,coalition_favorable_rate,8,0.958,outcome
3,lone_liar,soft_credibility,alibi_off,creator_ejection_rate,8,0.042,outcome
3,lone_liar,soft_credibility,alibi_off,creator_survival,8,0.958,outcome
3,lone_liar,soft_credibility,alibi_off,no_ejection_rate,8,0.75,outcome
3,lone_liar,soft_credibility,alibi_off,incident_rate,8,1.0,outcome
3,lone_liar,soft_credibility,catch_outside,false_ejection_rate,8,0.326,outcome
3,lone_liar,soft_credibility,catch_outside,coalition_favorable_rate,8,0.832,outcome
3,lone_liar,soft_credibility,catch_outside,creator_ejection_rate,8,0.158,outcome
3,lone_liar,soft_credibility,catch_outside,creator_survival,8,0.842,outcome
3,lone_liar,soft_credibility,catch_outside,no_ejection_rate,8,0.506,outcome
3,lone_liar,soft_credibility,catch_outside,incident_rate,8,1.0,outcome
3,lone_liar,sharp_credibility,baseline,false_ejection_rate,8,0.216,outcome
3,lone_liar,sharp_credibility,baseline,coalition_favorable_rate,8,0.85,outcome
3,lone_liar,sharp_credibility,baseline,creator_ejection_rate,8,0.13,outcome
3,lone_liar,sharp_credibility,baseline,creator_survival,8,0.87,outcome
3,lone_liar,sharp_credibility,baseline,no_ejection_rate,8,0.634,outcome
3,lone_liar,sharp_credibility,baseline,incident_rate,8,1.0,outcome
3,lone_liar,sharp_credibility,alibi_off,false_ejection_rate,8,0.236,outcome
3,lone_liar,sharp_credibility,alibi_off,coalition_favorable_rate,8,0.976,outcome
3,lone_liar,sharp_credibility,alibi_off,creator_ejection_rate,8,0.024,outcome
3,lone_liar,sharp_credibility,alibi_off,creator_survival,8,0.976,outcome
3,lone_liar,sharp_credibility,alibi_off,no_ejection_rate,8,0.74,outcome
3,lone_liar,sharp_credibility,alibi_off,incident_rate,8,1.0,outcome
3,lone_liar,sharp_credibility,catch_outside,false_ejection_rate,8,0.322,outcome
3,lone_liar,sharp_credibility,catch_outside,coalition_favorable_rate,8,0.832,outcome
3,lone_liar,sharp_credibility,catch_outside,creator_ejection_rate,8,0.158,outcome
3,lone_liar,sharp_credibility,catch_outside,creator_survival,8,0.842,outcome
3,lone_liar,sharp_credibility,catch_outside,no_ejection_rate,8,0.51,outcome
3,lone_liar,sharp_credibility,catch_outside,incident_rate,8,1.0,outcome
3,alibi,mean,baseline,false_ejection_rate,8,0.518,outcome
3,alibi,mean,baseline,coalition_favorable_rate,8,1.0,outcome
3,alibi,mean,baseline,creator_ejection_rate,8,0.0,outcome
3,alibi,mean,baseline,creator_survival,8,1.0,outcome
3,alibi,mean,baseline,no_ejection_rate,8,0.482,outcome
3,alibi,mean,baseline,incident_rate,8,1.0,outcome
3,alibi,mean,alibi_off,false_ejection_rate,8,0.428,outcome
3,alibi,mean,alibi_off,coalition_favorable_rate,8,1.0,outcome
3,alibi,mean,alibi_off,creator_ejection_rate,8,0.0,outcome
3,alibi,mean,alibi_off,creator_survival,8,1.0,outcome
3,alibi,mean,alibi_off,no_ejection_rate,8,0.572,outcome
3,alibi,mean,alibi_off,incident_rate,8,1.0,outcome
3,alibi,mean,catch_outside,false_ejection_rate,8,0.518,outcome
3,alibi,mean,catch_outside,coalition_favorable_rate,8,1.0,outcome
3,alibi,mean,catch_outside,creator_ejection_rate,8,0.0,outcome
3,alibi,mean,catch_outside,creator_survival,8,1.0,outcome
3,alibi,mean,catch_outside,no_ejection_rate,8,0.482,outcome
3,alibi,mean,catch_outside,incident_rate,8,1.0,outcome
3,alibi,soft_credibility,baseline,false_ejection_rate,8,0.518,outcome
3,alibi,soft_credibility,baseline,coalition_favorable_rate,8,1.0,outcome
3,alibi,soft_credibility,baseline,creator_ejection_rate,8,0.0,outcome
3,alibi,soft_credibility,baseline,creator_survival,8,1.0,outcome
3,alibi,soft_credibility,baseline,no_ejection_rate,8,0.482,outcome
3,alibi,soft_credibility,baseline,incident_rate,8,1.0,outcome
3,alibi,soft_credibility,baseline,n_speakers,8,4.0,voter
3,alibi,soft_credibility,baseline,coalition_share,8,0.5,voter
3,alibi,soft_credibility,baseline,coalition_weight_soft,8,0.2570264203787398,voter
3,alibi,soft_credibility,baseline,weight_minus_share,8,-0.24297357962126023,voter
3,alibi,soft_credibility,baseline,cred_coalition,8,0.1085,voter
3,alibi,soft_credibility,baseline,cred_honest,8,2.961,voter
3,alibi,soft_credibility,baseline,uninformative_share,8,0.0,voter
3,alibi,soft_credibility,baseline,weight_on_uninformative,8,0.0,voter
3,alibi,soft_credibility,baseline,coalition_caught,8,0.569,voter
3,alibi,soft_credibility,baseline,argmax_differs,8,0.143,voter
3,alibi,soft_credibility,baseline,mean_top_is_coalition,8,0.665,voter
3,alibi,soft_credibility,baseline,soft_top_is_coalition,8,0.606,voter
3,alibi,soft_credibility,baseline,mean_skips,8,0.0,voter
3,alibi,soft_credibility,baseline,soft_skips,8,0.016,voter
3,alibi,soft_credibility,alibi_off,false_ejection_rate,8,0.374,outcome
3,alibi,soft_credibility,alibi_off,coalition_favorable_rate,8,1.0,outcome
3,alibi,soft_credibility,alibi_off,creator_ejection_rate,8,0.0,outcome
3,alibi,soft_credibility,alibi_off,creator_survival,8,1.0,outcome
3,alibi,soft_credibility,alibi_off,no_ejection_rate,8,0.626,outcome
3,alibi,soft_credibility,alibi_off,incident_rate,8,1.0,outcome
3,alibi,soft_credibility,catch_outside,false_ejection_rate,8,0.492,outcome
3,alibi,soft_credibility,catch_outside,coalition_favorable_rate,8,1.0,outcome
3,alibi,soft_credibility,catch_outside,creator_ejection_rate,8,0.0,outcome
3,alibi,soft_credibility,catch_outside,creator_survival,8,1.0,outcome
3,alibi,soft_credibility,catch_outside,no_ejection_rate,8,0.508,outcome
3,alibi,soft_credibility,catch_outside,incident_rate,8,1.0,outcome
3,alibi,sharp_credibility,baseline,false_ejection_rate,8,0.502,outcome
3,alibi,sharp_credibility,baseline,coalition_favorable_rate,8,1.0,outcome
3,alibi,sharp_credibility,baseline,creator_ejection_rate,8,0.0,outcome
3,alibi,sharp_credibility,baseline,creator_survival,8,1.0,outcome
3,alibi,sharp_credibility,baseline,no_ejection_rate,8,0.498,outcome
3,alibi,sharp_credibility,baseline,incident_rate,8,1.0,outcome
3,alibi,sharp_credibility,alibi_off,false_ejection_rate,8,0.438,outcome
3,alibi,sharp_credibility,alibi_off,coalition_favorable_rate,8,1.0,outcome
3,alibi,sharp_credibility,alibi_off,creator_ejection_rate,8,0.0,outcome
3,alibi,sharp_credibility,alibi_off,creator_survival,8,1.0,outcome
3,alibi,sharp_credibility,alibi_off,no_ejection_rate,8,0.562,outcome
3,alibi,sharp_credibility,alibi_off,incident_rate,8,1.0,outcome
3,alibi,sharp_credibility,catch_outside,false_ejection_rate,8,0.442,outcome
3,alibi,sharp_credibility,catch_outside,coalition_favorable_rate,8,1.0,outcome
3,alibi,sharp_credibility,catch_outside,creator_ejection_rate,8,0.0,outcome
3,alibi,sharp_credibility,catch_outside,creator_survival,8,1.0,outcome
3,alibi,sharp_credibility,catch_outside,no_ejection_rate,8,0.558,outcome
3,alibi,sharp_credibility,catch_outside,incident_rate,8,1.0,outcome
3,framer,mean,baseline,false_ejection_rate,8,0.514,outcome
3,framer,mean,baseline,coalition_favorable_rate,8,1.0,outcome
3,framer,mean,baseline,creator_ejection_rate,8,0.0,outcome
3,framer,mean,baseline,creator_survival,8,1.0,outcome
3,framer,mean,baseline,no_ejection_rate,8,0.486,outcome
3,framer,mean,baseline,incident_rate,8,1.0,outcome
3,framer,mean,alibi_off,false_ejection_rate,8,0.518,outcome
3,framer,mean,alibi_off,coalition_favorable_rate,8,1.0,outcome
3,framer,mean,alibi_off,creator_ejection_rate,8,0.0,outcome
3,framer,mean,alibi_off,creator_survival,8,1.0,outcome
3,framer,mean,alibi_off,no_ejection_rate,8,0.482,outcome
3,framer,mean,alibi_off,incident_rate,8,1.0,outcome
3,framer,mean,catch_outside,false_ejection_rate,8,0.514,outcome
3,framer,mean,catch_outside,coalition_favorable_rate,8,1.0,outcome
3,framer,mean,catch_outside,creator_ejection_rate,8,0.0,outcome
3,framer,mean,catch_outside,creator_survival,8,1.0,outcome
3,framer,mean,catch_outside,no_ejection_rate,8,0.486,outcome
3,framer,mean,catch_outside,incident_rate,8,1.0,outcome
3,framer,soft_credibility,baseline,false_ejection_rate,8,0.512,outcome
3,framer,soft_credibility,baseline,coalition_favorable_rate,8,1.0,outcome
3,framer,soft_credibility,baseline,creator_ejection_rate,8,0.0,outcome
3,framer,soft_credibility,baseline,creator_survival,8,1.0,outcome
3,framer,soft_credibility,baseline,no_ejection_rate,8,0.488,outcome
3,framer,soft_credibility,baseline,incident_rate,8,1.0,outcome
3,framer,soft_credibility,baseline,n_speakers,8,4.0,voter
3,framer,soft_credibility,baseline,coalition_share,8,0.5,voter
3,framer,soft_credibility,baseline,coalition_weight_soft,8,0.14441240597598687,voter
3,framer,soft_credibility,baseline,weight_minus_share,8,-0.35558759402401313,voter
3,framer,soft_credibility,baseline,cred_coalition,8,-1.5945,voter
3,framer,soft_credibility,baseline,cred_honest,8,2.598,voter
3,framer,soft_credibility,baseline,uninformative_share,8,0.0,voter
3,framer,soft_credibility,baseline,weight_on_uninformative,8,0.0,voter
3,framer,soft_credibility,baseline,coalition_caught,8,0.787,voter
3,framer,soft_credibility,baseline,argmax_differs,8,0.002,voter
3,framer,soft_credibility,baseline,mean_top_is_coalition,8,0.742,voter
3,framer,soft_credibility,baseline,soft_top_is_coalition,8,0.744,voter
3,framer,soft_credibility,baseline,mean_skips,8,0.0,voter
3,framer,soft_credibility,baseline,soft_skips,8,0.0,voter
3,framer,soft_credibility,alibi_off,false_ejection_rate,8,0.514,outcome
3,framer,soft_credibility,alibi_off,coalition_favorable_rate,8,1.0,outcome
3,framer,soft_credibility,alibi_off,creator_ejection_rate,8,0.0,outcome
3,framer,soft_credibility,alibi_off,creator_survival,8,1.0,outcome
3,framer,soft_credibility,alibi_off,no_ejection_rate,8,0.486,outcome
3,framer,soft_credibility,alibi_off,incident_rate,8,1.0,outcome
3,framer,soft_credibility,catch_outside,false_ejection_rate,8,0.512,outcome
3,framer,soft_credibility,catch_outside,coalition_favorable_rate,8,1.0,outcome
3,framer,soft_credibility,catch_outside,creator_ejection_rate,8,0.0,outcome
3,framer,soft_credibility,catch_outside,creator_survival,8,1.0,outcome
3,framer,soft_credibility,catch_outside,no_ejection_rate,8,0.488,outcome
3,framer,soft_credibility,catch_outside,incident_rate,8,1.0,outcome
3,framer,sharp_credibility,baseline,false_ejection_rate,8,0.498,outcome
3,framer,sharp_credibility,baseline,coalition_favorable_rate,8,1.0,outcome
3,framer,sharp_credibility,baseline,creator_ejection_rate,8,0.0,outcome
3,framer,sharp_credibility,baseline,creator_survival,8,1.0,outcome
3,framer,sharp_credibility,baseline,no_ejection_rate,8,0.502,outcome
3,framer,sharp_credibility,baseline,incident_rate,8,1.0,outcome
3,framer,sharp_credibility,alibi_off,false_ejection_rate,8,0.504,outcome
3,framer,sharp_credibility,alibi_off,coalition_favorable_rate,8,1.0,outcome
3,framer,sharp_credibility,alibi_off,creator_ejection_rate,8,0.0,outcome
3,framer,sharp_credibility,alibi_off,creator_survival,8,1.0,outcome
3,framer,sharp_credibility,alibi_off,no_ejection_rate,8,0.496,outcome
3,framer,sharp_credibility,alibi_off,incident_rate,8,1.0,outcome
3,framer,sharp_credibility,catch_outside,false_ejection_rate,8,0.496,outcome
3,framer,sharp_credibility,catch_outside,coalition_favorable_rate,8,1.0,outcome
3,framer,sharp_credibility,catch_outside,creator_ejection_rate,8,0.0,outcome
3,framer,sharp_credibility,catch_outside,creator_survival,8,1.0,outcome
3,framer,sharp_credibility,catch_outside,no_ejection_rate,8,0.504,outcome
3,framer,sharp_credibility,catch_outside,incident_rate,8,1.0,outcome
3,truthful,mean,baseline,false_ejection_rate,9,0.0,outcome
3,truthful,mean,baseline,coalition_favorable_rate,9,0.962,outcome
3,truthful,mean,baseline,creator_ejection_rate,9,0.038,outcome
3,truthful,mean,baseline,creator_survival,9,0.962,outcome
3,truthful,mean,baseline,no_ejection_rate,9,0.962,outcome
3,truthful,mean,baseline,incident_rate,9,1.0,outcome
3,truthful,mean,alibi_off,false_ejection_rate,9,0.0,outcome
3,truthful,mean,alibi_off,coalition_favorable_rate,9,0.922,outcome
3,truthful,mean,alibi_off,creator_ejection_rate,9,0.078,outcome
3,truthful,mean,alibi_off,creator_survival,9,0.922,outcome
3,truthful,mean,alibi_off,no_ejection_rate,9,0.922,outcome
3,truthful,mean,alibi_off,incident_rate,9,1.0,outcome
3,truthful,mean,catch_outside,false_ejection_rate,9,0.0,outcome
3,truthful,mean,catch_outside,coalition_favorable_rate,9,0.962,outcome
3,truthful,mean,catch_outside,creator_ejection_rate,9,0.038,outcome
3,truthful,mean,catch_outside,creator_survival,9,0.962,outcome
3,truthful,mean,catch_outside,no_ejection_rate,9,0.962,outcome
3,truthful,mean,catch_outside,incident_rate,9,1.0,outcome
3,truthful,soft_credibility,baseline,false_ejection_rate,9,0.0,outcome
3,truthful,soft_credibility,baseline,coalition_favorable_rate,9,0.962,outcome
3,truthful,soft_credibility,baseline,creator_ejection_rate,9,0.038,outcome
3,truthful,soft_credibility,baseline,creator_survival,9,0.962,outcome
3,truthful,soft_credibility,baseline,no_ejection_rate,9,0.962,outcome
3,truthful,soft_credibility,baseline,incident_rate,9,1.0,outcome
3,truthful,soft_credibility,baseline,n_speakers,9,4.0,voter
3,truthful,soft_credibility,baseline,coalition_share,9,0.5,voter
3,truthful,soft_credibility,baseline,coalition_weight_soft,9,0.5,voter
3,truthful,soft_credibility,baseline,weight_minus_share,9,0.0,voter
3,truthful,soft_credibility,baseline,cred_coalition,9,3.0,voter
3,truthful,soft_credibility,baseline,cred_honest,9,3.0,voter
3,truthful,soft_credibility,baseline,uninformative_share,9,0.0,voter
3,truthful,soft_credibility,baseline,weight_on_uninformative,9,0.0,voter
3,truthful,soft_credibility,baseline,coalition_caught,9,0.0,voter
3,truthful,soft_credibility,baseline,argmax_differs,9,0.0,voter
3,truthful,soft_credibility,baseline,mean_top_is_coalition,9,1.0,voter
3,truthful,soft_credibility,baseline,soft_top_is_coalition,9,1.0,voter
3,truthful,soft_credibility,baseline,mean_skips,9,0.0,voter
3,truthful,soft_credibility,baseline,soft_skips,9,0.0,voter
3,truthful,soft_credibility,alibi_off,false_ejection_rate,9,0.0,outcome
3,truthful,soft_credibility,alibi_off,coalition_favorable_rate,9,0.922,outcome
3,truthful,soft_credibility,alibi_off,creator_ejection_rate,9,0.078,outcome
3,truthful,soft_credibility,alibi_off,creator_survival,9,0.922,outcome
3,truthful,soft_credibility,alibi_off,no_ejection_rate,9,0.922,outcome
3,truthful,soft_credibility,alibi_off,incident_rate,9,1.0,outcome
3,truthful,soft_credibility,catch_outside,false_ejection_rate,9,0.0,outcome
3,truthful,soft_credibility,catch_outside,coalition_favorable_rate,9,0.962,outcome
3,truthful,soft_credibility,catch_outside,creator_ejection_rate,9,0.038,outcome
3,truthful,soft_credibility,catch_outside,creator_survival,9,0.962,outcome
3,truthful,soft_credibility,catch_outside,no_ejection_rate,9,0.962,outcome
3,truthful,soft_credibility,catch_outside,incident_rate,9,1.0,outcome
3,truthful,sharp_credibility,baseline,false_ejection_rate,9,0.0,outcome
3,truthful,sharp_credibility,baseline,coalition_favorable_rate,9,0.962,outcome
3,truthful,sharp_credibility,baseline,creator_ejection_rate,9,0.038,outcome
3,truthful,sharp_credibility,baseline,creator_survival,9,0.962,outcome
3,truthful,sharp_credibility,baseline,no_ejection_rate,9,0.962,outcome
3,truthful,sharp_credibility,baseline,incident_rate,9,1.0,outcome
3,truthful,sharp_credibility,alibi_off,false_ejection_rate,9,0.0,outcome
3,truthful,sharp_credibility,alibi_off,coalition_favorable_rate,9,0.922,outcome
3,truthful,sharp_credibility,alibi_off,creator_ejection_rate,9,0.078,outcome
3,truthful,sharp_credibility,alibi_off,creator_survival,9,0.922,outcome
3,truthful,sharp_credibility,alibi_off,no_ejection_rate,9,0.922,outcome
3,truthful,sharp_credibility,alibi_off,incident_rate,9,1.0,outcome
3,truthful,sharp_credibility,catch_outside,false_ejection_rate,9,0.0,outcome
3,truthful,sharp_credibility,catch_outside,coalition_favorable_rate,9,0.962,outcome
3,truthful,sharp_credibility,catch_outside,creator_ejection_rate,9,0.038,outcome
3,truthful,sharp_credibility,catch_outside,creator_survival,9,0.962,outcome
3,truthful,sharp_credibility,catch_outside,no_ejection_rate,9,0.962,outcome
3,truthful,sharp_credibility,catch_outside,incident_rate,9,1.0,outcome
3,lone_liar,mean,baseline,false_ejection_rate,9,0.356,outcome
3,lone_liar,mean,baseline,coalition_favorable_rate,9,0.816,outcome
3,lone_liar,mean,baseline,creator_ejection_rate,9,0.178,outcome
3,lone_liar,mean,baseline,creator_survival,9,0.822,outcome
3,lone_liar,mean,baseline,no_ejection_rate,9,0.46,outcome
3,lone_liar,mean,baseline,incident_rate,9,1.0,outcome
3,lone_liar,mean,alibi_off,false_ejection_rate,9,0.396,outcome
3,lone_liar,mean,alibi_off,coalition_favorable_rate,9,0.966,outcome
3,lone_liar,mean,alibi_off,creator_ejection_rate,9,0.034,outcome
3,lone_liar,mean,alibi_off,creator_survival,9,0.966,outcome
3,lone_liar,mean,alibi_off,no_ejection_rate,9,0.57,outcome
3,lone_liar,mean,alibi_off,incident_rate,9,1.0,outcome
3,lone_liar,mean,catch_outside,false_ejection_rate,9,0.356,outcome
3,lone_liar,mean,catch_outside,coalition_favorable_rate,9,0.816,outcome
3,lone_liar,mean,catch_outside,creator_ejection_rate,9,0.178,outcome
3,lone_liar,mean,catch_outside,creator_survival,9,0.822,outcome
3,lone_liar,mean,catch_outside,no_ejection_rate,9,0.46,outcome
3,lone_liar,mean,catch_outside,incident_rate,9,1.0,outcome
3,lone_liar,soft_credibility,baseline,false_ejection_rate,9,0.18,outcome
3,lone_liar,soft_credibility,baseline,coalition_favorable_rate,9,0.814,outcome
3,lone_liar,soft_credibility,baseline,creator_ejection_rate,9,0.17,outcome
3,lone_liar,soft_credibility,baseline,creator_survival,9,0.83,outcome
3,lone_liar,soft_credibility,baseline,no_ejection_rate,9,0.634,outcome
3,lone_liar,soft_credibility,baseline,incident_rate,9,1.0,outcome
3,lone_liar,soft_credibility,baseline,n_speakers,9,4.0,voter
3,lone_liar,soft_credibility,baseline,coalition_share,9,0.5,voter
3,lone_liar,soft_credibility,baseline,coalition_weight_soft,9,0.42411160189079045,voter
3,lone_liar,soft_credibility,baseline,weight_minus_share,9,-0.07588839810920951,voter
3,lone_liar,soft_credibility,baseline,cred_coalition,9,1.592,voter
3,lone_liar,soft_credibility,baseline,cred_honest,9,2.983,voter
3,lone_liar,soft_credibility,baseline,uninformative_share,9,0.0,voter
3,lone_liar,soft_credibility,baseline,weight_on_uninformative,9,0.0,voter
3,lone_liar,soft_credibility,baseline,coalition_caught,9,0.464,voter
3,lone_liar,soft_credibility,baseline,argmax_differs,9,0.135,voter
3,lone_liar,soft_credibility,baseline,mean_top_is_coalition,9,0.89,voter
3,lone_liar,soft_credibility,baseline,soft_top_is_coalition,9,0.89,voter
3,lone_liar,soft_credibility,baseline,mean_skips,9,0.0,voter
3,lone_liar,soft_credibility,baseline,soft_skips,9,0.0,voter
3,lone_liar,soft_credibility,alibi_off,false_ejection_rate,9,0.22,outcome
3,lone_liar,soft_credibility,alibi_off,coalition_favorable_rate,9,0.964,outcome
3,lone_liar,soft_credibility,alibi_off,creator_ejection_rate,9,0.036,outcome
3,lone_liar,soft_credibility,alibi_off,creator_survival,9,0.964,outcome
3,lone_liar,soft_credibility,alibi_off,no_ejection_rate,9,0.744,outcome
3,lone_liar,soft_credibility,alibi_off,incident_rate,9,1.0,outcome
3,lone_liar,soft_credibility,catch_outside,false_ejection_rate,9,0.354,outcome
3,lone_liar,soft_credibility,catch_outside,coalition_favorable_rate,9,0.814,outcome
3,lone_liar,soft_credibility,catch_outside,creator_ejection_rate,9,0.18,outcome
3,lone_liar,soft_credibility,catch_outside,creator_survival,9,0.82,outcome
3,lone_liar,soft_credibility,catch_outside,no_ejection_rate,9,0.46,outcome
3,lone_liar,soft_credibility,catch_outside,incident_rate,9,1.0,outcome
3,lone_liar,sharp_credibility,baseline,false_ejection_rate,9,0.212,outcome
3,lone_liar,sharp_credibility,baseline,coalition_favorable_rate,9,0.83,outcome
3,lone_liar,sharp_credibility,baseline,creator_ejection_rate,9,0.148,outcome
3,lone_liar,sharp_credibility,baseline,creator_survival,9,0.852,outcome
3,lone_liar,sharp_credibility,baseline,no_ejection_rate,9,0.618,outcome
3,lone_liar,sharp_credibility,baseline,incident_rate,9,1.0,outcome
3,lone_liar,sharp_credibility,alibi_off,false_ejection_rate,9,0.232,outcome
3,lone_liar,sharp_credibility,alibi_off,coalition_favorable_rate,9,0.976,outcome
3,lone_liar,sharp_credibility,alibi_off,creator_ejection_rate,9,0.024,outcome
3,lone_liar,sharp_credibility,alibi_off,creator_survival,9,0.976,outcome
3,lone_liar,sharp_credibility,alibi_off,no_ejection_rate,9,0.744,outcome
3,lone_liar,sharp_credibility,alibi_off,incident_rate,9,1.0,outcome
3,lone_liar,sharp_credibility,catch_outside,false_ejection_rate,9,0.348,outcome
3,lone_liar,sharp_credibility,catch_outside,coalition_favorable_rate,9,0.812,outcome
3,lone_liar,sharp_credibility,catch_outside,creator_ejection_rate,9,0.182,outcome
3,lone_liar,sharp_credibility,catch_outside,creator_survival,9,0.818,outcome
3,lone_liar,sharp_credibility,catch_outside,no_ejection_rate,9,0.464,outcome
3,lone_liar,sharp_credibility,catch_outside,incident_rate,9,1.0,outcome
3,alibi,mean,baseline,false_ejection_rate,9,0.522,outcome
3,alibi,mean,baseline,coalition_favorable_rate,9,1.0,outcome
3,alibi,mean,baseline,creator_ejection_rate,9,0.0,outcome
3,alibi,mean,baseline,creator_survival,9,1.0,outcome
3,alibi,mean,baseline,no_ejection_rate,9,0.478,outcome
3,alibi,mean,baseline,incident_rate,9,1.0,outcome
3,alibi,mean,alibi_off,false_ejection_rate,9,0.394,outcome
3,alibi,mean,alibi_off,coalition_favorable_rate,9,1.0,outcome
3,alibi,mean,alibi_off,creator_ejection_rate,9,0.0,outcome
3,alibi,mean,alibi_off,creator_survival,9,1.0,outcome
3,alibi,mean,alibi_off,no_ejection_rate,9,0.606,outcome
3,alibi,mean,alibi_off,incident_rate,9,1.0,outcome
3,alibi,mean,catch_outside,false_ejection_rate,9,0.522,outcome
3,alibi,mean,catch_outside,coalition_favorable_rate,9,1.0,outcome
3,alibi,mean,catch_outside,creator_ejection_rate,9,0.0,outcome
3,alibi,mean,catch_outside,creator_survival,9,1.0,outcome
3,alibi,mean,catch_outside,no_ejection_rate,9,0.478,outcome
3,alibi,mean,catch_outside,incident_rate,9,1.0,outcome
3,alibi,soft_credibility,baseline,false_ejection_rate,9,0.538,outcome
3,alibi,soft_credibility,baseline,coalition_favorable_rate,9,1.0,outcome
3,alibi,soft_credibility,baseline,creator_ejection_rate,9,0.0,outcome
3,alibi,soft_credibility,baseline,creator_survival,9,1.0,outcome
3,alibi,soft_credibility,baseline,no_ejection_rate,9,0.462,outcome
3,alibi,soft_credibility,baseline,incident_rate,9,1.0,outcome
3,alibi,soft_credibility,baseline,n_speakers,9,4.0,voter
3,alibi,soft_credibility,baseline,coalition_share,9,0.5,voter
3,alibi,soft_credibility,baseline,coalition_weight_soft,9,0.2652326611192756,voter
3,alibi,soft_credibility,baseline,weight_minus_share,9,-0.23476733888072437,voter
3,alibi,soft_credibility,baseline,cred_coalition,9,0.181,voter
3,alibi,soft_credibility,baseline,cred_honest,9,2.947,voter
3,alibi,soft_credibility,baseline,uninformative_share,9,0.0,voter
3,alibi,soft_credibility,baseline,weight_on_uninformative,9,0.0,voter
3,alibi,soft_credibility,baseline,coalition_caught,9,0.55,voter
3,alibi,soft_credibility,baseline,argmax_differs,9,0.169,voter
3,alibi,soft_credibility,baseline,mean_top_is_coalition,9,0.685,voter
3,alibi,soft_credibility,baseline,soft_top_is_coalition,9,0.617,voter
3,alibi,soft_credibility,baseline,mean_skips,9,0.0,voter
3,alibi,soft_credibility,baseline,soft_skips,9,0.017,voter
3,alibi,soft_credibility,alibi_off,false_ejection_rate,9,0.366,outcome
3,alibi,soft_credibility,alibi_off,coalition_favorable_rate,9,1.0,outcome
3,alibi,soft_credibility,alibi_off,creator_ejection_rate,9,0.0,outcome
3,alibi,soft_credibility,alibi_off,creator_survival,9,1.0,outcome
3,alibi,soft_credibility,alibi_off,no_ejection_rate,9,0.634,outcome
3,alibi,soft_credibility,alibi_off,incident_rate,9,1.0,outcome
3,alibi,soft_credibility,catch_outside,false_ejection_rate,9,0.512,outcome
3,alibi,soft_credibility,catch_outside,coalition_favorable_rate,9,1.0,outcome
3,alibi,soft_credibility,catch_outside,creator_ejection_rate,9,0.0,outcome
3,alibi,soft_credibility,catch_outside,creator_survival,9,1.0,outcome
3,alibi,soft_credibility,catch_outside,no_ejection_rate,9,0.488,outcome
3,alibi,soft_credibility,catch_outside,incident_rate,9,1.0,outcome
3,alibi,sharp_credibility,baseline,false_ejection_rate,9,0.53,outcome
3,alibi,sharp_credibility,baseline,coalition_favorable_rate,9,1.0,outcome
3,alibi,sharp_credibility,baseline,creator_ejection_rate,9,0.0,outcome
3,alibi,sharp_credibility,baseline,creator_survival,9,1.0,outcome
3,alibi,sharp_credibility,baseline,no_ejection_rate,9,0.47,outcome
3,alibi,sharp_credibility,baseline,incident_rate,9,1.0,outcome
3,alibi,sharp_credibility,alibi_off,false_ejection_rate,9,0.458,outcome
3,alibi,sharp_credibility,alibi_off,coalition_favorable_rate,9,1.0,outcome
3,alibi,sharp_credibility,alibi_off,creator_ejection_rate,9,0.0,outcome
3,alibi,sharp_credibility,alibi_off,creator_survival,9,1.0,outcome
3,alibi,sharp_credibility,alibi_off,no_ejection_rate,9,0.542,outcome
3,alibi,sharp_credibility,alibi_off,incident_rate,9,1.0,outcome
3,alibi,sharp_credibility,catch_outside,false_ejection_rate,9,0.452,outcome
3,alibi,sharp_credibility,catch_outside,coalition_favorable_rate,9,1.0,outcome
3,alibi,sharp_credibility,catch_outside,creator_ejection_rate,9,0.0,outcome
3,alibi,sharp_credibility,catch_outside,creator_survival,9,1.0,outcome
3,alibi,sharp_credibility,catch_outside,no_ejection_rate,9,0.548,outcome
3,alibi,sharp_credibility,catch_outside,incident_rate,9,1.0,outcome
3,framer,mean,baseline,false_ejection_rate,9,0.544,outcome
3,framer,mean,baseline,coalition_favorable_rate,9,1.0,outcome
3,framer,mean,baseline,creator_ejection_rate,9,0.0,outcome
3,framer,mean,baseline,creator_survival,9,1.0,outcome
3,framer,mean,baseline,no_ejection_rate,9,0.456,outcome
3,framer,mean,baseline,incident_rate,9,1.0,outcome
3,framer,mean,alibi_off,false_ejection_rate,9,0.544,outcome
3,framer,mean,alibi_off,coalition_favorable_rate,9,1.0,outcome
3,framer,mean,alibi_off,creator_ejection_rate,9,0.0,outcome
3,framer,mean,alibi_off,creator_survival,9,1.0,outcome
3,framer,mean,alibi_off,no_ejection_rate,9,0.456,outcome
3,framer,mean,alibi_off,incident_rate,9,1.0,outcome
3,framer,mean,catch_outside,false_ejection_rate,9,0.544,outcome
3,framer,mean,catch_outside,coalition_favorable_rate,9,1.0,outcome
3,framer,mean,catch_outside,creator_ejection_rate,9,0.0,outcome
3,framer,mean,catch_outside,creator_survival,9,1.0,outcome
3,framer,mean,catch_outside,no_ejection_rate,9,0.456,outcome
3,framer,mean,catch_outside,incident_rate,9,1.0,outcome
3,framer,soft_credibility,baseline,false_ejection_rate,9,0.538,outcome
3,framer,soft_credibility,baseline,coalition_favorable_rate,9,1.0,outcome
3,framer,soft_credibility,baseline,creator_ejection_rate,9,0.0,outcome
3,framer,soft_credibility,baseline,creator_survival,9,1.0,outcome
3,framer,soft_credibility,baseline,no_ejection_rate,9,0.462,outcome
3,framer,soft_credibility,baseline,incident_rate,9,1.0,outcome
3,framer,soft_credibility,baseline,n_speakers,9,4.0,voter
3,framer,soft_credibility,baseline,coalition_share,9,0.5,voter
3,framer,soft_credibility,baseline,coalition_weight_soft,9,0.14831590237878803,voter
3,framer,soft_credibility,baseline,weight_minus_share,9,-0.3516840976212119,voter
3,framer,soft_credibility,baseline,cred_coalition,9,-1.5285,voter
3,framer,soft_credibility,baseline,cred_honest,9,2.632,voter
3,framer,soft_credibility,baseline,uninformative_share,9,0.0,voter
3,framer,soft_credibility,baseline,weight_on_uninformative,9,0.0,voter
3,framer,soft_credibility,baseline,coalition_caught,9,0.775,voter
3,framer,soft_credibility,baseline,argmax_differs,9,0.003,voter
3,framer,soft_credibility,baseline,mean_top_is_coalition,9,0.728,voter
3,framer,soft_credibility,baseline,soft_top_is_coalition,9,0.731,voter
3,framer,soft_credibility,baseline,mean_skips,9,0.0,voter
3,framer,soft_credibility,baseline,soft_skips,9,0.0,voter
3,framer,soft_credibility,alibi_off,false_ejection_rate,9,0.538,outcome
3,framer,soft_credibility,alibi_off,coalition_favorable_rate,9,1.0,outcome
3,framer,soft_credibility,alibi_off,creator_ejection_rate,9,0.0,outcome
3,framer,soft_credibility,alibi_off,creator_survival,9,1.0,outcome
3,framer,soft_credibility,alibi_off,no_ejection_rate,9,0.462,outcome
3,framer,soft_credibility,alibi_off,incident_rate,9,1.0,outcome
3,framer,soft_credibility,catch_outside,false_ejection_rate,9,0.538,outcome
3,framer,soft_credibility,catch_outside,coalition_favorable_rate,9,1.0,outcome
3,framer,soft_credibility,catch_outside,creator_ejection_rate,9,0.0,outcome
3,framer,soft_credibility,catch_outside,creator_survival,9,1.0,outcome
3,framer,soft_credibility,catch_outside,no_ejection_rate,9,0.462,outcome
3,framer,soft_credibility,catch_outside,incident_rate,9,1.0,outcome
3,framer,sharp_credibility,baseline,false_ejection_rate,9,0.52,outcome
3,framer,sharp_credibility,baseline,coalition_favorable_rate,9,1.0,outcome
3,framer,sharp_credibility,baseline,creator_ejection_rate,9,0.0,outcome
3,framer,sharp_credibility,baseline,creator_survival,9,1.0,outcome
3,framer,sharp_credibility,baseline,no_ejection_rate,9,0.48,outcome
3,framer,sharp_credibility,baseline,incident_rate,9,1.0,outcome
3,framer,sharp_credibility,alibi_off,false_ejection_rate,9,0.524,outcome
3,framer,sharp_credibility,alibi_off,coalition_favorable_rate,9,1.0,outcome
3,framer,sharp_credibility,alibi_off,creator_ejection_rate,9,0.0,outcome
3,framer,sharp_credibility,alibi_off,creator_survival,9,1.0,outcome
3,framer,sharp_credibility,alibi_off,no_ejection_rate,9,0.476,outcome
3,framer,sharp_credibility,alibi_off,incident_rate,9,1.0,outcome
3,framer,sharp_credibility,catch_outside,false_ejection_rate,9,0.52,outcome
3,framer,sharp_credibility,catch_outside,coalition_favorable_rate,9,1.0,outcome
3,framer,sharp_credibility,catch_outside,creator_ejection_rate,9,0.0,outcome
3,framer,sharp_credibility,catch_outside,creator_survival,9,1.0,outcome
3,framer,sharp_credibility,catch_outside,no_ejection_rate,9,0.48,outcome
3,framer,sharp_credibility,catch_outside,incident_rate,9,1.0,outcome
5,truthful,mean,baseline,false_ejection_rate,0,0.0,outcome
5,truthful,mean,baseline,coalition_favorable_rate,0,0.0,outcome
5,truthful,mean,baseline,creator_ejection_rate,0,0.9,outcome
5,truthful,mean,baseline,creator_survival,0,0.1,outcome
5,truthful,mean,baseline,no_ejection_rate,0,0.0,outcome
5,truthful,mean,baseline,incident_rate,0,1.0,outcome
5,truthful,mean,alibi_off,false_ejection_rate,0,0.0,outcome
5,truthful,mean,alibi_off,coalition_favorable_rate,0,0.0,outcome
5,truthful,mean,alibi_off,creator_ejection_rate,0,0.9,outcome
5,truthful,mean,alibi_off,creator_survival,0,0.1,outcome
5,truthful,mean,alibi_off,no_ejection_rate,0,0.0,outcome
5,truthful,mean,alibi_off,incident_rate,0,1.0,outcome
5,truthful,mean,catch_outside,false_ejection_rate,0,0.0,outcome
5,truthful,mean,catch_outside,coalition_favorable_rate,0,0.0,outcome
5,truthful,mean,catch_outside,creator_ejection_rate,0,0.9,outcome
5,truthful,mean,catch_outside,creator_survival,0,0.1,outcome
5,truthful,mean,catch_outside,no_ejection_rate,0,0.0,outcome
5,truthful,mean,catch_outside,incident_rate,0,1.0,outcome
5,truthful,soft_credibility,baseline,false_ejection_rate,0,0.0,outcome
5,truthful,soft_credibility,baseline,coalition_favorable_rate,0,0.0,outcome
5,truthful,soft_credibility,baseline,creator_ejection_rate,0,0.9,outcome
5,truthful,soft_credibility,baseline,creator_survival,0,0.1,outcome
5,truthful,soft_credibility,baseline,no_ejection_rate,0,0.0,outcome
5,truthful,soft_credibility,baseline,incident_rate,0,1.0,outcome
5,truthful,soft_credibility,baseline,n_speakers,0,6.0,voter
5,truthful,soft_credibility,baseline,coalition_share,0,0.33333333333333326,voter
5,truthful,soft_credibility,baseline,coalition_weight_soft,0,0.33333333333333326,voter
5,truthful,soft_credibility,baseline,weight_minus_share,0,0.0,voter
5,truthful,soft_credibility,baseline,cred_coalition,0,5.0,voter
5,truthful,soft_credibility,baseline,cred_honest,0,5.0,voter
5,truthful,soft_credibility,baseline,uninformative_share,0,0.0,voter
5,truthful,soft_credibility,baseline,weight_on_uninformative,0,0.0,voter
5,truthful,soft_credibility,baseline,coalition_caught,0,0.0,voter
5,truthful,soft_credibility,baseline,argmax_differs,0,0.0,voter
5,truthful,soft_credibility,baseline,mean_top_is_coalition,0,1.0,voter
5,truthful,soft_credibility,baseline,soft_top_is_coalition,0,1.0,voter
5,truthful,soft_credibility,baseline,mean_skips,0,0.0,voter
5,truthful,soft_credibility,baseline,soft_skips,0,0.0,voter
5,truthful,soft_credibility,alibi_off,false_ejection_rate,0,0.0,outcome
5,truthful,soft_credibility,alibi_off,coalition_favorable_rate,0,0.0,outcome
5,truthful,soft_credibility,alibi_off,creator_ejection_rate,0,0.9,outcome
5,truthful,soft_credibility,alibi_off,creator_survival,0,0.1,outcome
5,truthful,soft_credibility,alibi_off,no_ejection_rate,0,0.0,outcome
5,truthful,soft_credibility,alibi_off,incident_rate,0,1.0,outcome
5,truthful,soft_credibility,catch_outside,false_ejection_rate,0,0.0,outcome
5,truthful,soft_credibility,catch_outside,coalition_favorable_rate,0,0.0,outcome
5,truthful,soft_credibility,catch_outside,creator_ejection_rate,0,0.9,outcome
5,truthful,soft_credibility,catch_outside,creator_survival,0,0.1,outcome
5,truthful,soft_credibility,catch_outside,no_ejection_rate,0,0.0,outcome
5,truthful,soft_credibility,catch_outside,incident_rate,0,1.0,outcome
5,truthful,sharp_credibility,baseline,false_ejection_rate,0,0.0,outcome
5,truthful,sharp_credibility,baseline,coalition_favorable_rate,0,0.0,outcome
5,truthful,sharp_credibility,baseline,creator_ejection_rate,0,0.9,outcome
5,truthful,sharp_credibility,baseline,creator_survival,0,0.1,outcome
5,truthful,sharp_credibility,baseline,no_ejection_rate,0,0.0,outcome
5,truthful,sharp_credibility,baseline,incident_rate,0,1.0,outcome
5,truthful,sharp_credibility,alibi_off,false_ejection_rate,0,0.0,outcome
5,truthful,sharp_credibility,alibi_off,coalition_favorable_rate,0,0.0,outcome
5,truthful,sharp_credibility,alibi_off,creator_ejection_rate,0,0.9,outcome
5,truthful,sharp_credibility,alibi_off,creator_survival,0,0.1,outcome
5,truthful,sharp_credibility,alibi_off,no_ejection_rate,0,0.0,outcome
5,truthful,sharp_credibility,alibi_off,incident_rate,0,1.0,outcome
5,truthful,sharp_credibility,catch_outside,false_ejection_rate,0,0.0,outcome
5,truthful,sharp_credibility,catch_outside,coalition_favorable_rate,0,0.0,outcome
5,truthful,sharp_credibility,catch_outside,creator_ejection_rate,0,0.9,outcome
5,truthful,sharp_credibility,catch_outside,creator_survival,0,0.1,outcome
5,truthful,sharp_credibility,catch_outside,no_ejection_rate,0,0.0,outcome
5,truthful,sharp_credibility,catch_outside,incident_rate,0,1.0,outcome
5,lone_liar,mean,baseline,false_ejection_rate,0,0.134,outcome
5,lone_liar,mean,baseline,coalition_favorable_rate,0,0.248,outcome
5,lone_liar,mean,baseline,creator_ejection_rate,0,0.638,outcome
5,lone_liar,mean,baseline,creator_survival,0,0.362,outcome
5,lone_liar,mean,baseline,no_ejection_rate,0,0.114,outcome
5,lone_liar,mean,baseline,incident_rate,0,1.0,outcome
5,lone_liar,mean,alibi_off,false_ejection_rate,0,0.198,outcome
5,lone_liar,mean,alibi_off,coalition_favorable_rate,0,0.304,outcome
5,lone_liar,mean,alibi_off,creator_ejection_rate,0,0.582,outcome
5,lone_liar,mean,alibi_off,creator_survival,0,0.418,outcome
5,lone_liar,mean,alibi_off,no_ejection_rate,0,0.106,outcome
5,lone_liar,mean,alibi_off,incident_rate,0,1.0,outcome
5,lone_liar,mean,catch_outside,false_ejection_rate,0,0.134,outcome
5,lone_liar,mean,catch_outside,coalition_favorable_rate,0,0.248,outcome
5,lone_liar,mean,catch_outside,creator_ejection_rate,0,0.638,outcome
5,lone_liar,mean,catch_outside,creator_survival,0,0.362,outcome
5,lone_liar,mean,catch_outside,no_ejection_rate,0,0.114,outcome
5,lone_liar,mean,catch_outside,incident_rate,0,1.0,outcome
5,lone_liar,soft_credibility,baseline,false_ejection_rate,0,0.146,outcome
5,lone_liar,soft_credibility,baseline,coalition_favorable_rate,0,0.188,outcome
5,lone_liar,soft_credibility,baseline,creator_ejection_rate,0,0.552,outcome
5,lone_liar,soft_credibility,baseline,creator_survival,0,0.448,outcome
5,lone_liar,soft_credibility,baseline,no_ejection_rate,0,0.042,outcome
5,lone_liar,soft_credibility,baseline,incident_rate,0,1.0,outcome
5,lone_liar,soft_credibility,baseline,n_speakers,0,6.0,voter
5,lone_liar,soft_credibility,baseline,coalition_share,0,0.33333333333333326,voter
5,lone_liar,soft_credibility,baseline,coalition_weight_soft,0,0.2624475043336292,voter
5,lone_liar,soft_credibility,baseline,weight_minus_share,0,-0.07088582899970411,voter
5,lone_liar,soft_credibility,baseline,cred_coalition,0,2.852,voter
5,lone_liar,soft_credibility,baseline,cred_honest,0,4.9835,voter
5,lone_liar,soft_credibility,baseline,uninformative_share,0,0.0,voter
5,lone_liar,soft_credibility,baseline,weight_on_uninformative,0,0.0,voter
5,lone_liar,soft_credibility,baseline,coalition_caught,0,0.5335,voter
5,lone_liar,soft_credibility,baseline,argmax_differs,0,0.0235,voter
5,lone_liar,soft_credibility,baseline,mean_top_is_coalition,0,0.883,voter
5,lone_liar,soft_credibility,baseline,soft_top_is_coalition,0,0.8705,voter
5,lone_liar,soft_credibility,baseline,mean_skips,0,0.0,voter
5,lone_liar,soft_credibility,baseline,soft_skips,0,0.0,voter
5,lone_liar,soft_credibility,alibi_off,false_ejection_rate,0,0.204,outcome
5,lone_liar,soft_credibility,alibi_off,coalition_favorable_rate,0,0.244,outcome
5,lone_liar,soft_credibility,alibi_off,creator_ejection_rate,0,0.498,outcome
5,lone_liar,soft_credibility,alibi_off,creator_survival,0,0.502,outcome
5,lone_liar,soft_credibility,alibi_off,no_ejection_rate,0,0.04,outcome
5,lone_liar,soft_credibility,alibi_off,incident_rate,0,1.0,outcome
5,lone_liar,soft_credibility,catch_outside,false_ejection_rate,0,0.132,outcome
5,lone_liar,soft_credibility,catch_outside,coalition_favorable_rate,0,0.246,outcome
5,lone_liar,soft_credibility,catch_outside,creator_ejection_rate,0,0.64,outcome
5,lone_liar,soft_credibility,catch_outside,creator_survival,0,0.36,outcome
5,lone_liar,soft_credibility,catch_outside,no_ejection_rate,0,0.114,outcome
5,lone_liar,soft_credibility,catch_outside,incident_rate,0,1.0,outcome
5,lone_liar,sharp_credibility,baseline,false_ejection_rate,0,0.26,outcome
5,lone_liar,sharp_credibility,baseline,coalition_favorable_rate,0,0.32,outcome
5,lone_liar,sharp_credibility,baseline,creator_ejection_rate,0,0.388,outcome
5,lone_liar,sharp_credibility,baseline,creator_survival,0,0.612,outcome
5,lone_liar,sharp_credibility,baseline,no_ejection_rate,0,0.06,outcome
5,lone_liar,sharp_credibility,baseline,incident_rate,0,1.0,outcome
5,lone_liar,sharp_credibility,alibi_off,false_ejection_rate,0,0.306,outcome
5,lone_liar,sharp_credibility,alibi_off,coalition_favorable_rate,0,0.386,outcome
5,lone_liar,sharp_credibility,alibi_off,creator_ejection_rate,0,0.326,outcome
5,lone_liar,sharp_credibility,alibi_off,creator_survival,0,0.674,outcome
5,lone_liar,sharp_credibility,alibi_off,no_ejection_rate,0,0.08,outcome
5,lone_liar,sharp_credibility,alibi_off,incident_rate,0,1.0,outcome
5,lone_liar,sharp_credibility,catch_outside,false_ejection_rate,0,0.132,outcome
5,lone_liar,sharp_credibility,catch_outside,coalition_favorable_rate,0,0.246,outcome
5,lone_liar,sharp_credibility,catch_outside,creator_ejection_rate,0,0.638,outcome
5,lone_liar,sharp_credibility,catch_outside,creator_survival,0,0.362,outcome
5,lone_liar,sharp_credibility,catch_outside,no_ejection_rate,0,0.114,outcome
5,lone_liar,sharp_credibility,catch_outside,incident_rate,0,1.0,outcome
5,alibi,mean,baseline,false_ejection_rate,0,0.316,outcome
5,alibi,mean,baseline,coalition_favorable_rate,0,0.56,outcome
5,alibi,mean,baseline,creator_ejection_rate,0,0.354,outcome
5,alibi,mean,baseline,creator_survival,0,0.646,outcome
5,alibi,mean,baseline,no_ejection_rate,0,0.244,outcome
5,alibi,mean,baseline,incident_rate,0,1.0,outcome
5,alibi,mean,alibi_off,false_ejection_rate,0,0.236,outcome
5,alibi,mean,alibi_off,coalition_favorable_rate,0,0.3,outcome
5,alibi,mean,alibi_off,creator_ejection_rate,0,0.628,outcome
5,alibi,mean,alibi_off,creator_survival,0,0.372,outcome
5,alibi,mean,alibi_off,no_ejection_rate,0,0.064,outcome
5,alibi,mean,alibi_off,incident_rate,0,1.0,outcome
5,alibi,mean,catch_outside,false_ejection_rate,0,0.316,outcome
5,alibi,mean,catch_outside,coalition_favorable_rate,0,0.56,outcome
5,alibi,mean,catch_outside,creator_ejection_rate,0,0.352,outcome
5,alibi,mean,catch_outside,creator_survival,0,0.648,outcome
5,alibi,mean,catch_outside,no_ejection_rate,0,0.244,outcome
5,alibi,mean,catch_outside,incident_rate,0,1.0,outcome
5,alibi,soft_credibility,baseline,false_ejection_rate,0,0.398,outcome
5,alibi,soft_credibility,baseline,coalition_favorable_rate,0,0.63,outcome
5,alibi,soft_credibility,baseline,creator_ejection_rate,0,0.196,outcome
5,alibi,soft_credibility,baseline,creator_survival,0,0.804,outcome
5,alibi,soft_credibility,baseline,no_ejection_rate,0,0.232,outcome
5,alibi,soft_credibility,baseline,incident_rate,0,1.0,outcome
5,alibi,soft_credibility,baseline,n_speakers,0,6.0,voter
5,alibi,soft_credibility,baseline,coalition_share,0,0.33333333333333326,voter
5,alibi,soft_credibility,baseline,coalition_weight_soft,0,0.14652880933549187,voter
5,alibi,soft_credibility,baseline,weight_minus_share,0,-0.18680452399784142,voter
5,alibi,soft_credibility,baseline,cred_coalition,0,0.875,voter
5,alibi,soft_credibility,baseline,cred_honest,0,4.968,voter
5,alibi,soft_credibility,baseline,uninformative_share,0,0.0,voter
5,alibi,soft_credibility,baseline,weight_on_uninformative,0,0.0,voter
5,alibi,soft_credibility,baseline,coalition_caught,0,0.6205,voter
5,alibi,soft_credibility,baseline,argmax_differs,0,0.0785,voter
5,alibi,soft_credibility,baseline,mean_top_is_coalition,0,0.5705,voter
5,alibi,soft_credibility,baseline,soft_top_is_coalition,0,0.5095,voter
5,alibi,soft_credibility,baseline,mean_skips,0,0.0,voter
5,alibi,soft_credibility,baseline,soft_skips,0,0.023,voter
5,alibi,soft_credibility,alibi_off,false_ejection_rate,0,0.24,outcome
5,alibi,soft_credibility,alibi_off,coalition_favorable_rate,0,0.306,outcome
5,alibi,soft_credibility,alibi_off,creator_ejection_rate,0,0.626,outcome
5,alibi,soft_credibility,alibi_off,creator_survival,0,0.374,outcome
5,alibi,soft_credibility,alibi_off,no_ejection_rate,0,0.066,outcome
5,alibi,soft_credibility,alibi_off,incident_rate,0,1.0,outcome
5,alibi,soft_credibility,catch_outside,false_ejection_rate,0,0.3,outcome
5,alibi,soft_credibility,catch_outside,coalition_favorable_rate,0,0.528,outcome
5,alibi,soft_credibility,catch_outside,creator_ejection_rate,0,0.386,outcome
5,alibi,soft_credibility,catch_outside,creator_survival,0,0.614,outcome
5,alibi,soft_credibility,catch_outside,no_ejection_rate,0,0.228,outcome
5,alibi,soft_credibility,catch_outside,incident_rate,0,1.0,outcome
5,alibi,sharp_credibility,baseline,false_ejection_rate,0,0.446,outcome
5,alibi,sharp_credibility,baseline,coalition_favorable_rate,0,0.652,outcome
5,alibi,sharp_credibility,baseline,creator_ejection_rate,0,0.19,outcome
5,alibi,sharp_credibility,baseline,creator_survival,0,0.81,outcome
5,alibi,sharp_credibility,baseline,no_ejection_rate,0,0.206,outcome
5,alibi,sharp_credibility,baseline,incident_rate,0,1.0,outcome
5,alibi,sharp_credibility,alibi_off,false_ejection_rate,0,0.354,outcome
5,alibi,sharp_credibility,alibi_off,coalition_favorable_rate,0,0.484,outcome
5,alibi,sharp_credibility,alibi_off,creator_ejection_rate,0,0.464,outcome
5,alibi,sharp_credibility,alibi_off,creator_survival,0,0.536,outcome
5,alibi,sharp_credibility,alibi_off,no_ejection_rate,0,0.13,outcome
5,alibi,sharp_credibility,alibi_off,incident_rate,0,1.0,outcome
5,alibi,sharp_credibility,catch_outside,false_ejection_rate,0,0.276,outcome
5,alibi,sharp_credibility,catch_outside,coalition_favorable_rate,0,0.462,outcome
5,alibi,sharp_credibility,catch_outside,creator_ejection_rate,0,0.452,outcome
5,alibi,sharp_credibility,catch_outside,creator_survival,0,0.548,outcome
5,alibi,sharp_credibility,catch_outside,no_ejection_rate,0,0.186,outcome
5,alibi,sharp_credibility,catch_outside,incident_rate,0,1.0,outcome
5,framer,mean,baseline,false_ejection_rate,0,0.412,outcome
5,framer,mean,baseline,coalition_favorable_rate,0,0.562,outcome
5,framer,mean,baseline,creator_ejection_rate,0,0.366,outcome
5,framer,mean,baseline,creator_survival,0,0.634,outcome
5,framer,mean,baseline,no_ejection_rate,0,0.15,outcome
5,framer,mean,baseline,incident_rate,0,1.0,outcome
5,framer,mean,alibi_off,false_ejection_rate,0,0.542,outcome
5,framer,mean,alibi_off,coalition_favorable_rate,0,0.792,outcome
5,framer,mean,alibi_off,creator_ejection_rate,0,0.174,outcome
5,framer,mean,alibi_off,creator_survival,0,0.826,outcome
5,framer,mean,alibi_off,no_ejection_rate,0,0.25,outcome
5,framer,mean,alibi_off,incident_rate,0,1.0,outcome
5,framer,mean,catch_outside,false_ejection_rate,0,0.412,outcome
5,framer,mean,catch_outside,coalition_favorable_rate,0,0.562,outcome
5,framer,mean,catch_outside,creator_ejection_rate,0,0.366,outcome
5,framer,mean,catch_outside,creator_survival,0,0.634,outcome
5,framer,mean,catch_outside,no_ejection_rate,0,0.15,outcome
5,framer,mean,catch_outside,incident_rate,0,1.0,outcome
5,framer,soft_credibility,baseline,false_ejection_rate,0,0.406,outcome
5,framer,soft_credibility,baseline,coalition_favorable_rate,0,0.534,outcome
5,framer,soft_credibility,baseline,creator_ejection_rate,0,0.4,outcome
5,framer,soft_credibility,baseline,creator_survival,0,0.6,outcome
5,framer,soft_credibility,baseline,no_ejection_rate,0,0.128,outcome
5,framer,soft_credibility,baseline,incident_rate,0,1.0,outcome
5,framer,soft_credibility,baseline,n_speakers,0,6.0,voter
5,framer,soft_credibility,baseline,coalition_share,0,0.33333333333333326,voter
5,framer,soft_credibility,baseline,coalition_weight_soft,0,0.10639878520495392,voter
5,framer,soft_credibility,baseline,weight_minus_share,0,-0.22693454812837935,voter
5,framer,soft_credibility,baseline,cred_coalition,0,-0.31525,voter
5,framer,soft_credibility,baseline,cred_honest,0,4.501,voter
5,framer,soft_credibility,baseline,uninformative_share,0,0.0,voter
5,framer,soft_credibility,baseline,weight_on_uninformative,0,0.0,voter
5,framer,soft_credibility,baseline,coalition_caught,0,0.6865,voter
5,framer,soft_credibility,baseline,argmax_differs,0,0.007,voter
5,framer,soft_credibility,baseline,mean_top_is_coalition,0,0.7245,voter
5,framer,soft_credibility,baseline,soft_top_is_coalition,0,0.7205,voter
5,framer,soft_credibility,baseline,mean_skips,0,0.0,voter
5,framer,soft_credibility,baseline,soft_skips,0,0.0,voter
5,framer,soft_credibility,alibi_off,false_ejection_rate,0,0.5,outcome
5,framer,soft_credibility,alibi_off,coalition_favorable_rate,0,0.67,outcome
5,framer,soft_credibility,alibi_off,creator_ejection_rate,0,0.288,outcome
5,framer,soft_credibility,alibi_off,creator_survival,0,0.712,outcome
5,framer,soft_credibility,alibi_off,no_ejection_rate,0,0.17,outcome
5,framer,soft_credibility,alibi_off,incident_rate,0,1.0,outcome
5,framer,soft_credibility,catch_outside,false_ejection_rate,0,0.406,outcome
5,framer,soft_credibility,catch_outside,coalition_favorable_rate,0,0.532,outcome
5,framer,soft_credibility,catch_outside,creator_ejection_rate,0,0.4,outcome
5,framer,soft_credibility,catch_outside,creator_survival,0,0.6,outcome
5,framer,soft_credibility,catch_outside,no_ejection_rate,0,0.126,outcome
5,framer,soft_credibility,catch_outside,incident_rate,0,1.0,outcome
5,framer,sharp_credibility,baseline,false_ejection_rate,0,0.416,outcome
5,framer,sharp_credibility,baseline,coalition_favorable_rate,0,0.53,outcome
5,framer,sharp_credibility,baseline,creator_ejection_rate,0,0.398,outcome
5,framer,sharp_credibility,baseline,creator_survival,0,0.602,outcome
5,framer,sharp_credibility,baseline,no_ejection_rate,0,0.114,outcome
5,framer,sharp_credibility,baseline,incident_rate,0,1.0,outcome
5,framer,sharp_credibility,alibi_off,false_ejection_rate,0,0.482,outcome
5,framer,sharp_credibility,alibi_off,coalition_favorable_rate,0,0.63,outcome
5,framer,sharp_credibility,alibi_off,creator_ejection_rate,0,0.31,outcome
5,framer,sharp_credibility,alibi_off,creator_survival,0,0.69,outcome
5,framer,sharp_credibility,alibi_off,no_ejection_rate,0,0.148,outcome
5,framer,sharp_credibility,alibi_off,incident_rate,0,1.0,outcome
5,framer,sharp_credibility,catch_outside,false_ejection_rate,0,0.388,outcome
5,framer,sharp_credibility,catch_outside,coalition_favorable_rate,0,0.48,outcome
5,framer,sharp_credibility,catch_outside,creator_ejection_rate,0,0.442,outcome
5,framer,sharp_credibility,catch_outside,creator_survival,0,0.558,outcome
5,framer,sharp_credibility,catch_outside,no_ejection_rate,0,0.092,outcome
5,framer,sharp_credibility,catch_outside,incident_rate,0,1.0,outcome
5,truthful,mean,baseline,false_ejection_rate,1,0.0,outcome
5,truthful,mean,baseline,coalition_favorable_rate,1,0.0,outcome
5,truthful,mean,baseline,creator_ejection_rate,1,0.906,outcome
5,truthful,mean,baseline,creator_survival,1,0.094,outcome
5,truthful,mean,baseline,no_ejection_rate,1,0.0,outcome
5,truthful,mean,baseline,incident_rate,1,1.0,outcome
5,truthful,mean,alibi_off,false_ejection_rate,1,0.0,outcome
5,truthful,mean,alibi_off,coalition_favorable_rate,1,0.0,outcome
5,truthful,mean,alibi_off,creator_ejection_rate,1,0.906,outcome
5,truthful,mean,alibi_off,creator_survival,1,0.094,outcome
5,truthful,mean,alibi_off,no_ejection_rate,1,0.0,outcome
5,truthful,mean,alibi_off,incident_rate,1,1.0,outcome
5,truthful,mean,catch_outside,false_ejection_rate,1,0.0,outcome
5,truthful,mean,catch_outside,coalition_favorable_rate,1,0.0,outcome
5,truthful,mean,catch_outside,creator_ejection_rate,1,0.906,outcome
5,truthful,mean,catch_outside,creator_survival,1,0.094,outcome
5,truthful,mean,catch_outside,no_ejection_rate,1,0.0,outcome
5,truthful,mean,catch_outside,incident_rate,1,1.0,outcome
5,truthful,soft_credibility,baseline,false_ejection_rate,1,0.0,outcome
5,truthful,soft_credibility,baseline,coalition_favorable_rate,1,0.0,outcome
5,truthful,soft_credibility,baseline,creator_ejection_rate,1,0.906,outcome
5,truthful,soft_credibility,baseline,creator_survival,1,0.094,outcome
5,truthful,soft_credibility,baseline,no_ejection_rate,1,0.0,outcome
5,truthful,soft_credibility,baseline,incident_rate,1,1.0,outcome
5,truthful,soft_credibility,baseline,n_speakers,1,6.0,voter
5,truthful,soft_credibility,baseline,coalition_share,1,0.33333333333333326,voter
5,truthful,soft_credibility,baseline,coalition_weight_soft,1,0.33333333333333326,voter
5,truthful,soft_credibility,baseline,weight_minus_share,1,0.0,voter
5,truthful,soft_credibility,baseline,cred_coalition,1,5.0,voter
5,truthful,soft_credibility,baseline,cred_honest,1,5.0,voter
5,truthful,soft_credibility,baseline,uninformative_share,1,0.0,voter
5,truthful,soft_credibility,baseline,weight_on_uninformative,1,0.0,voter
5,truthful,soft_credibility,baseline,coalition_caught,1,0.0,voter
5,truthful,soft_credibility,baseline,argmax_differs,1,0.0,voter
5,truthful,soft_credibility,baseline,mean_top_is_coalition,1,1.0,voter
5,truthful,soft_credibility,baseline,soft_top_is_coalition,1,1.0,voter
5,truthful,soft_credibility,baseline,mean_skips,1,0.0,voter
5,truthful,soft_credibility,baseline,soft_skips,1,0.0,voter
5,truthful,soft_credibility,alibi_off,false_ejection_rate,1,0.0,outcome
5,truthful,soft_credibility,alibi_off,coalition_favorable_rate,1,0.0,outcome
5,truthful,soft_credibility,alibi_off,creator_ejection_rate,1,0.906,outcome
5,truthful,soft_credibility,alibi_off,creator_survival,1,0.094,outcome
5,truthful,soft_credibility,alibi_off,no_ejection_rate,1,0.0,outcome
5,truthful,soft_credibility,alibi_off,incident_rate,1,1.0,outcome
5,truthful,soft_credibility,catch_outside,false_ejection_rate,1,0.0,outcome
5,truthful,soft_credibility,catch_outside,coalition_favorable_rate,1,0.0,outcome
5,truthful,soft_credibility,catch_outside,creator_ejection_rate,1,0.906,outcome
5,truthful,soft_credibility,catch_outside,creator_survival,1,0.094,outcome
5,truthful,soft_credibility,catch_outside,no_ejection_rate,1,0.0,outcome
5,truthful,soft_credibility,catch_outside,incident_rate,1,1.0,outcome
5,truthful,sharp_credibility,baseline,false_ejection_rate,1,0.0,outcome
5,truthful,sharp_credibility,baseline,coalition_favorable_rate,1,0.0,outcome
5,truthful,sharp_credibility,baseline,creator_ejection_rate,1,0.906,outcome
5,truthful,sharp_credibility,baseline,creator_survival,1,0.094,outcome
5,truthful,sharp_credibility,baseline,no_ejection_rate,1,0.0,outcome
5,truthful,sharp_credibility,baseline,incident_rate,1,1.0,outcome
5,truthful,sharp_credibility,alibi_off,false_ejection_rate,1,0.0,outcome
5,truthful,sharp_credibility,alibi_off,coalition_favorable_rate,1,0.0,outcome
5,truthful,sharp_credibility,alibi_off,creator_ejection_rate,1,0.906,outcome
5,truthful,sharp_credibility,alibi_off,creator_survival,1,0.094,outcome
5,truthful,sharp_credibility,alibi_off,no_ejection_rate,1,0.0,outcome
5,truthful,sharp_credibility,alibi_off,incident_rate,1,1.0,outcome
5,truthful,sharp_credibility,catch_outside,false_ejection_rate,1,0.0,outcome
5,truthful,sharp_credibility,catch_outside,coalition_favorable_rate,1,0.0,outcome
5,truthful,sharp_credibility,catch_outside,creator_ejection_rate,1,0.906,outcome
5,truthful,sharp_credibility,catch_outside,creator_survival,1,0.094,outcome
5,truthful,sharp_credibility,catch_outside,no_ejection_rate,1,0.0,outcome
5,truthful,sharp_credibility,catch_outside,incident_rate,1,1.0,outcome
5,lone_liar,mean,baseline,false_ejection_rate,1,0.134,outcome
5,lone_liar,mean,baseline,coalition_favorable_rate,1,0.238,outcome
5,lone_liar,mean,baseline,creator_ejection_rate,1,0.648,outcome
5,lone_liar,mean,baseline,creator_survival,1,0.352,outcome
5,lone_liar,mean,baseline,no_ejection_rate,1,0.104,outcome
5,lone_liar,mean,baseline,incident_rate,1,1.0,outcome
5,lone_liar,mean,alibi_off,false_ejection_rate,1,0.192,outcome
5,lone_liar,mean,alibi_off,coalition_favorable_rate,1,0.296,outcome
5,lone_liar,mean,alibi_off,creator_ejection_rate,1,0.592,outcome
5,lone_liar,mean,alibi_off,creator_survival,1,0.408,outcome
5,lone_liar,mean,alibi_off,no_ejection_rate,1,0.104,outcome
5,lone_liar,mean,alibi_off,incident_rate,1,1.0,outcome
5,lone_liar,mean,catch_outside,false_ejection_rate,1,0.134,outcome
5,lone_liar,mean,catch_outside,coalition_favorable_rate,1,0.238,outcome
5,lone_liar,mean,catch_outside,creator_ejection_rate,1,0.648,outcome
5,lone_liar,mean,catch_outside,creator_survival,1,0.352,outcome
5,lone_liar,mean,catch_outside,no_ejection_rate,1,0.104,outcome
5,lone_liar,mean,catch_outside,incident_rate,1,1.0,outcome
5,lone_liar,soft_credibility,baseline,false_ejection_rate,1,0.164,outcome
5,lone_liar,soft_credibility,baseline,coalition_favorable_rate,1,0.196,outcome
5,lone_liar,soft_credibility,baseline,creator_ejection_rate,1,0.562,outcome
5,lone_liar,soft_credibility,baseline,creator_survival,1,0.438,outcome
5,lone_liar,soft_credibility,baseline,no_ejection_rate,1,0.032,outcome
5,lone_liar,soft_credibility,baseline,incident_rate,1,1.0,outcome
5,lone_liar,soft_credibility,baseline,n_speakers,1,6.0,voter
5,lone_liar,soft_credibility,baseline,coalition_share,1,0.33333333333333326,voter
5,lone_liar,soft_credibility,baseline,coalition_weight_soft,1,0.26061633317189403,voter
5,lone_liar,soft_credibility,baseline,weight_minus_share,1,-0.07271700016143927,voter
5,lone_liar,soft_credibility,baseline,cred_coalition,1,2.8485,voter
5,lone_liar,soft_credibility,baseline,cred_honest,1,4.988,voter
5,lone_liar,soft_credibility,baseline,uninformative_share,1,0.0,voter
5,lone_liar,soft_credibility,baseline,weight_on_uninformative,1,0.0,voter
5,lone_liar,soft_credibility,baseline,coalition_caught,1,0.5315,voter
5,lone_liar,soft_credibility,baseline,argmax_differs,1,0.0355,voter
5,lone_liar,soft_credibility,baseline,mean_top_is_coalition,1,0.878,voter
5,lone_liar,soft_credibility,baseline,soft_top_is_coalition,1,0.852,voter
5,lone_liar,soft_credibility,baseline,mean_skips,1,0.0,voter
5,lone_liar,soft_credibility,baseline,soft_skips,1,0.0,voter
5,lone_liar,soft_credibility,alibi_off,false_ejection_rate,1,0.212,outcome
5,lone_liar,soft_credibility,alibi_off,coalition_favorable_rate,1,0.25,outcome
5,lone_liar,soft_credibility,alibi_off,creator_ejection_rate,1,0.516,outcome
5,lone_liar,soft_credibility,alibi_off,creator_survival,1,0.484,outcome
5,lone_liar,soft_credibility,alibi_off,no_ejection_rate,1,0.038,outcome
5,lone_liar,soft_credibility,alibi_off,incident_rate,1,1.0,outcome
5,lone_liar,soft_credibility,catch_outside,false_ejection_rate,1,0.134,outcome
5,lone_liar,soft_credibility,catch_outside,coalition_favorable_rate,1,0.238,outcome
5,lone_liar,soft_credibility,catch_outside,creator_ejection_rate,1,0.648,outcome
5,lone_liar,soft_credibility,catch_outside,creator_survival,1,0.352,outcome
5,lone_liar,soft_credibility,catch_outside,no_ejection_rate,1,0.104,outcome
5,lone_liar,soft_credibility,catch_outside,incident_rate,1,1.0,outcome
5,lone_liar,sharp_credibility,baseline,false_ejection_rate,1,0.274,outcome
5,lone_liar,sharp_credibility,baseline,coalition_favorable_rate,1,0.322,outcome
5,lone_liar,sharp_credibility,baseline,creator_ejection_rate,1,0.404,outcome
5,lone_liar,sharp_credibility,baseline,creator_survival,1,0.596,outcome
5,lone_liar,sharp_credibility,baseline,no_ejection_rate,1,0.048,outcome
5,lone_liar,sharp_credibility,baseline,incident_rate,1,1.0,outcome
5,lone_liar,sharp_credibility,alibi_off,false_ejection_rate,1,0.318,outcome
5,lone_liar,sharp_credibility,alibi_off,coalition_favorable_rate,1,0.388,outcome
5,lone_liar,sharp_credibility,alibi_off,creator_ejection_rate,1,0.348,outcome
5,lone_liar,sharp_credibility,alibi_off,creator_survival,1,0.652,outcome
5,lone_liar,sharp_credibility,alibi_off,no_ejection_rate,1,0.07,outcome
5,lone_liar,sharp_credibility,alibi_off,incident_rate,1,1.0,outcome
5,lone_liar,sharp_credibility,catch_outside,false_ejection_rate,1,0.134,outcome
5,lone_liar,sharp_credibility,catch_outside,coalition_favorable_rate,1,0.238,outcome
5,lone_liar,sharp_credibility,catch_outside,creator_ejection_rate,1,0.648,outcome
5,lone_liar,sharp_credibility,catch_outside,creator_survival,1,0.352,outcome
5,lone_liar,sharp_credibility,catch_outside,no_ejection_rate,1,0.104,outcome
5,lone_liar,sharp_credibility,catch_outside,incident_rate,1,1.0,outcome
5,alibi,mean,baseline,false_ejection_rate,1,0.304,outcome
5,alibi,mean,baseline,coalition_favorable_rate,1,0.576,outcome
5,alibi,mean,baseline,creator_ejection_rate,1,0.352,outcome
5,alibi,mean,baseline,creator_survival,1,0.648,outcome
5,alibi,mean,baseline,no_ejection_rate,1,0.272,outcome
5,alibi,mean,baseline,incident_rate,1,1.0,outcome
5,alibi,mean,alibi_off,false_ejection_rate,1,0.228,outcome
5,alibi,mean,alibi_off,coalition_favorable_rate,1,0.306,outcome
5,alibi,mean,alibi_off,creator_ejection_rate,1,0.636,outcome
5,alibi,mean,alibi_off,creator_survival,1,0.364,outcome
5,alibi,mean,alibi_off,no_ejection_rate,1,0.078,outcome
5,alibi,mean,alibi_off,incident_rate,1,1.0,outcome
5,alibi,mean,catch_outside,false_ejection_rate,1,0.304,outcome
5,alibi,mean,catch_outside,coalition_favorable_rate,1,0.58,outcome
5,alibi,mean,catch_outside,creator_ejection_rate,1,0.348,outcome
5,alibi,mean,catch_outside,creator_survival,1,0.652,outcome
5,alibi,mean,catch_outside,no_ejection_rate,1,0.276,outcome
5,alibi,mean,catch_outside,incident_rate,1,1.0,outcome
5,alibi,soft_credibility,baseline,false_ejection_rate,1,0.364,outcome
5,alibi,soft_credibility,baseline,coalition_favorable_rate,1,0.61,outcome
5,alibi,soft_credibility,baseline,creator_ejection_rate,1,0.214,outcome
5,alibi,soft_credibility,baseline,creator_survival,1,0.786,outcome
5,alibi,soft_credibility,baseline,no_ejection_rate,1,0.246,outcome
5,alibi,soft_credibility,baseline,incident_rate,1,1.0,outcome
5,alibi,soft_credibility,baseline,n_speakers,1,6.0,voter
5,alibi,soft_credibility,baseline,coalition_share,1,0.33333333333333326,voter
5,alibi,soft_credibility,baseline,coalition_weight_soft,1,0.1379533267550171,voter
5,alibi,soft_credibility,baseline,weight_minus_share,1,-0.19538000657831617,voter
5,alibi,soft_credibility,baseline,cred_coalition,1,0.6615,voter
5,alibi,soft_credibility,baseline,cred_honest,1,4.974,voter
5,alibi,soft_credibility,baseline,uninformative_share,1,0.0,voter
5,alibi,soft_credibility,baseline,weight_on_uninformative,1,0.0,voter
5,alibi,soft_credibility,baseline,coalition_caught,1,0.646,voter
5,alibi,soft_credibility,baseline,argmax_differs,1,0.0795,voter
5,alibi,soft_credibility,baseline,mean_top_is_coalition,1,0.6105,voter
5,alibi,soft_credibility,baseline,soft_top_is_coalition,1,0.542,voter
5,alibi,soft_credibility,baseline,mean_skips,1,0.0,voter
5,alibi,soft_credibility,baseline,soft_skips,1,0.0225,voter
5,alibi,soft_credibility,alibi_off,false_ejection_rate,1,0.204,outcome
5,alibi,soft_credibility,alibi_off,coalition_favorable_rate,1,0.296,outcome
5,alibi,soft_credibility,alibi_off,creator_ejection_rate,1,0.644,outcome
5,alibi,soft_credibility,alibi_off,creator_survival,1,0.356,outcome
5,alibi,soft_credibility,alibi_off,no_ejection_rate,1,0.092,outcome
5,alibi,soft_credibility,alibi_off,incident_rate,1,1.0,outcome
5,alibi,soft_credibility,catch_outside,false_ejection_rate,1,0.284,outcome
5,alibi,soft_credibility,catch_outside,coalition_favorable_rate,1,0.532,outcome
5,alibi,soft_credibility,catch_outside,creator_ejection_rate,1,0.394,outcome
5,alibi,soft_credibility,catch_outside,creator_survival,1,0.606,outcome
5,alibi,soft_credibility,catch_outside,no_ejection_rate,1,0.248,outcome
5,alibi,soft_credibility,catch_outside,incident_rate,1,1.0,outcome
5,alibi,sharp_credibility,baseline,false_ejection_rate,1,0.378,outcome
5,alibi,sharp_credibility,baseline,coalition_favorable_rate,1,0.622,outcome
5,alibi,sharp_credibility,baseline,creator_ejection_rate,1,0.216,outcome
5,alibi,sharp_credibility,baseline,creator_survival,1,0.784,outcome
5,alibi,sharp_credibility,baseline,no_ejection_rate,1,0.244,outcome
5,alibi,sharp_credibility,baseline,incident_rate,1,1.0,outcome
5,alibi,sharp_credibility,alibi_off,false_ejection_rate,1,0.318,outcome
5,alibi,sharp_credibility,alibi_off,coalition_favorable_rate,1,0.472,outcome
5,alibi,sharp_credibility,alibi_off,creator_ejection_rate,1,0.482,outcome
5,alibi,sharp_credibility,alibi_off,creator_survival,1,0.518,outcome
5,alibi,sharp_credibility,alibi_off,no_ejection_rate,1,0.154,outcome
5,alibi,sharp_credibility,alibi_off,incident_rate,1,1.0,outcome
5,alibi,sharp_credibility,catch_outside,false_ejection_rate,1,0.26,outcome
5,alibi,sharp_credibility,catch_outside,coalition_favorable_rate,1,0.47,outcome
5,alibi,sharp_credibility,catch_outside,creator_ejection_rate,1,0.456,outcome
5,alibi,sharp_credibility,catch_outside,creator_survival,1,0.544,outcome
5,alibi,sharp_credibility,catch_outside,no_ejection_rate,1,0.21,outcome
5,alibi,sharp_credibility,catch_outside,incident_rate,1,1.0,outcome
5,framer,mean,baseline,false_ejection_rate,1,0.388,outcome
5,framer,mean,baseline,coalition_favorable_rate,1,0.516,outcome
5,framer,mean,baseline,creator_ejection_rate,1,0.408,outcome
5,framer,mean,baseline,creator_survival,1,0.592,outcome
5,framer,mean,baseline,no_ejection_rate,1,0.128,outcome
5,framer,mean,baseline,incident_rate,1,1.0,outcome
5,framer,mean,alibi_off,false_ejection_rate,1,0.51,outcome
5,framer,mean,alibi_off,coalition_favorable_rate,1,0.774,outcome
5,framer,mean,alibi_off,creator_ejection_rate,1,0.2,outcome
5,framer,mean,alibi_off,creator_survival,1,0.8,outcome
5,framer,mean,alibi_off,no_ejection_rate,1,0.264,outcome
5,framer,mean,alibi_off,incident_rate,1,1.0,outcome
5,framer,mean,catch_outside,false_ejection_rate,1,0.388,outcome
5,framer,mean,catch_outside,coalition_favorable_rate,1,0.516,outcome
5,framer,mean,catch_outside,creator_ejection_rate,1,0.408,outcome
5,framer,mean,catch_outside,creator_survival,1,0.592,outcome
5,framer,mean,catch_outside,no_ejection_rate,1,0.128,outcome
5,framer,mean,catch_outside,incident_rate,1,1.0,outcome
5,framer,soft_credibility,baseline,false_ejection_rate,1,0.394,outcome
5,framer,soft_credibility,baseline,coalition_favorable_rate,1,0.528,outcome
5,framer,soft_credibility,baseline,creator_ejection_rate,1,0.408,outcome
5,framer,soft_credibility,baseline,creator_survival,1,0.592,outcome
5,framer,soft_credibility,baseline,no_ejection_rate,1,0.134,outcome
5,framer,soft_credibility,baseline,incident_rate,1,1.0,outcome
5,framer,soft_credibility,baseline,n_speakers,1,6.0,voter
5,framer,soft_credibility,baseline,coalition_share,1,0.33333333333333326,voter
5,framer,soft_credibility,baseline,coalition_weight_soft,1,0.10591808326584702,voter
5,framer,soft_credibility,baseline,weight_minus_share,1,-0.22741525006748628,voter
5,framer,soft_credibility,baseline,cred_coalition,1,-0.33175,voter
5,framer,soft_credibility,baseline,cred_honest,1,4.4745,voter
5,framer,soft_credibility,baseline,uninformative_share,1,0.0,voter
5,framer,soft_credibility,baseline,weight_on_uninformative,1,0.0,voter
5,framer,soft_credibility,baseline,coalition_caught,1,0.6885,voter
5,framer,soft_credibility,baseline,argmax_differs,1,0.0085,voter
5,framer,soft_credibility,baseline,mean_top_is_coalition,1,0.72,voter
5,framer,soft_credibility,baseline,soft_top_is_coalition,1,0.7155,voter
5,framer,soft_credibility,baseline,mean_skips,1,0.0,voter
5,framer,soft_credibility,baseline,soft_skips,1,0.0,voter
5,framer,soft_credibility,alibi_off,false_ejection_rate,1,0.464,outcome
5,framer,soft_credibility,alibi_off,coalition_favorable_rate,1,0.64,outcome
5,framer,soft_credibility,alibi_off,creator_ejection_rate,1,0.31,outcome
5,framer,soft_credibility,alibi_off,creator_survival,1,0.69,outcome
5,framer,soft_credibility,alibi_off,no_ejection_rate,1,0.176,outcome
5,framer,soft_credibility,alibi_off,incident_rate,1,1.0,outcome
5,framer,soft_credibility,catch_outside,false_ejection_rate,1,0.394,outcome
5,framer,soft_credibility,catch_outside,coalition_favorable_rate,1,0.528,outcome
5,framer,soft_credibility,catch_outside,creator_ejection_rate,1,0.408,outcome
5,framer,soft_credibility,catch_outside,creator_survival,1,0.592,outcome
5,framer,soft_credibility,catch_outside,no_ejection_rate,1,0.134,outcome
5,framer,soft_credibility,catch_outside,incident_rate,1,1.0,outcome
5,framer,sharp_credibility,baseline,false_ejection_rate,1,0.404,outcome
5,framer,sharp_credibility,baseline,coalition_favorable_rate,1,0.528,outcome
5,framer,sharp_credibility,baseline,creator_ejection_rate,1,0.402,outcome
5,framer,sharp_credibility,baseline,creator_survival,1,0.598,outcome
5,framer,sharp_credibility,baseline,no_ejection_rate,1,0.124,outcome
5,framer,sharp_credibility,baseline,incident_rate,1,1.0,outcome
5,framer,sharp_credibility,alibi_off,false_ejection_rate,1,0.454,outcome
5,framer,sharp_credibility,alibi_off,coalition_favorable_rate,1,0.602,outcome
5,framer,sharp_credibility,alibi_off,creator_ejection_rate,1,0.332,outcome
5,framer,sharp_credibility,alibi_off,creator_survival,1,0.668,outcome
5,framer,sharp_credibility,alibi_off,no_ejection_rate,1,0.148,outcome
5,framer,sharp_credibility,alibi_off,incident_rate,1,1.0,outcome
5,framer,sharp_credibility,catch_outside,false_ejection_rate,1,0.368,outcome
5,framer,sharp_credibility,catch_outside,coalition_favorable_rate,1,0.464,outcome
5,framer,sharp_credibility,catch_outside,creator_ejection_rate,1,0.46,outcome
5,framer,sharp_credibility,catch_outside,creator_survival,1,0.54,outcome
5,framer,sharp_credibility,catch_outside,no_ejection_rate,1,0.096,outcome
5,framer,sharp_credibility,catch_outside,incident_rate,1,1.0,outcome
5,truthful,mean,baseline,false_ejection_rate,2,0.0,outcome
5,truthful,mean,baseline,coalition_favorable_rate,2,0.0,outcome
5,truthful,mean,baseline,creator_ejection_rate,2,0.892,outcome
5,truthful,mean,baseline,creator_survival,2,0.108,outcome
5,truthful,mean,baseline,no_ejection_rate,2,0.0,outcome
5,truthful,mean,baseline,incident_rate,2,1.0,outcome
5,truthful,mean,alibi_off,false_ejection_rate,2,0.0,outcome
5,truthful,mean,alibi_off,coalition_favorable_rate,2,0.0,outcome
5,truthful,mean,alibi_off,creator_ejection_rate,2,0.892,outcome
5,truthful,mean,alibi_off,creator_survival,2,0.108,outcome
5,truthful,mean,alibi_off,no_ejection_rate,2,0.0,outcome
5,truthful,mean,alibi_off,incident_rate,2,1.0,outcome
5,truthful,mean,catch_outside,false_ejection_rate,2,0.0,outcome
5,truthful,mean,catch_outside,coalition_favorable_rate,2,0.0,outcome
5,truthful,mean,catch_outside,creator_ejection_rate,2,0.892,outcome
5,truthful,mean,catch_outside,creator_survival,2,0.108,outcome
5,truthful,mean,catch_outside,no_ejection_rate,2,0.0,outcome
5,truthful,mean,catch_outside,incident_rate,2,1.0,outcome
5,truthful,soft_credibility,baseline,false_ejection_rate,2,0.0,outcome
5,truthful,soft_credibility,baseline,coalition_favorable_rate,2,0.0,outcome
5,truthful,soft_credibility,baseline,creator_ejection_rate,2,0.892,outcome
5,truthful,soft_credibility,baseline,creator_survival,2,0.108,outcome
5,truthful,soft_credibility,baseline,no_ejection_rate,2,0.0,outcome
5,truthful,soft_credibility,baseline,incident_rate,2,1.0,outcome
5,truthful,soft_credibility,baseline,n_speakers,2,6.0,voter
5,truthful,soft_credibility,baseline,coalition_share,2,0.33333333333333326,voter
5,truthful,soft_credibility,baseline,coalition_weight_soft,2,0.33333333333333326,voter
5,truthful,soft_credibility,baseline,weight_minus_share,2,0.0,voter
5,truthful,soft_credibility,baseline,cred_coalition,2,5.0,voter
5,truthful,soft_credibility,baseline,cred_honest,2,5.0,voter
5,truthful,soft_credibility,baseline,uninformative_share,2,0.0,voter
5,truthful,soft_credibility,baseline,weight_on_uninformative,2,0.0,voter
5,truthful,soft_credibility,baseline,coalition_caught,2,0.0,voter
5,truthful,soft_credibility,baseline,argmax_differs,2,0.0,voter
5,truthful,soft_credibility,baseline,mean_top_is_coalition,2,1.0,voter
5,truthful,soft_credibility,baseline,soft_top_is_coalition,2,1.0,voter
5,truthful,soft_credibility,baseline,mean_skips,2,0.0,voter
5,truthful,soft_credibility,baseline,soft_skips,2,0.0,voter
5,truthful,soft_credibility,alibi_off,false_ejection_rate,2,0.0,outcome
5,truthful,soft_credibility,alibi_off,coalition_favorable_rate,2,0.0,outcome
5,truthful,soft_credibility,alibi_off,creator_ejection_rate,2,0.892,outcome
5,truthful,soft_credibility,alibi_off,creator_survival,2,0.108,outcome
5,truthful,soft_credibility,alibi_off,no_ejection_rate,2,0.0,outcome
5,truthful,soft_credibility,alibi_off,incident_rate,2,1.0,outcome
5,truthful,soft_credibility,catch_outside,false_ejection_rate,2,0.0,outcome
5,truthful,soft_credibility,catch_outside,coalition_favorable_rate,2,0.0,outcome
5,truthful,soft_credibility,catch_outside,creator_ejection_rate,2,0.892,outcome
5,truthful,soft_credibility,catch_outside,creator_survival,2,0.108,outcome
5,truthful,soft_credibility,catch_outside,no_ejection_rate,2,0.0,outcome
5,truthful,soft_credibility,catch_outside,incident_rate,2,1.0,outcome
5,truthful,sharp_credibility,baseline,false_ejection_rate,2,0.0,outcome
5,truthful,sharp_credibility,baseline,coalition_favorable_rate,2,0.0,outcome
5,truthful,sharp_credibility,baseline,creator_ejection_rate,2,0.892,outcome
5,truthful,sharp_credibility,baseline,creator_survival,2,0.108,outcome
5,truthful,sharp_credibility,baseline,no_ejection_rate,2,0.0,outcome
5,truthful,sharp_credibility,baseline,incident_rate,2,1.0,outcome
5,truthful,sharp_credibility,alibi_off,false_ejection_rate,2,0.0,outcome
5,truthful,sharp_credibility,alibi_off,coalition_favorable_rate,2,0.0,outcome
5,truthful,sharp_credibility,alibi_off,creator_ejection_rate,2,0.892,outcome
5,truthful,sharp_credibility,alibi_off,creator_survival,2,0.108,outcome
5,truthful,sharp_credibility,alibi_off,no_ejection_rate,2,0.0,outcome
5,truthful,sharp_credibility,alibi_off,incident_rate,2,1.0,outcome
5,truthful,sharp_credibility,catch_outside,false_ejection_rate,2,0.0,outcome
5,truthful,sharp_credibility,catch_outside,coalition_favorable_rate,2,0.0,outcome
5,truthful,sharp_credibility,catch_outside,creator_ejection_rate,2,0.892,outcome
5,truthful,sharp_credibility,catch_outside,creator_survival,2,0.108,outcome
5,truthful,sharp_credibility,catch_outside,no_ejection_rate,2,0.0,outcome
5,truthful,sharp_credibility,catch_outside,incident_rate,2,1.0,outcome
5,lone_liar,mean,baseline,false_ejection_rate,2,0.122,outcome
5,lone_liar,mean,baseline,coalition_favorable_rate,2,0.232,outcome
5,lone_liar,mean,baseline,creator_ejection_rate,2,0.638,outcome
5,lone_liar,mean,baseline,creator_survival,2,0.362,outcome
5,lone_liar,mean,baseline,no_ejection_rate,2,0.11,outcome
5,lone_liar,mean,baseline,incident_rate,2,1.0,outcome
5,lone_liar,mean,alibi_off,false_ejection_rate,2,0.17,outcome
5,lone_liar,mean,alibi_off,coalition_favorable_rate,2,0.272,outcome
5,lone_liar,mean,alibi_off,creator_ejection_rate,2,0.6,outcome
5,lone_liar,mean,alibi_off,creator_survival,2,0.4,outcome
5,lone_liar,mean,alibi_off,no_ejection_rate,2,0.102,outcome
5,lone_liar,mean,alibi_off,incident_rate,2,1.0,outcome
5,lone_liar,mean,catch_outside,false_ejection_rate,2,0.122,outcome
5,lone_liar,mean,catch_outside,coalition_favorable_rate,2,0.232,outcome
5,lone_liar,mean,catch_outside,creator_ejection_rate,2,0.638,outcome
5,lone_liar,mean,catch_outside,creator_survival,2,0.362,outcome
5,lone_liar,mean,catch_outside,no_ejection_rate,2,0.11,outcome
5,lone_liar,mean,catch_outside,incident_rate,2,1.0,outcome
5,lone_liar,soft_credibility,baseline,false_ejection_rate,2,0.146,outcome
5,lone_liar,soft_credibility,baseline,coalition_favorable_rate,2,0.18,outcome
5,lone_liar,soft_credibility,baseline,creator_ejection_rate,2,0.552,outcome
5,lone_liar,soft_credibility,baseline,creator_survival,2,0.448,outcome
5,lone_liar,soft_credibility,baseline,no_ejection_rate,2,0.034,outcome
5,lone_liar,soft_credibility,baseline,incident_rate,2,1.0,outcome
5,lone_liar,soft_credibility,baseline,n_speakers,2,6.0,voter
5,lone_liar,soft_credibility,baseline,coalition_share,2,0.33333333333333326,voter
5,lone_liar,soft_credibility,baseline,coalition_weight_soft,2,0.2578987965892425,voter
5,lone_liar,soft_credibility,baseline,weight_minus_share,2,-0.07543453674409085,voter
5,lone_liar,soft_credibility,baseline,cred_coalition,2,2.76975,voter
5,lone_liar,soft_credibility,baseline,cred_honest,2,4.9805,voter
5,lone_liar,soft_credibility,baseline,uninformative_share,2,0.0,voter
5,lone_liar,soft_credibility,baseline,weight_on_uninformative,2,0.0,voter
5,lone_liar,soft_credibility,baseline,coalition_caught,2,0.549,voter
5,lone_liar,soft_credibility,baseline,argmax_differs,2,0.0325,voter
5,lone_liar,soft_credibility,baseline,mean_top_is_coalition,2,0.892,voter
5,lone_liar,soft_credibility,baseline,soft_top_is_coalition,2,0.872,voter
5,lone_liar,soft_credibility,baseline,mean_skips,2,0.0,voter
5,lone_liar,soft_credibility,baseline,soft_skips,2,0.0,voter
5,lone_liar,soft_credibility,alibi_off,false_ejection_rate,2,0.188,outcome
5,lone_liar,soft_credibility,alibi_off,coalition_favorable_rate,2,0.216,outcome
5,lone_liar,soft_credibility,alibi_off,creator_ejection_rate,2,0.524,outcome
5,lone_liar,soft_credibility,alibi_off,creator_survival,2,0.476,outcome
5,lone_liar,soft_credibility,alibi_off,no_ejection_rate,2,0.028,outcome
5,lone_liar,soft_credibility,alibi_off,incident_rate,2,1.0,outcome
5,lone_liar,soft_credibility,catch_outside,false_ejection_rate,2,0.122,outcome
5,lone_liar,soft_credibility,catch_outside,coalition_favorable_rate,2,0.228,outcome
5,lone_liar,soft_credibility,catch_outside,creator_ejection_rate,2,0.64,outcome
5,lone_liar,soft_credibility,catch_outside,creator_survival,2,0.36,outcome
5,lone_liar,soft_credibility,catch_outside,no_ejection_rate,2,0.106,outcome
5,lone_liar,soft_credibility,catch_outside,incident_rate,2,1.0,outcome
5,lone_liar,sharp_credibility,baseline,false_ejection_rate,2,0.27,outcome
5,lone_liar,sharp_credibility,baseline,coalition_favorable_rate,2,0.31,outcome
5,lone_liar,sharp_credibility,baseline,creator_ejection_rate,2,0.398,outcome
5,lone_liar,sharp_credibility,baseline,creator_survival,2,0.602,outcome
5,lone_liar,sharp_credibility,baseline,no_ejection_rate,2,0.04,outcome
5,lone_liar,sharp_credibility,baseline,incident_rate,2,1.0,outcome
5,lone_liar,sharp_credibility,alibi_off,false_ejection_rate,2,0.32,outcome
5,lone_liar,sharp_credibility,alibi_off,coalition_favorable_rate,2,0.358,outcome
5,lone_liar,sharp_credibility,alibi_off,creator_ejection_rate,2,0.36,outcome
5,lone_liar,sharp_credibility,alibi_off,creator_survival,2,0.64,outcome
5,lone_liar,sharp_credibility,alibi_off,no_ejection_rate,2,0.038,outcome
5,lone_liar,sharp_credibility,alibi_off,incident_rate,2,1.0,outcome
5,lone_liar,sharp_credibility,catch_outside,false_ejection_rate,2,0.122,outcome
5,lone_liar,sharp_credibility,catch_outside,coalition_favorable_rate,2,0.226,outcome
5,lone_liar,sharp_credibility,catch_outside,creator_ejection_rate,2,0.638,outcome
5,lone_liar,sharp_credibility,catch_outside,creator_survival,2,0.362,outcome
5,lone_liar,sharp_credibility,catch_outside,no_ejection_rate,2,0.104,outcome
5,lone_liar,sharp_credibility,catch_outside,incident_rate,2,1.0,outcome
5,alibi,mean,baseline,false_ejection_rate,2,0.32,outcome
5,alibi,mean,baseline,coalition_favorable_rate,2,0.546,outcome
5,alibi,mean,baseline,creator_ejection_rate,2,0.368,outcome
5,alibi,mean,baseline,creator_survival,2,0.632,outcome
5,alibi,mean,baseline,no_ejection_rate,2,0.226,outcome
5,alibi,mean,baseline,incident_rate,2,1.0,outcome
5,alibi,mean,alibi_off,false_ejection_rate,2,0.196,outcome
5,alibi,mean,alibi_off,coalition_favorable_rate,2,0.28,outcome
5,alibi,mean,alibi_off,creator_ejection_rate,2,0.636,outcome
5,alibi,mean,alibi_off,creator_survival,2,0.364,outcome
5,alibi,mean,alibi_off,no_ejection_rate,2,0.084,outcome
5,alibi,mean,alibi_off,incident_rate,2,1.0,outcome
5,alibi,mean,catch_outside,false_ejection_rate,2,0.32,outcome
5,alibi,mean,catch_outside,coalition_favorable_rate,2,0.55,outcome
5,alibi,mean,catch_outside,creator_ejection_rate,2,0.362,outcome
5,alibi,mean,catch_outside,creator_survival,2,0.638,outcome
5,alibi,mean,catch_outside,no_ejection_rate,2,0.23,outcome
5,alibi,mean,catch_outside,incident_rate,2,1.0,outcome
5,alibi,soft_credibility,baseline,false_ejection_rate,2,0.376,outcome
5,alibi,soft_credibility,baseline,coalition_favorable_rate,2,0.604,outcome
5,alibi,soft_credibility,baseline,creator_ejection_rate,2,0.244,outcome
5,alibi,soft_credibility,baseline,creator_survival,2,0.756,outcome
5,alibi,soft_credibility,baseline,no_ejection_rate,2,0.228,outcome
5,alibi,soft_credibility,baseline,incident_rate,2,1.0,outcome
5,alibi,soft_credibility,baseline,n_speakers,2,6.0,voter
5,alibi,soft_credibility,baseline,coalition_share,2,0.33333333333333326,voter
5,alibi,soft_credibility,baseline,coalition_weight_soft,2,0.1403378134248402,voter
5,alibi,soft_credibility,baseline,weight_minus_share,2,-0.1929955199084931,voter
5,alibi,soft_credibility,baseline,cred_coalition,2,0.7445,voter
5,alibi,soft_credibility,baseline,cred_honest,2,4.965,voter
5,alibi,soft_credibility,baseline,uninformative_share,2,0.0,voter
5,alibi,soft_credibility,baseline,weight_on_uninformative,2,0.0,voter
5,alibi,soft_credibility,baseline,coalition_caught,2,0.6375,voter
5,alibi,soft_credibility,baseline,argmax_differs,2,0.0655,voter
5,alibi,soft_credibility,baseline,mean_top_is_coalition,2,0.575,voter
5,alibi,soft_credibility,baseline,soft_top_is_coalition,2,0.5215,voter
5,alibi,soft_credibility,baseline,mean_skips,2,0.0,voter
5,alibi,soft_credibility,baseline,soft_skips,2,0.02,voter
5,alibi,soft_credibility,alibi_off,false_ejection_rate,2,0.216,outcome
5,alibi,soft_credibility,alibi_off,coalition_favorable_rate,2,0.302,outcome
5,alibi,soft_credibility,alibi_off,creator_ejection_rate,2,0.62,outcome
5,alibi,soft_credibility,alibi_off,creator_survival,2,0.38,outcome
5,alibi,soft_credibility,alibi_off,no_ejection_rate,2,0.086,outcome
5,alibi,soft_credibility,alibi_off,incident_rate,2,1.0,outcome
5,alibi,soft_credibility,catch_outside,false_ejection_rate,2,0.294,outcome
5,alibi,soft_credibility,catch_outside,coalition_favorable_rate,2,0.498,outcome
5,alibi,soft_credibility,catch_outside,creator_ejection_rate,2,0.418,outcome
5,alibi,soft_credibility,catch_outside,creator_survival,2,0.582,outcome
5,alibi,soft_credibility,catch_outside,no_ejection_rate,2,0.204,outcome
5,alibi,soft_credibility,catch_outside,incident_rate,2,1.0,outcome
5,alibi,sharp_credibility,baseline,false_ejection_rate,2,0.398,outcome
5,alibi,sharp_credibility,baseline,coalition_favorable_rate,2,0.61,outcome
5,alibi,sharp_credibility,baseline,creator_ejection_rate,2,0.25,outcome
5,alibi,sharp_credibility,baseline,creator_survival,2,0.75,outcome
5,alibi,sharp_credibility,baseline,no_ejection_rate,2,0.212,outcome
5,alibi,sharp_credibility,baseline,incident_rate,2,1.0,outcome
5,alibi,sharp_credibility,alibi_off,false_ejection_rate,2,0.328,outcome
5,alibi,sharp_credibility,alibi_off,coalition_favorable_rate,2,0.484,outcome
5,alibi,sharp_credibility,alibi_off,creator_ejection_rate,2,0.454,outcome
5,alibi,sharp_credibility,alibi_off,creator_survival,2,0.546,outcome
5,alibi,sharp_credibility,alibi_off,no_ejection_rate,2,0.156,outcome
5,alibi,sharp_credibility,alibi_off,incident_rate,2,1.0,outcome
5,alibi,sharp_credibility,catch_outside,false_ejection_rate,2,0.276,outcome
5,alibi,sharp_credibility,catch_outside,coalition_favorable_rate,2,0.432,outcome
5,alibi,sharp_credibility,catch_outside,creator_ejection_rate,2,0.486,outcome
5,alibi,sharp_credibility,catch_outside,creator_survival,2,0.514,outcome
5,alibi,sharp_credibility,catch_outside,no_ejection_rate,2,0.156,outcome
5,alibi,sharp_credibility,catch_outside,incident_rate,2,1.0,outcome
5,framer,mean,baseline,false_ejection_rate,2,0.404,outcome
5,framer,mean,baseline,coalition_favorable_rate,2,0.522,outcome
5,framer,mean,baseline,creator_ejection_rate,2,0.396,outcome
5,framer,mean,baseline,creator_survival,2,0.604,outcome
5,framer,mean,baseline,no_ejection_rate,2,0.118,outcome
5,framer,mean,baseline,incident_rate,2,1.0,outcome
5,framer,mean,alibi_off,false_ejection_rate,2,0.536,outcome
5,framer,mean,alibi_off,coalition_favorable_rate,2,0.768,outcome
5,framer,mean,alibi_off,creator_ejection_rate,2,0.2,outcome
5,framer,mean,alibi_off,creator_survival,2,0.8,outcome
5,framer,mean,alibi_off,no_ejection_rate,2,0.232,outcome
5,framer,mean,alibi_off,incident_rate,2,1.0,outcome
5,framer,mean,catch_outside,false_ejection_rate,2,0.404,outcome
5,framer,mean,catch_outside,coalition_favorable_rate,2,0.522,outcome
5,framer,mean,catch_outside,creator_ejection_rate,2,0.396,outcome
5,framer,mean,catch_outside,creator_survival,2,0.604,outcome
5,framer,mean,catch_outside,no_ejection_rate,2,0.118,outcome
5,framer,mean,catch_outside,incident_rate,2,1.0,outcome
5,framer,soft_credibility,baseline,false_ejection_rate,2,0.408,outcome
5,framer,soft_credibility,baseline,coalition_favorable_rate,2,0.502,outcome
5,framer,soft_credibility,baseline,creator_ejection_rate,2,0.42,outcome
5,framer,soft_credibility,baseline,creator_survival,2,0.58,outcome
5,framer,soft_credibility,baseline,no_ejection_rate,2,0.094,outcome
5,framer,soft_credibility,baseline,incident_rate,2,1.0,outcome
5,framer,soft_credibility,baseline,n_speakers,2,6.0,voter
5,framer,soft_credibility,baseline,coalition_share,2,0.33333333333333326,voter
5,framer,soft_credibility,baseline,coalition_weight_soft,2,0.10683158372322123,voter
5,framer,soft_credibility,baseline,weight_minus_share,2,-0.22650174961011207,voter
5,framer,soft_credibility,baseline,cred_coalition,2,-0.3205,voter
5,framer,soft_credibility,baseline,cred_honest,2,4.478,voter
5,framer,soft_credibility,baseline,uninformative_share,2,0.0,voter
5,framer,soft_credibility,baseline,weight_on_uninformative,2,0.0,voter
5,framer,soft_credibility,baseline,coalition_caught,2,0.6965,voter
5,framer,soft_credibility,baseline,argmax_differs,2,0.012,voter
5,framer,soft_credibility,baseline,mean_top_is_coalition,2,0.722,voter
5,framer,soft_credibility,baseline,soft_top_is_coalition,2,0.72,voter
5,framer,soft_credibility,baseline,mean_skips,2,0.0,voter
5,framer,soft_credibility,baseline,soft_skips,2,0.0,voter
5,framer,soft_credibility,alibi_off,false_ejection_rate,2,0.506,outcome
5,framer,soft_credibility,alibi_off,coalition_favorable_rate,2,0.638,outcome
5,framer,soft_credibility,alibi_off,creator_ejection_rate,2,0.312,outcome
5,framer,soft_credibility,alibi_off,creator_survival,2,0.688,outcome
5,framer,soft_credibility,alibi_off,no_ejection_rate,2,0.132,outcome
5,framer,soft_credibility,alibi_off,incident_rate,2,1.0,outcome
5,framer,soft_credibility,catch_outside,false_ejection_rate,2,0.408,outcome
5,framer,soft_credibility,catch_outside,coalition_favorable_rate,2,0.502,outcome
5,framer,soft_credibility,catch_outside,creator_ejection_rate,2,0.418,outcome
5,framer,soft_credibility,catch_outside,creator_survival,2,0.582,outcome
5,framer,soft_credibility,catch_outside,no_ejection_rate,2,0.094,outcome
5,framer,soft_credibility,catch_outside,incident_rate,2,1.0,outcome
5,framer,sharp_credibility,baseline,false_ejection_rate,2,0.418,outcome
5,framer,sharp_credibility,baseline,coalition_favorable_rate,2,0.516,outcome
5,framer,sharp_credibility,baseline,creator_ejection_rate,2,0.402,outcome
5,framer,sharp_credibility,baseline,creator_survival,2,0.598,outcome
5,framer,sharp_credibility,baseline,no_ejection_rate,2,0.098,outcome
5,framer,sharp_credibility,baseline,incident_rate,2,1.0,outcome
5,framer,sharp_credibility,alibi_off,false_ejection_rate,2,0.492,outcome
5,framer,sharp_credibility,alibi_off,coalition_favorable_rate,2,0.614,outcome
5,framer,sharp_credibility,alibi_off,creator_ejection_rate,2,0.314,outcome
5,framer,sharp_credibility,alibi_off,creator_survival,2,0.686,outcome
5,framer,sharp_credibility,alibi_off,no_ejection_rate,2,0.122,outcome
5,framer,sharp_credibility,alibi_off,incident_rate,2,1.0,outcome
5,framer,sharp_credibility,catch_outside,false_ejection_rate,2,0.388,outcome
5,framer,sharp_credibility,catch_outside,coalition_favorable_rate,2,0.458,outcome
5,framer,sharp_credibility,catch_outside,creator_ejection_rate,2,0.448,outcome
5,framer,sharp_credibility,catch_outside,creator_survival,2,0.552,outcome
5,framer,sharp_credibility,catch_outside,no_ejection_rate,2,0.07,outcome
5,framer,sharp_credibility,catch_outside,incident_rate,2,1.0,outcome
5,truthful,mean,baseline,false_ejection_rate,3,0.0,outcome
5,truthful,mean,baseline,coalition_favorable_rate,3,0.0,outcome
5,truthful,mean,baseline,creator_ejection_rate,3,0.912,outcome
5,truthful,mean,baseline,creator_survival,3,0.088,outcome
5,truthful,mean,baseline,no_ejection_rate,3,0.0,outcome
5,truthful,mean,baseline,incident_rate,3,1.0,outcome
5,truthful,mean,alibi_off,false_ejection_rate,3,0.0,outcome
5,truthful,mean,alibi_off,coalition_favorable_rate,3,0.0,outcome
5,truthful,mean,alibi_off,creator_ejection_rate,3,0.912,outcome
5,truthful,mean,alibi_off,creator_survival,3,0.088,outcome
5,truthful,mean,alibi_off,no_ejection_rate,3,0.0,outcome
5,truthful,mean,alibi_off,incident_rate,3,1.0,outcome
5,truthful,mean,catch_outside,false_ejection_rate,3,0.0,outcome
5,truthful,mean,catch_outside,coalition_favorable_rate,3,0.0,outcome
5,truthful,mean,catch_outside,creator_ejection_rate,3,0.912,outcome
5,truthful,mean,catch_outside,creator_survival,3,0.088,outcome
5,truthful,mean,catch_outside,no_ejection_rate,3,0.0,outcome
5,truthful,mean,catch_outside,incident_rate,3,1.0,outcome
5,truthful,soft_credibility,baseline,false_ejection_rate,3,0.0,outcome
5,truthful,soft_credibility,baseline,coalition_favorable_rate,3,0.0,outcome
5,truthful,soft_credibility,baseline,creator_ejection_rate,3,0.912,outcome
5,truthful,soft_credibility,baseline,creator_survival,3,0.088,outcome
5,truthful,soft_credibility,baseline,no_ejection_rate,3,0.0,outcome
5,truthful,soft_credibility,baseline,incident_rate,3,1.0,outcome
5,truthful,soft_credibility,baseline,n_speakers,3,6.0,voter
5,truthful,soft_credibility,baseline,coalition_share,3,0.33333333333333326,voter
5,truthful,soft_credibility,baseline,coalition_weight_soft,3,0.33333333333333326,voter
5,truthful,soft_credibility,baseline,weight_minus_share,3,0.0,voter
5,truthful,soft_credibility,baseline,cred_coalition,3,5.0,voter
5,truthful,soft_credibility,baseline,cred_honest,3,5.0,voter
5,truthful,soft_credibility,baseline,uninformative_share,3,0.0,voter
5,truthful,soft_credibility,baseline,weight_on_uninformative,3,0.0,voter
5,truthful,soft_credibility,baseline,coalition_caught,3,0.0,voter
5,truthful,soft_credibility,baseline,argmax_differs,3,0.0,voter
5,truthful,soft_credibility,baseline,mean_top_is_coalition,3,1.0,voter
5,truthful,soft_credibility,baseline,soft_top_is_coalition,3,1.0,voter
5,truthful,soft_credibility,baseline,mean_skips,3,0.0,voter
5,truthful,soft_credibility,baseline,soft_skips,3,0.0,voter
5,truthful,soft_credibility,alibi_off,false_ejection_rate,3,0.0,outcome
5,truthful,soft_credibility,alibi_off,coalition_favorable_rate,3,0.0,outcome
5,truthful,soft_credibility,alibi_off,creator_ejection_rate,3,0.912,outcome
5,truthful,soft_credibility,alibi_off,creator_survival,3,0.088,outcome
5,truthful,soft_credibility,alibi_off,no_ejection_rate,3,0.0,outcome
5,truthful,soft_credibility,alibi_off,incident_rate,3,1.0,outcome
5,truthful,soft_credibility,catch_outside,false_ejection_rate,3,0.0,outcome
5,truthful,soft_credibility,catch_outside,coalition_favorable_rate,3,0.0,outcome
5,truthful,soft_credibility,catch_outside,creator_ejection_rate,3,0.912,outcome
5,truthful,soft_credibility,catch_outside,creator_survival,3,0.088,outcome
5,truthful,soft_credibility,catch_outside,no_ejection_rate,3,0.0,outcome
5,truthful,soft_credibility,catch_outside,incident_rate,3,1.0,outcome
5,truthful,sharp_credibility,baseline,false_ejection_rate,3,0.0,outcome
5,truthful,sharp_credibility,baseline,coalition_favorable_rate,3,0.0,outcome
5,truthful,sharp_credibility,baseline,creator_ejection_rate,3,0.912,outcome
5,truthful,sharp_credibility,baseline,creator_survival,3,0.088,outcome
5,truthful,sharp_credibility,baseline,no_ejection_rate,3,0.0,outcome
5,truthful,sharp_credibility,baseline,incident_rate,3,1.0,outcome
5,truthful,sharp_credibility,alibi_off,false_ejection_rate,3,0.0,outcome
5,truthful,sharp_credibility,alibi_off,coalition_favorable_rate,3,0.0,outcome
5,truthful,sharp_credibility,alibi_off,creator_ejection_rate,3,0.912,outcome
5,truthful,sharp_credibility,alibi_off,creator_survival,3,0.088,outcome
5,truthful,sharp_credibility,alibi_off,no_ejection_rate,3,0.0,outcome
5,truthful,sharp_credibility,alibi_off,incident_rate,3,1.0,outcome
5,truthful,sharp_credibility,catch_outside,false_ejection_rate,3,0.0,outcome
5,truthful,sharp_credibility,catch_outside,coalition_favorable_rate,3,0.0,outcome
5,truthful,sharp_credibility,catch_outside,creator_ejection_rate,3,0.912,outcome
5,truthful,sharp_credibility,catch_outside,creator_survival,3,0.088,outcome
5,truthful,sharp_credibility,catch_outside,no_ejection_rate,3,0.0,outcome
5,truthful,sharp_credibility,catch_outside,incident_rate,3,1.0,outcome
5,lone_liar,mean,baseline,false_ejection_rate,3,0.154,outcome
5,lone_liar,mean,baseline,coalition_favorable_rate,3,0.27,outcome
5,lone_liar,mean,baseline,creator_ejection_rate,3,0.64,outcome
5,lone_liar,mean,baseline,creator_survival,3,0.36,outcome
5,lone_liar,mean,baseline,no_ejection_rate,3,0.116,outcome
5,lone_liar,mean,baseline,incident_rate,3,1.0,outcome
5,lone_liar,mean,alibi_off,false_ejection_rate,3,0.204,outcome
5,lone_liar,mean,alibi_off,coalition_favorable_rate,3,0.324,outcome
5,lone_liar,mean,alibi_off,creator_ejection_rate,3,0.588,outcome
5,lone_liar,mean,alibi_off,creator_survival,3,0.412,outcome
5,lone_liar,mean,alibi_off,no_ejection_rate,3,0.12,outcome
5,lone_liar,mean,alibi_off,incident_rate,3,1.0,outcome
5,lone_liar,mean,catch_outside,false_ejection_rate,3,0.154,outcome
5,lone_liar,mean,catch_outside,coalition_favorable_rate,3,0.27,outcome
5,lone_liar,mean,catch_outside,creator_ejection_rate,3,0.64,outcome
5,lone_liar,mean,catch_outside,creator_survival,3,0.36,outcome
5,lone_liar,mean,catch_outside,no_ejection_rate,3,0.116,outcome
5,lone_liar,mean,catch_outside,incident_rate,3,1.0,outcome
5,lone_liar,soft_credibility,baseline,false_ejection_rate,3,0.182,outcome
5,lone_liar,soft_credibility,baseline,coalition_favorable_rate,3,0.22,outcome
5,lone_liar,soft_credibility,baseline,creator_ejection_rate,3,0.526,outcome
5,lone_liar,soft_credibility,baseline,creator_survival,3,0.474,outcome
5,lone_liar,soft_credibility,baseline,no_ejection_rate,3,0.038,outcome
5,lone_liar,soft_credibility,baseline,incident_rate,3,1.0,outcome
5,lone_liar,soft_credibility,baseline,n_speakers,3,6.0,voter
5,lone_liar,soft_credibility,baseline,coalition_share,3,0.33333333333333326,voter
5,lone_liar,soft_credibility,baseline,coalition_weight_soft,3,0.25982546214818375,voter
5,lone_liar,soft_credibility,baseline,weight_minus_share,3,-0.07350787118514958,voter
5,lone_liar,soft_credibility,baseline,cred_coalition,3,2.79075,voter
5,lone_liar,soft_credibility,baseline,cred_honest,3,4.993,voter
5,lone_liar,soft_credibility,baseline,uninformative_share,3,0.0,voter
5,lone_liar,soft_credibility,baseline,weight_on_uninformative,3,0.0,voter
5,lone_liar,soft_credibility,baseline,coalition_caught,3,0.55,voter
5,lone_liar,soft_credibility,baseline,argmax_differs,3,0.031,voter
5,lone_liar,soft_credibility,baseline,mean_top_is_coalition,3,0.8645,voter
5,lone_liar,soft_credibility,baseline,soft_top_is_coalition,3,0.842,voter
5,lone_liar,soft_credibility,baseline,mean_skips,3,0.0,voter
5,lone_liar,soft_credibility,baseline,soft_skips,3,0.0,voter
5,lone_liar,soft_credibility,alibi_off,false_ejection_rate,3,0.224,outcome
5,lone_liar,soft_credibility,alibi_off,coalition_favorable_rate,3,0.272,outcome
5,lone_liar,soft_credibility,alibi_off,creator_ejection_rate,3,0.484,outcome
5,lone_liar,soft_credibility,alibi_off,creator_survival,3,0.516,outcome
5,lone_liar,soft_credibility,alibi_off,no_ejection_rate,3,0.048,outcome
5,lone_liar,soft_credibility,alibi_off,incident_rate,3,1.0,outcome
5,lone_liar,soft_credibility,catch_outside,false_ejection_rate,3,0.154,outcome
5,lone_liar,soft_credibility,catch_outside,coalition_favorable_rate,3,0.27,outcome
5,lone_liar,soft_credibility,catch_outside,creator_ejection_rate,3,0.64,outcome
5,lone_liar,soft_credibility,catch_outside,creator_survival,3,0.36,outcome
5,lone_liar,soft_credibility,catch_outside,no_ejection_rate,3,0.116,outcome
5,lone_liar,soft_credibility,catch_outside,incident_rate,3,1.0,outcome
5,lone_liar,sharp_credibility,baseline,false_ejection_rate,3,0.296,outcome
5,lone_liar,sharp_credibility,baseline,coalition_favorable_rate,3,0.344,outcome
5,lone_liar,sharp_credibility,baseline,creator_ejection_rate,3,0.366,outcome
5,lone_liar,sharp_credibility,baseline,creator_survival,3,0.634,outcome
5,lone_liar,sharp_credibility,baseline,no_ejection_rate,3,0.048,outcome
5,lone_liar,sharp_credibility,baseline,incident_rate,3,1.0,outcome
5,lone_liar,sharp_credibility,alibi_off,false_ejection_rate,3,0.324,outcome
5,lone_liar,sharp_credibility,alibi_off,coalition_favorable_rate,3,0.396,outcome
5,lone_liar,sharp_credibility,alibi_off,creator_ejection_rate,3,0.322,outcome
5,lone_liar,sharp_credibility,alibi_off,creator_survival,3,0.678,outcome
5,lone_liar,sharp_credibility,alibi_off,no_ejection_rate,3,0.072,outcome
5,lone_liar,sharp_credibility,alibi_off,incident_rate,3,1.0,outcome
5,lone_liar,sharp_credibility,catch_outside,false_ejection_rate,3,0.154,outcome
5,lone_liar,sharp_credibility,catch_outside,coalition_favorable_rate,3,0.27,outcome
5,lone_liar,sharp_credibility,catch_outside,creator_ejection_rate,3,0.638,outcome
5,lone_liar,sharp_credibility,catch_outside,creator_survival,3,0.362,outcome
5,lone_liar,sharp_credibility,catch_outside,no_ejection_rate,3,0.116,outcome
5,lone_liar,sharp_credibility,catch_outside,incident_rate,3,1.0,outcome
5,alibi,mean,baseline,false_ejection_rate,3,0.324,outcome
5,alibi,mean,baseline,coalition_favorable_rate,3,0.554,outcome
5,alibi,mean,baseline,creator_ejection_rate,3,0.372,outcome
5,alibi,mean,baseline,creator_survival,3,0.628,outcome
5,alibi,mean,baseline,no_ejection_rate,3,0.23,outcome
5,alibi,mean,baseline,incident_rate,3,1.0,outcome
5,alibi,mean,alibi_off,false_ejection_rate,3,0.236,outcome
5,alibi,mean,alibi_off,coalition_favorable_rate,3,0.31,outcome
5,alibi,mean,alibi_off,creator_ejection_rate,3,0.63,outcome
5,alibi,mean,alibi_off,creator_survival,3,0.37,outcome
5,alibi,mean,alibi_off,no_ejection_rate,3,0.074,outcome
5,alibi,mean,alibi_off,incident_rate,3,1.0,outcome
5,alibi,mean,catch_outside,false_ejection_rate,3,0.324,outcome
5,alibi,mean,catch_outside,coalition_favorable_rate,3,0.554,outcome
5,alibi,mean,catch_outside,creator_ejection_rate,3,0.372,outcome
5,alibi,mean,catch_outside,creator_survival,3,0.628,outcome
5,alibi,mean,catch_outside,no_ejection_rate,3,0.23,outcome
5,alibi,mean,catch_outside,incident_rate,3,1.0,outcome
5,alibi,soft_credibility,baseline,false_ejection_rate,3,0.368,outcome
5,alibi,soft_credibility,baseline,coalition_favorable_rate,3,0.596,outcome
5,alibi,soft_credibility,baseline,creator_ejection_rate,3,0.258,outcome
5,alibi,soft_credibility,baseline,creator_survival,3,0.742,outcome
5,alibi,soft_credibility,baseline,no_ejection_rate,3,0.228,outcome
5,alibi,soft_credibility,baseline,incident_rate,3,1.0,outcome
5,alibi,soft_credibility,baseline,n_speakers,3,6.0,voter
5,alibi,soft_credibility,baseline,coalition_share,3,0.33333333333333326,voter
5,alibi,soft_credibility,baseline,coalition_weight_soft,3,0.14593977216080342,voter
5,alibi,soft_credibility,baseline,weight_minus_share,3,-0.18739356117252987,voter
5,alibi,soft_credibility,baseline,cred_coalition,3,0.8885,voter
5,alibi,soft_credibility,baseline,cred_honest,3,4.9705,voter
5,alibi,soft_credibility,baseline,uninformative_share,3,0.0,voter
5,alibi,soft_credibility,baseline,weight_on_uninformative,3,0.0,voter
5,alibi,soft_credibility,baseline,coalition_caught,3,0.618,voter
5,alibi,soft_credibility,baseline,argmax_differs,3,0.076,voter
5,alibi,soft_credibility,baseline,mean_top_is_coalition,3,0.572,voter
5,alibi,soft_credibility,baseline,soft_top_is_coalition,3,0.514,voter
5,alibi,soft_credibility,baseline,mean_skips,3,0.0,voter
5,alibi,soft_credibility,baseline,soft_skips,3,0.0205,voter
5,alibi,soft_credibility,alibi_off,false_ejection_rate,3,0.23,outcome
5,alibi,soft_credibility,alibi_off,coalition_favorable_rate,3,0.314,outcome
5,alibi,soft_credibility,alibi_off,creator_ejection_rate,3,0.626,outcome
5,alibi,soft_credibility,alibi_off,creator_survival,3,0.374,outcome
5,alibi,soft_credibility,alibi_off,no_ejection_rate,3,0.084,outcome
5,alibi,soft_credibility,alibi_off,incident_rate,3,1.0,outcome
5,alibi,soft_credibility,catch_outside,false_ejection_rate,3,0.29,outcome
5,alibi,soft_credibility,catch_outside,coalition_favorable_rate,3,0.512,outcome
5,alibi,soft_credibility,catch_outside,creator_ejection_rate,3,0.416,outcome
5,alibi,soft_credibility,catch_outside,creator_survival,3,0.584,outcome
5,alibi,soft_credibility,catch_outside,no_ejection_rate,3,0.222,outcome
5,alibi,soft_credibility,catch_outside,incident_rate,3,1.0,outcome
5,alibi,sharp_credibility,baseline,false_ejection_rate,3,0.414,outcome
5,alibi,sharp_credibility,baseline,coalition_favorable_rate,3,0.618,outcome
5,alibi,sharp_credibility,baseline,creator_ejection_rate,3,0.248,outcome
5,alibi,sharp_credibility,baseline,creator_survival,3,0.752,outcome
5,alibi,sharp_credibility,baseline,no_ejection_rate,3,0.204,outcome
5,alibi,sharp_credibility,baseline,incident_rate,3,1.0,outcome
5,alibi,sharp_credibility,alibi_off,false_ejection_rate,3,0.342,outcome
5,alibi,sharp_credibility,alibi_off,coalition_favorable_rate,3,0.484,outcome
5,alibi,sharp_credibility,alibi_off,creator_ejection_rate,3,0.47,outcome
5,alibi,sharp_credibility,alibi_off,creator_survival,3,0.53,outcome
5,alibi,sharp_credibility,alibi_off,no_ejection_rate,3,0.142,outcome
5,alibi,sharp_credibility,alibi_off,incident_rate,3,1.0,outcome
5,alibi,sharp_credibility,catch_outside,false_ejection_rate,3,0.27,outcome
5,alibi,sharp_credibility,catch_outside,coalition_favorable_rate,3,0.442,outcome
5,alibi,sharp_credibility,catch_outside,creator_ejection_rate,3,0.486,outcome
5,alibi,sharp_credibility,catch_outside,creator_survival,3,0.514,outcome
5,alibi,sharp_credibility,catch_outside,no_ejection_rate,3,0.172,outcome
5,alibi,sharp_credibility,catch_outside,incident_rate,3,1.0,outcome
5,framer,mean,baseline,false_ejection_rate,3,0.394,outcome
5,framer,mean,baseline,coalition_favorable_rate,3,0.526,outcome
5,framer,mean,baseline,creator_ejection_rate,3,0.386,outcome
5,framer,mean,baseline,creator_survival,3,0.614,outcome
5,framer,mean,baseline,no_ejection_rate,3,0.132,outcome
5,framer,mean,baseline,incident_rate,3,1.0,outcome
5,framer,mean,alibi_off,false_ejection_rate,3,0.508,outcome
5,framer,mean,alibi_off,coalition_favorable_rate,3,0.738,outcome
5,framer,mean,alibi_off,creator_ejection_rate,3,0.22,outcome
5,framer,mean,alibi_off,creator_survival,3,0.78,outcome
5,framer,mean,alibi_off,no_ejection_rate,3,0.23,outcome
5,framer,mean,alibi_off,incident_rate,3,1.0,outcome
5,framer,mean,catch_outside,false_ejection_rate,3,0.394,outcome
5,framer,mean,catch_outside,coalition_favorable_rate,3,0.526,outcome
5,framer,mean,catch_outside,creator_ejection_rate,3,0.386,outcome
5,framer,mean,catch_outside,creator_survival,3,0.614,outcome
5,framer,mean,catch_outside,no_ejection_rate,3,0.132,outcome
5,framer,mean,catch_outside,incident_rate,3,1.0,outcome
5,framer,soft_credibility,baseline,false_ejection_rate,3,0.364,outcome
5,framer,soft_credibility,baseline,coalition_favorable_rate,3,0.482,outcome
5,framer,soft_credibility,baseline,creator_ejection_rate,3,0.438,outcome
5,framer,soft_credibility,baseline,creator_survival,3,0.562,outcome
5,framer,soft_credibility,baseline,no_ejection_rate,3,0.118,outcome
5,framer,soft_credibility,baseline,incident_rate,3,1.0,outcome
5,framer,soft_credibility,baseline,n_speakers,3,6.0,voter
5,framer,soft_credibility,baseline,coalition_share,3,0.33333333333333326,voter
5,framer,soft_credibility,baseline,coalition_weight_soft,3,0.10012862478679489,voter
5,framer,soft_credibility,baseline,weight_minus_share,3,-0.23320470854653844,voter
5,framer,soft_credibility,baseline,cred_coalition,3,-0.49675,voter
5,framer,soft_credibility,baseline,cred_honest,3,4.4495,voter
5,framer,soft_credibility,baseline,uninformative_share,3,0.0,voter
5,framer,soft_credibility,baseline,weight_on_uninformative,3,0.0,voter
5,framer,soft_credibility,baseline,coalition_caught,3,0.718,voter
5,framer,soft_credibility,baseline,argmax_differs,3,0.0085,voter
5,framer,soft_credibility,baseline,mean_top_is_coalition,3,0.736,voter
5,framer,soft_credibility,baseline,soft_top_is_coalition,3,0.738,voter
5,framer,soft_credibility,baseline,mean_skips,3,0.0,voter
5,framer,soft_credibility,baseline,soft_skips,3,0.0,voter
5,framer,soft_credibility,alibi_off,false_ejection_rate,3,0.456,outcome
5,framer,soft_credibility,alibi_off,coalition_favorable_rate,3,0.608,outcome
5,framer,soft_credibility,alibi_off,creator_ejection_rate,3,0.334,outcome
5,framer,soft_credibility,alibi_off,creator_survival,3,0.666,outcome
5,framer,soft_credibility,alibi_off,no_ejection_rate,3,0.152,outcome
5,framer,soft_credibility,alibi_off,incident_rate,3,1.0,outcome
5,framer,soft_credibility,catch_outside,false_ejection_rate,3,0.364,outcome
5,framer,soft_credibility,catch_outside,coalition_favorable_rate,3,0.482,outcome
5,framer,soft_credibility,catch_outside,creator_ejection_rate,3,0.436,outcome
5,framer,soft_credibility,catch_outside,creator_survival,3,0.564,outcome
5,framer,soft_credibility,catch_outside,no_ejection_rate,3,0.118,outcome
5,framer,soft_credibility,catch_outside,incident_rate,3,1.0,outcome
5,framer,sharp_credibility,baseline,false_ejection_rate,3,0.386,outcome
5,framer,sharp_credibility,baseline,coalition_favorable_rate,3,0.496,outcome
5,framer,sharp_credibility,baseline,creator_ejection_rate,3,0.424,outcome
5,framer,sharp_credibility,baseline,creator_survival,3,0.576,outcome
5,framer,sharp_credibility,baseline,no_ejection_rate,3,0.11,outcome
5,framer,sharp_credibility,baseline,incident_rate,3,1.0,outcome
5,framer,sharp_credibility,alibi_off,false_ejection_rate,3,0.45,outcome
5,framer,sharp_credibility,alibi_off,coalition_favorable_rate,3,0.576,outcome
5,framer,sharp_credibility,alibi_off,creator_ejection_rate,3,0.354,outcome
5,framer,sharp_credibility,alibi_off,creator_survival,3,0.646,outcome
5,framer,sharp_credibility,alibi_off,no_ejection_rate,3,0.126,outcome
5,framer,sharp_credibility,alibi_off,incident_rate,3,1.0,outcome
5,framer,sharp_credibility,catch_outside,false_ejection_rate,3,0.348,outcome
5,framer,sharp_credibility,catch_outside,coalition_favorable_rate,3,0.434,outcome
5,framer,sharp_credibility,catch_outside,creator_ejection_rate,3,0.474,outcome
5,framer,sharp_credibility,catch_outside,creator_survival,3,0.526,outcome
5,framer,sharp_credibility,catch_outside,no_ejection_rate,3,0.086,outcome
5,framer,sharp_credibility,catch_outside,incident_rate,3,1.0,outcome
5,truthful,mean,baseline,false_ejection_rate,4,0.0,outcome
5,truthful,mean,baseline,coalition_favorable_rate,4,0.0,outcome
5,truthful,mean,baseline,creator_ejection_rate,4,0.882,outcome
5,truthful,mean,baseline,creator_survival,4,0.118,outcome
5,truthful,mean,baseline,no_ejection_rate,4,0.0,outcome
5,truthful,mean,baseline,incident_rate,4,1.0,outcome
5,truthful,mean,alibi_off,false_ejection_rate,4,0.0,outcome
5,truthful,mean,alibi_off,coalition_favorable_rate,4,0.0,outcome
5,truthful,mean,alibi_off,creator_ejection_rate,4,0.882,outcome
5,truthful,mean,alibi_off,creator_survival,4,0.118,outcome
5,truthful,mean,alibi_off,no_ejection_rate,4,0.0,outcome
5,truthful,mean,alibi_off,incident_rate,4,1.0,outcome
5,truthful,mean,catch_outside,false_ejection_rate,4,0.0,outcome
5,truthful,mean,catch_outside,coalition_favorable_rate,4,0.0,outcome
5,truthful,mean,catch_outside,creator_ejection_rate,4,0.882,outcome
5,truthful,mean,catch_outside,creator_survival,4,0.118,outcome
5,truthful,mean,catch_outside,no_ejection_rate,4,0.0,outcome
5,truthful,mean,catch_outside,incident_rate,4,1.0,outcome
5,truthful,soft_credibility,baseline,false_ejection_rate,4,0.0,outcome
5,truthful,soft_credibility,baseline,coalition_favorable_rate,4,0.0,outcome
5,truthful,soft_credibility,baseline,creator_ejection_rate,4,0.882,outcome
5,truthful,soft_credibility,baseline,creator_survival,4,0.118,outcome
5,truthful,soft_credibility,baseline,no_ejection_rate,4,0.0,outcome
5,truthful,soft_credibility,baseline,incident_rate,4,1.0,outcome
5,truthful,soft_credibility,baseline,n_speakers,4,6.0,voter
5,truthful,soft_credibility,baseline,coalition_share,4,0.33333333333333326,voter
5,truthful,soft_credibility,baseline,coalition_weight_soft,4,0.33333333333333326,voter
5,truthful,soft_credibility,baseline,weight_minus_share,4,0.0,voter
5,truthful,soft_credibility,baseline,cred_coalition,4,5.0,voter
5,truthful,soft_credibility,baseline,cred_honest,4,5.0,voter
5,truthful,soft_credibility,baseline,uninformative_share,4,0.0,voter
5,truthful,soft_credibility,baseline,weight_on_uninformative,4,0.0,voter
5,truthful,soft_credibility,baseline,coalition_caught,4,0.0,voter
5,truthful,soft_credibility,baseline,argmax_differs,4,0.0,voter
5,truthful,soft_credibility,baseline,mean_top_is_coalition,4,1.0,voter
5,truthful,soft_credibility,baseline,soft_top_is_coalition,4,1.0,voter
5,truthful,soft_credibility,baseline,mean_skips,4,0.0,voter
5,truthful,soft_credibility,baseline,soft_skips,4,0.0,voter
5,truthful,soft_credibility,alibi_off,false_ejection_rate,4,0.0,outcome
5,truthful,soft_credibility,alibi_off,coalition_favorable_rate,4,0.0,outcome
5,truthful,soft_credibility,alibi_off,creator_ejection_rate,4,0.882,outcome
5,truthful,soft_credibility,alibi_off,creator_survival,4,0.118,outcome
5,truthful,soft_credibility,alibi_off,no_ejection_rate,4,0.0,outcome
5,truthful,soft_credibility,alibi_off,incident_rate,4,1.0,outcome
5,truthful,soft_credibility,catch_outside,false_ejection_rate,4,0.0,outcome
5,truthful,soft_credibility,catch_outside,coalition_favorable_rate,4,0.0,outcome
5,truthful,soft_credibility,catch_outside,creator_ejection_rate,4,0.882,outcome
5,truthful,soft_credibility,catch_outside,creator_survival,4,0.118,outcome
5,truthful,soft_credibility,catch_outside,no_ejection_rate,4,0.0,outcome
5,truthful,soft_credibility,catch_outside,incident_rate,4,1.0,outcome
5,truthful,sharp_credibility,baseline,false_ejection_rate,4,0.0,outcome
5,truthful,sharp_credibility,baseline,coalition_favorable_rate,4,0.0,outcome
5,truthful,sharp_credibility,baseline,creator_ejection_rate,4,0.882,outcome
5,truthful,sharp_credibility,baseline,creator_survival,4,0.118,outcome
5,truthful,sharp_credibility,baseline,no_ejection_rate,4,0.0,outcome
5,truthful,sharp_credibility,baseline,incident_rate,4,1.0,outcome
5,truthful,sharp_credibility,alibi_off,false_ejection_rate,4,0.0,outcome
5,truthful,sharp_credibility,alibi_off,coalition_favorable_rate,4,0.0,outcome
5,truthful,sharp_credibility,alibi_off,creator_ejection_rate,4,0.882,outcome
5,truthful,sharp_credibility,alibi_off,creator_survival,4,0.118,outcome
5,truthful,sharp_credibility,alibi_off,no_ejection_rate,4,0.0,outcome
5,truthful,sharp_credibility,alibi_off,incident_rate,4,1.0,outcome
5,truthful,sharp_credibility,catch_outside,false_ejection_rate,4,0.0,outcome
5,truthful,sharp_credibility,catch_outside,coalition_favorable_rate,4,0.0,outcome
5,truthful,sharp_credibility,catch_outside,creator_ejection_rate,4,0.882,outcome
5,truthful,sharp_credibility,catch_outside,creator_survival,4,0.118,outcome
5,truthful,sharp_credibility,catch_outside,no_ejection_rate,4,0.0,outcome
5,truthful,sharp_credibility,catch_outside,incident_rate,4,1.0,outcome
5,lone_liar,mean,baseline,false_ejection_rate,4,0.118,outcome
5,lone_liar,mean,baseline,coalition_favorable_rate,4,0.234,outcome
5,lone_liar,mean,baseline,creator_ejection_rate,4,0.666,outcome
5,lone_liar,mean,baseline,creator_survival,4,0.334,outcome
5,lone_liar,mean,baseline,no_ejection_rate,4,0.116,outcome
5,lone_liar,mean,baseline,incident_rate,4,1.0,outcome
5,lone_liar,mean,alibi_off,false_ejection_rate,4,0.166,outcome
5,lone_liar,mean,alibi_off,coalition_favorable_rate,4,0.286,outcome
5,lone_liar,mean,alibi_off,creator_ejection_rate,4,0.62,outcome
5,lone_liar,mean,alibi_off,creator_survival,4,0.38,outcome
5,lone_liar,mean,alibi_off,no_ejection_rate,4,0.12,outcome
5,lone_liar,mean,alibi_off,incident_rate,4,1.0,outcome
5,lone_liar,mean,catch_outside,false_ejection_rate,4,0.118,outcome
5,lone_liar,mean,catch_outside,coalition_favorable_rate,4,0.234,outcome
5,lone_liar,mean,catch_outside,creator_ejection_rate,4,0.666,outcome
5,lone_liar,mean,catch_outside,creator_survival,4,0.334,outcome
5,lone_liar,mean,catch_outside,no_ejection_rate,4,0.116,outcome
5,lone_liar,mean,catch_outside,incident_rate,4,1.0,outcome
5,lone_liar,soft_credibility,baseline,false_ejection_rate,4,0.144,outcome
5,lone_liar,soft_credibility,baseline,coalition_favorable_rate,4,0.184,outcome
5,lone_liar,soft_credibility,baseline,creator_ejection_rate,4,0.576,outcome
5,lone_liar,soft_credibility,baseline,creator_survival,4,0.424,outcome
5,lone_liar,soft_credibility,baseline,no_ejection_rate,4,0.04,outcome
5,lone_liar,soft_credibility,baseline,incident_rate,4,1.0,outcome
5,lone_liar,soft_credibility,baseline,n_speakers,4,6.0,voter
5,lone_liar,soft_credibility,baseline,coalition_share,4,0.33333333333333326,voter
5,lone_liar,soft_credibility,baseline,coalition_weight_soft,4,0.2581389795769281,voter
5,lone_liar,soft_credibility,baseline,weight_minus_share,4,-0.07519435375640526,voter
5,lone_liar,soft_credibility,baseline,cred_coalition,4,2.7475,voter
5,lone_liar,soft_credibility,baseline,cred_honest,4,4.985,voter
5,lone_liar,soft_credibility,baseline,uninformative_share,4,0.0,voter
5,lone_liar,soft_credibility,baseline,weight_on_uninformative,4,0.0,voter
5,lone_liar,soft_credibility,baseline,coalition_caught,4,0.558,voter
5,lone_liar,soft_credibility,baseline,argmax_differs,4,0.031,voter
5,lone_liar,soft_credibility,baseline,mean_top_is_coalition,4,0.8895,voter
5,lone_liar,soft_credibility,baseline,soft_top_is_coalition,4,0.8705,voter
5,lone_liar,soft_credibility,baseline,mean_skips,4,0.0,voter
5,lone_liar,soft_credibility,baseline,soft_skips,4,0.0,voter
5,lone_liar,soft_credibility,alibi_off,false_ejection_rate,4,0.182,outcome
5,lone_liar,soft_credibility,alibi_off,coalition_favorable_rate,4,0.23,outcome
5,lone_liar,soft_credibility,alibi_off,creator_ejection_rate,4,0.546,outcome
5,lone_liar,soft_credibility,alibi_off,creator_survival,4,0.454,outcome
5,lone_liar,soft_credibility,alibi_off,no_ejection_rate,4,0.048,outcome
5,lone_liar,soft_credibility,alibi_off,incident_rate,4,1.0,outcome
5,lone_liar,soft_credibility,catch_outside,false_ejection_rate,4,0.118,outcome
5,lone_liar,soft_credibility,catch_outside,coalition_favorable_rate,4,0.232,outcome
5,lone_liar,soft_credibility,catch_outside,creator_ejection_rate,4,0.666,outcome
5,lone_liar,soft_credibility,catch_outside,creator_survival,4,0.334,outcome
5,lone_liar,soft_credibility,catch_outside,no_ejection_rate,4,0.114,outcome
5,lone_liar,soft_credibility,catch_outside,incident_rate,4,1.0,outcome
5,lone_liar,sharp_credibility,baseline,false_ejection_rate,4,0.304,outcome
5,lone_liar,sharp_credibility,baseline,coalition_favorable_rate,4,0.342,outcome
5,lone_liar,sharp_credibility,baseline,creator_ejection_rate,4,0.396,outcome
5,lone_liar,sharp_credibility,baseline,creator_survival,4,0.604,outcome
5,lone_liar,sharp_credibility,baseline,no_ejection_rate,4,0.038,outcome
5,lone_liar,sharp_credibility,baseline,incident_rate,4,1.0,outcome
5,lone_liar,sharp_credibility,alibi_off,false_ejection_rate,4,0.348,outcome
5,lone_liar,sharp_credibility,alibi_off,coalition_favorable_rate,4,0.41,outcome
5,lone_liar,sharp_credibility,alibi_off,creator_ejection_rate,4,0.342,outcome
5,lone_liar,sharp_credibility,alibi_off,creator_survival,4,0.658,outcome
5,lone_liar,sharp_credibility,alibi_off,no_ejection_rate,4,0.062,outcome
5,lone_liar,sharp_credibility,alibi_off,incident_rate,4,1.0,outcome
5,lone_liar,sharp_credibility,catch_outside,false_ejection_rate,4,0.118,outcome
5,lone_liar,sharp_credibility,catch_outside,coalition_favorable_rate,4,0.23,outcome
5,lone_liar,sharp_credibility,catch_outside,creator_ejection_rate,4,0.664,outcome
5,lone_liar,sharp_credibility,catch_outside,creator_survival,4,0.336,outcome
5,lone_liar,sharp_credibility,catch_outside,no_ejection_rate,4,0.112,outcome
5,lone_liar,sharp_credibility,catch_outside,incident_rate,4,1.0,outcome
5,alibi,mean,baseline,false_ejection_rate,4,0.278,outcome
5,alibi,mean,baseline,coalition_favorable_rate,4,0.516,outcome
5,alibi,mean,baseline,creator_ejection_rate,4,0.386,outcome
5,alibi,mean,baseline,creator_survival,4,0.614,outcome
5,alibi,mean,baseline,no_ejection_rate,4,0.238,outcome
5,alibi,mean,baseline,incident_rate,4,1.0,outcome
5,alibi,mean,alibi_off,false_ejection_rate,4,0.21,outcome
5,alibi,mean,alibi_off,coalition_favorable_rate,4,0.29,outcome
5,alibi,mean,alibi_off,creator_ejection_rate,4,0.622,outcome
5,alibi,mean,alibi_off,creator_survival,4,0.378,outcome
5,alibi,mean,alibi_off,no_ejection_rate,4,0.08,outcome
5,alibi,mean,alibi_off,incident_rate,4,1.0,outcome
5,alibi,mean,catch_outside,false_ejection_rate,4,0.278,outcome
5,alibi,mean,catch_outside,coalition_favorable_rate,4,0.516,outcome
5,alibi,mean,catch_outside,creator_ejection_rate,4,0.386,outcome
5,alibi,mean,catch_outside,creator_survival,4,0.614,outcome
5,alibi,mean,catch_outside,no_ejection_rate,4,0.238,outcome
5,alibi,mean,catch_outside,incident_rate,4,1.0,outcome
5,alibi,soft_credibility,baseline,false_ejection_rate,4,0.348,outcome
5,alibi,soft_credibility,baseline,coalition_favorable_rate,4,0.58,outcome
5,alibi,soft_credibility,baseline,creator_ejection_rate,4,0.256,outcome
5,alibi,soft_credibility,baseline,creator_survival,4,0.744,outcome
5,alibi,soft_credibility,baseline,no_ejection_rate,4,0.232,outcome
5,alibi,soft_credibility,baseline,incident_rate,4,1.0,outcome
5,alibi,soft_credibility,baseline,n_speakers,4,6.0,voter
5,alibi,soft_credibility,baseline,coalition_share,4,0.33333333333333326,voter
5,alibi,soft_credibility,baseline,coalition_weight_soft,4,0.14261930782504117,voter
5,alibi,soft_credibility,baseline,weight_minus_share,4,-0.19071402550829208,voter
5,alibi,soft_credibility,baseline,cred_coalition,4,0.74825,voter
5,alibi,soft_credibility,baseline,cred_honest,4,4.968,voter
5,alibi,soft_credibility,baseline,uninformative_share,4,0.0,voter
5,alibi,soft_credibility,baseline,weight_on_uninformative,4,0.0,voter
5,alibi,soft_credibility,baseline,coalition_caught,4,0.625,voter
5,alibi,soft_credibility,baseline,argmax_differs,4,0.0735,voter
5,alibi,soft_credibility,baseline,mean_top_is_coalition,4,0.596,voter
5,alibi,soft_credibility,baseline,soft_top_is_coalition,4,0.534,voter
5,alibi,soft_credibility,baseline,mean_skips,4,0.0,voter
5,alibi,soft_credibility,baseline,soft_skips,4,0.025,voter
5,alibi,soft_credibility,alibi_off,false_ejection_rate,4,0.206,outcome
5,alibi,soft_credibility,alibi_off,coalition_favorable_rate,4,0.31,outcome
5,alibi,soft_credibility,alibi_off,creator_ejection_rate,4,0.61,outcome
5,alibi,soft_credibility,alibi_off,creator_survival,4,0.39,outcome
5,alibi,soft_credibility,alibi_off,no_ejection_rate,4,0.104,outcome
5,alibi,soft_credibility,alibi_off,incident_rate,4,1.0,outcome
5,alibi,soft_credibility,catch_outside,false_ejection_rate,4,0.26,outcome
5,alibi,soft_credibility,catch_outside,coalition_favorable_rate,4,0.484,outcome
5,alibi,soft_credibility,catch_outside,creator_ejection_rate,4,0.418,outcome
5,alibi,soft_credibility,catch_outside,creator_survival,4,0.582,outcome
5,alibi,soft_credibility,catch_outside,no_ejection_rate,4,0.224,outcome
5,alibi,soft_credibility,catch_outside,incident_rate,4,1.0,outcome
5,alibi,sharp_credibility,baseline,false_ejection_rate,4,0.39,outcome
5,alibi,sharp_credibility,baseline,coalition_favorable_rate,4,0.606,outcome
5,alibi,sharp_credibility,baseline,creator_ejection_rate,4,0.24,outcome
5,alibi,sharp_credibility,baseline,creator_survival,4,0.76,outcome
5,alibi,sharp_credibility,baseline,no_ejection_rate,4,0.216,outcome
5,alibi,sharp_credibility,baseline,incident_rate,4,1.0,outcome
5,alibi,sharp_credibility,alibi_off,false_ejection_rate,4,0.318,outcome
5,alibi,sharp_credibility,alibi_off,coalition_favorable_rate,4,0.484,outcome
5,alibi,sharp_credibility,alibi_off,creator_ejection_rate,4,0.446,outcome
5,alibi,sharp_credibility,alibi_off,creator_survival,4,0.554,outcome
5,alibi,sharp_credibility,alibi_off,no_ejection_rate,4,0.166,outcome
5,alibi,sharp_credibility,alibi_off,incident_rate,4,1.0,outcome
5,alibi,sharp_credibility,catch_outside,false_ejection_rate,4,0.232,outcome
5,alibi,sharp_credibility,catch_outside,coalition_favorable_rate,4,0.438,outcome
5,alibi,sharp_credibility,catch_outside,creator_ejection_rate,4,0.464,outcome
5,alibi,sharp_credibility,catch_outside,creator_survival,4,0.536,outcome
5,alibi,sharp_credibility,catch_outside,no_ejection_rate,4,0.206,outcome
5,alibi,sharp_credibility,catch_outside,incident_rate,4,1.0,outcome
5,framer,mean,baseline,false_ejection_rate,4,0.416,outcome
5,framer,mean,baseline,coalition_favorable_rate,4,0.542,outcome
5,framer,mean,baseline,creator_ejection_rate,4,0.354,outcome
5,framer,mean,baseline,creator_survival,4,0.646,outcome
5,framer,mean,baseline,no_ejection_rate,4,0.126,outcome
5,framer,mean,baseline,incident_rate,4,1.0,outcome
5,framer,mean,alibi_off,false_ejection_rate,4,0.542,outcome
5,framer,mean,alibi_off,coalition_favorable_rate,4,0.776,outcome
5,framer,mean,alibi_off,creator_ejection_rate,4,0.158,outcome
5,framer,mean,alibi_off,creator_survival,4,0.842,outcome
5,framer,mean,alibi_off,no_ejection_rate,4,0.234,outcome
5,framer,mean,alibi_off,incident_rate,4,1.0,outcome
5,framer,mean,catch_outside,false_ejection_rate,4,0.416,outcome
5,framer,mean,catch_outside,coalition_favorable_rate,4,0.542,outcome
5,framer,mean,catch_outside,creator_ejection_rate,4,0.354,outcome
5,framer,mean,catch_outside,creator_survival,4,0.646,outcome
5,framer,mean,catch_outside,no_ejection_rate,4,0.126,outcome
5,framer,mean,catch_outside,incident_rate,4,1.0,outcome
5,framer,soft_credibility,baseline,false_ejection_rate,4,0.42,outcome
5,framer,soft_credibility,baseline,coalition_favorable_rate,4,0.526,outcome
5,framer,soft_credibility,baseline,creator_ejection_rate,4,0.374,outcome
5,framer,soft_credibility,baseline,creator_survival,4,0.626,outcome
5,framer,soft_credibility,baseline,no_ejection_rate,4,0.106,outcome
5,framer,soft_credibility,baseline,incident_rate,4,1.0,outcome
5,framer,soft_credibility,baseline,n_speakers,4,6.0,voter
5,framer,soft_credibility,baseline,coalition_share,4,0.33333333333333326,voter
5,framer,soft_credibility,baseline,coalition_weight_soft,4,0.1100393654755081,voter
5,framer,soft_credibility,baseline,weight_minus_share,4,-0.22329396785782518,voter
5,framer,soft_credibility,baseline,cred_coalition,4,-0.231,voter
5,framer,soft_credibility,baseline,cred_honest,4,4.4995,voter
5,framer,soft_credibility,baseline,uninformative_share,4,0.0,voter
5,framer,soft_credibility,baseline,weight_on_uninformative,4,0.0,voter
5,framer,soft_credibility,baseline,coalition_caught,4,0.6735,voter
5,framer,soft_credibility,baseline,argmax_differs,4,0.007,voter
5,framer,soft_credibility,baseline,mean_top_is_coalition,4,0.7065,voter
5,framer,soft_credibility,baseline,soft_top_is_coalition,4,0.707,voter
5,framer,soft_credibility,baseline,mean_skips,4,0.0,voter
5,framer,soft_credibility,baseline,soft_skips,4,0.0,voter
5,framer,soft_credibility,alibi_off,false_ejection_rate,4,0.51,outcome
5,framer,soft_credibility,alibi_off,coalition_favorable_rate,4,0.66,outcome
5,framer,soft_credibility,alibi_off,creator_ejection_rate,4,0.268,outcome
5,framer,soft_credibility,alibi_off,creator_survival,4,0.732,outcome
5,framer,soft_credibility,alibi_off,no_ejection_rate,4,0.15,outcome
5,framer,soft_credibility,alibi_off,incident_rate,4,1.0,outcome
5,framer,soft_credibility,catch_outside,false_ejection_rate,4,0.42,outcome
5,framer,soft_credibility,catch_outside,coalition_favorable_rate,4,0.526,outcome
5,framer,soft_credibility,catch_outside,creator_ejection_rate,4,0.372,outcome
5,framer,soft_credibility,catch_outside,creator_survival,4,0.628,outcome
5,framer,soft_credibility,catch_outside,no_ejection_rate,4,0.106,outcome
5,framer,soft_credibility,catch_outside,incident_rate,4,1.0,outcome
5,framer,sharp_credibility,baseline,false_ejection_rate,4,0.416,outcome
5,framer,sharp_credibility,baseline,coalition_favorable_rate,4,0.534,outcome
5,framer,sharp_credibility,baseline,creator_ejection_rate,4,0.36,outcome
5,framer,sharp_credibility,baseline,creator_survival,4,0.64,outcome
5,framer,sharp_credibility,baseline,no_ejection_rate,4,0.118,outcome
5,framer,sharp_credibility,baseline,incident_rate,4,1.0,outcome
5,framer,sharp_credibility,alibi_off,false_ejection_rate,4,0.484,outcome
5,framer,sharp_credibility,alibi_off,coalition_favorable_rate,4,0.632,outcome
5,framer,sharp_credibility,alibi_off,creator_ejection_rate,4,0.278,outcome
5,framer,sharp_credibility,alibi_off,creator_survival,4,0.722,outcome
5,framer,sharp_credibility,alibi_off,no_ejection_rate,4,0.148,outcome
5,framer,sharp_credibility,alibi_off,incident_rate,4,1.0,outcome
5,framer,sharp_credibility,catch_outside,false_ejection_rate,4,0.402,outcome
5,framer,sharp_credibility,catch_outside,coalition_favorable_rate,4,0.494,outcome
5,framer,sharp_credibility,catch_outside,creator_ejection_rate,4,0.398,outcome
5,framer,sharp_credibility,catch_outside,creator_survival,4,0.602,outcome
5,framer,sharp_credibility,catch_outside,no_ejection_rate,4,0.092,outcome
5,framer,sharp_credibility,catch_outside,incident_rate,4,1.0,outcome
5,truthful,mean,baseline,false_ejection_rate,5,0.0,outcome
5,truthful,mean,baseline,coalition_favorable_rate,5,0.0,outcome
5,truthful,mean,baseline,creator_ejection_rate,5,0.904,outcome
5,truthful,mean,baseline,creator_survival,5,0.096,outcome
5,truthful,mean,baseline,no_ejection_rate,5,0.0,outcome
5,truthful,mean,baseline,incident_rate,5,1.0,outcome
5,truthful,mean,alibi_off,false_ejection_rate,5,0.0,outcome
5,truthful,mean,alibi_off,coalition_favorable_rate,5,0.0,outcome
5,truthful,mean,alibi_off,creator_ejection_rate,5,0.904,outcome
5,truthful,mean,alibi_off,creator_survival,5,0.096,outcome
5,truthful,mean,alibi_off,no_ejection_rate,5,0.0,outcome
5,truthful,mean,alibi_off,incident_rate,5,1.0,outcome
5,truthful,mean,catch_outside,false_ejection_rate,5,0.0,outcome
5,truthful,mean,catch_outside,coalition_favorable_rate,5,0.0,outcome
5,truthful,mean,catch_outside,creator_ejection_rate,5,0.904,outcome
5,truthful,mean,catch_outside,creator_survival,5,0.096,outcome
5,truthful,mean,catch_outside,no_ejection_rate,5,0.0,outcome
5,truthful,mean,catch_outside,incident_rate,5,1.0,outcome
5,truthful,soft_credibility,baseline,false_ejection_rate,5,0.0,outcome
5,truthful,soft_credibility,baseline,coalition_favorable_rate,5,0.0,outcome
5,truthful,soft_credibility,baseline,creator_ejection_rate,5,0.904,outcome
5,truthful,soft_credibility,baseline,creator_survival,5,0.096,outcome
5,truthful,soft_credibility,baseline,no_ejection_rate,5,0.0,outcome
5,truthful,soft_credibility,baseline,incident_rate,5,1.0,outcome
5,truthful,soft_credibility,baseline,n_speakers,5,6.0,voter
5,truthful,soft_credibility,baseline,coalition_share,5,0.33333333333333326,voter
5,truthful,soft_credibility,baseline,coalition_weight_soft,5,0.33333333333333326,voter
5,truthful,soft_credibility,baseline,weight_minus_share,5,0.0,voter
5,truthful,soft_credibility,baseline,cred_coalition,5,5.0,voter
5,truthful,soft_credibility,baseline,cred_honest,5,5.0,voter
5,truthful,soft_credibility,baseline,uninformative_share,5,0.0,voter
5,truthful,soft_credibility,baseline,weight_on_uninformative,5,0.0,voter
5,truthful,soft_credibility,baseline,coalition_caught,5,0.0,voter
5,truthful,soft_credibility,baseline,argmax_differs,5,0.0,voter
5,truthful,soft_credibility,baseline,mean_top_is_coalition,5,1.0,voter
5,truthful,soft_credibility,baseline,soft_top_is_coalition,5,1.0,voter
5,truthful,soft_credibility,baseline,mean_skips,5,0.0,voter
5,truthful,soft_credibility,baseline,soft_skips,5,0.0,voter
5,truthful,soft_credibility,alibi_off,false_ejection_rate,5,0.0,outcome
5,truthful,soft_credibility,alibi_off,coalition_favorable_rate,5,0.0,outcome
5,truthful,soft_credibility,alibi_off,creator_ejection_rate,5,0.904,outcome
5,truthful,soft_credibility,alibi_off,creator_survival,5,0.096,outcome
5,truthful,soft_credibility,alibi_off,no_ejection_rate,5,0.0,outcome
5,truthful,soft_credibility,alibi_off,incident_rate,5,1.0,outcome
5,truthful,soft_credibility,catch_outside,false_ejection_rate,5,0.0,outcome
5,truthful,soft_credibility,catch_outside,coalition_favorable_rate,5,0.0,outcome
5,truthful,soft_credibility,catch_outside,creator_ejection_rate,5,0.904,outcome
5,truthful,soft_credibility,catch_outside,creator_survival,5,0.096,outcome
5,truthful,soft_credibility,catch_outside,no_ejection_rate,5,0.0,outcome
5,truthful,soft_credibility,catch_outside,incident_rate,5,1.0,outcome
5,truthful,sharp_credibility,baseline,false_ejection_rate,5,0.0,outcome
5,truthful,sharp_credibility,baseline,coalition_favorable_rate,5,0.0,outcome
5,truthful,sharp_credibility,baseline,creator_ejection_rate,5,0.904,outcome
5,truthful,sharp_credibility,baseline,creator_survival,5,0.096,outcome
5,truthful,sharp_credibility,baseline,no_ejection_rate,5,0.0,outcome
5,truthful,sharp_credibility,baseline,incident_rate,5,1.0,outcome
5,truthful,sharp_credibility,alibi_off,false_ejection_rate,5,0.0,outcome
5,truthful,sharp_credibility,alibi_off,coalition_favorable_rate,5,0.0,outcome
5,truthful,sharp_credibility,alibi_off,creator_ejection_rate,5,0.904,outcome
5,truthful,sharp_credibility,alibi_off,creator_survival,5,0.096,outcome
5,truthful,sharp_credibility,alibi_off,no_ejection_rate,5,0.0,outcome
5,truthful,sharp_credibility,alibi_off,incident_rate,5,1.0,outcome
5,truthful,sharp_credibility,catch_outside,false_ejection_rate,5,0.0,outcome
5,truthful,sharp_credibility,catch_outside,coalition_favorable_rate,5,0.0,outcome
5,truthful,sharp_credibility,catch_outside,creator_ejection_rate,5,0.904,outcome
5,truthful,sharp_credibility,catch_outside,creator_survival,5,0.096,outcome
5,truthful,sharp_credibility,catch_outside,no_ejection_rate,5,0.0,outcome
5,truthful,sharp_credibility,catch_outside,incident_rate,5,1.0,outcome
5,lone_liar,mean,baseline,false_ejection_rate,5,0.138,outcome
5,lone_liar,mean,baseline,coalition_favorable_rate,5,0.236,outcome
5,lone_liar,mean,baseline,creator_ejection_rate,5,0.658,outcome
5,lone_liar,mean,baseline,creator_survival,5,0.342,outcome
5,lone_liar,mean,baseline,no_ejection_rate,5,0.098,outcome
5,lone_liar,mean,baseline,incident_rate,5,1.0,outcome
5,lone_liar,mean,alibi_off,false_ejection_rate,5,0.192,outcome
5,lone_liar,mean,alibi_off,coalition_favorable_rate,5,0.286,outcome
5,lone_liar,mean,alibi_off,creator_ejection_rate,5,0.606,outcome
5,lone_liar,mean,alibi_off,creator_survival,5,0.394,outcome
5,lone_liar,mean,alibi_off,no_ejection_rate,5,0.094,outcome
5,lone_liar,mean,alibi_off,incident_rate,5,1.0,outcome
5,lone_liar,mean,catch_outside,false_ejection_rate,5,0.138,outcome
5,lone_liar,mean,catch_outside,coalition_favorable_rate,5,0.236,outcome
5,lone_liar,mean,catch_outside,creator_ejection_rate,5,0.658,outcome
5,lone_liar,mean,catch_outside,creator_survival,5,0.342,outcome
5,lone_liar,mean,catch_outside,no_ejection_rate,5,0.098,outcome
5,lone_liar,mean,catch_outside,incident_rate,5,1.0,outcome
5,lone_liar,soft_credibility,baseline,false_ejection_rate,5,0.168,outcome
5,lone_liar,soft_credibility,baseline,coalition_favorable_rate,5,0.21,outcome
5,lone_liar,soft_credibility,baseline,creator_ejection_rate,5,0.546,outcome
5,lone_liar,soft_credibility,baseline,creator_survival,5,0.454,outcome
5,lone_liar,soft_credibility,baseline,no_ejection_rate,5,0.042,outcome
5,lone_liar,soft_credibility,baseline,incident_rate,5,1.0,outcome
5,lone_liar,soft_credibility,baseline,n_speakers,5,6.0,voter
5,lone_liar,soft_credibility,baseline,coalition_share,5,0.33333333333333326,voter
5,lone_liar,soft_credibility,baseline,coalition_weight_soft,5,0.26018403095850706,voter
5,lone_liar,soft_credibility,baseline,weight_minus_share,5,-0.0731493023748263,voter
5,lone_liar,soft_credibility,baseline,cred_coalition,5,2.8275,voter
5,lone_liar,soft_credibility,baseline,cred_honest,5,4.9875,voter
5,lone_liar,soft_credibility,baseline,uninformative_share,5,0.0,voter
5,lone_liar,soft_credibility,baseline,weight_on_uninformative,5,0.0,voter
5,lone_liar,soft_credibility,baseline,coalition_caught,5,0.5375,voter
5,lone_liar,soft_credibility,baseline,argmax_differs,5,0.0375,voter
5,lone_liar,soft_credibility,baseline,mean_top_is_coalition,5,0.87,voter
5,lone_liar,soft_credibility,baseline,soft_top_is_coalition,5,0.846,voter
5,lone_liar,soft_credibility,baseline,mean_skips,5,0.0,voter
5,lone_liar,soft_credibility,baseline,soft_skips,5,0.0,voter
5,lone_liar,soft_credibility,alibi_off,false_ejection_rate,5,0.21,outcome
5,lone_liar,soft_credibility,alibi_off,coalition_favorable_rate,5,0.252,outcome
5,lone_liar,soft_credibility,alibi_off,creator_ejection_rate,5,0.51,outcome
5,lone_liar,soft_credibility,alibi_off,creator_survival,5,0.49,outcome
5,lone_liar,soft_credibility,alibi_off,no_ejection_rate,5,0.042,outcome
5,lone_liar,soft_credibility,alibi_off,incident_rate,5,1.0,outcome
5,lone_liar,soft_credibility,catch_outside,false_ejection_rate,5,0.136,outcome
5,lone_liar,soft_credibility,catch_outside,coalition_favorable_rate,5,0.234,outcome
5,lone_liar,soft_credibility,catch_outside,creator_ejection_rate,5,0.66,outcome
5,lone_liar,soft_credibility,catch_outside,creator_survival,5,0.34,outcome
5,lone_liar,soft_credibility,catch_outside,no_ejection_rate,5,0.098,outcome
5,lone_liar,soft_credibility,catch_outside,incident_rate,5,1.0,outcome
5,lone_liar,sharp_credibility,baseline,false_ejection_rate,5,0.294,outcome
5,lone_liar,sharp_credibility,baseline,coalition_favorable_rate,5,0.34,outcome
5,lone_liar,sharp_credibility,baseline,creator_ejection_rate,5,0.396,outcome
5,lone_liar,sharp_credibility,baseline,creator_survival,5,0.604,outcome
5,lone_liar,sharp_credibility,baseline,no_ejection_rate,5,0.046,outcome
5,lone_liar,sharp_credibility,baseline,incident_rate,5,1.0,outcome
5,lone_liar,sharp_credibility,alibi_off,false_ejection_rate,5,0.328,outcome
5,lone_liar,sharp_credibility,alibi_off,coalition_favorable_rate,5,0.394,outcome
5,lone_liar,sharp_credibility,alibi_off,creator_ejection_rate,5,0.348,outcome
5,lone_liar,sharp_credibility,alibi_off,creator_survival,5,0.652,outcome
5,lone_liar,sharp_credibility,alibi_off,no_ejection_rate,5,0.066,outcome
5,lone_liar,sharp_credibility,alibi_off,incident_rate,5,1.0,outcome
5,lone_liar,sharp_credibility,catch_outside,false_ejection_rate,5,0.136,outcome
5,lone_liar,sharp_credibility,catch_outside,coalition_favorable_rate,5,0.234,outcome
5,lone_liar,sharp_credibility,catch_outside,creator_ejection_rate,5,0.66,outcome
5,lone_liar,sharp_credibility,catch_outside,creator_survival,5,0.34,outcome
5,lone_liar,sharp_credibility,catch_outside,no_ejection_rate,5,0.098,outcome
5,lone_liar,sharp_credibility,catch_outside,incident_rate,5,1.0,outcome
5,alibi,mean,baseline,false_ejection_rate,5,0.33,outcome
5,alibi,mean,baseline,coalition_favorable_rate,5,0.572,outcome
5,alibi,mean,baseline,creator_ejection_rate,5,0.356,outcome
5,alibi,mean,baseline,creator_survival,5,0.644,outcome
5,alibi,mean,baseline,no_ejection_rate,5,0.242,outcome
5,alibi,mean,baseline,incident_rate,5,1.0,outcome
5,alibi,mean,alibi_off,false_ejection_rate,5,0.222,outcome
5,alibi,mean,alibi_off,coalition_favorable_rate,5,0.314,outcome
5,alibi,mean,alibi_off,creator_ejection_rate,5,0.626,outcome
5,alibi,mean,alibi_off,creator_survival,5,0.374,outcome
5,alibi,mean,alibi_off,no_ejection_rate,5,0.092,outcome
5,alibi,mean,alibi_off,incident_rate,5,1.0,outcome
5,alibi,mean,catch_outside,false_ejection_rate,5,0.33,outcome
5,alibi,mean,catch_outside,coalition_favorable_rate,5,0.574,outcome
5,alibi,mean,catch_outside,creator_ejection_rate,5,0.354,outcome
5,alibi,mean,catch_outside,creator_survival,5,0.646,outcome
5,alibi,mean,catch_outside,no_ejection_rate,5,0.244,outcome
5,alibi,mean,catch_outside,incident_rate,5,1.0,outcome
5,alibi,soft_credibility,baseline,false_ejection_rate,5,0.418,outcome
5,alibi,soft_credibility,baseline,coalition_favorable_rate,5,0.648,outcome
5,alibi,soft_credibility,baseline,creator_ejection_rate,5,0.222,outcome
5,alibi,soft_credibility,baseline,creator_survival,5,0.778,outcome
5,alibi,soft_credibility,baseline,no_ejection_rate,5,0.23,outcome
5,alibi,soft_credibility,baseline,incident_rate,5,1.0,outcome
5,alibi,soft_credibility,baseline,n_speakers,5,6.0,voter
5,alibi,soft_credibility,baseline,coalition_share,5,0.33333333333333326,voter
5,alibi,soft_credibility,baseline,coalition_weight_soft,5,0.1440415947060584,voter
5,alibi,soft_credibility,baseline,weight_minus_share,5,-0.18929173862727486,voter
5,alibi,soft_credibility,baseline,cred_coalition,5,0.8495,voter
5,alibi,soft_credibility,baseline,cred_honest,5,4.971,voter
5,alibi,soft_credibility,baseline,uninformative_share,5,0.0,voter
5,alibi,soft_credibility,baseline,weight_on_uninformative,5,0.0,voter
5,alibi,soft_credibility,baseline,coalition_caught,5,0.629,voter
5,alibi,soft_credibility,baseline,argmax_differs,5,0.092,voter
5,alibi,soft_credibility,baseline,mean_top_is_coalition,5,0.5525,voter
5,alibi,soft_credibility,baseline,soft_top_is_coalition,5,0.479,voter
5,alibi,soft_credibility,baseline,mean_skips,5,0.0,voter
5,alibi,soft_credibility,baseline,soft_skips,5,0.0205,voter
5,alibi,soft_credibility,alibi_off,false_ejection_rate,5,0.232,outcome
5,alibi,soft_credibility,alibi_off,coalition_favorable_rate,5,0.324,outcome
5,alibi,soft_credibility,alibi_off,creator_ejection_rate,5,0.62,outcome
5,alibi,soft_credibility,alibi_off,creator_survival,5,0.38,outcome
5,alibi,soft_credibility,alibi_off,no_ejection_rate,5,0.092,outcome
5,alibi,soft_credibility,alibi_off,incident_rate,5,1.0,outcome
5,alibi,soft_credibility,catch_outside,false_ejection_rate,5,0.29,outcome
5,alibi,soft_credibility,catch_outside,coalition_favorable_rate,5,0.518,outcome
5,alibi,soft_credibility,catch_outside,creator_ejection_rate,5,0.412,outcome
5,alibi,soft_credibility,catch_outside,creator_survival,5,0.588,outcome
5,alibi,soft_credibility,catch_outside,no_ejection_rate,5,0.228,outcome
5,alibi,soft_credibility,catch_outside,incident_rate,5,1.0,outcome
5,alibi,sharp_credibility,baseline,false_ejection_rate,5,0.466,outcome
5,alibi,sharp_credibility,baseline,coalition_favorable_rate,5,0.672,outcome
5,alibi,sharp_credibility,baseline,creator_ejection_rate,5,0.218,outcome
5,alibi,sharp_credibility,baseline,creator_survival,5,0.782,outcome
5,alibi,sharp_credibility,baseline,no_ejection_rate,5,0.206,outcome
5,alibi,sharp_credibility,baseline,incident_rate,5,1.0,outcome
5,alibi,sharp_credibility,alibi_off,false_ejection_rate,5,0.332,outcome
5,alibi,sharp_credibility,alibi_off,coalition_favorable_rate,5,0.504,outcome
5,alibi,sharp_credibility,alibi_off,creator_ejection_rate,5,0.46,outcome
5,alibi,sharp_credibility,alibi_off,creator_survival,5,0.54,outcome
5,alibi,sharp_credibility,alibi_off,no_ejection_rate,5,0.172,outcome
5,alibi,sharp_credibility,alibi_off,incident_rate,5,1.0,outcome
5,alibi,sharp_credibility,catch_outside,false_ejection_rate,5,0.262,outcome
5,alibi,sharp_credibility,catch_outside,coalition_favorable_rate,5,0.456,outcome
5,alibi,sharp_credibility,catch_outside,creator_ejection_rate,5,0.472,outcome
5,alibi,sharp_credibility,catch_outside,creator_survival,5,0.528,outcome
5,alibi,sharp_credibility,catch_outside,no_ejection_rate,5,0.194,outcome
5,alibi,sharp_credibility,catch_outside,incident_rate,5,1.0,outcome
5,framer,mean,baseline,false_ejection_rate,5,0.368,outcome
5,framer,mean,baseline,coalition_favorable_rate,5,0.48,outcome
5,framer,mean,baseline,creator_ejection_rate,5,0.422,outcome
5,framer,mean,baseline,creator_survival,5,0.578,outcome
5,framer,mean,baseline,no_ejection_rate,5,0.112,outcome
5,framer,mean,baseline,incident_rate,5,1.0,outcome
5,framer,mean,alibi_off,false_ejection_rate,5,0.496,outcome
5,framer,mean,alibi_off,coalition_favorable_rate,5,0.744,outcome
5,framer,mean,alibi_off,creator_ejection_rate,5,0.214,outcome
5,framer,mean,alibi_off,creator_survival,5,0.786,outcome
5,framer,mean,alibi_off,no_ejection_rate,5,0.248,outcome
5,framer,mean,alibi_off,incident_rate,5,1.0,outcome
5,framer,mean,catch_outside,false_ejection_rate,5,0.368,outcome
5,framer,mean,catch_outside,coalition_favorable_rate,5,0.48,outcome
5,framer,mean,catch_outside,creator_ejection_rate,5,0.422,outcome
5,framer,mean,catch_outside,creator_survival,5,0.578,outcome
5,framer,mean,catch_outside,no_ejection_rate,5,0.112,outcome
5,framer,mean,catch_outside,incident_rate,5,1.0,outcome
5,framer,soft_credibility,baseline,false_ejection_rate,5,0.36,outcome
5,framer,soft_credibility,baseline,coalition_favorable_rate,5,0.48,outcome
5,framer,soft_credibility,baseline,creator_ejection_rate,5,0.436,outcome
5,framer,soft_credibility,baseline,creator_survival,5,0.564,outcome
5,framer,soft_credibility,baseline,no_ejection_rate,5,0.12,outcome
5,framer,soft_credibility,baseline,incident_rate,5,1.0,outcome
5,framer,soft_credibility,baseline,n_speakers,5,6.0,voter
5,framer,soft_credibility,baseline,coalition_share,5,0.33333333333333326,voter
5,framer,soft_credibility,baseline,coalition_weight_soft,5,0.10057028981831169,voter
5,framer,soft_credibility,baseline,weight_minus_share,5,-0.23276304351502158,voter
5,framer,soft_credibility,baseline,cred_coalition,5,-0.4385,voter
5,framer,soft_credibility,baseline,cred_honest,5,4.423,voter
5,framer,soft_credibility,baseline,uninformative_share,5,0.0,voter
5,framer,soft_credibility,baseline,weight_on_uninformative,5,0.0,voter
5,framer,soft_credibility,baseline,coalition_caught,5,0.6945,voter
5,framer,soft_credibility,baseline,argmax_differs,5,0.01,voter
5,framer,soft_credibility,baseline,mean_top_is_coalition,5,0.75,voter
5,framer,soft_credibility,baseline,soft_top_is_coalition,5,0.7455,voter
5,framer,soft_credibility,baseline,mean_skips,5,0.0,voter
5,framer,soft_credibility,baseline,soft_skips,5,0.0,voter
5,framer,soft_credibility,alibi_off,false_ejection_rate,5,0.47,outcome
5,framer,soft_credibility,alibi_off,coalition_favorable_rate,5,0.63,outcome
5,framer,soft_credibility,alibi_off,creator_ejection_rate,5,0.308,outcome
5,framer,soft_credibility,alibi_off,creator_survival,5,0.692,outcome
5,framer,soft_credibility,alibi_off,no_ejection_rate,5,0.16,outcome
5,framer,soft_credibility,alibi_off,incident_rate,5,1.0,outcome
5,framer,soft_credibility,catch_outside,false_ejection_rate,5,0.36,outcome
5,framer,soft_credibility,catch_outside,coalition_favorable_rate,5,0.48,outcome
5,framer,soft_credibility,catch_outside,creator_ejection_rate,5,0.434,outcome
5,framer,soft_credibility,catch_outside,creator_survival,5,0.566,outcome
5,framer,soft_credibility,catch_outside,no_ejection_rate,5,0.12,outcome
5,framer,soft_credibility,catch_outside,incident_rate,5,1.0,outcome
5,framer,sharp_credibility,baseline,false_ejection_rate,5,0.366,outcome
5,framer,sharp_credibility,baseline,coalition_favorable_rate,5,0.456,outcome
5,framer,sharp_credibility,baseline,creator_ejection_rate,5,0.45,outcome
5,framer,sharp_credibility,baseline,creator_survival,5,0.55,outcome
5,framer,sharp_credibility,baseline,no_ejection_rate,5,0.09,outcome
5,framer,sharp_credibility,baseline,incident_rate,5,1.0,outcome
5,framer,sharp_credibility,alibi_off,false_ejection_rate,5,0.438,outcome
5,framer,sharp_credibility,alibi_off,coalition_favorable_rate,5,0.572,outcome
5,framer,sharp_credibility,alibi_off,creator_ejection_rate,5,0.348,outcome
5,framer,sharp_credibility,alibi_off,creator_survival,5,0.652,outcome
5,framer,sharp_credibility,alibi_off,no_ejection_rate,5,0.134,outcome
5,framer,sharp_credibility,alibi_off,incident_rate,5,1.0,outcome
5,framer,sharp_credibility,catch_outside,false_ejection_rate,5,0.342,outcome
5,framer,sharp_credibility,catch_outside,coalition_favorable_rate,5,0.412,outcome
5,framer,sharp_credibility,catch_outside,creator_ejection_rate,5,0.486,outcome
5,framer,sharp_credibility,catch_outside,creator_survival,5,0.514,outcome
5,framer,sharp_credibility,catch_outside,no_ejection_rate,5,0.07,outcome
5,framer,sharp_credibility,catch_outside,incident_rate,5,1.0,outcome
5,truthful,mean,baseline,false_ejection_rate,6,0.0,outcome
5,truthful,mean,baseline,coalition_favorable_rate,6,0.0,outcome
5,truthful,mean,baseline,creator_ejection_rate,6,0.9,outcome
5,truthful,mean,baseline,creator_survival,6,0.1,outcome
5,truthful,mean,baseline,no_ejection_rate,6,0.0,outcome
5,truthful,mean,baseline,incident_rate,6,1.0,outcome
5,truthful,mean,alibi_off,false_ejection_rate,6,0.0,outcome
5,truthful,mean,alibi_off,coalition_favorable_rate,6,0.0,outcome
5,truthful,mean,alibi_off,creator_ejection_rate,6,0.9,outcome
5,truthful,mean,alibi_off,creator_survival,6,0.1,outcome
5,truthful,mean,alibi_off,no_ejection_rate,6,0.0,outcome
5,truthful,mean,alibi_off,incident_rate,6,1.0,outcome
5,truthful,mean,catch_outside,false_ejection_rate,6,0.0,outcome
5,truthful,mean,catch_outside,coalition_favorable_rate,6,0.0,outcome
5,truthful,mean,catch_outside,creator_ejection_rate,6,0.9,outcome
5,truthful,mean,catch_outside,creator_survival,6,0.1,outcome
5,truthful,mean,catch_outside,no_ejection_rate,6,0.0,outcome
5,truthful,mean,catch_outside,incident_rate,6,1.0,outcome
5,truthful,soft_credibility,baseline,false_ejection_rate,6,0.0,outcome
5,truthful,soft_credibility,baseline,coalition_favorable_rate,6,0.0,outcome
5,truthful,soft_credibility,baseline,creator_ejection_rate,6,0.9,outcome
5,truthful,soft_credibility,baseline,creator_survival,6,0.1,outcome
5,truthful,soft_credibility,baseline,no_ejection_rate,6,0.0,outcome
5,truthful,soft_credibility,baseline,incident_rate,6,1.0,outcome
5,truthful,soft_credibility,baseline,n_speakers,6,6.0,voter
5,truthful,soft_credibility,baseline,coalition_share,6,0.33333333333333326,voter
5,truthful,soft_credibility,baseline,coalition_weight_soft,6,0.33333333333333326,voter
5,truthful,soft_credibility,baseline,weight_minus_share,6,0.0,voter
5,truthful,soft_credibility,baseline,cred_coalition,6,5.0,voter
5,truthful,soft_credibility,baseline,cred_honest,6,5.0,voter
5,truthful,soft_credibility,baseline,uninformative_share,6,0.0,voter
5,truthful,soft_credibility,baseline,weight_on_uninformative,6,0.0,voter
5,truthful,soft_credibility,baseline,coalition_caught,6,0.0,voter
5,truthful,soft_credibility,baseline,argmax_differs,6,0.0,voter
5,truthful,soft_credibility,baseline,mean_top_is_coalition,6,1.0,voter
5,truthful,soft_credibility,baseline,soft_top_is_coalition,6,1.0,voter
5,truthful,soft_credibility,baseline,mean_skips,6,0.0,voter
5,truthful,soft_credibility,baseline,soft_skips,6,0.0,voter
5,truthful,soft_credibility,alibi_off,false_ejection_rate,6,0.0,outcome
5,truthful,soft_credibility,alibi_off,coalition_favorable_rate,6,0.0,outcome
5,truthful,soft_credibility,alibi_off,creator_ejection_rate,6,0.9,outcome
5,truthful,soft_credibility,alibi_off,creator_survival,6,0.1,outcome
5,truthful,soft_credibility,alibi_off,no_ejection_rate,6,0.0,outcome
5,truthful,soft_credibility,alibi_off,incident_rate,6,1.0,outcome
5,truthful,soft_credibility,catch_outside,false_ejection_rate,6,0.0,outcome
5,truthful,soft_credibility,catch_outside,coalition_favorable_rate,6,0.0,outcome
5,truthful,soft_credibility,catch_outside,creator_ejection_rate,6,0.9,outcome
5,truthful,soft_credibility,catch_outside,creator_survival,6,0.1,outcome
5,truthful,soft_credibility,catch_outside,no_ejection_rate,6,0.0,outcome
5,truthful,soft_credibility,catch_outside,incident_rate,6,1.0,outcome
5,truthful,sharp_credibility,baseline,false_ejection_rate,6,0.0,outcome
5,truthful,sharp_credibility,baseline,coalition_favorable_rate,6,0.0,outcome
5,truthful,sharp_credibility,baseline,creator_ejection_rate,6,0.9,outcome
5,truthful,sharp_credibility,baseline,creator_survival,6,0.1,outcome
5,truthful,sharp_credibility,baseline,no_ejection_rate,6,0.0,outcome
5,truthful,sharp_credibility,baseline,incident_rate,6,1.0,outcome
5,truthful,sharp_credibility,alibi_off,false_ejection_rate,6,0.0,outcome
5,truthful,sharp_credibility,alibi_off,coalition_favorable_rate,6,0.0,outcome
5,truthful,sharp_credibility,alibi_off,creator_ejection_rate,6,0.9,outcome
5,truthful,sharp_credibility,alibi_off,creator_survival,6,0.1,outcome
5,truthful,sharp_credibility,alibi_off,no_ejection_rate,6,0.0,outcome
5,truthful,sharp_credibility,alibi_off,incident_rate,6,1.0,outcome
5,truthful,sharp_credibility,catch_outside,false_ejection_rate,6,0.0,outcome
5,truthful,sharp_credibility,catch_outside,coalition_favorable_rate,6,0.0,outcome
5,truthful,sharp_credibility,catch_outside,creator_ejection_rate,6,0.9,outcome
5,truthful,sharp_credibility,catch_outside,creator_survival,6,0.1,outcome
5,truthful,sharp_credibility,catch_outside,no_ejection_rate,6,0.0,outcome
5,truthful,sharp_credibility,catch_outside,incident_rate,6,1.0,outcome
5,lone_liar,mean,baseline,false_ejection_rate,6,0.166,outcome
5,lone_liar,mean,baseline,coalition_favorable_rate,6,0.292,outcome
5,lone_liar,mean,baseline,creator_ejection_rate,6,0.594,outcome
5,lone_liar,mean,baseline,creator_survival,6,0.406,outcome
5,lone_liar,mean,baseline,no_ejection_rate,6,0.126,outcome
5,lone_liar,mean,baseline,incident_rate,6,1.0,outcome
5,lone_liar,mean,alibi_off,false_ejection_rate,6,0.22,outcome
5,lone_liar,mean,alibi_off,coalition_favorable_rate,6,0.34,outcome
5,lone_liar,mean,alibi_off,creator_ejection_rate,6,0.546,outcome
5,lone_liar,mean,alibi_off,creator_survival,6,0.454,outcome
5,lone_liar,mean,alibi_off,no_ejection_rate,6,0.12,outcome
5,lone_liar,mean,alibi_off,incident_rate,6,1.0,outcome
5,lone_liar,mean,catch_outside,false_ejection_rate,6,0.166,outcome
5,lone_liar,mean,catch_outside,coalition_favorable_rate,6,0.292,outcome
5,lone_liar,mean,catch_outside,creator_ejection_rate,6,0.594,outcome
5,lone_liar,mean,catch_outside,creator_survival,6,0.406,outcome
5,lone_liar,mean,catch_outside,no_ejection_rate,6,0.126,outcome
5,lone_liar,mean,catch_outside,incident_rate,6,1.0,outcome
5,lone_liar,soft_credibility,baseline,false_ejection_rate,6,0.198,outcome
5,lone_liar,soft_credibility,baseline,coalition_favorable_rate,6,0.246,outcome
5,lone_liar,soft_credibility,baseline,creator_ejection_rate,6,0.498,outcome
5,lone_liar,soft_credibility,baseline,creator_survival,6,0.502,outcome
5,lone_liar,soft_credibility,baseline,no_ejection_rate,6,0.048,outcome
5,lone_liar,soft_credibility,baseline,incident_rate,6,1.0,outcome
5,lone_liar,soft_credibility,baseline,n_speakers,6,6.0,voter
5,lone_liar,soft_credibility,baseline,coalition_share,6,0.33333333333333326,voter
5,lone_liar,soft_credibility,baseline,coalition_weight_soft,6,0.26254345664739615,voter
5,lone_liar,soft_credibility,baseline,weight_minus_share,6,-0.07078987668593716,voter
5,lone_liar,soft_credibility,baseline,cred_coalition,6,2.906,voter
5,lone_liar,soft_credibility,baseline,cred_honest,6,4.9855,voter
5,lone_liar,soft_credibility,baseline,uninformative_share,6,0.0,voter
5,lone_liar,soft_credibility,baseline,weight_on_uninformative,6,0.0,voter
5,lone_liar,soft_credibility,baseline,coalition_caught,6,0.5165,voter
5,lone_liar,soft_credibility,baseline,argmax_differs,6,0.036,voter
5,lone_liar,soft_credibility,baseline,mean_top_is_coalition,6,0.8465,voter
5,lone_liar,soft_credibility,baseline,soft_top_is_coalition,6,0.8245,voter
5,lone_liar,soft_credibility,baseline,mean_skips,6,0.0,voter
5,lone_liar,soft_credibility,baseline,soft_skips,6,0.0,voter
5,lone_liar,soft_credibility,alibi_off,false_ejection_rate,6,0.246,outcome
5,lone_liar,soft_credibility,alibi_off,coalition_favorable_rate,6,0.294,outcome
5,lone_liar,soft_credibility,alibi_off,creator_ejection_rate,6,0.458,outcome
5,lone_liar,soft_credibility,alibi_off,creator_survival,6,0.542,outcome
5,lone_liar,soft_credibility,alibi_off,no_ejection_rate,6,0.048,outcome
5,lone_liar,soft_credibility,alibi_off,incident_rate,6,1.0,outcome
5,lone_liar,soft_credibility,catch_outside,false_ejection_rate,6,0.166,outcome
5,lone_liar,soft_credibility,catch_outside,coalition_favorable_rate,6,0.292,outcome
5,lone_liar,soft_credibility,catch_outside,creator_ejection_rate,6,0.594,outcome
5,lone_liar,soft_credibility,catch_outside,creator_survival,6,0.406,outcome
5,lone_liar,soft_credibility,catch_outside,no_ejection_rate,6,0.126,outcome
5,lone_liar,soft_credibility,catch_outside,incident_rate,6,1.0,outcome
5,lone_liar,sharp_credibility,baseline,false_ejection_rate,6,0.302,outcome
5,lone_liar,sharp_credibility,baseline,coalition_favorable_rate,6,0.36,outcome
5,lone_liar,sharp_credibility,baseline,creator_ejection_rate,6,0.356,outcome
5,lone_liar,sharp_credibility,baseline,creator_survival,6,0.644,outcome
5,lone_liar,sharp_credibility,baseline,no_ejection_rate,6,0.058,outcome
5,lone_liar,sharp_credibility,baseline,incident_rate,6,1.0,outcome
5,lone_liar,sharp_credibility,alibi_off,false_ejection_rate,6,0.35,outcome
5,lone_liar,sharp_credibility,alibi_off,coalition_favorable_rate,6,0.414,outcome
5,lone_liar,sharp_credibility,alibi_off,creator_ejection_rate,6,0.31,outcome
5,lone_liar,sharp_credibility,alibi_off,creator_survival,6,0.69,outcome
5,lone_liar,sharp_credibility,alibi_off,no_ejection_rate,6,0.064,outcome
5,lone_liar,sharp_credibility,alibi_off,incident_rate,6,1.0,outcome
5,lone_liar,sharp_credibility,catch_outside,false_ejection_rate,6,0.166,outcome
5,lone_liar,sharp_credibility,catch_outside,coalition_favorable_rate,6,0.292,outcome
5,lone_liar,sharp_credibility,catch_outside,creator_ejection_rate,6,0.594,outcome
5,lone_liar,sharp_credibility,catch_outside,creator_survival,6,0.406,outcome
5,lone_liar,sharp_credibility,catch_outside,no_ejection_rate,6,0.126,outcome
5,lone_liar,sharp_credibility,catch_outside,incident_rate,6,1.0,outcome
5,alibi,mean,baseline,false_ejection_rate,6,0.294,outcome
5,alibi,mean,baseline,coalition_favorable_rate,6,0.562,outcome
5,alibi,mean,baseline,creator_ejection_rate,6,0.356,outcome
5,alibi,mean,baseline,creator_survival,6,0.644,outcome
5,alibi,mean,baseline,no_ejection_rate,6,0.268,outcome
5,alibi,mean,baseline,incident_rate,6,1.0,outcome
5,alibi,mean,alibi_off,false_ejection_rate,6,0.232,outcome
5,alibi,mean,alibi_off,coalition_favorable_rate,6,0.324,outcome
5,alibi,mean,alibi_off,creator_ejection_rate,6,0.608,outcome
5,alibi,mean,alibi_off,creator_survival,6,0.392,outcome
5,alibi,mean,alibi_off,no_ejection_rate,6,0.092,outcome
5,alibi,mean,alibi_off,incident_rate,6,1.0,outcome
5,alibi,mean,catch_outside,false_ejection_rate,6,0.294,outcome
5,alibi,mean,catch_outside,coalition_favorable_rate,6,0.562,outcome
5,alibi,mean,catch_outside,creator_ejection_rate,6,0.356,outcome
5,alibi,mean,catch_outside,creator_survival,6,0.644,outcome
5,alibi,mean,catch_outside,no_ejection_rate,6,0.268,outcome
5,alibi,mean,catch_outside,incident_rate,6,1.0,outcome
5,alibi,soft_credibility,baseline,false_ejection_rate,6,0.358,outcome
5,alibi,soft_credibility,baseline,coalition_favorable_rate,6,0.596,outcome
5,alibi,soft_credibility,baseline,creator_ejection_rate,6,0.218,outcome
5,alibi,soft_credibility,baseline,creator_survival,6,0.782,outcome
5,alibi,soft_credibility,baseline,no_ejection_rate,6,0.238,outcome
5,alibi,soft_credibility,baseline,incident_rate,6,1.0,outcome
5,alibi,soft_credibility,baseline,n_speakers,6,6.0,voter
5,alibi,soft_credibility,baseline,coalition_share,6,0.33333333333333326,voter
5,alibi,soft_credibility,baseline,coalition_weight_soft,6,0.14231084368119018,voter
5,alibi,soft_credibility,baseline,weight_minus_share,6,-0.19102248965214313,voter
5,alibi,soft_credibility,baseline,cred_coalition,6,0.7635,voter
5,alibi,soft_credibility,baseline,cred_honest,6,4.9665,voter
5,alibi,soft_credibility,baseline,uninformative_share,6,0.0,voter
5,alibi,soft_credibility,baseline,weight_on_uninformative,6,0.0,voter
5,alibi,soft_credibility,baseline,coalition_caught,6,0.633,voter
5,alibi,soft_credibility,baseline,argmax_differs,6,0.067,voter
5,alibi,soft_credibility,baseline,mean_top_is_coalition,6,0.599,voter
5,alibi,soft_credibility,baseline,soft_top_is_coalition,6,0.5495,voter
5,alibi,soft_credibility,baseline,mean_skips,6,0.0,voter
5,alibi,soft_credibility,baseline,soft_skips,6,0.01,voter
5,alibi,soft_credibility,alibi_off,false_ejection_rate,6,0.234,outcome
5,alibi,soft_credibility,alibi_off,coalition_favorable_rate,6,0.336,outcome
5,alibi,soft_credibility,alibi_off,creator_ejection_rate,6,0.598,outcome
5,alibi,soft_credibility,alibi_off,creator_survival,6,0.402,outcome
5,alibi,soft_credibility,alibi_off,no_ejection_rate,6,0.102,outcome
5,alibi,soft_credibility,alibi_off,incident_rate,6,1.0,outcome
5,alibi,soft_credibility,catch_outside,false_ejection_rate,6,0.274,outcome
5,alibi,soft_credibility,catch_outside,coalition_favorable_rate,6,0.522,outcome
5,alibi,soft_credibility,catch_outside,creator_ejection_rate,6,0.394,outcome
5,alibi,soft_credibility,catch_outside,creator_survival,6,0.606,outcome
5,alibi,soft_credibility,catch_outside,no_ejection_rate,6,0.248,outcome
5,alibi,soft_credibility,catch_outside,incident_rate,6,1.0,outcome
5,alibi,sharp_credibility,baseline,false_ejection_rate,6,0.412,outcome
5,alibi,sharp_credibility,baseline,coalition_favorable_rate,6,0.626,outcome
5,alibi,sharp_credibility,baseline,creator_ejection_rate,6,0.202,outcome
5,alibi,sharp_credibility,baseline,creator_survival,6,0.798,outcome
5,alibi,sharp_credibility,baseline,no_ejection_rate,6,0.214,outcome
5,alibi,sharp_credibility,baseline,incident_rate,6,1.0,outcome
5,alibi,sharp_credibility,alibi_off,false_ejection_rate,6,0.33,outcome
5,alibi,sharp_credibility,alibi_off,coalition_favorable_rate,6,0.506,outcome
5,alibi,sharp_credibility,alibi_off,creator_ejection_rate,6,0.444,outcome
5,alibi,sharp_credibility,alibi_off,creator_survival,6,0.556,outcome
5,alibi,sharp_credibility,alibi_off,no_ejection_rate,6,0.176,outcome
5,alibi,sharp_credibility,alibi_off,incident_rate,6,1.0,outcome
5,alibi,sharp_credibility,catch_outside,false_ejection_rate,6,0.254,outcome
5,alibi,sharp_credibility,catch_outside,coalition_favorable_rate,6,0.468,outcome
5,alibi,sharp_credibility,catch_outside,creator_ejection_rate,6,0.446,outcome
5,alibi,sharp_credibility,catch_outside,creator_survival,6,0.554,outcome
5,alibi,sharp_credibility,catch_outside,no_ejection_rate,6,0.214,outcome
5,alibi,sharp_credibility,catch_outside,incident_rate,6,1.0,outcome
5,framer,mean,baseline,false_ejection_rate,6,0.464,outcome
5,framer,mean,baseline,coalition_favorable_rate,6,0.564,outcome
5,framer,mean,baseline,creator_ejection_rate,6,0.368,outcome
5,framer,mean,baseline,creator_survival,6,0.632,outcome
5,framer,mean,baseline,no_ejection_rate,6,0.1,outcome
5,framer,mean,baseline,incident_rate,6,1.0,outcome
5,framer,mean,alibi_off,false_ejection_rate,6,0.566,outcome
5,framer,mean,alibi_off,coalition_favorable_rate,6,0.76,outcome
5,framer,mean,alibi_off,creator_ejection_rate,6,0.208,outcome
5,framer,mean,alibi_off,creator_survival,6,0.792,outcome
5,framer,mean,alibi_off,no_ejection_rate,6,0.194,outcome
5,framer,mean,alibi_off,incident_rate,6,1.0,outcome
5,framer,mean,catch_outside,false_ejection_rate,6,0.464,outcome
5,framer,mean,catch_outside,coalition_favorable_rate,6,0.564,outcome
5,framer,mean,catch_outside,creator_ejection_rate,6,0.368,outcome
5,framer,mean,catch_outside,creator_survival,6,0.632,outcome
5,framer,mean,catch_outside,no_ejection_rate,6,0.1,outcome
5,framer,mean,catch_outside,incident_rate,6,1.0,outcome
5,framer,soft_credibility,baseline,false_ejection_rate,6,0.456,outcome
5,framer,soft_credibility,baseline,coalition_favorable_rate,6,0.546,outcome
5,framer,soft_credibility,baseline,creator_ejection_rate,6,0.392,outcome
5,framer,soft_credibility,baseline,creator_survival,6,0.608,outcome
5,framer,soft_credibility,baseline,no_ejection_rate,6,0.09,outcome
5,framer,soft_credibility,baseline,incident_rate,6,1.0,outcome
5,framer,soft_credibility,baseline,n_speakers,6,6.0,voter
5,framer,soft_credibility,baseline,coalition_share,6,0.33333333333333326,voter
5,framer,soft_credibility,baseline,coalition_weight_soft,6,0.11105922851490911,voter
5,framer,soft_credibility,baseline,weight_minus_share,6,-0.2222741048184242,voter
5,framer,soft_credibility,baseline,cred_coalition,6,-0.261,voter
5,framer,soft_credibility,baseline,cred_honest,6,4.5055,voter
5,framer,soft_credibility,baseline,uninformative_share,6,0.0,voter
5,framer,soft_credibility,baseline,weight_on_uninformative,6,0.0,voter
5,framer,soft_credibility,baseline,coalition_caught,6,0.6965,voter
5,framer,soft_credibility,baseline,argmax_differs,6,0.0045,voter
5,framer,soft_credibility,baseline,mean_top_is_coalition,6,0.6925,voter
5,framer,soft_credibility,baseline,soft_top_is_coalition,6,0.691,voter
5,framer,soft_credibility,baseline,mean_skips,6,0.0,voter
5,framer,soft_credibility,baseline,soft_skips,6,0.0,voter
5,framer,soft_credibility,alibi_off,false_ejection_rate,6,0.532,outcome
5,framer,soft_credibility,alibi_off,coalition_favorable_rate,6,0.658,outcome
5,framer,soft_credibility,alibi_off,creator_ejection_rate,6,0.306,outcome
5,framer,soft_credibility,alibi_off,creator_survival,6,0.694,outcome
5,framer,soft_credibility,alibi_off,no_ejection_rate,6,0.126,outcome
5,framer,soft_credibility,alibi_off,incident_rate,6,1.0,outcome
5,framer,soft_credibility,catch_outside,false_ejection_rate,6,0.456,outcome
5,framer,soft_credibility,catch_outside,coalition_favorable_rate,6,0.546,outcome
5,framer,soft_credibility,catch_outside,creator_ejection_rate,6,0.392,outcome
5,framer,soft_credibility,catch_outside,creator_survival,6,0.608,outcome
5,framer,soft_credibility,catch_outside,no_ejection_rate,6,0.09,outcome
5,framer,soft_credibility,catch_outside,incident_rate,6,1.0,outcome
5,framer,sharp_credibility,baseline,false_ejection_rate,6,0.444,outcome
5,framer,sharp_credibility,baseline,coalition_favorable_rate,6,0.522,outcome
5,framer,sharp_credibility,baseline,creator_ejection_rate,6,0.402,outcome
5,framer,sharp_credibility,baseline,creator_survival,6,0.598,outcome
5,framer,sharp_credibility,baseline,no_ejection_rate,6,0.078,outcome
5,framer,sharp_credibility,baseline,incident_rate,6,1.0,outcome
5,framer,sharp_credibility,alibi_off,false_ejection_rate,6,0.514,outcome
5,framer,sharp_credibility,alibi_off,coalition_favorable_rate,6,0.622,outcome
5,framer,sharp_credibility,alibi_off,creator_ejection_rate,6,0.322,outcome
5,framer,sharp_credibility,alibi_off,creator_survival,6,0.678,outcome
5,framer,sharp_credibility,alibi_off,no_ejection_rate,6,0.108,outcome
5,framer,sharp_credibility,alibi_off,incident_rate,6,1.0,outcome
5,framer,sharp_credibility,catch_outside,false_ejection_rate,6,0.432,outcome
5,framer,sharp_credibility,catch_outside,coalition_favorable_rate,6,0.492,outcome
5,framer,sharp_credibility,catch_outside,creator_ejection_rate,6,0.43,outcome
5,framer,sharp_credibility,catch_outside,creator_survival,6,0.57,outcome
5,framer,sharp_credibility,catch_outside,no_ejection_rate,6,0.06,outcome
5,framer,sharp_credibility,catch_outside,incident_rate,6,1.0,outcome
5,truthful,mean,baseline,false_ejection_rate,7,0.0,outcome
5,truthful,mean,baseline,coalition_favorable_rate,7,0.0,outcome
5,truthful,mean,baseline,creator_ejection_rate,7,0.898,outcome
5,truthful,mean,baseline,creator_survival,7,0.102,outcome
5,truthful,mean,baseline,no_ejection_rate,7,0.0,outcome
5,truthful,mean,baseline,incident_rate,7,1.0,outcome
5,truthful,mean,alibi_off,false_ejection_rate,7,0.0,outcome
5,truthful,mean,alibi_off,coalition_favorable_rate,7,0.0,outcome
5,truthful,mean,alibi_off,creator_ejection_rate,7,0.898,outcome
5,truthful,mean,alibi_off,creator_survival,7,0.102,outcome
5,truthful,mean,alibi_off,no_ejection_rate,7,0.0,outcome
5,truthful,mean,alibi_off,incident_rate,7,1.0,outcome
5,truthful,mean,catch_outside,false_ejection_rate,7,0.0,outcome
5,truthful,mean,catch_outside,coalition_favorable_rate,7,0.0,outcome
5,truthful,mean,catch_outside,creator_ejection_rate,7,0.898,outcome
5,truthful,mean,catch_outside,creator_survival,7,0.102,outcome
5,truthful,mean,catch_outside,no_ejection_rate,7,0.0,outcome
5,truthful,mean,catch_outside,incident_rate,7,1.0,outcome
5,truthful,soft_credibility,baseline,false_ejection_rate,7,0.0,outcome
5,truthful,soft_credibility,baseline,coalition_favorable_rate,7,0.0,outcome
5,truthful,soft_credibility,baseline,creator_ejection_rate,7,0.898,outcome
5,truthful,soft_credibility,baseline,creator_survival,7,0.102,outcome
5,truthful,soft_credibility,baseline,no_ejection_rate,7,0.0,outcome
5,truthful,soft_credibility,baseline,incident_rate,7,1.0,outcome
5,truthful,soft_credibility,baseline,n_speakers,7,6.0,voter
5,truthful,soft_credibility,baseline,coalition_share,7,0.33333333333333326,voter
5,truthful,soft_credibility,baseline,coalition_weight_soft,7,0.33333333333333326,voter
5,truthful,soft_credibility,baseline,weight_minus_share,7,0.0,voter
5,truthful,soft_credibility,baseline,cred_coalition,7,5.0,voter
5,truthful,soft_credibility,baseline,cred_honest,7,5.0,voter
5,truthful,soft_credibility,baseline,uninformative_share,7,0.0,voter
5,truthful,soft_credibility,baseline,weight_on_uninformative,7,0.0,voter
5,truthful,soft_credibility,baseline,coalition_caught,7,0.0,voter
5,truthful,soft_credibility,baseline,argmax_differs,7,0.0,voter
5,truthful,soft_credibility,baseline,mean_top_is_coalition,7,1.0,voter
5,truthful,soft_credibility,baseline,soft_top_is_coalition,7,1.0,voter
5,truthful,soft_credibility,baseline,mean_skips,7,0.0,voter
5,truthful,soft_credibility,baseline,soft_skips,7,0.0,voter
5,truthful,soft_credibility,alibi_off,false_ejection_rate,7,0.0,outcome
5,truthful,soft_credibility,alibi_off,coalition_favorable_rate,7,0.0,outcome
5,truthful,soft_credibility,alibi_off,creator_ejection_rate,7,0.898,outcome
5,truthful,soft_credibility,alibi_off,creator_survival,7,0.102,outcome
5,truthful,soft_credibility,alibi_off,no_ejection_rate,7,0.0,outcome
5,truthful,soft_credibility,alibi_off,incident_rate,7,1.0,outcome
5,truthful,soft_credibility,catch_outside,false_ejection_rate,7,0.0,outcome
5,truthful,soft_credibility,catch_outside,coalition_favorable_rate,7,0.0,outcome
5,truthful,soft_credibility,catch_outside,creator_ejection_rate,7,0.898,outcome
5,truthful,soft_credibility,catch_outside,creator_survival,7,0.102,outcome
5,truthful,soft_credibility,catch_outside,no_ejection_rate,7,0.0,outcome
5,truthful,soft_credibility,catch_outside,incident_rate,7,1.0,outcome
5,truthful,sharp_credibility,baseline,false_ejection_rate,7,0.0,outcome
5,truthful,sharp_credibility,baseline,coalition_favorable_rate,7,0.0,outcome
5,truthful,sharp_credibility,baseline,creator_ejection_rate,7,0.898,outcome
5,truthful,sharp_credibility,baseline,creator_survival,7,0.102,outcome
5,truthful,sharp_credibility,baseline,no_ejection_rate,7,0.0,outcome
5,truthful,sharp_credibility,baseline,incident_rate,7,1.0,outcome
5,truthful,sharp_credibility,alibi_off,false_ejection_rate,7,0.0,outcome
5,truthful,sharp_credibility,alibi_off,coalition_favorable_rate,7,0.0,outcome
5,truthful,sharp_credibility,alibi_off,creator_ejection_rate,7,0.898,outcome
5,truthful,sharp_credibility,alibi_off,creator_survival,7,0.102,outcome
5,truthful,sharp_credibility,alibi_off,no_ejection_rate,7,0.0,outcome
5,truthful,sharp_credibility,alibi_off,incident_rate,7,1.0,outcome
5,truthful,sharp_credibility,catch_outside,false_ejection_rate,7,0.0,outcome
5,truthful,sharp_credibility,catch_outside,coalition_favorable_rate,7,0.0,outcome
5,truthful,sharp_credibility,catch_outside,creator_ejection_rate,7,0.898,outcome
5,truthful,sharp_credibility,catch_outside,creator_survival,7,0.102,outcome
5,truthful,sharp_credibility,catch_outside,no_ejection_rate,7,0.0,outcome
5,truthful,sharp_credibility,catch_outside,incident_rate,7,1.0,outcome
5,lone_liar,mean,baseline,false_ejection_rate,7,0.134,outcome
5,lone_liar,mean,baseline,coalition_favorable_rate,7,0.256,outcome
5,lone_liar,mean,baseline,creator_ejection_rate,7,0.614,outcome
5,lone_liar,mean,baseline,creator_survival,7,0.386,outcome
5,lone_liar,mean,baseline,no_ejection_rate,7,0.122,outcome
5,lone_liar,mean,baseline,incident_rate,7,1.0,outcome
5,lone_liar,mean,alibi_off,false_ejection_rate,7,0.178,outcome
5,lone_liar,mean,alibi_off,coalition_favorable_rate,7,0.3,outcome
5,lone_liar,mean,alibi_off,creator_ejection_rate,7,0.568,outcome
5,lone_liar,mean,alibi_off,creator_survival,7,0.432,outcome
5,lone_liar,mean,alibi_off,no_ejection_rate,7,0.122,outcome
5,lone_liar,mean,alibi_off,incident_rate,7,1.0,outcome
5,lone_liar,mean,catch_outside,false_ejection_rate,7,0.134,outcome
5,lone_liar,mean,catch_outside,coalition_favorable_rate,7,0.256,outcome
5,lone_liar,mean,catch_outside,creator_ejection_rate,7,0.614,outcome
5,lone_liar,mean,catch_outside,creator_survival,7,0.386,outcome
5,lone_liar,mean,catch_outside,no_ejection_rate,7,0.122,outcome
5,lone_liar,mean,catch_outside,incident_rate,7,1.0,outcome
5,lone_liar,soft_credibility,baseline,false_ejection_rate,7,0.158,outcome
5,lone_liar,soft_credibility,baseline,coalition_favorable_rate,7,0.204,outcome
5,lone_liar,soft_credibility,baseline,creator_ejection_rate,7,0.542,outcome
5,lone_liar,soft_credibility,baseline,creator_survival,7,0.458,outcome
5,lone_liar,soft_credibility,baseline,no_ejection_rate,7,0.046,outcome
5,lone_liar,soft_credibility,baseline,incident_rate,7,1.0,outcome
5,lone_liar,soft_credibility,baseline,n_speakers,7,6.0,voter
5,lone_liar,soft_credibility,baseline,coalition_share,7,0.33333333333333326,voter
5,lone_liar,soft_credibility,baseline,coalition_weight_soft,7,0.2621911374286846,voter
5,lone_liar,soft_credibility,baseline,weight_minus_share,7,-0.07114219590464874,voter
5,lone_liar,soft_credibility,baseline,cred_coalition,7,2.88775,voter
5,lone_liar,soft_credibility,baseline,cred_honest,7,4.9865,voter
5,lone_liar,soft_credibility,baseline,uninformative_share,7,0.0,voter
5,lone_liar,soft_credibility,baseline,weight_on_uninformative,7,0.0,voter
5,lone_liar,soft_credibility,baseline,coalition_caught,7,0.522,voter
5,lone_liar,soft_credibility,baseline,argmax_differs,7,0.0265,voter
5,lone_liar,soft_credibility,baseline,mean_top_is_coalition,7,0.876,voter
5,lone_liar,soft_credibility,baseline,soft_top_is_coalition,7,0.8545,voter
5,lone_liar,soft_credibility,baseline,mean_skips,7,0.0,voter
5,lone_liar,soft_credibility,baseline,soft_skips,7,0.0,voter
5,lone_liar,soft_credibility,alibi_off,false_ejection_rate,7,0.194,outcome
5,lone_liar,soft_credibility,alibi_off,coalition_favorable_rate,7,0.244,outcome
5,lone_liar,soft_credibility,alibi_off,creator_ejection_rate,7,0.502,outcome
5,lone_liar,soft_credibility,alibi_off,creator_survival,7,0.498,outcome
5,lone_liar,soft_credibility,alibi_off,no_ejection_rate,7,0.05,outcome
5,lone_liar,soft_credibility,alibi_off,incident_rate,7,1.0,outcome
5,lone_liar,soft_credibility,catch_outside,false_ejection_rate,7,0.134,outcome
5,lone_liar,soft_credibility,catch_outside,coalition_favorable_rate,7,0.256,outcome
5,lone_liar,soft_credibility,catch_outside,creator_ejection_rate,7,0.614,outcome
5,lone_liar,soft_credibility,catch_outside,creator_survival,7,0.386,outcome
5,lone_liar,soft_credibility,catch_outside,no_ejection_rate,7,0.122,outcome
5,lone_liar,soft_credibility,catch_outside,incident_rate,7,1.0,outcome
5,lone_liar,sharp_credibility,baseline,false_ejection_rate,7,0.276,outcome
5,lone_liar,sharp_credibility,baseline,coalition_favorable_rate,7,0.328,outcome
5,lone_liar,sharp_credibility,baseline,creator_ejection_rate,7,0.4,outcome
5,lone_liar,sharp_credibility,baseline,creator_survival,7,0.6,outcome
5,lone_liar,sharp_credibility,baseline,no_ejection_rate,7,0.052,outcome
5,lone_liar,sharp_credibility,baseline,incident_rate,7,1.0,outcome
5,lone_liar,sharp_credibility,alibi_off,false_ejection_rate,7,0.33,outcome
5,lone_liar,sharp_credibility,alibi_off,coalition_favorable_rate,7,0.388,outcome
5,lone_liar,sharp_credibility,alibi_off,creator_ejection_rate,7,0.342,outcome
5,lone_liar,sharp_credibility,alibi_off,creator_survival,7,0.658,outcome
5,lone_liar,sharp_credibility,alibi_off,no_ejection_rate,7,0.058,outcome
5,lone_liar,sharp_credibility,alibi_off,incident_rate,7,1.0,outcome
5,lone_liar,sharp_credibility,catch_outside,false_ejection_rate,7,0.134,outcome
5,lone_liar,sharp_credibility,catch_outside,coalition_favorable_rate,7,0.256,outcome
5,lone_liar,sharp_credibility,catch_outside,creator_ejection_rate,7,0.612,outcome
5,lone_liar,sharp_credibility,catch_outside,creator_survival,7,0.388,outcome
5,lone_liar,sharp_credibility,catch_outside,no_ejection_rate,7,0.122,outcome
5,lone_liar,sharp_credibility,catch_outside,incident_rate,7,1.0,outcome
5,alibi,mean,baseline,false_ejection_rate,7,0.302,outcome
5,alibi,mean,baseline,coalition_favorable_rate,7,0.542,outcome
5,alibi,mean,baseline,creator_ejection_rate,7,0.35,outcome
5,alibi,mean,baseline,creator_survival,7,0.65,outcome
5,alibi,mean,baseline,no_ejection_rate,7,0.24,outcome
5,alibi,mean,baseline,incident_rate,7,1.0,outcome
5,alibi,mean,alibi_off,false_ejection_rate,7,0.22,outcome
5,alibi,mean,alibi_off,coalition_favorable_rate,7,0.298,outcome
5,alibi,mean,alibi_off,creator_ejection_rate,7,0.612,outcome
5,alibi,mean,alibi_off,creator_survival,7,0.388,outcome
5,alibi,mean,alibi_off,no_ejection_rate,7,0.078,outcome
5,alibi,mean,alibi_off,incident_rate,7,1.0,outcome
5,alibi,mean,catch_outside,false_ejection_rate,7,0.302,outcome
5,alibi,mean,catch_outside,coalition_favorable_rate,7,0.546,outcome
5,alibi,mean,catch_outside,creator_ejection_rate,7,0.344,outcome
5,alibi,mean,catch_outside,creator_survival,7,0.656,outcome
5,alibi,mean,catch_outside,no_ejection_rate,7,0.244,outcome
5,alibi,mean,catch_outside,incident_rate,7,1.0,outcome
5,alibi,soft_credibility,baseline,false_ejection_rate,7,0.366,outcome
5,alibi,soft_credibility,baseline,coalition_favorable_rate,7,0.61,outcome
5,alibi,soft_credibility,baseline,creator_ejection_rate,7,0.22,outcome
5,alibi,soft_credibility,baseline,creator_survival,7,0.78,outcome
5,alibi,soft_credibility,baseline,no_ejection_rate,7,0.244,outcome
5,alibi,soft_credibility,baseline,incident_rate,7,1.0,outcome
5,alibi,soft_credibility,baseline,n_speakers,7,6.0,voter
5,alibi,soft_credibility,baseline,coalition_share,7,0.33333333333333326,voter
5,alibi,soft_credibility,baseline,coalition_weight_soft,7,0.14063964008885338,voter
5,alibi,soft_credibility,baseline,weight_minus_share,7,-0.19269369324447988,voter
5,alibi,soft_credibility,baseline,cred_coalition,7,0.698,voter
5,alibi,soft_credibility,baseline,cred_honest,7,4.9735,voter
5,alibi,soft_credibility,baseline,uninformative_share,7,0.0,voter
5,alibi,soft_credibility,baseline,weight_on_uninformative,7,0.0,voter
5,alibi,soft_credibility,baseline,coalition_caught,7,0.6375,voter
5,alibi,soft_credibility,baseline,argmax_differs,7,0.07,voter
5,alibi,soft_credibility,baseline,mean_top_is_coalition,7,0.5915,voter
5,alibi,soft_credibility,baseline,soft_top_is_coalition,7,0.5335,voter
5,alibi,soft_credibility,baseline,mean_skips,7,0.0,voter
5,alibi,soft_credibility,baseline,soft_skips,7,0.0225,voter
5,alibi,soft_credibility,alibi_off,false_ejection_rate,7,0.224,outcome
5,alibi,soft_credibility,alibi_off,coalition_favorable_rate,7,0.31,outcome
5,alibi,soft_credibility,alibi_off,creator_ejection_rate,7,0.604,outcome
5,alibi,soft_credibility,alibi_off,creator_survival,7,0.396,outcome
5,alibi,soft_credibility,alibi_off,no_ejection_rate,7,0.086,outcome
5,alibi,soft_credibility,alibi_off,incident_rate,7,1.0,outcome
5,alibi,soft_credibility,catch_outside,false_ejection_rate,7,0.28,outcome
5,alibi,soft_credibility,catch_outside,coalition_favorable_rate,7,0.5,outcome
5,alibi,soft_credibility,catch_outside,creator_ejection_rate,7,0.392,outcome
5,alibi,soft_credibility,catch_outside,creator_survival,7,0.608,outcome
5,alibi,soft_credibility,catch_outside,no_ejection_rate,7,0.22,outcome
5,alibi,soft_credibility,catch_outside,incident_rate,7,1.0,outcome
5,alibi,sharp_credibility,baseline,false_ejection_rate,7,0.41,outcome
5,alibi,sharp_credibility,baseline,coalition_favorable_rate,7,0.648,outcome
5,alibi,sharp_credibility,baseline,creator_ejection_rate,7,0.202,outcome
5,alibi,sharp_credibility,baseline,creator_survival,7,0.798,outcome
5,alibi,sharp_credibility,baseline,no_ejection_rate,7,0.238,outcome
5,alibi,sharp_credibility,baseline,incident_rate,7,1.0,outcome
5,alibi,sharp_credibility,alibi_off,false_ejection_rate,7,0.358,outcome
5,alibi,sharp_credibility,alibi_off,coalition_favorable_rate,7,0.492,outcome
5,alibi,sharp_credibility,alibi_off,creator_ejection_rate,7,0.444,outcome
5,alibi,sharp_credibility,alibi_off,creator_survival,7,0.556,outcome
5,alibi,sharp_credibility,alibi_off,no_ejection_rate,7,0.134,outcome
5,alibi,sharp_credibility,alibi_off,incident_rate,7,1.0,outcome
5,alibi,sharp_credibility,catch_outside,false_ejection_rate,7,0.258,outcome
5,alibi,sharp_credibility,catch_outside,coalition_favorable_rate,7,0.45,outcome
5,alibi,sharp_credibility,catch_outside,creator_ejection_rate,7,0.442,outcome
5,alibi,sharp_credibility,catch_outside,creator_survival,7,0.558,outcome
5,alibi,sharp_credibility,catch_outside,no_ejection_rate,7,0.192,outcome
5,alibi,sharp_credibility,catch_outside,incident_rate,7,1.0,outcome
5,framer,mean,baseline,false_ejection_rate,7,0.406,outcome
5,framer,mean,baseline,coalition_favorable_rate,7,0.544,outcome
5,framer,mean,baseline,creator_ejection_rate,7,0.36,outcome
5,framer,mean,baseline,creator_survival,7,0.64,outcome
5,framer,mean,baseline,no_ejection_rate,7,0.138,outcome
5,framer,mean,baseline,incident_rate,7,1.0,outcome
5,framer,mean,alibi_off,false_ejection_rate,7,0.494,outcome
5,framer,mean,alibi_off,coalition_favorable_rate,7,0.77,outcome
5,framer,mean,alibi_off,creator_ejection_rate,7,0.176,outcome
5,framer,mean,alibi_off,creator_survival,7,0.824,outcome
5,framer,mean,alibi_off,no_ejection_rate,7,0.276,outcome
5,framer,mean,alibi_off,incident_rate,7,1.0,outcome
5,framer,mean,catch_outside,false_ejection_rate,7,0.406,outcome
5,framer,mean,catch_outside,coalition_favorable_rate,7,0.544,outcome
5,framer,mean,catch_outside,creator_ejection_rate,7,0.36,outcome
5,framer,mean,catch_outside,creator_survival,7,0.64,outcome
5,framer,mean,catch_outside,no_ejection_rate,7,0.138,outcome
5,framer,mean,catch_outside,incident_rate,7,1.0,outcome
5,framer,soft_credibility,baseline,false_ejection_rate,7,0.4,outcome
5,framer,soft_credibility,baseline,coalition_favorable_rate,7,0.528,outcome
5,framer,soft_credibility,baseline,creator_ejection_rate,7,0.392,outcome
5,framer,soft_credibility,baseline,creator_survival,7,0.608,outcome
5,framer,soft_credibility,baseline,no_ejection_rate,7,0.128,outcome
5,framer,soft_credibility,baseline,incident_rate,7,1.0,outcome
5,framer,soft_credibility,baseline,n_speakers,7,6.0,voter
5,framer,soft_credibility,baseline,coalition_share,7,0.33333333333333326,voter
5,framer,soft_credibility,baseline,coalition_weight_soft,7,0.10578539544733456,voter
5,framer,soft_credibility,baseline,weight_minus_share,7,-0.22754793788599872,voter
5,framer,soft_credibility,baseline,cred_coalition,7,-0.366,voter
5,framer,soft_credibility,baseline,cred_honest,7,4.486,voter
5,framer,soft_credibility,baseline,uninformative_share,7,0.0,voter
5,framer,soft_credibility,baseline,weight_on_uninformative,7,0.0,voter
5,framer,soft_credibility,baseline,coalition_caught,7,0.7005,voter
5,framer,soft_credibility,baseline,argmax_differs,7,0.0105,voter
5,framer,soft_credibility,baseline,mean_top_is_coalition,7,0.7195,voter
5,framer,soft_credibility,baseline,soft_top_is_coalition,7,0.717,voter
5,framer,soft_credibility,baseline,mean_skips,7,0.0,voter
5,framer,soft_credibility,baseline,soft_skips,7,0.0,voter
5,framer,soft_credibility,alibi_off,false_ejection_rate,7,0.462,outcome
5,framer,soft_credibility,alibi_off,coalition_favorable_rate,7,0.626,outcome
5,framer,soft_credibility,alibi_off,creator_ejection_rate,7,0.31,outcome
5,framer,soft_credibility,alibi_off,creator_survival,7,0.69,outcome
5,framer,soft_credibility,alibi_off,no_ejection_rate,7,0.164,outcome
5,framer,soft_credibility,alibi_off,incident_rate,7,1.0,outcome
5,framer,soft_credibility,catch_outside,false_ejection_rate,7,0.398,outcome
5,framer,soft_credibility,catch_outside,coalition_favorable_rate,7,0.526,outcome
5,framer,soft_credibility,catch_outside,creator_ejection_rate,7,0.392,outcome
5,framer,soft_credibility,catch_outside,creator_survival,7,0.608,outcome
5,framer,soft_credibility,catch_outside,no_ejection_rate,7,0.128,outcome
5,framer,soft_credibility,catch_outside,incident_rate,7,1.0,outcome
5,framer,sharp_credibility,baseline,false_ejection_rate,7,0.41,outcome
5,framer,sharp_credibility,baseline,coalition_favorable_rate,7,0.518,outcome
5,framer,sharp_credibility,baseline,creator_ejection_rate,7,0.382,outcome
5,framer,sharp_credibility,baseline,creator_survival,7,0.618,outcome
5,framer,sharp_credibility,baseline,no_ejection_rate,7,0.108,outcome
5,framer,sharp_credibility,baseline,incident_rate,7,1.0,outcome
5,framer,sharp_credibility,alibi_off,false_ejection_rate,7,0.456,outcome
5,framer,sharp_credibility,alibi_off,coalition_favorable_rate,7,0.59,outcome
5,framer,sharp_credibility,alibi_off,creator_ejection_rate,7,0.31,outcome
5,framer,sharp_credibility,alibi_off,creator_survival,7,0.69,outcome
5,framer,sharp_credibility,alibi_off,no_ejection_rate,7,0.134,outcome
5,framer,sharp_credibility,alibi_off,incident_rate,7,1.0,outcome
5,framer,sharp_credibility,catch_outside,false_ejection_rate,7,0.378,outcome
5,framer,sharp_credibility,catch_outside,coalition_favorable_rate,7,0.462,outcome
5,framer,sharp_credibility,catch_outside,creator_ejection_rate,7,0.43,outcome
5,framer,sharp_credibility,catch_outside,creator_survival,7,0.57,outcome
5,framer,sharp_credibility,catch_outside,no_ejection_rate,7,0.084,outcome
5,framer,sharp_credibility,catch_outside,incident_rate,7,1.0,outcome
5,truthful,mean,baseline,false_ejection_rate,8,0.0,outcome
5,truthful,mean,baseline,coalition_favorable_rate,8,0.0,outcome
5,truthful,mean,baseline,creator_ejection_rate,8,0.912,outcome
5,truthful,mean,baseline,creator_survival,8,0.088,outcome
5,truthful,mean,baseline,no_ejection_rate,8,0.0,outcome
5,truthful,mean,baseline,incident_rate,8,1.0,outcome
5,truthful,mean,alibi_off,false_ejection_rate,8,0.0,outcome
5,truthful,mean,alibi_off,coalition_favorable_rate,8,0.0,outcome
5,truthful,mean,alibi_off,creator_ejection_rate,8,0.912,outcome
5,truthful,mean,alibi_off,creator_survival,8,0.088,outcome
5,truthful,mean,alibi_off,no_ejection_rate,8,0.0,outcome
5,truthful,mean,alibi_off,incident_rate,8,1.0,outcome
5,truthful,mean,catch_outside,false_ejection_rate,8,0.0,outcome
5,truthful,mean,catch_outside,coalition_favorable_rate,8,0.0,outcome
5,truthful,mean,catch_outside,creator_ejection_rate,8,0.912,outcome
5,truthful,mean,catch_outside,creator_survival,8,0.088,outcome
5,truthful,mean,catch_outside,no_ejection_rate,8,0.0,outcome
5,truthful,mean,catch_outside,incident_rate,8,1.0,outcome
5,truthful,soft_credibility,baseline,false_ejection_rate,8,0.0,outcome
5,truthful,soft_credibility,baseline,coalition_favorable_rate,8,0.0,outcome
5,truthful,soft_credibility,baseline,creator_ejection_rate,8,0.912,outcome
5,truthful,soft_credibility,baseline,creator_survival,8,0.088,outcome
5,truthful,soft_credibility,baseline,no_ejection_rate,8,0.0,outcome
5,truthful,soft_credibility,baseline,incident_rate,8,1.0,outcome
5,truthful,soft_credibility,baseline,n_speakers,8,6.0,voter
5,truthful,soft_credibility,baseline,coalition_share,8,0.33333333333333326,voter
5,truthful,soft_credibility,baseline,coalition_weight_soft,8,0.33333333333333326,voter
5,truthful,soft_credibility,baseline,weight_minus_share,8,0.0,voter
5,truthful,soft_credibility,baseline,cred_coalition,8,5.0,voter
5,truthful,soft_credibility,baseline,cred_honest,8,5.0,voter
5,truthful,soft_credibility,baseline,uninformative_share,8,0.0,voter
5,truthful,soft_credibility,baseline,weight_on_uninformative,8,0.0,voter
5,truthful,soft_credibility,baseline,coalition_caught,8,0.0,voter
5,truthful,soft_credibility,baseline,argmax_differs,8,0.0,voter
5,truthful,soft_credibility,baseline,mean_top_is_coalition,8,1.0,voter
5,truthful,soft_credibility,baseline,soft_top_is_coalition,8,1.0,voter
5,truthful,soft_credibility,baseline,mean_skips,8,0.0,voter
5,truthful,soft_credibility,baseline,soft_skips,8,0.0,voter
5,truthful,soft_credibility,alibi_off,false_ejection_rate,8,0.0,outcome
5,truthful,soft_credibility,alibi_off,coalition_favorable_rate,8,0.0,outcome
5,truthful,soft_credibility,alibi_off,creator_ejection_rate,8,0.912,outcome
5,truthful,soft_credibility,alibi_off,creator_survival,8,0.088,outcome
5,truthful,soft_credibility,alibi_off,no_ejection_rate,8,0.0,outcome
5,truthful,soft_credibility,alibi_off,incident_rate,8,1.0,outcome
5,truthful,soft_credibility,catch_outside,false_ejection_rate,8,0.0,outcome
5,truthful,soft_credibility,catch_outside,coalition_favorable_rate,8,0.0,outcome
5,truthful,soft_credibility,catch_outside,creator_ejection_rate,8,0.912,outcome
5,truthful,soft_credibility,catch_outside,creator_survival,8,0.088,outcome
5,truthful,soft_credibility,catch_outside,no_ejection_rate,8,0.0,outcome
5,truthful,soft_credibility,catch_outside,incident_rate,8,1.0,outcome
5,truthful,sharp_credibility,baseline,false_ejection_rate,8,0.0,outcome
5,truthful,sharp_credibility,baseline,coalition_favorable_rate,8,0.0,outcome
5,truthful,sharp_credibility,baseline,creator_ejection_rate,8,0.912,outcome
5,truthful,sharp_credibility,baseline,creator_survival,8,0.088,outcome
5,truthful,sharp_credibility,baseline,no_ejection_rate,8,0.0,outcome
5,truthful,sharp_credibility,baseline,incident_rate,8,1.0,outcome
5,truthful,sharp_credibility,alibi_off,false_ejection_rate,8,0.0,outcome
5,truthful,sharp_credibility,alibi_off,coalition_favorable_rate,8,0.0,outcome
5,truthful,sharp_credibility,alibi_off,creator_ejection_rate,8,0.912,outcome
5,truthful,sharp_credibility,alibi_off,creator_survival,8,0.088,outcome
5,truthful,sharp_credibility,alibi_off,no_ejection_rate,8,0.0,outcome
5,truthful,sharp_credibility,alibi_off,incident_rate,8,1.0,outcome
5,truthful,sharp_credibility,catch_outside,false_ejection_rate,8,0.0,outcome
5,truthful,sharp_credibility,catch_outside,coalition_favorable_rate,8,0.0,outcome
5,truthful,sharp_credibility,catch_outside,creator_ejection_rate,8,0.912,outcome
5,truthful,sharp_credibility,catch_outside,creator_survival,8,0.088,outcome
5,truthful,sharp_credibility,catch_outside,no_ejection_rate,8,0.0,outcome
5,truthful,sharp_credibility,catch_outside,incident_rate,8,1.0,outcome
5,lone_liar,mean,baseline,false_ejection_rate,8,0.124,outcome
5,lone_liar,mean,baseline,coalition_favorable_rate,8,0.216,outcome
5,lone_liar,mean,baseline,creator_ejection_rate,8,0.654,outcome
5,lone_liar,mean,baseline,creator_survival,8,0.346,outcome
5,lone_liar,mean,baseline,no_ejection_rate,8,0.092,outcome
5,lone_liar,mean,baseline,incident_rate,8,1.0,outcome
5,lone_liar,mean,alibi_off,false_ejection_rate,8,0.17,outcome
5,lone_liar,mean,alibi_off,coalition_favorable_rate,8,0.262,outcome
5,lone_liar,mean,alibi_off,creator_ejection_rate,8,0.614,outcome
5,lone_liar,mean,alibi_off,creator_survival,8,0.386,outcome
5,lone_liar,mean,alibi_off,no_ejection_rate,8,0.092,outcome
5,lone_liar,mean,alibi_off,incident_rate,8,1.0,outcome
5,lone_liar,mean,catch_outside,false_ejection_rate,8,0.124,outcome
5,lone_liar,mean,catch_outside,coalition_favorable_rate,8,0.216,outcome
5,lone_liar,mean,catch_outside,creator_ejection_rate,8,0.654,outcome
5,lone_liar,mean,catch_outside,creator_survival,8,0.346,outcome
5,lone_liar,mean,catch_outside,no_ejection_rate,8,0.092,outcome
5,lone_liar,mean,catch_outside,incident_rate,8,1.0,outcome
5,lone_liar,soft_credibility,baseline,false_ejection_rate,8,0.146,outcome
5,lone_liar,soft_credibility,baseline,coalition_favorable_rate,8,0.188,outcome
5,lone_liar,soft_credibility,baseline,creator_ejection_rate,8,0.566,outcome
5,lone_liar,soft_credibility,baseline,creator_survival,8,0.434,outcome
5,lone_liar,soft_credibility,baseline,no_ejection_rate,8,0.042,outcome
5,lone_liar,soft_credibility,baseline,incident_rate,8,1.0,outcome
5,lone_liar,soft_credibility,baseline,n_speakers,8,6.0,voter
5,lone_liar,soft_credibility,baseline,coalition_share,8,0.33333333333333326,voter
5,lone_liar,soft_credibility,baseline,coalition_weight_soft,8,0.2623846781621359,voter
5,lone_liar,soft_credibility,baseline,weight_minus_share,8,-0.07094865517119742,voter
5,lone_liar,soft_credibility,baseline,cred_coalition,8,2.89875,voter
5,lone_liar,soft_credibility,baseline,cred_honest,8,4.9895,voter
5,lone_liar,soft_credibility,baseline,uninformative_share,8,0.0,voter
5,lone_liar,soft_credibility,baseline,weight_on_uninformative,8,0.0,voter
5,lone_liar,soft_credibility,baseline,coalition_caught,8,0.5195,voter
5,lone_liar,soft_credibility,baseline,argmax_differs,8,0.0255,voter
5,lone_liar,soft_credibility,baseline,mean_top_is_coalition,8,0.8835,voter
5,lone_liar,soft_credibility,baseline,soft_top_is_coalition,8,0.868,voter
5,lone_liar,soft_credibility,baseline,mean_skips,8,0.0,voter
5,lone_liar,soft_credibility,baseline,soft_skips,8,0.0,voter
5,lone_liar,soft_credibility,alibi_off,false_ejection_rate,8,0.186,outcome
5,lone_liar,soft_credibility,alibi_off,coalition_favorable_rate,8,0.228,outcome
5,lone_liar,soft_credibility,alibi_off,creator_ejection_rate,8,0.538,outcome
5,lone_liar,soft_credibility,alibi_off,creator_survival,8,0.462,outcome
5,lone_liar,soft_credibility,alibi_off,no_ejection_rate,8,0.042,outcome
5,lone_liar,soft_credibility,alibi_off,incident_rate,8,1.0,outcome
5,lone_liar,soft_credibility,catch_outside,false_ejection_rate,8,0.122,outcome
5,lone_liar,soft_credibility,catch_outside,coalition_favorable_rate,8,0.214,outcome
5,lone_liar,soft_credibility,catch_outside,creator_ejection_rate,8,0.656,outcome
5,lone_liar,soft_credibility,catch_outside,creator_survival,8,0.344,outcome
5,lone_liar,soft_credibility,catch_outside,no_ejection_rate,8,0.092,outcome
5,lone_liar,soft_credibility,catch_outside,incident_rate,8,1.0,outcome
5,lone_liar,sharp_credibility,baseline,false_ejection_rate,8,0.266,outcome
5,lone_liar,sharp_credibility,baseline,coalition_favorable_rate,8,0.31,outcome
5,lone_liar,sharp_credibility,baseline,creator_ejection_rate,8,0.42,outcome
5,lone_liar,sharp_credibility,baseline,creator_survival,8,0.58,outcome
5,lone_liar,sharp_credibility,baseline,no_ejection_rate,8,0.044,outcome
5,lone_liar,sharp_credibility,baseline,incident_rate,8,1.0,outcome
5,lone_liar,sharp_credibility,alibi_off,false_ejection_rate,8,0.304,outcome
5,lone_liar,sharp_credibility,alibi_off,coalition_favorable_rate,8,0.364,outcome
5,lone_liar,sharp_credibility,alibi_off,creator_ejection_rate,8,0.374,outcome
5,lone_liar,sharp_credibility,alibi_off,creator_survival,8,0.626,outcome
5,lone_liar,sharp_credibility,alibi_off,no_ejection_rate,8,0.06,outcome
5,lone_liar,sharp_credibility,alibi_off,incident_rate,8,1.0,outcome
5,lone_liar,sharp_credibility,catch_outside,false_ejection_rate,8,0.122,outcome
5,lone_liar,sharp_credibility,catch_outside,coalition_favorable_rate,8,0.214,outcome
5,lone_liar,sharp_credibility,catch_outside,creator_ejection_rate,8,0.656,outcome
5,lone_liar,sharp_credibility,catch_outside,creator_survival,8,0.344,outcome
5,lone_liar,sharp_credibility,catch_outside,no_ejection_rate,8,0.092,outcome
5,lone_liar,sharp_credibility,catch_outside,incident_rate,8,1.0,outcome
5,alibi,mean,baseline,false_ejection_rate,8,0.348,outcome
5,alibi,mean,baseline,coalition_favorable_rate,8,0.568,outcome
5,alibi,mean,baseline,creator_ejection_rate,8,0.354,outcome
5,alibi,mean,baseline,creator_survival,8,0.646,outcome
5,alibi,mean,baseline,no_ejection_rate,8,0.22,outcome
5,alibi,mean,baseline,incident_rate,8,1.0,outcome
5,alibi,mean,alibi_off,false_ejection_rate,8,0.274,outcome
5,alibi,mean,alibi_off,coalition_favorable_rate,8,0.354,outcome
5,alibi,mean,alibi_off,creator_ejection_rate,8,0.576,outcome
5,alibi,mean,alibi_off,creator_survival,8,0.424,outcome
5,alibi,mean,alibi_off,no_ejection_rate,8,0.08,outcome
5,alibi,mean,alibi_off,incident_rate,8,1.0,outcome
5,alibi,mean,catch_outside,false_ejection_rate,8,0.348,outcome
5,alibi,mean,catch_outside,coalition_favorable_rate,8,0.568,outcome
5,alibi,mean,catch_outside,creator_ejection_rate,8,0.354,outcome
5,alibi,mean,catch_outside,creator_survival,8,0.646,outcome
5,alibi,mean,catch_outside,no_ejection_rate,8,0.22,outcome
5,alibi,mean,catch_outside,incident_rate,8,1.0,outcome
5,alibi,soft_credibility,baseline,false_ejection_rate,8,0.416,outcome
5,alibi,soft_credibility,baseline,coalition_favorable_rate,8,0.632,outcome
5,alibi,soft_credibility,baseline,creator_ejection_rate,8,0.22,outcome
5,alibi,soft_credibility,baseline,creator_survival,8,0.78,outcome
5,alibi,soft_credibility,baseline,no_ejection_rate,8,0.216,outcome
5,alibi,soft_credibility,baseline,incident_rate,8,1.0,outcome
5,alibi,soft_credibility,baseline,n_speakers,8,6.0,voter
5,alibi,soft_credibility,baseline,coalition_share,8,0.33333333333333326,voter
5,alibi,soft_credibility,baseline,coalition_weight_soft,8,0.1454671433515957,voter
5,alibi,soft_credibility,baseline,weight_minus_share,8,-0.1878661899817376,voter
5,alibi,soft_credibility,baseline,cred_coalition,8,0.83,voter
5,alibi,soft_credibility,baseline,cred_honest,8,4.976,voter
5,alibi,soft_credibility,baseline,uninformative_share,8,0.0,voter
5,alibi,soft_credibility,baseline,weight_on_uninformative,8,0.0,voter
5,alibi,soft_credibility,baseline,coalition_caught,8,0.6275,voter
5,alibi,soft_credibility,baseline,argmax_differs,8,0.0785,voter
5,alibi,soft_credibility,baseline,mean_top_is_coalition,8,0.5665,voter
5,alibi,soft_credibility,baseline,soft_top_is_coalition,8,0.5055,voter
5,alibi,soft_credibility,baseline,mean_skips,8,0.0,voter
5,alibi,soft_credibility,baseline,soft_skips,8,0.021,voter
5,alibi,soft_credibility,alibi_off,false_ejection_rate,8,0.278,outcome
5,alibi,soft_credibility,alibi_off,coalition_favorable_rate,8,0.374,outcome
5,alibi,soft_credibility,alibi_off,creator_ejection_rate,8,0.556,outcome
5,alibi,soft_credibility,alibi_off,creator_survival,8,0.444,outcome
5,alibi,soft_credibility,alibi_off,no_ejection_rate,8,0.096,outcome
5,alibi,soft_credibility,alibi_off,incident_rate,8,1.0,outcome
5,alibi,soft_credibility,catch_outside,false_ejection_rate,8,0.33,outcome
5,alibi,soft_credibility,catch_outside,coalition_favorable_rate,8,0.524,outcome
5,alibi,soft_credibility,catch_outside,creator_ejection_rate,8,0.398,outcome
5,alibi,soft_credibility,catch_outside,creator_survival,8,0.602,outcome
5,alibi,soft_credibility,catch_outside,no_ejection_rate,8,0.194,outcome
5,alibi,soft_credibility,catch_outside,incident_rate,8,1.0,outcome
5,alibi,sharp_credibility,baseline,false_ejection_rate,8,0.448,outcome
5,alibi,sharp_credibility,baseline,coalition_favorable_rate,8,0.644,outcome
5,alibi,sharp_credibility,baseline,creator_ejection_rate,8,0.224,outcome
5,alibi,sharp_credibility,baseline,creator_survival,8,0.776,outcome
5,alibi,sharp_credibility,baseline,no_ejection_rate,8,0.196,outcome
5,alibi,sharp_credibility,baseline,incident_rate,8,1.0,outcome
5,alibi,sharp_credibility,alibi_off,false_ejection_rate,8,0.372,outcome
5,alibi,sharp_credibility,alibi_off,coalition_favorable_rate,8,0.54,outcome
5,alibi,sharp_credibility,alibi_off,creator_ejection_rate,8,0.404,outcome
5,alibi,sharp_credibility,alibi_off,creator_survival,8,0.596,outcome
5,alibi,sharp_credibility,alibi_off,no_ejection_rate,8,0.168,outcome
5,alibi,sharp_credibility,alibi_off,incident_rate,8,1.0,outcome
5,alibi,sharp_credibility,catch_outside,false_ejection_rate,8,0.314,outcome
5,alibi,sharp_credibility,catch_outside,coalition_favorable_rate,8,0.49,outcome
5,alibi,sharp_credibility,catch_outside,creator_ejection_rate,8,0.432,outcome
5,alibi,sharp_credibility,catch_outside,creator_survival,8,0.568,outcome
5,alibi,sharp_credibility,catch_outside,no_ejection_rate,8,0.176,outcome
5,alibi,sharp_credibility,catch_outside,incident_rate,8,1.0,outcome
5,framer,mean,baseline,false_ejection_rate,8,0.396,outcome
5,framer,mean,baseline,coalition_favorable_rate,8,0.518,outcome
5,framer,mean,baseline,creator_ejection_rate,8,0.382,outcome
5,framer,mean,baseline,creator_survival,8,0.618,outcome
5,framer,mean,baseline,no_ejection_rate,8,0.122,outcome
5,framer,mean,baseline,incident_rate,8,1.0,outcome
5,framer,mean,alibi_off,false_ejection_rate,8,0.512,outcome
5,framer,mean,alibi_off,coalition_favorable_rate,8,0.788,outcome
5,framer,mean,alibi_off,creator_ejection_rate,8,0.184,outcome
5,framer,mean,alibi_off,creator_survival,8,0.816,outcome
5,framer,mean,alibi_off,no_ejection_rate,8,0.276,outcome
5,framer,mean,alibi_off,incident_rate,8,1.0,outcome
5,framer,mean,catch_outside,false_ejection_rate,8,0.396,outcome
5,framer,mean,catch_outside,coalition_favorable_rate,8,0.518,outcome
5,framer,mean,catch_outside,creator_ejection_rate,8,0.382,outcome
5,framer,mean,catch_outside,creator_survival,8,0.618,outcome
5,framer,mean,catch_outside,no_ejection_rate,8,0.122,outcome
5,framer,mean,catch_outside,incident_rate,8,1.0,outcome
5,framer,soft_credibility,baseline,false_ejection_rate,8,0.392,outcome
5,framer,soft_credibility,baseline,coalition_favorable_rate,8,0.508,outcome
5,framer,soft_credibility,baseline,creator_ejection_rate,8,0.408,outcome
5,framer,soft_credibility,baseline,creator_survival,8,0.592,outcome
5,framer,soft_credibility,baseline,no_ejection_rate,8,0.116,outcome
5,framer,soft_credibility,baseline,incident_rate,8,1.0,outcome
5,framer,soft_credibility,baseline,n_speakers,8,6.0,voter
5,framer,soft_credibility,baseline,coalition_share,8,0.33333333333333326,voter
5,framer,soft_credibility,baseline,coalition_weight_soft,8,0.10813437812069426,voter
5,framer,soft_credibility,baseline,weight_minus_share,8,-0.22519895521263902,voter
5,framer,soft_credibility,baseline,cred_coalition,8,-0.2715,voter
5,framer,soft_credibility,baseline,cred_honest,8,4.4745,voter
5,framer,soft_credibility,baseline,uninformative_share,8,0.0,voter
5,framer,soft_credibility,baseline,weight_on_uninformative,8,0.0,voter
5,framer,soft_credibility,baseline,coalition_caught,8,0.677,voter
5,framer,soft_credibility,baseline,argmax_differs,8,0.008,voter
5,framer,soft_credibility,baseline,mean_top_is_coalition,8,0.725,voter
5,framer,soft_credibility,baseline,soft_top_is_coalition,8,0.7245,voter
5,framer,soft_credibility,baseline,mean_skips,8,0.0,voter
5,framer,soft_credibility,baseline,soft_skips,8,0.0,voter
5,framer,soft_credibility,alibi_off,false_ejection_rate,8,0.48,outcome
5,framer,soft_credibility,alibi_off,coalition_favorable_rate,8,0.664,outcome
5,framer,soft_credibility,alibi_off,creator_ejection_rate,8,0.282,outcome
5,framer,soft_credibility,alibi_off,creator_survival,8,0.718,outcome
5,framer,soft_credibility,alibi_off,no_ejection_rate,8,0.184,outcome
5,framer,soft_credibility,alibi_off,incident_rate,8,1.0,outcome
5,framer,soft_credibility,catch_outside,false_ejection_rate,8,0.39,outcome
5,framer,soft_credibility,catch_outside,coalition_favorable_rate,8,0.506,outcome
5,framer,soft_credibility,catch_outside,creator_ejection_rate,8,0.406,outcome
5,framer,soft_credibility,catch_outside,creator_survival,8,0.594,outcome
5,framer,soft_credibility,catch_outside,no_ejection_rate,8,0.116,outcome
5,framer,soft_credibility,catch_outside,incident_rate,8,1.0,outcome
5,framer,sharp_credibility,baseline,false_ejection_rate,8,0.388,outcome
5,framer,sharp_credibility,baseline,coalition_favorable_rate,8,0.494,outcome
5,framer,sharp_credibility,baseline,creator_ejection_rate,8,0.418,outcome
5,framer,sharp_credibility,baseline,creator_survival,8,0.582,outcome
5,framer,sharp_credibility,baseline,no_ejection_rate,8,0.106,outcome
5,framer,sharp_credibility,baseline,incident_rate,8,1.0,outcome
5,framer,sharp_credibility,alibi_off,false_ejection_rate,8,0.462,outcome
5,framer,sharp_credibility,alibi_off,coalition_favorable_rate,8,0.618,outcome
5,framer,sharp_credibility,alibi_off,creator_ejection_rate,8,0.314,outcome
5,framer,sharp_credibility,alibi_off,creator_survival,8,0.686,outcome
5,framer,sharp_credibility,alibi_off,no_ejection_rate,8,0.156,outcome
5,framer,sharp_credibility,alibi_off,incident_rate,8,1.0,outcome
5,framer,sharp_credibility,catch_outside,false_ejection_rate,8,0.366,outcome
5,framer,sharp_credibility,catch_outside,coalition_favorable_rate,8,0.46,outcome
5,framer,sharp_credibility,catch_outside,creator_ejection_rate,8,0.442,outcome
5,framer,sharp_credibility,catch_outside,creator_survival,8,0.558,outcome
5,framer,sharp_credibility,catch_outside,no_ejection_rate,8,0.094,outcome
5,framer,sharp_credibility,catch_outside,incident_rate,8,1.0,outcome
5,truthful,mean,baseline,false_ejection_rate,9,0.0,outcome
5,truthful,mean,baseline,coalition_favorable_rate,9,0.0,outcome
5,truthful,mean,baseline,creator_ejection_rate,9,0.924,outcome
5,truthful,mean,baseline,creator_survival,9,0.076,outcome
5,truthful,mean,baseline,no_ejection_rate,9,0.0,outcome
5,truthful,mean,baseline,incident_rate,9,1.0,outcome
5,truthful,mean,alibi_off,false_ejection_rate,9,0.0,outcome
5,truthful,mean,alibi_off,coalition_favorable_rate,9,0.0,outcome
5,truthful,mean,alibi_off,creator_ejection_rate,9,0.924,outcome
5,truthful,mean,alibi_off,creator_survival,9,0.076,outcome
5,truthful,mean,alibi_off,no_ejection_rate,9,0.0,outcome
5,truthful,mean,alibi_off,incident_rate,9,1.0,outcome
5,truthful,mean,catch_outside,false_ejection_rate,9,0.0,outcome
5,truthful,mean,catch_outside,coalition_favorable_rate,9,0.0,outcome
5,truthful,mean,catch_outside,creator_ejection_rate,9,0.924,outcome
5,truthful,mean,catch_outside,creator_survival,9,0.076,outcome
5,truthful,mean,catch_outside,no_ejection_rate,9,0.0,outcome
5,truthful,mean,catch_outside,incident_rate,9,1.0,outcome
5,truthful,soft_credibility,baseline,false_ejection_rate,9,0.0,outcome
5,truthful,soft_credibility,baseline,coalition_favorable_rate,9,0.0,outcome
5,truthful,soft_credibility,baseline,creator_ejection_rate,9,0.924,outcome
5,truthful,soft_credibility,baseline,creator_survival,9,0.076,outcome
5,truthful,soft_credibility,baseline,no_ejection_rate,9,0.0,outcome
5,truthful,soft_credibility,baseline,incident_rate,9,1.0,outcome
5,truthful,soft_credibility,baseline,n_speakers,9,6.0,voter
5,truthful,soft_credibility,baseline,coalition_share,9,0.33333333333333326,voter
5,truthful,soft_credibility,baseline,coalition_weight_soft,9,0.33333333333333326,voter
5,truthful,soft_credibility,baseline,weight_minus_share,9,0.0,voter
5,truthful,soft_credibility,baseline,cred_coalition,9,5.0,voter
5,truthful,soft_credibility,baseline,cred_honest,9,5.0,voter
5,truthful,soft_credibility,baseline,uninformative_share,9,0.0,voter
5,truthful,soft_credibility,baseline,weight_on_uninformative,9,0.0,voter
5,truthful,soft_credibility,baseline,coalition_caught,9,0.0,voter
5,truthful,soft_credibility,baseline,argmax_differs,9,0.0,voter
5,truthful,soft_credibility,baseline,mean_top_is_coalition,9,1.0,voter
5,truthful,soft_credibility,baseline,soft_top_is_coalition,9,1.0,voter
5,truthful,soft_credibility,baseline,mean_skips,9,0.0,voter
5,truthful,soft_credibility,baseline,soft_skips,9,0.0,voter
5,truthful,soft_credibility,alibi_off,false_ejection_rate,9,0.0,outcome
5,truthful,soft_credibility,alibi_off,coalition_favorable_rate,9,0.0,outcome
5,truthful,soft_credibility,alibi_off,creator_ejection_rate,9,0.924,outcome
5,truthful,soft_credibility,alibi_off,creator_survival,9,0.076,outcome
5,truthful,soft_credibility,alibi_off,no_ejection_rate,9,0.0,outcome
5,truthful,soft_credibility,alibi_off,incident_rate,9,1.0,outcome
5,truthful,soft_credibility,catch_outside,false_ejection_rate,9,0.0,outcome
5,truthful,soft_credibility,catch_outside,coalition_favorable_rate,9,0.0,outcome
5,truthful,soft_credibility,catch_outside,creator_ejection_rate,9,0.924,outcome
5,truthful,soft_credibility,catch_outside,creator_survival,9,0.076,outcome
5,truthful,soft_credibility,catch_outside,no_ejection_rate,9,0.0,outcome
5,truthful,soft_credibility,catch_outside,incident_rate,9,1.0,outcome
5,truthful,sharp_credibility,baseline,false_ejection_rate,9,0.0,outcome
5,truthful,sharp_credibility,baseline,coalition_favorable_rate,9,0.0,outcome
5,truthful,sharp_credibility,baseline,creator_ejection_rate,9,0.924,outcome
5,truthful,sharp_credibility,baseline,creator_survival,9,0.076,outcome
5,truthful,sharp_credibility,baseline,no_ejection_rate,9,0.0,outcome
5,truthful,sharp_credibility,baseline,incident_rate,9,1.0,outcome
5,truthful,sharp_credibility,alibi_off,false_ejection_rate,9,0.0,outcome
5,truthful,sharp_credibility,alibi_off,coalition_favorable_rate,9,0.0,outcome
5,truthful,sharp_credibility,alibi_off,creator_ejection_rate,9,0.924,outcome
5,truthful,sharp_credibility,alibi_off,creator_survival,9,0.076,outcome
5,truthful,sharp_credibility,alibi_off,no_ejection_rate,9,0.0,outcome
5,truthful,sharp_credibility,alibi_off,incident_rate,9,1.0,outcome
5,truthful,sharp_credibility,catch_outside,false_ejection_rate,9,0.0,outcome
5,truthful,sharp_credibility,catch_outside,coalition_favorable_rate,9,0.0,outcome
5,truthful,sharp_credibility,catch_outside,creator_ejection_rate,9,0.924,outcome
5,truthful,sharp_credibility,catch_outside,creator_survival,9,0.076,outcome
5,truthful,sharp_credibility,catch_outside,no_ejection_rate,9,0.0,outcome
5,truthful,sharp_credibility,catch_outside,incident_rate,9,1.0,outcome
5,lone_liar,mean,baseline,false_ejection_rate,9,0.102,outcome
5,lone_liar,mean,baseline,coalition_favorable_rate,9,0.212,outcome
5,lone_liar,mean,baseline,creator_ejection_rate,9,0.678,outcome
5,lone_liar,mean,baseline,creator_survival,9,0.322,outcome
5,lone_liar,mean,baseline,no_ejection_rate,9,0.11,outcome
5,lone_liar,mean,baseline,incident_rate,9,1.0,outcome
5,lone_liar,mean,alibi_off,false_ejection_rate,9,0.186,outcome
5,lone_liar,mean,alibi_off,coalition_favorable_rate,9,0.296,outcome
5,lone_liar,mean,alibi_off,creator_ejection_rate,9,0.6,outcome
5,lone_liar,mean,alibi_off,creator_survival,9,0.4,outcome
5,lone_liar,mean,alibi_off,no_ejection_rate,9,0.11,outcome
5,lone_liar,mean,alibi_off,incident_rate,9,1.0,outcome
5,lone_liar,mean,catch_outside,false_ejection_rate,9,0.102,outcome
5,lone_liar,mean,catch_outside,coalition_favorable_rate,9,0.212,outcome
5,lone_liar,mean,catch_outside,creator_ejection_rate,9,0.678,outcome
5,lone_liar,mean,catch_outside,creator_survival,9,0.322,outcome
5,lone_liar,mean,catch_outside,no_ejection_rate,9,0.11,outcome
5,lone_liar,mean,catch_outside,incident_rate,9,1.0,outcome
5,lone_liar,soft_credibility,baseline,false_ejection_rate,9,0.146,outcome
5,lone_liar,soft_credibility,baseline,coalition_favorable_rate,9,0.184,outcome
5,lone_liar,soft_credibility,baseline,creator_ejection_rate,9,0.58,outcome
5,lone_liar,soft_credibility,baseline,creator_survival,9,0.42,outcome
5,lone_liar,soft_credibility,baseline,no_ejection_rate,9,0.038,outcome
5,lone_liar,soft_credibility,baseline,incident_rate,9,1.0,outcome
5,lone_liar,soft_credibility,baseline,n_speakers,9,6.0,voter
5,lone_liar,soft_credibility,baseline,coalition_share,9,0.33333333333333326,voter
5,lone_liar,soft_credibility,baseline,coalition_weight_soft,9,0.2601424758341704,voter
5,lone_liar,soft_credibility,baseline,weight_minus_share,9,-0.07319085749916295,voter
5,lone_liar,soft_credibility,baseline,cred_coalition,9,2.8315,voter
5,lone_liar,soft_credibility,baseline,cred_honest,9,4.9885,voter
5,lone_liar,soft_credibility,baseline,uninformative_share,9,0.0,voter
5,lone_liar,soft_credibility,baseline,weight_on_uninformative,9,0.0,voter
5,lone_liar,soft_credibility,baseline,coalition_caught,9,0.536,voter
5,lone_liar,soft_credibility,baseline,argmax_differs,9,0.0395,voter
5,lone_liar,soft_credibility,baseline,mean_top_is_coalition,9,0.893,voter
5,lone_liar,soft_credibility,baseline,soft_top_is_coalition,9,0.865,voter
5,lone_liar,soft_credibility,baseline,mean_skips,9,0.0,voter
5,lone_liar,soft_credibility,baseline,soft_skips,9,0.0,voter
5,lone_liar,soft_credibility,alibi_off,false_ejection_rate,9,0.218,outcome
5,lone_liar,soft_credibility,alibi_off,coalition_favorable_rate,9,0.258,outcome
5,lone_liar,soft_credibility,alibi_off,creator_ejection_rate,9,0.516,outcome
5,lone_liar,soft_credibility,alibi_off,creator_survival,9,0.484,outcome
5,lone_liar,soft_credibility,alibi_off,no_ejection_rate,9,0.04,outcome
5,lone_liar,soft_credibility,alibi_off,incident_rate,9,1.0,outcome
5,lone_liar,soft_credibility,catch_outside,false_ejection_rate,9,0.098,outcome
5,lone_liar,soft_credibility,catch_outside,coalition_favorable_rate,9,0.206,outcome
5,lone_liar,soft_credibility,catch_outside,creator_ejection_rate,9,0.682,outcome
5,lone_liar,soft_credibility,catch_outside,creator_survival,9,0.318,outcome
5,lone_liar,soft_credibility,catch_outside,no_ejection_rate,9,0.108,outcome
5,lone_liar,soft_credibility,catch_outside,incident_rate,9,1.0,outcome
5,lone_liar,sharp_credibility,baseline,false_ejection_rate,9,0.25,outcome
5,lone_liar,sharp_credibility,baseline,coalition_favorable_rate,9,0.296,outcome
5,lone_liar,sharp_credibility,baseline,creator_ejection_rate,9,0.434,outcome
5,lone_liar,sharp_credibility,baseline,creator_survival,9,0.566,outcome
5,lone_liar,sharp_credibility,baseline,no_ejection_rate,9,0.046,outcome
5,lone_liar,sharp_credibility,baseline,incident_rate,9,1.0,outcome
5,lone_liar,sharp_credibility,alibi_off,false_ejection_rate,9,0.316,outcome
5,lone_liar,sharp_credibility,alibi_off,coalition_favorable_rate,9,0.386,outcome
5,lone_liar,sharp_credibility,alibi_off,creator_ejection_rate,9,0.352,outcome
5,lone_liar,sharp_credibility,alibi_off,creator_survival,9,0.648,outcome
5,lone_liar,sharp_credibility,alibi_off,no_ejection_rate,9,0.07,outcome
5,lone_liar,sharp_credibility,alibi_off,incident_rate,9,1.0,outcome
5,lone_liar,sharp_credibility,catch_outside,false_ejection_rate,9,0.098,outcome
5,lone_liar,sharp_credibility,catch_outside,coalition_favorable_rate,9,0.206,outcome
5,lone_liar,sharp_credibility,catch_outside,creator_ejection_rate,9,0.682,outcome
5,lone_liar,sharp_credibility,catch_outside,creator_survival,9,0.318,outcome
5,lone_liar,sharp_credibility,catch_outside,no_ejection_rate,9,0.108,outcome
5,lone_liar,sharp_credibility,catch_outside,incident_rate,9,1.0,outcome
5,alibi,mean,baseline,false_ejection_rate,9,0.306,outcome
5,alibi,mean,baseline,coalition_favorable_rate,9,0.552,outcome
5,alibi,mean,baseline,creator_ejection_rate,9,0.366,outcome
5,alibi,mean,baseline,creator_survival,9,0.634,outcome
5,alibi,mean,baseline,no_ejection_rate,9,0.246,outcome
5,alibi,mean,baseline,incident_rate,9,1.0,outcome
5,alibi,mean,alibi_off,false_ejection_rate,9,0.258,outcome
5,alibi,mean,alibi_off,coalition_favorable_rate,9,0.344,outcome
5,alibi,mean,alibi_off,creator_ejection_rate,9,0.582,outcome
5,alibi,mean,alibi_off,creator_survival,9,0.418,outcome
5,alibi,mean,alibi_off,no_ejection_rate,9,0.086,outcome
5,alibi,mean,alibi_off,incident_rate,9,1.0,outcome
5,alibi,mean,catch_outside,false_ejection_rate,9,0.306,outcome
5,alibi,mean,catch_outside,coalition_favorable_rate,9,0.554,outcome
5,alibi,mean,catch_outside,creator_ejection_rate,9,0.364,outcome
5,alibi,mean,catch_outside,creator_survival,9,0.636,outcome
5,alibi,mean,catch_outside,no_ejection_rate,9,0.248,outcome
5,alibi,mean,catch_outside,incident_rate,9,1.0,outcome
5,alibi,soft_credibility,baseline,false_ejection_rate,9,0.39,outcome
5,alibi,soft_credibility,baseline,coalition_favorable_rate,9,0.624,outcome
5,alibi,soft_credibility,baseline,creator_ejection_rate,9,0.23,outcome
5,alibi,soft_credibility,baseline,creator_survival,9,0.77,outcome
5,alibi,soft_credibility,baseline,no_ejection_rate,9,0.234,outcome
5,alibi,soft_credibility,baseline,incident_rate,9,1.0,outcome
5,alibi,soft_credibility,baseline,n_speakers,9,6.0,voter
5,alibi,soft_credibility,baseline,coalition_share,9,0.33333333333333326,voter
5,alibi,soft_credibility,baseline,coalition_weight_soft,9,0.13885256662114404,voter
5,alibi,soft_credibility,baseline,weight_minus_share,9,-0.19448076671218922,voter
5,alibi,soft_credibility,baseline,cred_coalition,9,0.71875,voter
5,alibi,soft_credibility,baseline,cred_honest,9,4.9715,voter
5,alibi,soft_credibility,baseline,uninformative_share,9,0.0,voter
5,alibi,soft_credibility,baseline,weight_on_uninformative,9,0.0,voter
5,alibi,soft_credibility,baseline,coalition_caught,9,0.643,voter
5,alibi,soft_credibility,baseline,argmax_differs,9,0.088,voter
5,alibi,soft_credibility,baseline,mean_top_is_coalition,9,0.5805,voter
5,alibi,soft_credibility,baseline,soft_top_is_coalition,9,0.512,voter
5,alibi,soft_credibility,baseline,mean_skips,9,0.0,voter
5,alibi,soft_credibility,baseline,soft_skips,9,0.0265,voter
5,alibi,soft_credibility,alibi_off,false_ejection_rate,9,0.246,outcome
5,alibi,soft_credibility,alibi_off,coalition_favorable_rate,9,0.354,outcome
5,alibi,soft_credibility,alibi_off,creator_ejection_rate,9,0.576,outcome
5,alibi,soft_credibility,alibi_off,creator_survival,9,0.424,outcome
5,alibi,soft_credibility,alibi_off,no_ejection_rate,9,0.108,outcome
5,alibi,soft_credibility,alibi_off,incident_rate,9,1.0,outcome
5,alibi,soft_credibility,catch_outside,false_ejection_rate,9,0.288,outcome
5,alibi,soft_credibility,catch_outside,coalition_favorable_rate,9,0.514,outcome
5,alibi,soft_credibility,catch_outside,creator_ejection_rate,9,0.402,outcome
5,alibi,soft_credibility,catch_outside,creator_survival,9,0.598,outcome
5,alibi,soft_credibility,catch_outside,no_ejection_rate,9,0.226,outcome
5,alibi,soft_credibility,catch_outside,incident_rate,9,1.0,outcome
5,alibi,sharp_credibility,baseline,false_ejection_rate,9,0.436,outcome
5,alibi,sharp_credibility,baseline,coalition_favorable_rate,9,0.63,outcome
5,alibi,sharp_credibility,baseline,creator_ejection_rate,9,0.242,outcome
5,alibi,sharp_credibility,baseline,creator_survival,9,0.758,outcome
5,alibi,sharp_credibility,baseline,no_ejection_rate,9,0.194,outcome
5,alibi,sharp_credibility,baseline,incident_rate,9,1.0,outcome
5,alibi,sharp_credibility,alibi_off,false_ejection_rate,9,0.362,outcome
5,alibi,sharp_credibility,alibi_off,coalition_favorable_rate,9,0.512,outcome
5,alibi,sharp_credibility,alibi_off,creator_ejection_rate,9,0.432,outcome
5,alibi,sharp_credibility,alibi_off,creator_survival,9,0.568,outcome
5,alibi,sharp_credibility,alibi_off,no_ejection_rate,9,0.15,outcome
5,alibi,sharp_credibility,alibi_off,incident_rate,9,1.0,outcome
5,alibi,sharp_credibility,catch_outside,false_ejection_rate,9,0.274,outcome
5,alibi,sharp_credibility,catch_outside,coalition_favorable_rate,9,0.468,outcome
5,alibi,sharp_credibility,catch_outside,creator_ejection_rate,9,0.45,outcome
5,alibi,sharp_credibility,catch_outside,creator_survival,9,0.55,outcome
5,alibi,sharp_credibility,catch_outside,no_ejection_rate,9,0.194,outcome
5,alibi,sharp_credibility,catch_outside,incident_rate,9,1.0,outcome
5,framer,mean,baseline,false_ejection_rate,9,0.412,outcome
5,framer,mean,baseline,coalition_favorable_rate,9,0.532,outcome
5,framer,mean,baseline,creator_ejection_rate,9,0.376,outcome
5,framer,mean,baseline,creator_survival,9,0.624,outcome
5,framer,mean,baseline,no_ejection_rate,9,0.12,outcome
5,framer,mean,baseline,incident_rate,9,1.0,outcome
5,framer,mean,alibi_off,false_ejection_rate,9,0.538,outcome
5,framer,mean,alibi_off,coalition_favorable_rate,9,0.782,outcome
5,framer,mean,alibi_off,creator_ejection_rate,9,0.196,outcome
5,framer,mean,alibi_off,creator_survival,9,0.804,outcome
5,framer,mean,alibi_off,no_ejection_rate,9,0.244,outcome
5,framer,mean,alibi_off,incident_rate,9,1.0,outcome
5,framer,mean,catch_outside,false_ejection_rate,9,0.412,outcome
5,framer,mean,catch_outside,coalition_favorable_rate,9,0.532,outcome
5,framer,mean,catch_outside,creator_ejection_rate,9,0.376,outcome
5,framer,mean,catch_outside,creator_survival,9,0.624,outcome
5,framer,mean,catch_outside,no_ejection_rate,9,0.12,outcome
5,framer,mean,catch_outside,incident_rate,9,1.0,outcome
5,framer,soft_credibility,baseline,false_ejection_rate,9,0.414,outcome
5,framer,soft_credibility,baseline,coalition_favorable_rate,9,0.504,outcome
5,framer,soft_credibility,baseline,creator_ejection_rate,9,0.418,outcome
5,framer,soft_credibility,baseline,creator_survival,9,0.582,outcome
5,framer,soft_credibility,baseline,no_ejection_rate,9,0.09,outcome
5,framer,soft_credibility,baseline,incident_rate,9,1.0,outcome
5,framer,soft_credibility,baseline,n_speakers,9,6.0,voter
5,framer,soft_credibility,baseline,coalition_share,9,0.33333333333333326,voter
5,framer,soft_credibility,baseline,coalition_weight_soft,9,0.10688698869936622,voter
5,framer,soft_credibility,baseline,weight_minus_share,9,-0.2264463446339671,voter
5,framer,soft_credibility,baseline,cred_coalition,9,-0.32125,voter
5,framer,soft_credibility,baseline,cred_honest,9,4.4655,voter
5,framer,soft_credibility,baseline,uninformative_share,9,0.0,voter
5,framer,soft_credibility,baseline,weight_on_uninformative,9,0.0,voter
5,framer,soft_credibility,baseline,coalition_caught,9,0.6895,voter
5,framer,soft_credibility,baseline,argmax_differs,9,0.0085,voter
5,framer,soft_credibility,baseline,mean_top_is_coalition,9,0.721,voter
5,framer,soft_credibility,baseline,soft_top_is_coalition,9,0.72,voter
5,framer,soft_credibility,baseline,mean_skips,9,0.0,voter
5,framer,soft_credibility,baseline,soft_skips,9,0.0,voter
5,framer,soft_credibility,alibi_off,false_ejection_rate,9,0.51,outcome
5,framer,soft_credibility,alibi_off,coalition_favorable_rate,9,0.644,outcome
5,framer,soft_credibility,alibi_off,creator_ejection_rate,9,0.31,outcome
5,framer,soft_credibility,alibi_off,creator_survival,9,0.69,outcome
5,framer,soft_credibility,alibi_off,no_ejection_rate,9,0.134,outcome
5,framer,soft_credibility,alibi_off,incident_rate,9,1.0,outcome
5,framer,soft_credibility,catch_outside,false_ejection_rate,9,0.414,outcome
5,framer,soft_credibility,catch_outside,coalition_favorable_rate,9,0.502,outcome
5,framer,soft_credibility,catch_outside,creator_ejection_rate,9,0.414,outcome
5,framer,soft_credibility,catch_outside,creator_survival,9,0.586,outcome
5,framer,soft_credibility,catch_outside,no_ejection_rate,9,0.088,outcome
5,framer,soft_credibility,catch_outside,incident_rate,9,1.0,outcome
5,framer,sharp_credibility,baseline,false_ejection_rate,9,0.406,outcome
5,framer,sharp_credibility,baseline,coalition_favorable_rate,9,0.502,outcome
5,framer,sharp_credibility,baseline,creator_ejection_rate,9,0.42,outcome
5,framer,sharp_credibility,baseline,creator_survival,9,0.58,outcome
5,framer,sharp_credibility,baseline,no_ejection_rate,9,0.096,outcome
5,framer,sharp_credibility,baseline,incident_rate,9,1.0,outcome
5,framer,sharp_credibility,alibi_off,false_ejection_rate,9,0.474,outcome
5,framer,sharp_credibility,alibi_off,coalition_favorable_rate,9,0.602,outcome
5,framer,sharp_credibility,alibi_off,creator_ejection_rate,9,0.334,outcome
5,framer,sharp_credibility,alibi_off,creator_survival,9,0.666,outcome
5,framer,sharp_credibility,alibi_off,no_ejection_rate,9,0.128,outcome
5,framer,sharp_credibility,alibi_off,incident_rate,9,1.0,outcome
5,framer,sharp_credibility,catch_outside,false_ejection_rate,9,0.378,outcome
5,framer,sharp_credibility,catch_outside,coalition_favorable_rate,9,0.456,outcome
5,framer,sharp_credibility,catch_outside,creator_ejection_rate,9,0.452,outcome
5,framer,sharp_credibility,catch_outside,creator_survival,9,0.548,outcome
5,framer,sharp_credibility,catch_outside,no_ejection_rate,9,0.078,outcome
5,framer,sharp_credibility,catch_outside,incident_rate,9,1.0,outcome
7,truthful,mean,baseline,false_ejection_rate,0,0.0,outcome
7,truthful,mean,baseline,coalition_favorable_rate,0,0.0,outcome
7,truthful,mean,baseline,creator_ejection_rate,0,0.922,outcome
7,truthful,mean,baseline,creator_survival,0,0.078,outcome
7,truthful,mean,baseline,no_ejection_rate,0,0.0,outcome
7,truthful,mean,baseline,incident_rate,0,1.0,outcome
7,truthful,mean,alibi_off,false_ejection_rate,0,0.0,outcome
7,truthful,mean,alibi_off,coalition_favorable_rate,0,0.0,outcome
7,truthful,mean,alibi_off,creator_ejection_rate,0,0.922,outcome
7,truthful,mean,alibi_off,creator_survival,0,0.078,outcome
7,truthful,mean,alibi_off,no_ejection_rate,0,0.0,outcome
7,truthful,mean,alibi_off,incident_rate,0,1.0,outcome
7,truthful,mean,catch_outside,false_ejection_rate,0,0.0,outcome
7,truthful,mean,catch_outside,coalition_favorable_rate,0,0.0,outcome
7,truthful,mean,catch_outside,creator_ejection_rate,0,0.922,outcome
7,truthful,mean,catch_outside,creator_survival,0,0.078,outcome
7,truthful,mean,catch_outside,no_ejection_rate,0,0.0,outcome
7,truthful,mean,catch_outside,incident_rate,0,1.0,outcome
7,truthful,soft_credibility,baseline,false_ejection_rate,0,0.0,outcome
7,truthful,soft_credibility,baseline,coalition_favorable_rate,0,0.0,outcome
7,truthful,soft_credibility,baseline,creator_ejection_rate,0,0.922,outcome
7,truthful,soft_credibility,baseline,creator_survival,0,0.078,outcome
7,truthful,soft_credibility,baseline,no_ejection_rate,0,0.0,outcome
7,truthful,soft_credibility,baseline,incident_rate,0,1.0,outcome
7,truthful,soft_credibility,baseline,n_speakers,0,8.0,voter
7,truthful,soft_credibility,baseline,coalition_share,0,0.25,voter
7,truthful,soft_credibility,baseline,coalition_weight_soft,0,0.25,voter
7,truthful,soft_credibility,baseline,weight_minus_share,0,0.0,voter
7,truthful,soft_credibility,baseline,cred_coalition,0,7.0,voter
7,truthful,soft_credibility,baseline,cred_honest,0,7.0,voter
7,truthful,soft_credibility,baseline,uninformative_share,0,0.0,voter
7,truthful,soft_credibility,baseline,weight_on_uninformative,0,0.0,voter
7,truthful,soft_credibility,baseline,coalition_caught,0,0.0,voter
7,truthful,soft_credibility,baseline,argmax_differs,0,0.0,voter
7,truthful,soft_credibility,baseline,mean_top_is_coalition,0,1.0,voter
7,truthful,soft_credibility,baseline,soft_top_is_coalition,0,1.0,voter
7,truthful,soft_credibility,baseline,mean_skips,0,0.0,voter
7,truthful,soft_credibility,baseline,soft_skips,0,0.0,voter
7,truthful,soft_credibility,alibi_off,false_ejection_rate,0,0.0,outcome
7,truthful,soft_credibility,alibi_off,coalition_favorable_rate,0,0.0,outcome
7,truthful,soft_credibility,alibi_off,creator_ejection_rate,0,0.922,outcome
7,truthful,soft_credibility,alibi_off,creator_survival,0,0.078,outcome
7,truthful,soft_credibility,alibi_off,no_ejection_rate,0,0.0,outcome
7,truthful,soft_credibility,alibi_off,incident_rate,0,1.0,outcome
7,truthful,soft_credibility,catch_outside,false_ejection_rate,0,0.0,outcome
7,truthful,soft_credibility,catch_outside,coalition_favorable_rate,0,0.0,outcome
7,truthful,soft_credibility,catch_outside,creator_ejection_rate,0,0.922,outcome
7,truthful,soft_credibility,catch_outside,creator_survival,0,0.078,outcome
7,truthful,soft_credibility,catch_outside,no_ejection_rate,0,0.0,outcome
7,truthful,soft_credibility,catch_outside,incident_rate,0,1.0,outcome
7,truthful,sharp_credibility,baseline,false_ejection_rate,0,0.0,outcome
7,truthful,sharp_credibility,baseline,coalition_favorable_rate,0,0.0,outcome
7,truthful,sharp_credibility,baseline,creator_ejection_rate,0,0.922,outcome
7,truthful,sharp_credibility,baseline,creator_survival,0,0.078,outcome
7,truthful,sharp_credibility,baseline,no_ejection_rate,0,0.0,outcome
7,truthful,sharp_credibility,baseline,incident_rate,0,1.0,outcome
7,truthful,sharp_credibility,alibi_off,false_ejection_rate,0,0.0,outcome
7,truthful,sharp_credibility,alibi_off,coalition_favorable_rate,0,0.0,outcome
7,truthful,sharp_credibility,alibi_off,creator_ejection_rate,0,0.922,outcome
7,truthful,sharp_credibility,alibi_off,creator_survival,0,0.078,outcome
7,truthful,sharp_credibility,alibi_off,no_ejection_rate,0,0.0,outcome
7,truthful,sharp_credibility,alibi_off,incident_rate,0,1.0,outcome
7,truthful,sharp_credibility,catch_outside,false_ejection_rate,0,0.0,outcome
7,truthful,sharp_credibility,catch_outside,coalition_favorable_rate,0,0.0,outcome
7,truthful,sharp_credibility,catch_outside,creator_ejection_rate,0,0.922,outcome
7,truthful,sharp_credibility,catch_outside,creator_survival,0,0.078,outcome
7,truthful,sharp_credibility,catch_outside,no_ejection_rate,0,0.0,outcome
7,truthful,sharp_credibility,catch_outside,incident_rate,0,1.0,outcome
7,lone_liar,mean,baseline,false_ejection_rate,0,0.094,outcome
7,lone_liar,mean,baseline,coalition_favorable_rate,0,0.172,outcome
7,lone_liar,mean,baseline,creator_ejection_rate,0,0.762,outcome
7,lone_liar,mean,baseline,creator_survival,0,0.238,outcome
7,lone_liar,mean,baseline,no_ejection_rate,0,0.078,outcome
7,lone_liar,mean,baseline,incident_rate,0,1.0,outcome
7,lone_liar,mean,alibi_off,false_ejection_rate,0,0.156,outcome
7,lone_liar,mean,alibi_off,coalition_favorable_rate,0,0.23,outcome
7,lone_liar,mean,alibi_off,creator_ejection_rate,0,0.706,outcome
7,lone_liar,mean,alibi_off,creator_survival,0,0.294,outcome
7,lone_liar,mean,alibi_off,no_ejection_rate,0,0.074,outcome
7,lone_liar,mean,alibi_off,incident_rate,0,1.0,outcome
7,lone_liar,mean,catch_outside,false_ejection_rate,0,0.094,outcome
7,lone_liar,mean,catch_outside,coalition_favorable_rate,0,0.172,outcome
7,lone_liar,mean,catch_outside,creator_ejection_rate,0,0.762,outcome
7,lone_liar,mean,catch_outside,creator_survival,0,0.238,outcome
7,lone_liar,mean,catch_outside,no_ejection_rate,0,0.078,outcome
7,lone_liar,mean,catch_outside,incident_rate,0,1.0,outcome
7,lone_liar,soft_credibility,baseline,false_ejection_rate,0,0.142,outcome
7,lone_liar,soft_credibility,baseline,coalition_favorable_rate,0,0.168,outcome
7,lone_liar,soft_credibility,baseline,creator_ejection_rate,0,0.65,outcome
7,lone_liar,soft_credibility,baseline,creator_survival,0,0.35,outcome
7,lone_liar,soft_credibility,baseline,no_ejection_rate,0,0.026,outcome
7,lone_liar,soft_credibility,baseline,incident_rate,0,1.0,outcome
7,lone_liar,soft_credibility,baseline,n_speakers,0,8.0,voter
7,lone_liar,soft_credibility,baseline,coalition_share,0,0.25,voter
7,lone_liar,soft_credibility,baseline,coalition_weight_soft,0,0.18698619119745535,voter
7,lone_liar,soft_credibility,baseline,weight_minus_share,0,-0.06301380880254463,voter
7,lone_liar,soft_credibility,baseline,cred_coalition,0,4.087833333333333,voter
7,lone_liar,soft_credibility,baseline,cred_honest,0,6.992333333333334,voter
7,lone_liar,soft_credibility,baseline,uninformative_share,0,0.0,voter
7,lone_liar,soft_credibility,baseline,weight_on_uninformative,0,0.0,voter
7,lone_liar,soft_credibility,baseline,coalition_caught,0,0.5793333333333334,voter
7,lone_liar,soft_credibility,baseline,argmax_differs,0,0.017,voter
7,lone_liar,soft_credibility,baseline,mean_top_is_coalition,0,0.8913333333333333,voter
7,lone_liar,soft_credibility,baseline,soft_top_is_coalition,0,0.875,voter
7,lone_liar,soft_credibility,baseline,mean_skips,0,0.0,voter
7,lone_liar,soft_credibility,baseline,soft_skips,0,0.0,voter
7,lone_liar,soft_credibility,alibi_off,false_ejection_rate,0,0.2,outcome
7,lone_liar,soft_credibility,alibi_off,coalition_favorable_rate,0,0.222,outcome
7,lone_liar,soft_credibility,alibi_off,creator_ejection_rate,0,0.604,outcome
7,lone_liar,soft_credibility,alibi_off,creator_survival,0,0.396,outcome
7,lone_liar,soft_credibility,alibi_off,no_ejection_rate,0,0.022,outcome
7,lone_liar,soft_credibility,alibi_off,incident_rate,0,1.0,outcome
7,lone_liar,soft_credibility,catch_outside,false_ejection_rate,0,0.094,outcome
7,lone_liar,soft_credibility,catch_outside,coalition_favorable_rate,0,0.17,outcome
7,lone_liar,soft_credibility,catch_outside,creator_ejection_rate,0,0.762,outcome
7,lone_liar,soft_credibility,catch_outside,creator_survival,0,0.238,outcome
7,lone_liar,soft_credibility,catch_outside,no_ejection_rate,0,0.076,outcome
7,lone_liar,soft_credibility,catch_outside,incident_rate,0,1.0,outcome
7,lone_liar,sharp_credibility,baseline,false_ejection_rate,0,0.294,outcome
7,lone_liar,sharp_credibility,baseline,coalition_favorable_rate,0,0.318,outcome
7,lone_liar,sharp_credibility,baseline,creator_ejection_rate,0,0.486,outcome
7,lone_liar,sharp_credibility,baseline,creator_survival,0,0.514,outcome
7,lone_liar,sharp_credibility,baseline,no_ejection_rate,0,0.024,outcome
7,lone_liar,sharp_credibility,baseline,incident_rate,0,1.0,outcome
7,lone_liar,sharp_credibility,alibi_off,false_ejection_rate,0,0.37,outcome
7,lone_liar,sharp_credibility,alibi_off,coalition_favorable_rate,0,0.41,outcome
7,lone_liar,sharp_credibility,alibi_off,creator_ejection_rate,0,0.406,outcome
7,lone_liar,sharp_credibility,alibi_off,creator_survival,0,0.594,outcome
7,lone_liar,sharp_credibility,alibi_off,no_ejection_rate,0,0.04,outcome
7,lone_liar,sharp_credibility,alibi_off,incident_rate,0,1.0,outcome
7,lone_liar,sharp_credibility,catch_outside,false_ejection_rate,0,0.094,outcome
7,lone_liar,sharp_credibility,catch_outside,coalition_favorable_rate,0,0.17,outcome
7,lone_liar,sharp_credibility,catch_outside,creator_ejection_rate,0,0.762,outcome
7,lone_liar,sharp_credibility,catch_outside,creator_survival,0,0.238,outcome
7,lone_liar,sharp_credibility,catch_outside,no_ejection_rate,0,0.076,outcome
7,lone_liar,sharp_credibility,catch_outside,incident_rate,0,1.0,outcome
7,alibi,mean,baseline,false_ejection_rate,0,0.192,outcome
7,alibi,mean,baseline,coalition_favorable_rate,0,0.378,outcome
7,alibi,mean,baseline,creator_ejection_rate,0,0.574,outcome
7,alibi,mean,baseline,creator_survival,0,0.426,outcome
7,alibi,mean,baseline,no_ejection_rate,0,0.186,outcome
7,alibi,mean,baseline,incident_rate,0,1.0,outcome
7,alibi,mean,alibi_off,false_ejection_rate,0,0.13,outcome
7,alibi,mean,alibi_off,coalition_favorable_rate,0,0.196,outcome
7,alibi,mean,alibi_off,creator_ejection_rate,0,0.768,outcome
7,alibi,mean,alibi_off,creator_survival,0,0.232,outcome
7,alibi,mean,alibi_off,no_ejection_rate,0,0.066,outcome
7,alibi,mean,alibi_off,incident_rate,0,1.0,outcome
7,alibi,mean,catch_outside,false_ejection_rate,0,0.192,outcome
7,alibi,mean,catch_outside,coalition_favorable_rate,0,0.378,outcome
7,alibi,mean,catch_outside,creator_ejection_rate,0,0.574,outcome
7,alibi,mean,catch_outside,creator_survival,0,0.426,outcome
7,alibi,mean,catch_outside,no_ejection_rate,0,0.186,outcome
7,alibi,mean,catch_outside,incident_rate,0,1.0,outcome
7,alibi,soft_credibility,baseline,false_ejection_rate,0,0.356,outcome
7,alibi,soft_credibility,baseline,coalition_favorable_rate,0,0.52,outcome
7,alibi,soft_credibility,baseline,creator_ejection_rate,0,0.374,outcome
7,alibi,soft_credibility,baseline,creator_survival,0,0.626,outcome
7,alibi,soft_credibility,baseline,no_ejection_rate,0,0.164,outcome
7,alibi,soft_credibility,baseline,incident_rate,0,1.0,outcome
7,alibi,soft_credibility,baseline,n_speakers,0,8.0,voter
7,alibi,soft_credibility,baseline,coalition_share,0,0.25,voter
7,alibi,soft_credibility,baseline,coalition_weight_soft,0,0.0959831973701178,voter
7,alibi,soft_credibility,baseline,weight_minus_share,0,-0.15401680262988218,voter
7,alibi,soft_credibility,baseline,cred_coalition,0,1.4026666666666667,voter
7,alibi,soft_credibility,baseline,cred_honest,0,6.971,voter
7,alibi,soft_credibility,baseline,uninformative_share,0,0.0,voter
7,alibi,soft_credibility,baseline,weight_on_uninformative,0,0.0,voter
7,alibi,soft_credibility,baseline,coalition_caught,0,0.6656666666666666,voter
7,alibi,soft_credibility,baseline,argmax_differs,0,0.07666666666666666,voter
7,alibi,soft_credibility,baseline,mean_top_is_coalition,0,0.6003333333333334,voter
7,alibi,soft_credibility,baseline,soft_top_is_coalition,0,0.5426666666666666,voter
7,alibi,soft_credibility,baseline,mean_skips,0,0.0,voter
7,alibi,soft_credibility,baseline,soft_skips,0,0.028333333333333332,voter
7,alibi,soft_credibility,alibi_off,false_ejection_rate,0,0.214,outcome
7,alibi,soft_credibility,alibi_off,coalition_favorable_rate,0,0.26,outcome
7,alibi,soft_credibility,alibi_off,creator_ejection_rate,0,0.706,outcome
7,alibi,soft_credibility,alibi_off,creator_survival,0,0.294,outcome
7,alibi,soft_credibility,alibi_off,no_ejection_rate,0,0.046,outcome
7,alibi,soft_credibility,alibi_off,incident_rate,0,1.0,outcome
7,alibi,soft_credibility,catch_outside,false_ejection_rate,0,0.182,outcome
7,alibi,soft_credibility,catch_outside,coalition_favorable_rate,0,0.352,outcome
7,alibi,soft_credibility,catch_outside,creator_ejection_rate,0,0.598,outcome
7,alibi,soft_credibility,catch_outside,creator_survival,0,0.402,outcome
7,alibi,soft_credibility,catch_outside,no_ejection_rate,0,0.17,outcome
7,alibi,soft_credibility,catch_outside,incident_rate,0,1.0,outcome
7,alibi,sharp_credibility,baseline,false_ejection_rate,0,0.41,outcome
7,alibi,sharp_credibility,baseline,coalition_favorable_rate,0,0.542,outcome
7,alibi,sharp_credibility,baseline,creator_ejection_rate,0,0.356,outcome
7,alibi,sharp_credibility,baseline,creator_survival,0,0.644,outcome
7,alibi,sharp_credibility,baseline,no_ejection_rate,0,0.132,outcome
7,alibi,sharp_credibility,baseline,incident_rate,0,1.0,outcome
7,alibi,sharp_credibility,alibi_off,false_ejection_rate,0,0.392,outcome
7,alibi,sharp_credibility,alibi_off,coalition_favorable_rate,0,0.44,outcome
7,alibi,sharp_credibility,alibi_off,creator_ejection_rate,0,0.532,outcome
7,alibi,sharp_credibility,alibi_off,creator_survival,0,0.468,outcome
7,alibi,sharp_credibility,alibi_off,no_ejection_rate,0,0.048,outcome
7,alibi,sharp_credibility,alibi_off,incident_rate,0,1.0,outcome
7,alibi,sharp_credibility,catch_outside,false_ejection_rate,0,0.172,outcome
7,alibi,sharp_credibility,catch_outside,coalition_favorable_rate,0,0.332,outcome
7,alibi,sharp_credibility,catch_outside,creator_ejection_rate,0,0.618,outcome
7,alibi,sharp_credibility,catch_outside,creator_survival,0,0.382,outcome
7,alibi,sharp_credibility,catch_outside,no_ejection_rate,0,0.16,outcome
7,alibi,sharp_credibility,catch_outside,incident_rate,0,1.0,outcome
7,framer,mean,baseline,false_ejection_rate,0,0.28,outcome
7,framer,mean,baseline,coalition_favorable_rate,0,0.314,outcome
7,framer,mean,baseline,creator_ejection_rate,0,0.594,outcome
7,framer,mean,baseline,creator_survival,0,0.406,outcome
7,framer,mean,baseline,no_ejection_rate,0,0.034,outcome
7,framer,mean,baseline,incident_rate,0,1.0,outcome
7,framer,mean,alibi_off,false_ejection_rate,0,0.47,outcome
7,framer,mean,alibi_off,coalition_favorable_rate,0,0.614,outcome
7,framer,mean,alibi_off,creator_ejection_rate,0,0.334,outcome
7,framer,mean,alibi_off,creator_survival,0,0.666,outcome
7,framer,mean,alibi_off,no_ejection_rate,0,0.144,outcome
7,framer,mean,alibi_off,incident_rate,0,1.0,outcome
7,framer,mean,catch_outside,false_ejection_rate,0,0.28,outcome
7,framer,mean,catch_outside,coalition_favorable_rate,0,0.314,outcome
7,framer,mean,catch_outside,creator_ejection_rate,0,0.594,outcome
7,framer,mean,catch_outside,creator_survival,0,0.406,outcome
7,framer,mean,catch_outside,no_ejection_rate,0,0.034,outcome
7,framer,mean,catch_outside,incident_rate,0,1.0,outcome
7,framer,soft_credibility,baseline,false_ejection_rate,0,0.27,outcome
7,framer,soft_credibility,baseline,coalition_favorable_rate,0,0.302,outcome
7,framer,soft_credibility,baseline,creator_ejection_rate,0,0.63,outcome
7,framer,soft_credibility,baseline,creator_survival,0,0.37,outcome
7,framer,soft_credibility,baseline,no_ejection_rate,0,0.032,outcome
7,framer,soft_credibility,baseline,incident_rate,0,1.0,outcome
7,framer,soft_credibility,baseline,n_speakers,0,8.0,voter
7,framer,soft_credibility,baseline,coalition_share,0,0.25,voter
7,framer,soft_credibility,baseline,coalition_weight_soft,0,0.0613803499858798,voter
7,framer,soft_credibility,baseline,weight_minus_share,0,-0.18861965001412023,voter
7,framer,soft_credibility,baseline,cred_coalition,0,0.3368333333333333,voter
7,framer,soft_credibility,baseline,cred_honest,0,6.390666666666666,voter
7,framer,soft_credibility,baseline,uninformative_share,0,0.0,voter
7,framer,soft_credibility,baseline,weight_on_uninformative,0,0.0,voter
7,framer,soft_credibility,baseline,coalition_caught,0,0.679,voter
7,framer,soft_credibility,baseline,argmax_differs,0,0.008,voter
7,framer,soft_credibility,baseline,mean_top_is_coalition,0,0.8123333333333334,voter
7,framer,soft_credibility,baseline,soft_top_is_coalition,0,0.809,voter
7,framer,soft_credibility,baseline,mean_skips,0,0.0,voter
7,framer,soft_credibility,baseline,soft_skips,0,0.0,voter
7,framer,soft_credibility,alibi_off,false_ejection_rate,0,0.386,outcome
7,framer,soft_credibility,alibi_off,coalition_favorable_rate,0,0.44,outcome
7,framer,soft_credibility,alibi_off,creator_ejection_rate,0,0.486,outcome
7,framer,soft_credibility,alibi_off,creator_survival,0,0.514,outcome
7,framer,soft_credibility,alibi_off,no_ejection_rate,0,0.054,outcome
7,framer,soft_credibility,alibi_off,incident_rate,0,1.0,outcome
7,framer,soft_credibility,catch_outside,false_ejection_rate,0,0.268,outcome
7,framer,soft_credibility,catch_outside,coalition_favorable_rate,0,0.3,outcome
7,framer,soft_credibility,catch_outside,creator_ejection_rate,0,0.626,outcome
7,framer,soft_credibility,catch_outside,creator_survival,0,0.374,outcome
7,framer,soft_credibility,catch_outside,no_ejection_rate,0,0.032,outcome
7,framer,soft_credibility,catch_outside,incident_rate,0,1.0,outcome
7,framer,sharp_credibility,baseline,false_ejection_rate,0,0.326,outcome
7,framer,sharp_credibility,baseline,coalition_favorable_rate,0,0.354,outcome
7,framer,sharp_credibility,baseline,creator_ejection_rate,0,0.578,outcome
7,framer,sharp_credibility,baseline,creator_survival,0,0.422,outcome
7,framer,sharp_credibility,baseline,no_ejection_rate,0,0.028,outcome
7,framer,sharp_credibility,baseline,incident_rate,0,1.0,outcome
7,framer,sharp_credibility,alibi_off,false_ejection_rate,0,0.428,outcome
7,framer,sharp_credibility,alibi_off,coalition_favorable_rate,0,0.476,outcome
7,framer,sharp_credibility,alibi_off,creator_ejection_rate,0,0.444,outcome
7,framer,sharp_credibility,alibi_off,creator_survival,0,0.556,outcome
7,framer,sharp_credibility,alibi_off,no_ejection_rate,0,0.048,outcome
7,framer,sharp_credibility,alibi_off,incident_rate,0,1.0,outcome
7,framer,sharp_credibility,catch_outside,false_ejection_rate,0,0.246,outcome
7,framer,sharp_credibility,catch_outside,coalition_favorable_rate,0,0.266,outcome
7,framer,sharp_credibility,catch_outside,creator_ejection_rate,0,0.654,outcome
7,framer,sharp_credibility,catch_outside,creator_survival,0,0.346,outcome
7,framer,sharp_credibility,catch_outside,no_ejection_rate,0,0.02,outcome
7,framer,sharp_credibility,catch_outside,incident_rate,0,1.0,outcome
7,truthful,mean,baseline,false_ejection_rate,1,0.0,outcome
7,truthful,mean,baseline,coalition_favorable_rate,1,0.0,outcome
7,truthful,mean,baseline,creator_ejection_rate,1,0.94,outcome
7,truthful,mean,baseline,creator_survival,1,0.06,outcome
7,truthful,mean,baseline,no_ejection_rate,1,0.0,outcome
7,truthful,mean,baseline,incident_rate,1,1.0,outcome
7,truthful,mean,alibi_off,false_ejection_rate,1,0.0,outcome
7,truthful,mean,alibi_off,coalition_favorable_rate,1,0.0,outcome
7,truthful,mean,alibi_off,creator_ejection_rate,1,0.94,outcome
7,truthful,mean,alibi_off,creator_survival,1,0.06,outcome
7,truthful,mean,alibi_off,no_ejection_rate,1,0.0,outcome
7,truthful,mean,alibi_off,incident_rate,1,1.0,outcome
7,truthful,mean,catch_outside,false_ejection_rate,1,0.0,outcome
7,truthful,mean,catch_outside,coalition_favorable_rate,1,0.0,outcome
7,truthful,mean,catch_outside,creator_ejection_rate,1,0.94,outcome
7,truthful,mean,catch_outside,creator_survival,1,0.06,outcome
7,truthful,mean,catch_outside,no_ejection_rate,1,0.0,outcome
7,truthful,mean,catch_outside,incident_rate,1,1.0,outcome
7,truthful,soft_credibility,baseline,false_ejection_rate,1,0.0,outcome
7,truthful,soft_credibility,baseline,coalition_favorable_rate,1,0.0,outcome
7,truthful,soft_credibility,baseline,creator_ejection_rate,1,0.94,outcome
7,truthful,soft_credibility,baseline,creator_survival,1,0.06,outcome
7,truthful,soft_credibility,baseline,no_ejection_rate,1,0.0,outcome
7,truthful,soft_credibility,baseline,incident_rate,1,1.0,outcome
7,truthful,soft_credibility,baseline,n_speakers,1,8.0,voter
7,truthful,soft_credibility,baseline,coalition_share,1,0.25,voter
7,truthful,soft_credibility,baseline,coalition_weight_soft,1,0.25,voter
7,truthful,soft_credibility,baseline,weight_minus_share,1,0.0,voter
7,truthful,soft_credibility,baseline,cred_coalition,1,7.0,voter
7,truthful,soft_credibility,baseline,cred_honest,1,7.0,voter
7,truthful,soft_credibility,baseline,uninformative_share,1,0.0,voter
7,truthful,soft_credibility,baseline,weight_on_uninformative,1,0.0,voter
7,truthful,soft_credibility,baseline,coalition_caught,1,0.0,voter
7,truthful,soft_credibility,baseline,argmax_differs,1,0.0,voter
7,truthful,soft_credibility,baseline,mean_top_is_coalition,1,1.0,voter
7,truthful,soft_credibility,baseline,soft_top_is_coalition,1,1.0,voter
7,truthful,soft_credibility,baseline,mean_skips,1,0.0,voter
7,truthful,soft_credibility,baseline,soft_skips,1,0.0,voter
7,truthful,soft_credibility,alibi_off,false_ejection_rate,1,0.0,outcome
7,truthful,soft_credibility,alibi_off,coalition_favorable_rate,1,0.0,outcome
7,truthful,soft_credibility,alibi_off,creator_ejection_rate,1,0.94,outcome
7,truthful,soft_credibility,alibi_off,creator_survival,1,0.06,outcome
7,truthful,soft_credibility,alibi_off,no_ejection_rate,1,0.0,outcome
7,truthful,soft_credibility,alibi_off,incident_rate,1,1.0,outcome
7,truthful,soft_credibility,catch_outside,false_ejection_rate,1,0.0,outcome
7,truthful,soft_credibility,catch_outside,coalition_favorable_rate,1,0.0,outcome
7,truthful,soft_credibility,catch_outside,creator_ejection_rate,1,0.94,outcome
7,truthful,soft_credibility,catch_outside,creator_survival,1,0.06,outcome
7,truthful,soft_credibility,catch_outside,no_ejection_rate,1,0.0,outcome
7,truthful,soft_credibility,catch_outside,incident_rate,1,1.0,outcome
7,truthful,sharp_credibility,baseline,false_ejection_rate,1,0.0,outcome
7,truthful,sharp_credibility,baseline,coalition_favorable_rate,1,0.0,outcome
7,truthful,sharp_credibility,baseline,creator_ejection_rate,1,0.94,outcome
7,truthful,sharp_credibility,baseline,creator_survival,1,0.06,outcome
7,truthful,sharp_credibility,baseline,no_ejection_rate,1,0.0,outcome
7,truthful,sharp_credibility,baseline,incident_rate,1,1.0,outcome
7,truthful,sharp_credibility,alibi_off,false_ejection_rate,1,0.0,outcome
7,truthful,sharp_credibility,alibi_off,coalition_favorable_rate,1,0.0,outcome
7,truthful,sharp_credibility,alibi_off,creator_ejection_rate,1,0.94,outcome
7,truthful,sharp_credibility,alibi_off,creator_survival,1,0.06,outcome
7,truthful,sharp_credibility,alibi_off,no_ejection_rate,1,0.0,outcome
7,truthful,sharp_credibility,alibi_off,incident_rate,1,1.0,outcome
7,truthful,sharp_credibility,catch_outside,false_ejection_rate,1,0.0,outcome
7,truthful,sharp_credibility,catch_outside,coalition_favorable_rate,1,0.0,outcome
7,truthful,sharp_credibility,catch_outside,creator_ejection_rate,1,0.94,outcome
7,truthful,sharp_credibility,catch_outside,creator_survival,1,0.06,outcome
7,truthful,sharp_credibility,catch_outside,no_ejection_rate,1,0.0,outcome
7,truthful,sharp_credibility,catch_outside,incident_rate,1,1.0,outcome
7,lone_liar,mean,baseline,false_ejection_rate,1,0.106,outcome
7,lone_liar,mean,baseline,coalition_favorable_rate,1,0.15,outcome
7,lone_liar,mean,baseline,creator_ejection_rate,1,0.79,outcome
7,lone_liar,mean,baseline,creator_survival,1,0.21,outcome
7,lone_liar,mean,baseline,no_ejection_rate,1,0.044,outcome
7,lone_liar,mean,baseline,incident_rate,1,1.0,outcome
7,lone_liar,mean,alibi_off,false_ejection_rate,1,0.16,outcome
7,lone_liar,mean,alibi_off,coalition_favorable_rate,1,0.194,outcome
7,lone_liar,mean,alibi_off,creator_ejection_rate,1,0.742,outcome
7,lone_liar,mean,alibi_off,creator_survival,1,0.258,outcome
7,lone_liar,mean,alibi_off,no_ejection_rate,1,0.034,outcome
7,lone_liar,mean,alibi_off,incident_rate,1,1.0,outcome
7,lone_liar,mean,catch_outside,false_ejection_rate,1,0.106,outcome
7,lone_liar,mean,catch_outside,coalition_favorable_rate,1,0.15,outcome
7,lone_liar,mean,catch_outside,creator_ejection_rate,1,0.79,outcome
7,lone_liar,mean,catch_outside,creator_survival,1,0.21,outcome
7,lone_liar,mean,catch_outside,no_ejection_rate,1,0.044,outcome
7,lone_liar,mean,catch_outside,incident_rate,1,1.0,outcome
7,lone_liar,soft_credibility,baseline,false_ejection_rate,1,0.17,outcome
7,lone_liar,soft_credibility,baseline,coalition_favorable_rate,1,0.196,outcome
7,lone_liar,soft_credibility,baseline,creator_ejection_rate,1,0.66,outcome
7,lone_liar,soft_credibility,baseline,creator_survival,1,0.34,outcome
7,lone_liar,soft_credibility,baseline,no_ejection_rate,1,0.026,outcome
7,lone_liar,soft_credibility,baseline,incident_rate,1,1.0,outcome
7,lone_liar,soft_credibility,baseline,n_speakers,1,8.0,voter
7,lone_liar,soft_credibility,baseline,coalition_share,1,0.25,voter
7,lone_liar,soft_credibility,baseline,coalition_weight_soft,1,0.18737771492873162,voter
7,lone_liar,soft_credibility,baseline,weight_minus_share,1,-0.06262228507126842,voter
7,lone_liar,soft_credibility,baseline,cred_coalition,1,4.106166666666667,voter
7,lone_liar,soft_credibility,baseline,cred_honest,1,6.989333333333334,voter
7,lone_liar,soft_credibility,baseline,uninformative_share,1,0.0,voter
7,lone_liar,soft_credibility,baseline,weight_on_uninformative,1,0.0,voter
7,lone_liar,soft_credibility,baseline,coalition_caught,1,0.5746666666666667,voter
7,lone_liar,soft_credibility,baseline,argmax_differs,1,0.019,voter
7,lone_liar,soft_credibility,baseline,mean_top_is_coalition,1,0.8643333333333333,voter
7,lone_liar,soft_credibility,baseline,soft_top_is_coalition,1,0.846,voter
7,lone_liar,soft_credibility,baseline,mean_skips,1,0.0,voter
7,lone_liar,soft_credibility,baseline,soft_skips,1,0.0,voter
7,lone_liar,soft_credibility,alibi_off,false_ejection_rate,1,0.196,outcome
7,lone_liar,soft_credibility,alibi_off,coalition_favorable_rate,1,0.214,outcome
7,lone_liar,soft_credibility,alibi_off,creator_ejection_rate,1,0.642,outcome
7,lone_liar,soft_credibility,alibi_off,creator_survival,1,0.358,outcome
7,lone_liar,soft_credibility,alibi_off,no_ejection_rate,1,0.018,outcome
7,lone_liar,soft_credibility,alibi_off,incident_rate,1,1.0,outcome
7,lone_liar,soft_credibility,catch_outside,false_ejection_rate,1,0.108,outcome
7,lone_liar,soft_credibility,catch_outside,coalition_favorable_rate,1,0.152,outcome
7,lone_liar,soft_credibility,catch_outside,creator_ejection_rate,1,0.788,outcome
7,lone_liar,soft_credibility,catch_outside,creator_survival,1,0.212,outcome
7,lone_liar,soft_credibility,catch_outside,no_ejection_rate,1,0.044,outcome
7,lone_liar,soft_credibility,catch_outside,incident_rate,1,1.0,outcome
7,lone_liar,sharp_credibility,baseline,false_ejection_rate,1,0.328,outcome
7,lone_liar,sharp_credibility,baseline,coalition_favorable_rate,1,0.358,outcome
7,lone_liar,sharp_credibility,baseline,creator_ejection_rate,1,0.468,outcome
7,lone_liar,sharp_credibility,baseline,creator_survival,1,0.532,outcome
7,lone_liar,sharp_credibility,baseline,no_ejection_rate,1,0.03,outcome
7,lone_liar,sharp_credibility,baseline,incident_rate,1,1.0,outcome
7,lone_liar,sharp_credibility,alibi_off,false_ejection_rate,1,0.392,outcome
7,lone_liar,sharp_credibility,alibi_off,coalition_favorable_rate,1,0.438,outcome
7,lone_liar,sharp_credibility,alibi_off,creator_ejection_rate,1,0.392,outcome
7,lone_liar,sharp_credibility,alibi_off,creator_survival,1,0.608,outcome
7,lone_liar,sharp_credibility,alibi_off,no_ejection_rate,1,0.046,outcome
7,lone_liar,sharp_credibility,alibi_off,incident_rate,1,1.0,outcome
7,lone_liar,sharp_credibility,catch_outside,false_ejection_rate,1,0.108,outcome
7,lone_liar,sharp_credibility,catch_outside,coalition_favorable_rate,1,0.152,outcome
7,lone_liar,sharp_credibility,catch_outside,creator_ejection_rate,1,0.786,outcome
7,lone_liar,sharp_credibility,catch_outside,creator_survival,1,0.214,outcome
7,lone_liar,sharp_credibility,catch_outside,no_ejection_rate,1,0.044,outcome
7,lone_liar,sharp_credibility,catch_outside,incident_rate,1,1.0,outcome
7,alibi,mean,baseline,false_ejection_rate,1,0.22,outcome
7,alibi,mean,baseline,coalition_favorable_rate,1,0.386,outcome
7,alibi,mean,baseline,creator_ejection_rate,1,0.538,outcome
7,alibi,mean,baseline,creator_survival,1,0.462,outcome
7,alibi,mean,baseline,no_ejection_rate,1,0.166,outcome
7,alibi,mean,baseline,incident_rate,1,1.0,outcome
7,alibi,mean,alibi_off,false_ejection_rate,1,0.148,outcome
7,alibi,mean,alibi_off,coalition_favorable_rate,1,0.184,outcome
7,alibi,mean,alibi_off,creator_ejection_rate,1,0.754,outcome
7,alibi,mean,alibi_off,creator_survival,1,0.246,outcome
7,alibi,mean,alibi_off,no_ejection_rate,1,0.036,outcome
7,alibi,mean,alibi_off,incident_rate,1,1.0,outcome
7,alibi,mean,catch_outside,false_ejection_rate,1,0.22,outcome
7,alibi,mean,catch_outside,coalition_favorable_rate,1,0.386,outcome
7,alibi,mean,catch_outside,creator_ejection_rate,1,0.538,outcome
7,alibi,mean,catch_outside,creator_survival,1,0.462,outcome
7,alibi,mean,catch_outside,no_ejection_rate,1,0.166,outcome
7,alibi,mean,catch_outside,incident_rate,1,1.0,outcome
7,alibi,soft_credibility,baseline,false_ejection_rate,1,0.38,outcome
7,alibi,soft_credibility,baseline,coalition_favorable_rate,1,0.528,outcome
7,alibi,soft_credibility,baseline,creator_ejection_rate,1,0.306,outcome
7,alibi,soft_credibility,baseline,creator_survival,1,0.694,outcome
7,alibi,soft_credibility,baseline,no_ejection_rate,1,0.148,outcome
7,alibi,soft_credibility,baseline,incident_rate,1,1.0,outcome
7,alibi,soft_credibility,baseline,n_speakers,1,8.0,voter
7,alibi,soft_credibility,baseline,coalition_share,1,0.25,voter
7,alibi,soft_credibility,baseline,coalition_weight_soft,1,0.10147975440122994,voter
7,alibi,soft_credibility,baseline,weight_minus_share,1,-0.14852024559877006,voter
7,alibi,soft_credibility,baseline,cred_coalition,1,1.7003333333333333,voter
7,alibi,soft_credibility,baseline,cred_honest,1,6.972,voter
7,alibi,soft_credibility,baseline,uninformative_share,1,0.0,voter
7,alibi,soft_credibility,baseline,weight_on_uninformative,1,0.0,voter
7,alibi,soft_credibility,baseline,coalition_caught,1,0.6333333333333333,voter
7,alibi,soft_credibility,baseline,argmax_differs,1,0.05733333333333333,voter
7,alibi,soft_credibility,baseline,mean_top_is_coalition,1,0.5876666666666667,voter
7,alibi,soft_credibility,baseline,soft_top_is_coalition,1,0.5383333333333333,voter
7,alibi,soft_credibility,baseline,mean_skips,1,0.0,voter
7,alibi,soft_credibility,baseline,soft_skips,1,0.023666666666666666,voter
7,alibi,soft_credibility,alibi_off,false_ejection_rate,1,0.194,outcome
7,alibi,soft_credibility,alibi_off,coalition_favorable_rate,1,0.232,outcome
7,alibi,soft_credibility,alibi_off,creator_ejection_rate,1,0.706,outcome
7,alibi,soft_credibility,alibi_off,creator_survival,1,0.294,outcome
7,alibi,soft_credibility,alibi_off,no_ejection_rate,1,0.038,outcome
7,alibi,soft_credibility,alibi_off,incident_rate,1,1.0,outcome
7,alibi,soft_credibility,catch_outside,false_ejection_rate,1,0.204,outcome
7,alibi,soft_credibility,catch_outside,coalition_favorable_rate,1,0.356,outcome
7,alibi,soft_credibility,catch_outside,creator_ejection_rate,1,0.568,outcome
7,alibi,soft_credibility,catch_outside,creator_survival,1,0.432,outcome
7,alibi,soft_credibility,catch_outside,no_ejection_rate,1,0.152,outcome
7,alibi,soft_credibility,catch_outside,incident_rate,1,1.0,outcome
7,alibi,sharp_credibility,baseline,false_ejection_rate,1,0.456,outcome
7,alibi,sharp_credibility,baseline,coalition_favorable_rate,1,0.572,outcome
7,alibi,sharp_credibility,baseline,creator_ejection_rate,1,0.28,outcome
7,alibi,sharp_credibility,baseline,creator_survival,1,0.72,outcome
7,alibi,sharp_credibility,baseline,no_ejection_rate,1,0.116,outcome
7,alibi,sharp_credibility,baseline,incident_rate,1,1.0,outcome
7,alibi,sharp_credibility,alibi_off,false_ejection_rate,1,0.402,outcome
7,alibi,sharp_credibility,alibi_off,coalition_favorable_rate,1,0.456,outcome
7,alibi,sharp_credibility,alibi_off,creator_ejection_rate,1,0.502,outcome
7,alibi,sharp_credibility,alibi_off,creator_survival,1,0.498,outcome
7,alibi,sharp_credibility,alibi_off,no_ejection_rate,1,0.054,outcome
7,alibi,sharp_credibility,alibi_off,incident_rate,1,1.0,outcome
7,alibi,sharp_credibility,catch_outside,false_ejection_rate,1,0.194,outcome
7,alibi,sharp_credibility,catch_outside,coalition_favorable_rate,1,0.336,outcome
7,alibi,sharp_credibility,catch_outside,creator_ejection_rate,1,0.59,outcome
7,alibi,sharp_credibility,catch_outside,creator_survival,1,0.41,outcome
7,alibi,sharp_credibility,catch_outside,no_ejection_rate,1,0.142,outcome
7,alibi,sharp_credibility,catch_outside,incident_rate,1,1.0,outcome
7,framer,mean,baseline,false_ejection_rate,1,0.258,outcome
7,framer,mean,baseline,coalition_favorable_rate,1,0.306,outcome
7,framer,mean,baseline,creator_ejection_rate,1,0.598,outcome
7,framer,mean,baseline,creator_survival,1,0.402,outcome
7,framer,mean,baseline,no_ejection_rate,1,0.048,outcome
7,framer,mean,baseline,incident_rate,1,1.0,outcome
7,framer,mean,alibi_off,false_ejection_rate,1,0.474,outcome
7,framer,mean,alibi_off,coalition_favorable_rate,1,0.612,outcome
7,framer,mean,alibi_off,creator_ejection_rate,1,0.326,outcome
7,framer,mean,alibi_off,creator_survival,1,0.674,outcome
7,framer,mean,alibi_off,no_ejection_rate,1,0.138,outcome
7,framer,mean,alibi_off,incident_rate,1,1.0,outcome
7,framer,mean,catch_outside,false_ejection_rate,1,0.258,outcome
7,framer,mean,catch_outside,coalition_favorable_rate,1,0.306,outcome
7,framer,mean,catch_outside,creator_ejection_rate,1,0.598,outcome
7,framer,mean,catch_outside,creator_survival,1,0.402,outcome
7,framer,mean,catch_outside,no_ejection_rate,1,0.048,outcome
7,framer,mean,catch_outside,incident_rate,1,1.0,outcome
7,framer,soft_credibility,baseline,false_ejection_rate,1,0.248,outcome
7,framer,soft_credibility,baseline,coalition_favorable_rate,1,0.292,outcome
7,framer,soft_credibility,baseline,creator_ejection_rate,1,0.624,outcome
7,framer,soft_credibility,baseline,creator_survival,1,0.376,outcome
7,framer,soft_credibility,baseline,no_ejection_rate,1,0.044,outcome
7,framer,soft_credibility,baseline,incident_rate,1,1.0,outcome
7,framer,soft_credibility,baseline,n_speakers,1,8.0,voter
7,framer,soft_credibility,baseline,coalition_share,1,0.25,voter
7,framer,soft_credibility,baseline,coalition_weight_soft,1,0.062062347789334844,voter
7,framer,soft_credibility,baseline,weight_minus_share,1,-0.18793765221066516,voter
7,framer,soft_credibility,baseline,cred_coalition,1,0.3453333333333333,voter
7,framer,soft_credibility,baseline,cred_honest,1,6.398333333333333,voter
7,framer,soft_credibility,baseline,uninformative_share,1,0.0,voter
7,framer,soft_credibility,baseline,weight_on_uninformative,1,0.0,voter
7,framer,soft_credibility,baseline,coalition_caught,1,0.6896666666666667,voter
7,framer,soft_credibility,baseline,argmax_differs,1,0.013666666666666667,voter
7,framer,soft_credibility,baseline,mean_top_is_coalition,1,0.8166666666666667,voter
7,framer,soft_credibility,baseline,soft_top_is_coalition,1,0.813,voter
7,framer,soft_credibility,baseline,mean_skips,1,0.0,voter
7,framer,soft_credibility,baseline,soft_skips,1,0.0,voter
7,framer,soft_credibility,alibi_off,false_ejection_rate,1,0.404,outcome
7,framer,soft_credibility,alibi_off,coalition_favorable_rate,1,0.458,outcome
7,framer,soft_credibility,alibi_off,creator_ejection_rate,1,0.468,outcome
7,framer,soft_credibility,alibi_off,creator_survival,1,0.532,outcome
7,framer,soft_credibility,alibi_off,no_ejection_rate,1,0.054,outcome
7,framer,soft_credibility,alibi_off,incident_rate,1,1.0,outcome
7,framer,soft_credibility,catch_outside,false_ejection_rate,1,0.246,outcome
7,framer,soft_credibility,catch_outside,coalition_favorable_rate,1,0.29,outcome
7,framer,soft_credibility,catch_outside,creator_ejection_rate,1,0.614,outcome
7,framer,soft_credibility,catch_outside,creator_survival,1,0.386,outcome
7,framer,soft_credibility,catch_outside,no_ejection_rate,1,0.044,outcome
7,framer,soft_credibility,catch_outside,incident_rate,1,1.0,outcome
7,framer,sharp_credibility,baseline,false_ejection_rate,1,0.32,outcome
7,framer,sharp_credibility,baseline,coalition_favorable_rate,1,0.352,outcome
7,framer,sharp_credibility,baseline,creator_ejection_rate,1,0.556,outcome
7,framer,sharp_credibility,baseline,creator_survival,1,0.444,outcome
7,framer,sharp_credibility,baseline,no_ejection_rate,1,0.032,outcome
7,framer,sharp_credibility,baseline,incident_rate,1,1.0,outcome
7,framer,sharp_credibility,alibi_off,false_ejection_rate,1,0.44,outcome
7,framer,sharp_credibility,alibi_off,coalition_favorable_rate,1,0.48,outcome
7,framer,sharp_credibility,alibi_off,creator_ejection_rate,1,0.432,outcome
7,framer,sharp_credibility,alibi_off,creator_survival,1,0.568,outcome
7,framer,sharp_credibility,alibi_off,no_ejection_rate,1,0.04,outcome
7,framer,sharp_credibility,alibi_off,incident_rate,1,1.0,outcome
7,framer,sharp_credibility,catch_outside,false_ejection_rate,1,0.238,outcome
7,framer,sharp_credibility,catch_outside,coalition_favorable_rate,1,0.258,outcome
7,framer,sharp_credibility,catch_outside,creator_ejection_rate,1,0.642,outcome
7,framer,sharp_credibility,catch_outside,creator_survival,1,0.358,outcome
7,framer,sharp_credibility,catch_outside,no_ejection_rate,1,0.02,outcome
7,framer,sharp_credibility,catch_outside,incident_rate,1,1.0,outcome
7,truthful,mean,baseline,false_ejection_rate,2,0.0,outcome
7,truthful,mean,baseline,coalition_favorable_rate,2,0.0,outcome
7,truthful,mean,baseline,creator_ejection_rate,2,0.916,outcome
7,truthful,mean,baseline,creator_survival,2,0.084,outcome
7,truthful,mean,baseline,no_ejection_rate,2,0.0,outcome
7,truthful,mean,baseline,incident_rate,2,1.0,outcome
7,truthful,mean,alibi_off,false_ejection_rate,2,0.0,outcome
7,truthful,mean,alibi_off,coalition_favorable_rate,2,0.0,outcome
7,truthful,mean,alibi_off,creator_ejection_rate,2,0.916,outcome
7,truthful,mean,alibi_off,creator_survival,2,0.084,outcome
7,truthful,mean,alibi_off,no_ejection_rate,2,0.0,outcome
7,truthful,mean,alibi_off,incident_rate,2,1.0,outcome
7,truthful,mean,catch_outside,false_ejection_rate,2,0.0,outcome
7,truthful,mean,catch_outside,coalition_favorable_rate,2,0.0,outcome
7,truthful,mean,catch_outside,creator_ejection_rate,2,0.916,outcome
7,truthful,mean,catch_outside,creator_survival,2,0.084,outcome
7,truthful,mean,catch_outside,no_ejection_rate,2,0.0,outcome
7,truthful,mean,catch_outside,incident_rate,2,1.0,outcome
7,truthful,soft_credibility,baseline,false_ejection_rate,2,0.0,outcome
7,truthful,soft_credibility,baseline,coalition_favorable_rate,2,0.0,outcome
7,truthful,soft_credibility,baseline,creator_ejection_rate,2,0.916,outcome
7,truthful,soft_credibility,baseline,creator_survival,2,0.084,outcome
7,truthful,soft_credibility,baseline,no_ejection_rate,2,0.0,outcome
7,truthful,soft_credibility,baseline,incident_rate,2,1.0,outcome
7,truthful,soft_credibility,baseline,n_speakers,2,8.0,voter
7,truthful,soft_credibility,baseline,coalition_share,2,0.25,voter
7,truthful,soft_credibility,baseline,coalition_weight_soft,2,0.25,voter
7,truthful,soft_credibility,baseline,weight_minus_share,2,0.0,voter
7,truthful,soft_credibility,baseline,cred_coalition,2,7.0,voter
7,truthful,soft_credibility,baseline,cred_honest,2,7.0,voter
7,truthful,soft_credibility,baseline,uninformative_share,2,0.0,voter
7,truthful,soft_credibility,baseline,weight_on_uninformative,2,0.0,voter
7,truthful,soft_credibility,baseline,coalition_caught,2,0.0,voter
7,truthful,soft_credibility,baseline,argmax_differs,2,0.0,voter
7,truthful,soft_credibility,baseline,mean_top_is_coalition,2,1.0,voter
7,truthful,soft_credibility,baseline,soft_top_is_coalition,2,1.0,voter
7,truthful,soft_credibility,baseline,mean_skips,2,0.0,voter
7,truthful,soft_credibility,baseline,soft_skips,2,0.0,voter
7,truthful,soft_credibility,alibi_off,false_ejection_rate,2,0.0,outcome
7,truthful,soft_credibility,alibi_off,coalition_favorable_rate,2,0.0,outcome
7,truthful,soft_credibility,alibi_off,creator_ejection_rate,2,0.916,outcome
7,truthful,soft_credibility,alibi_off,creator_survival,2,0.084,outcome
7,truthful,soft_credibility,alibi_off,no_ejection_rate,2,0.0,outcome
7,truthful,soft_credibility,alibi_off,incident_rate,2,1.0,outcome
7,truthful,soft_credibility,catch_outside,false_ejection_rate,2,0.0,outcome
7,truthful,soft_credibility,catch_outside,coalition_favorable_rate,2,0.0,outcome
7,truthful,soft_credibility,catch_outside,creator_ejection_rate,2,0.916,outcome
7,truthful,soft_credibility,catch_outside,creator_survival,2,0.084,outcome
7,truthful,soft_credibility,catch_outside,no_ejection_rate,2,0.0,outcome
7,truthful,soft_credibility,catch_outside,incident_rate,2,1.0,outcome
7,truthful,sharp_credibility,baseline,false_ejection_rate,2,0.0,outcome
7,truthful,sharp_credibility,baseline,coalition_favorable_rate,2,0.0,outcome
7,truthful,sharp_credibility,baseline,creator_ejection_rate,2,0.916,outcome
7,truthful,sharp_credibility,baseline,creator_survival,2,0.084,outcome
7,truthful,sharp_credibility,baseline,no_ejection_rate,2,0.0,outcome
7,truthful,sharp_credibility,baseline,incident_rate,2,1.0,outcome
7,truthful,sharp_credibility,alibi_off,false_ejection_rate,2,0.0,outcome
7,truthful,sharp_credibility,alibi_off,coalition_favorable_rate,2,0.0,outcome
7,truthful,sharp_credibility,alibi_off,creator_ejection_rate,2,0.916,outcome
7,truthful,sharp_credibility,alibi_off,creator_survival,2,0.084,outcome
7,truthful,sharp_credibility,alibi_off,no_ejection_rate,2,0.0,outcome
7,truthful,sharp_credibility,alibi_off,incident_rate,2,1.0,outcome
7,truthful,sharp_credibility,catch_outside,false_ejection_rate,2,0.0,outcome
7,truthful,sharp_credibility,catch_outside,coalition_favorable_rate,2,0.0,outcome
7,truthful,sharp_credibility,catch_outside,creator_ejection_rate,2,0.916,outcome
7,truthful,sharp_credibility,catch_outside,creator_survival,2,0.084,outcome
7,truthful,sharp_credibility,catch_outside,no_ejection_rate,2,0.0,outcome
7,truthful,sharp_credibility,catch_outside,incident_rate,2,1.0,outcome
7,lone_liar,mean,baseline,false_ejection_rate,2,0.086,outcome
7,lone_liar,mean,baseline,coalition_favorable_rate,2,0.148,outcome
7,lone_liar,mean,baseline,creator_ejection_rate,2,0.78,outcome
7,lone_liar,mean,baseline,creator_survival,2,0.22,outcome
7,lone_liar,mean,baseline,no_ejection_rate,2,0.062,outcome
7,lone_liar,mean,baseline,incident_rate,2,1.0,outcome
7,lone_liar,mean,alibi_off,false_ejection_rate,2,0.142,outcome
7,lone_liar,mean,alibi_off,coalition_favorable_rate,2,0.194,outcome
7,lone_liar,mean,alibi_off,creator_ejection_rate,2,0.74,outcome
7,lone_liar,mean,alibi_off,creator_survival,2,0.26,outcome
7,lone_liar,mean,alibi_off,no_ejection_rate,2,0.052,outcome
7,lone_liar,mean,alibi_off,incident_rate,2,1.0,outcome
7,lone_liar,mean,catch_outside,false_ejection_rate,2,0.086,outcome
7,lone_liar,mean,catch_outside,coalition_favorable_rate,2,0.148,outcome
7,lone_liar,mean,catch_outside,creator_ejection_rate,2,0.78,outcome
7,lone_liar,mean,catch_outside,creator_survival,2,0.22,outcome
7,lone_liar,mean,catch_outside,no_ejection_rate,2,0.062,outcome
7,lone_liar,mean,catch_outside,incident_rate,2,1.0,outcome
7,lone_liar,soft_credibility,baseline,false_ejection_rate,2,0.12,outcome
7,lone_liar,soft_credibility,baseline,coalition_favorable_rate,2,0.148,outcome
7,lone_liar,soft_credibility,baseline,creator_ejection_rate,2,0.658,outcome
7,lone_liar,soft_credibility,baseline,creator_survival,2,0.342,outcome
7,lone_liar,soft_credibility,baseline,no_ejection_rate,2,0.028,outcome
7,lone_liar,soft_credibility,baseline,incident_rate,2,1.0,outcome
7,lone_liar,soft_credibility,baseline,n_speakers,2,8.0,voter
7,lone_liar,soft_credibility,baseline,coalition_share,2,0.25,voter
7,lone_liar,soft_credibility,baseline,coalition_weight_soft,2,0.18691340719230523,voter
7,lone_liar,soft_credibility,baseline,weight_minus_share,2,-0.06308659280769477,voter
7,lone_liar,soft_credibility,baseline,cred_coalition,2,4.085833333333333,voter
7,lone_liar,soft_credibility,baseline,cred_honest,2,6.991,voter
7,lone_liar,soft_credibility,baseline,uninformative_share,2,0.0,voter
7,lone_liar,soft_credibility,baseline,weight_on_uninformative,2,0.0,voter
7,lone_liar,soft_credibility,baseline,coalition_caught,2,0.5796666666666667,voter
7,lone_liar,soft_credibility,baseline,argmax_differs,2,0.014333333333333333,voter
7,lone_liar,soft_credibility,baseline,mean_top_is_coalition,2,0.9033333333333333,voter
7,lone_liar,soft_credibility,baseline,soft_top_is_coalition,2,0.8896666666666667,voter
7,lone_liar,soft_credibility,baseline,mean_skips,2,0.0,voter
7,lone_liar,soft_credibility,baseline,soft_skips,2,0.0,voter
7,lone_liar,soft_credibility,alibi_off,false_ejection_rate,2,0.178,outcome
7,lone_liar,soft_credibility,alibi_off,coalition_favorable_rate,2,0.194,outcome
7,lone_liar,soft_credibility,alibi_off,creator_ejection_rate,2,0.622,outcome
7,lone_liar,soft_credibility,alibi_off,creator_survival,2,0.378,outcome
7,lone_liar,soft_credibility,alibi_off,no_ejection_rate,2,0.016,outcome
7,lone_liar,soft_credibility,alibi_off,incident_rate,2,1.0,outcome
7,lone_liar,soft_credibility,catch_outside,false_ejection_rate,2,0.086,outcome
7,lone_liar,soft_credibility,catch_outside,coalition_favorable_rate,2,0.146,outcome
7,lone_liar,soft_credibility,catch_outside,creator_ejection_rate,2,0.78,outcome
7,lone_liar,soft_credibility,catch_outside,creator_survival,2,0.22,outcome
7,lone_liar,soft_credibility,catch_outside,no_ejection_rate,2,0.06,outcome
7,lone_liar,soft_credibility,catch_outside,incident_rate,2,1.0,outcome
7,lone_liar,sharp_credibility,baseline,false_ejection_rate,2,0.266,outcome
7,lone_liar,sharp_credibility,baseline,coalition_favorable_rate,2,0.298,outcome
7,lone_liar,sharp_credibility,baseline,creator_ejection_rate,2,0.484,outcome
7,lone_liar,sharp_credibility,baseline,creator_survival,2,0.516,outcome
7,lone_liar,sharp_credibility,baseline,no_ejection_rate,2,0.032,outcome
7,lone_liar,sharp_credibility,baseline,incident_rate,2,1.0,outcome
7,lone_liar,sharp_credibility,alibi_off,false_ejection_rate,2,0.344,outcome
7,lone_liar,sharp_credibility,alibi_off,coalition_favorable_rate,2,0.388,outcome
7,lone_liar,sharp_credibility,alibi_off,creator_ejection_rate,2,0.406,outcome
7,lone_liar,sharp_credibility,alibi_off,creator_survival,2,0.594,outcome
7,lone_liar,sharp_credibility,alibi_off,no_ejection_rate,2,0.044,outcome
7,lone_liar,sharp_credibility,alibi_off,incident_rate,2,1.0,outcome
7,lone_liar,sharp_credibility,catch_outside,false_ejection_rate,2,0.086,outcome
7,lone_liar,sharp_credibility,catch_outside,coalition_favorable_rate,2,0.146,outcome
7,lone_liar,sharp_credibility,catch_outside,creator_ejection_rate,2,0.78,outcome
7,lone_liar,sharp_credibility,catch_outside,creator_survival,2,0.22,outcome
7,lone_liar,sharp_credibility,catch_outside,no_ejection_rate,2,0.06,outcome
7,lone_liar,sharp_credibility,catch_outside,incident_rate,2,1.0,outcome
7,alibi,mean,baseline,false_ejection_rate,2,0.208,outcome
7,alibi,mean,baseline,coalition_favorable_rate,2,0.384,outcome
7,alibi,mean,baseline,creator_ejection_rate,2,0.546,outcome
7,alibi,mean,baseline,creator_survival,2,0.454,outcome
7,alibi,mean,baseline,no_ejection_rate,2,0.176,outcome
7,alibi,mean,baseline,incident_rate,2,1.0,outcome
7,alibi,mean,alibi_off,false_ejection_rate,2,0.192,outcome
7,alibi,mean,alibi_off,coalition_favorable_rate,2,0.238,outcome
7,alibi,mean,alibi_off,creator_ejection_rate,2,0.712,outcome
7,alibi,mean,alibi_off,creator_survival,2,0.288,outcome
7,alibi,mean,alibi_off,no_ejection_rate,2,0.046,outcome
7,alibi,mean,alibi_off,incident_rate,2,1.0,outcome
7,alibi,mean,catch_outside,false_ejection_rate,2,0.208,outcome
7,alibi,mean,catch_outside,coalition_favorable_rate,2,0.384,outcome
7,alibi,mean,catch_outside,creator_ejection_rate,2,0.546,outcome
7,alibi,mean,catch_outside,creator_survival,2,0.454,outcome
7,alibi,mean,catch_outside,no_ejection_rate,2,0.176,outcome
7,alibi,mean,catch_outside,incident_rate,2,1.0,outcome
7,alibi,soft_credibility,baseline,false_ejection_rate,2,0.358,outcome
7,alibi,soft_credibility,baseline,coalition_favorable_rate,2,0.52,outcome
7,alibi,soft_credibility,baseline,creator_ejection_rate,2,0.338,outcome
7,alibi,soft_credibility,baseline,creator_survival,2,0.662,outcome
7,alibi,soft_credibility,baseline,no_ejection_rate,2,0.162,outcome
7,alibi,soft_credibility,baseline,incident_rate,2,1.0,outcome
7,alibi,soft_credibility,baseline,n_speakers,2,8.0,voter
7,alibi,soft_credibility,baseline,coalition_share,2,0.25,voter
7,alibi,soft_credibility,baseline,coalition_weight_soft,2,0.09701757310106916,voter
7,alibi,soft_credibility,baseline,weight_minus_share,2,-0.15298242689893085,voter
7,alibi,soft_credibility,baseline,cred_coalition,2,1.5418333333333334,voter
7,alibi,soft_credibility,baseline,cred_honest,2,6.968,voter
7,alibi,soft_credibility,baseline,uninformative_share,2,0.0,voter
7,alibi,soft_credibility,baseline,weight_on_uninformative,2,0.0,voter
7,alibi,soft_credibility,baseline,coalition_caught,2,0.6486666666666666,voter
7,alibi,soft_credibility,baseline,argmax_differs,2,0.065,voter
7,alibi,soft_credibility,baseline,mean_top_is_coalition,2,0.5913333333333334,voter
7,alibi,soft_credibility,baseline,soft_top_is_coalition,2,0.538,voter
7,alibi,soft_credibility,baseline,mean_skips,2,0.0,voter
7,alibi,soft_credibility,baseline,soft_skips,2,0.028666666666666667,voter
7,alibi,soft_credibility,alibi_off,false_ejection_rate,2,0.214,outcome
7,alibi,soft_credibility,alibi_off,coalition_favorable_rate,2,0.252,outcome
7,alibi,soft_credibility,alibi_off,creator_ejection_rate,2,0.692,outcome
7,alibi,soft_credibility,alibi_off,creator_survival,2,0.308,outcome
7,alibi,soft_credibility,alibi_off,no_ejection_rate,2,0.038,outcome
7,alibi,soft_credibility,alibi_off,incident_rate,2,1.0,outcome
7,alibi,soft_credibility,catch_outside,false_ejection_rate,2,0.19,outcome
7,alibi,soft_credibility,catch_outside,coalition_favorable_rate,2,0.358,outcome
7,alibi,soft_credibility,catch_outside,creator_ejection_rate,2,0.572,outcome
7,alibi,soft_credibility,catch_outside,creator_survival,2,0.428,outcome
7,alibi,soft_credibility,catch_outside,no_ejection_rate,2,0.168,outcome
7,alibi,soft_credibility,catch_outside,incident_rate,2,1.0,outcome
7,alibi,sharp_credibility,baseline,false_ejection_rate,2,0.414,outcome
7,alibi,sharp_credibility,baseline,coalition_favorable_rate,2,0.548,outcome
7,alibi,sharp_credibility,baseline,creator_ejection_rate,2,0.328,outcome
7,alibi,sharp_credibility,baseline,creator_survival,2,0.672,outcome
7,alibi,sharp_credibility,baseline,no_ejection_rate,2,0.134,outcome
7,alibi,sharp_credibility,baseline,incident_rate,2,1.0,outcome
7,alibi,sharp_credibility,alibi_off,false_ejection_rate,2,0.396,outcome
7,alibi,sharp_credibility,alibi_off,coalition_favorable_rate,2,0.468,outcome
7,alibi,sharp_credibility,alibi_off,creator_ejection_rate,2,0.49,outcome
7,alibi,sharp_credibility,alibi_off,creator_survival,2,0.51,outcome
7,alibi,sharp_credibility,alibi_off,no_ejection_rate,2,0.072,outcome
7,alibi,sharp_credibility,alibi_off,incident_rate,2,1.0,outcome
7,alibi,sharp_credibility,catch_outside,false_ejection_rate,2,0.174,outcome
7,alibi,sharp_credibility,catch_outside,coalition_favorable_rate,2,0.32,outcome
7,alibi,sharp_credibility,catch_outside,creator_ejection_rate,2,0.614,outcome
7,alibi,sharp_credibility,catch_outside,creator_survival,2,0.386,outcome
7,alibi,sharp_credibility,catch_outside,no_ejection_rate,2,0.146,outcome
7,alibi,sharp_credibility,catch_outside,incident_rate,2,1.0,outcome
7,framer,mean,baseline,false_ejection_rate,2,0.254,outcome
7,framer,mean,baseline,coalition_favorable_rate,2,0.308,outcome
7,framer,mean,baseline,creator_ejection_rate,2,0.588,outcome
7,framer,mean,baseline,creator_survival,2,0.412,outcome
7,framer,mean,baseline,no_ejection_rate,2,0.054,outcome
7,framer,mean,baseline,incident_rate,2,1.0,outcome
7,framer,mean,alibi_off,false_ejection_rate,2,0.446,outcome
7,framer,mean,alibi_off,coalition_favorable_rate,2,0.606,outcome
7,framer,mean,alibi_off,creator_ejection_rate,2,0.328,outcome
7,framer,mean,alibi_off,creator_survival,2,0.672,outcome
7,framer,mean,alibi_off,no_ejection_rate,2,0.16,outcome
7,framer,mean,alibi_off,incident_rate,2,1.0,outcome
7,framer,mean,catch_outside,false_ejection_rate,2,0.254,outcome
7,framer,mean,catch_outside,coalition_favorable_rate,2,0.308,outcome
7,framer,mean,catch_outside,creator_ejection_rate,2,0.588,outcome
7,framer,mean,catch_outside,creator_survival,2,0.412,outcome
7,framer,mean,catch_outside,no_ejection_rate,2,0.054,outcome
7,framer,mean,catch_outside,incident_rate,2,1.0,outcome
7,framer,soft_credibility,baseline,false_ejection_rate,2,0.254,outcome
7,framer,soft_credibility,baseline,coalition_favorable_rate,2,0.304,outcome
7,framer,soft_credibility,baseline,creator_ejection_rate,2,0.602,outcome
7,framer,soft_credibility,baseline,creator_survival,2,0.398,outcome
7,framer,soft_credibility,baseline,no_ejection_rate,2,0.05,outcome
7,framer,soft_credibility,baseline,incident_rate,2,1.0,outcome
7,framer,soft_credibility,baseline,n_speakers,2,8.0,voter
7,framer,soft_credibility,baseline,coalition_share,2,0.25,voter
7,framer,soft_credibility,baseline,coalition_weight_soft,2,0.06199734181136544,voter
7,framer,soft_credibility,baseline,weight_minus_share,2,-0.18800265818863454,voter
7,framer,soft_credibility,baseline,cred_coalition,2,0.2975,voter
7,framer,soft_credibility,baseline,cred_honest,2,6.408333333333333,voter
7,framer,soft_credibility,baseline,uninformative_share,2,0.0,voter
7,framer,soft_credibility,baseline,weight_on_uninformative,2,0.0,voter
7,framer,soft_credibility,baseline,coalition_caught,2,0.6896666666666667,voter
7,framer,soft_credibility,baseline,argmax_differs,2,0.012,voter
7,framer,soft_credibility,baseline,mean_top_is_coalition,2,0.8096666666666666,voter
7,framer,soft_credibility,baseline,soft_top_is_coalition,2,0.807,voter
7,framer,soft_credibility,baseline,mean_skips,2,0.0,voter
7,framer,soft_credibility,baseline,soft_skips,2,0.0,voter
7,framer,soft_credibility,alibi_off,false_ejection_rate,2,0.372,outcome
7,framer,soft_credibility,alibi_off,coalition_favorable_rate,2,0.47,outcome
7,framer,soft_credibility,alibi_off,creator_ejection_rate,2,0.45,outcome
7,framer,soft_credibility,alibi_off,creator_survival,2,0.55,outcome
7,framer,soft_credibility,alibi_off,no_ejection_rate,2,0.098,outcome
7,framer,soft_credibility,alibi_off,incident_rate,2,1.0,outcome
7,framer,soft_credibility,catch_outside,false_ejection_rate,2,0.254,outcome
7,framer,soft_credibility,catch_outside,coalition_favorable_rate,2,0.304,outcome
7,framer,soft_credibility,catch_outside,creator_ejection_rate,2,0.596,outcome
7,framer,soft_credibility,catch_outside,creator_survival,2,0.404,outcome
7,framer,soft_credibility,catch_outside,no_ejection_rate,2,0.05,outcome
7,framer,soft_credibility,catch_outside,incident_rate,2,1.0,outcome
7,framer,sharp_credibility,baseline,false_ejection_rate,2,0.302,outcome
7,framer,sharp_credibility,baseline,coalition_favorable_rate,2,0.342,outcome
7,framer,sharp_credibility,baseline,creator_ejection_rate,2,0.566,outcome
7,framer,sharp_credibility,baseline,creator_survival,2,0.434,outcome
7,framer,sharp_credibility,baseline,no_ejection_rate,2,0.04,outcome
7,framer,sharp_credibility,baseline,incident_rate,2,1.0,outcome
7,framer,sharp_credibility,alibi_off,false_ejection_rate,2,0.376,outcome
7,framer,sharp_credibility,alibi_off,coalition_favorable_rate,2,0.472,outcome
7,framer,sharp_credibility,alibi_off,creator_ejection_rate,2,0.438,outcome
7,framer,sharp_credibility,alibi_off,creator_survival,2,0.562,outcome
7,framer,sharp_credibility,alibi_off,no_ejection_rate,2,0.096,outcome
7,framer,sharp_credibility,alibi_off,incident_rate,2,1.0,outcome
7,framer,sharp_credibility,catch_outside,false_ejection_rate,2,0.224,outcome
7,framer,sharp_credibility,catch_outside,coalition_favorable_rate,2,0.256,outcome
7,framer,sharp_credibility,catch_outside,creator_ejection_rate,2,0.634,outcome
7,framer,sharp_credibility,catch_outside,creator_survival,2,0.366,outcome
7,framer,sharp_credibility,catch_outside,no_ejection_rate,2,0.032,outcome
7,framer,sharp_credibility,catch_outside,incident_rate,2,1.0,outcome
7,truthful,mean,baseline,false_ejection_rate,3,0.0,outcome
7,truthful,mean,baseline,coalition_favorable_rate,3,0.0,outcome
7,truthful,mean,baseline,creator_ejection_rate,3,0.922,outcome
7,truthful,mean,baseline,creator_survival,3,0.078,outcome
7,truthful,mean,baseline,no_ejection_rate,3,0.0,outcome
7,truthful,mean,baseline,incident_rate,3,1.0,outcome
7,truthful,mean,alibi_off,false_ejection_rate,3,0.0,outcome
7,truthful,mean,alibi_off,coalition_favorable_rate,3,0.0,outcome
7,truthful,mean,alibi_off,creator_ejection_rate,3,0.922,outcome
7,truthful,mean,alibi_off,creator_survival,3,0.078,outcome
7,truthful,mean,alibi_off,no_ejection_rate,3,0.0,outcome
7,truthful,mean,alibi_off,incident_rate,3,1.0,outcome
7,truthful,mean,catch_outside,false_ejection_rate,3,0.0,outcome
7,truthful,mean,catch_outside,coalition_favorable_rate,3,0.0,outcome
7,truthful,mean,catch_outside,creator_ejection_rate,3,0.922,outcome
7,truthful,mean,catch_outside,creator_survival,3,0.078,outcome
7,truthful,mean,catch_outside,no_ejection_rate,3,0.0,outcome
7,truthful,mean,catch_outside,incident_rate,3,1.0,outcome
7,truthful,soft_credibility,baseline,false_ejection_rate,3,0.0,outcome
7,truthful,soft_credibility,baseline,coalition_favorable_rate,3,0.0,outcome
7,truthful,soft_credibility,baseline,creator_ejection_rate,3,0.922,outcome
7,truthful,soft_credibility,baseline,creator_survival,3,0.078,outcome
7,truthful,soft_credibility,baseline,no_ejection_rate,3,0.0,outcome
7,truthful,soft_credibility,baseline,incident_rate,3,1.0,outcome
7,truthful,soft_credibility,baseline,n_speakers,3,8.0,voter
7,truthful,soft_credibility,baseline,coalition_share,3,0.25,voter
7,truthful,soft_credibility,baseline,coalition_weight_soft,3,0.25,voter
7,truthful,soft_credibility,baseline,weight_minus_share,3,0.0,voter
7,truthful,soft_credibility,baseline,cred_coalition,3,7.0,voter
7,truthful,soft_credibility,baseline,cred_honest,3,7.0,voter
7,truthful,soft_credibility,baseline,uninformative_share,3,0.0,voter
7,truthful,soft_credibility,baseline,weight_on_uninformative,3,0.0,voter
7,truthful,soft_credibility,baseline,coalition_caught,3,0.0,voter
7,truthful,soft_credibility,baseline,argmax_differs,3,0.0,voter
7,truthful,soft_credibility,baseline,mean_top_is_coalition,3,1.0,voter
7,truthful,soft_credibility,baseline,soft_top_is_coalition,3,1.0,voter
7,truthful,soft_credibility,baseline,mean_skips,3,0.0,voter
7,truthful,soft_credibility,baseline,soft_skips,3,0.0,voter
7,truthful,soft_credibility,alibi_off,false_ejection_rate,3,0.0,outcome
7,truthful,soft_credibility,alibi_off,coalition_favorable_rate,3,0.0,outcome
7,truthful,soft_credibility,alibi_off,creator_ejection_rate,3,0.922,outcome
7,truthful,soft_credibility,alibi_off,creator_survival,3,0.078,outcome
7,truthful,soft_credibility,alibi_off,no_ejection_rate,3,0.0,outcome
7,truthful,soft_credibility,alibi_off,incident_rate,3,1.0,outcome
7,truthful,soft_credibility,catch_outside,false_ejection_rate,3,0.0,outcome
7,truthful,soft_credibility,catch_outside,coalition_favorable_rate,3,0.0,outcome
7,truthful,soft_credibility,catch_outside,creator_ejection_rate,3,0.922,outcome
7,truthful,soft_credibility,catch_outside,creator_survival,3,0.078,outcome
7,truthful,soft_credibility,catch_outside,no_ejection_rate,3,0.0,outcome
7,truthful,soft_credibility,catch_outside,incident_rate,3,1.0,outcome
7,truthful,sharp_credibility,baseline,false_ejection_rate,3,0.0,outcome
7,truthful,sharp_credibility,baseline,coalition_favorable_rate,3,0.0,outcome
7,truthful,sharp_credibility,baseline,creator_ejection_rate,3,0.922,outcome
7,truthful,sharp_credibility,baseline,creator_survival,3,0.078,outcome
7,truthful,sharp_credibility,baseline,no_ejection_rate,3,0.0,outcome
7,truthful,sharp_credibility,baseline,incident_rate,3,1.0,outcome
7,truthful,sharp_credibility,alibi_off,false_ejection_rate,3,0.0,outcome
7,truthful,sharp_credibility,alibi_off,coalition_favorable_rate,3,0.0,outcome
7,truthful,sharp_credibility,alibi_off,creator_ejection_rate,3,0.922,outcome
7,truthful,sharp_credibility,alibi_off,creator_survival,3,0.078,outcome
7,truthful,sharp_credibility,alibi_off,no_ejection_rate,3,0.0,outcome
7,truthful,sharp_credibility,alibi_off,incident_rate,3,1.0,outcome
7,truthful,sharp_credibility,catch_outside,false_ejection_rate,3,0.0,outcome
7,truthful,sharp_credibility,catch_outside,coalition_favorable_rate,3,0.0,outcome
7,truthful,sharp_credibility,catch_outside,creator_ejection_rate,3,0.922,outcome
7,truthful,sharp_credibility,catch_outside,creator_survival,3,0.078,outcome
7,truthful,sharp_credibility,catch_outside,no_ejection_rate,3,0.0,outcome
7,truthful,sharp_credibility,catch_outside,incident_rate,3,1.0,outcome
7,lone_liar,mean,baseline,false_ejection_rate,3,0.112,outcome
7,lone_liar,mean,baseline,coalition_favorable_rate,3,0.158,outcome
7,lone_liar,mean,baseline,creator_ejection_rate,3,0.788,outcome
7,lone_liar,mean,baseline,creator_survival,3,0.212,outcome
7,lone_liar,mean,baseline,no_ejection_rate,3,0.046,outcome
7,lone_liar,mean,baseline,incident_rate,3,1.0,outcome
7,lone_liar,mean,alibi_off,false_ejection_rate,3,0.158,outcome
7,lone_liar,mean,alibi_off,coalition_favorable_rate,3,0.206,outcome
7,lone_liar,mean,alibi_off,creator_ejection_rate,3,0.744,outcome
7,lone_liar,mean,alibi_off,creator_survival,3,0.256,outcome
7,lone_liar,mean,alibi_off,no_ejection_rate,3,0.048,outcome
7,lone_liar,mean,alibi_off,incident_rate,3,1.0,outcome
7,lone_liar,mean,catch_outside,false_ejection_rate,3,0.112,outcome
7,lone_liar,mean,catch_outside,coalition_favorable_rate,3,0.158,outcome
7,lone_liar,mean,catch_outside,creator_ejection_rate,3,0.788,outcome
7,lone_liar,mean,catch_outside,creator_survival,3,0.212,outcome
7,lone_liar,mean,catch_outside,no_ejection_rate,3,0.046,outcome
7,lone_liar,mean,catch_outside,incident_rate,3,1.0,outcome
7,lone_liar,soft_credibility,baseline,false_ejection_rate,3,0.16,outcome
7,lone_liar,soft_credibility,baseline,coalition_favorable_rate,3,0.174,outcome
7,lone_liar,soft_credibility,baseline,creator_ejection_rate,3,0.66,outcome
7,lone_liar,soft_credibility,baseline,creator_survival,3,0.34,outcome
7,lone_liar,soft_credibility,baseline,no_ejection_rate,3,0.014,outcome
7,lone_liar,soft_credibility,baseline,incident_rate,3,1.0,outcome
7,lone_liar,soft_credibility,baseline,n_speakers,3,8.0,voter
7,lone_liar,soft_credibility,baseline,coalition_share,3,0.25,voter
7,lone_liar,soft_credibility,baseline,coalition_weight_soft,3,0.1844358917291592,voter
7,lone_liar,soft_credibility,baseline,weight_minus_share,3,-0.06556410827084083,voter
7,lone_liar,soft_credibility,baseline,cred_coalition,3,4.009,voter
7,lone_liar,soft_credibility,baseline,cred_honest,3,6.987333333333333,voter
7,lone_liar,soft_credibility,baseline,uninformative_share,3,0.0,voter
7,lone_liar,soft_credibility,baseline,weight_on_uninformative,3,0.0,voter
7,lone_liar,soft_credibility,baseline,coalition_caught,3,0.592,voter
7,lone_liar,soft_credibility,baseline,argmax_differs,3,0.013333333333333334,voter
7,lone_liar,soft_credibility,baseline,mean_top_is_coalition,3,0.8786666666666667,voter
7,lone_liar,soft_credibility,baseline,soft_top_is_coalition,3,0.8653333333333333,voter
7,lone_liar,soft_credibility,baseline,mean_skips,3,0.0,voter
7,lone_liar,soft_credibility,baseline,soft_skips,3,0.0,voter
7,lone_liar,soft_credibility,alibi_off,false_ejection_rate,3,0.2,outcome
7,lone_liar,soft_credibility,alibi_off,coalition_favorable_rate,3,0.212,outcome
7,lone_liar,soft_credibility,alibi_off,creator_ejection_rate,3,0.624,outcome
7,lone_liar,soft_credibility,alibi_off,creator_survival,3,0.376,outcome
7,lone_liar,soft_credibility,alibi_off,no_ejection_rate,3,0.012,outcome
7,lone_liar,soft_credibility,alibi_off,incident_rate,3,1.0,outcome
7,lone_liar,soft_credibility,catch_outside,false_ejection_rate,3,0.11,outcome
7,lone_liar,soft_credibility,catch_outside,coalition_favorable_rate,3,0.148,outcome
7,lone_liar,soft_credibility,catch_outside,creator_ejection_rate,3,0.79,outcome
7,lone_liar,soft_credibility,catch_outside,creator_survival,3,0.21,outcome
7,lone_liar,soft_credibility,catch_outside,no_ejection_rate,3,0.038,outcome
7,lone_liar,soft_credibility,catch_outside,incident_rate,3,1.0,outcome
7,lone_liar,sharp_credibility,baseline,false_ejection_rate,3,0.32,outcome
7,lone_liar,sharp_credibility,baseline,coalition_favorable_rate,3,0.332,outcome
7,lone_liar,sharp_credibility,baseline,creator_ejection_rate,3,0.474,outcome
7,lone_liar,sharp_credibility,baseline,creator_survival,3,0.526,outcome
7,lone_liar,sharp_credibility,baseline,no_ejection_rate,3,0.012,outcome
7,lone_liar,sharp_credibility,baseline,incident_rate,3,1.0,outcome
7,lone_liar,sharp_credibility,alibi_off,false_ejection_rate,3,0.388,outcome
7,lone_liar,sharp_credibility,alibi_off,coalition_favorable_rate,3,0.42,outcome
7,lone_liar,sharp_credibility,alibi_off,creator_ejection_rate,3,0.392,outcome
7,lone_liar,sharp_credibility,alibi_off,creator_survival,3,0.608,outcome
7,lone_liar,sharp_credibility,alibi_off,no_ejection_rate,3,0.032,outcome
7,lone_liar,sharp_credibility,alibi_off,incident_rate,3,1.0,outcome
7,lone_liar,sharp_credibility,catch_outside,false_ejection_rate,3,0.11,outcome
7,lone_liar,sharp_credibility,catch_outside,coalition_favorable_rate,3,0.148,outcome
7,lone_liar,sharp_credibility,catch_outside,creator_ejection_rate,3,0.79,outcome
7,lone_liar,sharp_credibility,catch_outside,creator_survival,3,0.21,outcome
7,lone_liar,sharp_credibility,catch_outside,no_ejection_rate,3,0.038,outcome
7,lone_liar,sharp_credibility,catch_outside,incident_rate,3,1.0,outcome
7,alibi,mean,baseline,false_ejection_rate,3,0.174,outcome
7,alibi,mean,baseline,coalition_favorable_rate,3,0.346,outcome
7,alibi,mean,baseline,creator_ejection_rate,3,0.572,outcome
7,alibi,mean,baseline,creator_survival,3,0.428,outcome
7,alibi,mean,baseline,no_ejection_rate,3,0.172,outcome
7,alibi,mean,baseline,incident_rate,3,1.0,outcome
7,alibi,mean,alibi_off,false_ejection_rate,3,0.158,outcome
7,alibi,mean,alibi_off,coalition_favorable_rate,3,0.202,outcome
7,alibi,mean,alibi_off,creator_ejection_rate,3,0.724,outcome
7,alibi,mean,alibi_off,creator_survival,3,0.276,outcome
7,alibi,mean,alibi_off,no_ejection_rate,3,0.044,outcome
7,alibi,mean,alibi_off,incident_rate,3,1.0,outcome
7,alibi,mean,catch_outside,false_ejection_rate,3,0.174,outcome
7,alibi,mean,catch_outside,coalition_favorable_rate,3,0.346,outcome
7,alibi,mean,catch_outside,creator_ejection_rate,3,0.57,outcome
7,alibi,mean,catch_outside,creator_survival,3,0.43,outcome
7,alibi,mean,catch_outside,no_ejection_rate,3,0.172,outcome
7,alibi,mean,catch_outside,incident_rate,3,1.0,outcome
7,alibi,soft_credibility,baseline,false_ejection_rate,3,0.326,outcome
7,alibi,soft_credibility,baseline,coalition_favorable_rate,3,0.49,outcome
7,alibi,soft_credibility,baseline,creator_ejection_rate,3,0.358,outcome
7,alibi,soft_credibility,baseline,creator_survival,3,0.642,outcome
7,alibi,soft_credibility,baseline,no_ejection_rate,3,0.164,outcome
7,alibi,soft_credibility,baseline,incident_rate,3,1.0,outcome
7,alibi,soft_credibility,baseline,n_speakers,3,8.0,voter
7,alibi,soft_credibility,baseline,coalition_share,3,0.25,voter
7,alibi,soft_credibility,baseline,coalition_weight_soft,3,0.09333940054778755,voter
7,alibi,soft_credibility,baseline,weight_minus_share,3,-0.15666059945221245,voter
7,alibi,soft_credibility,baseline,cred_coalition,3,1.3215,voter
7,alibi,soft_credibility,baseline,cred_honest,3,6.974333333333333,voter
7,alibi,soft_credibility,baseline,uninformative_share,3,0.0,voter
7,alibi,soft_credibility,baseline,weight_on_uninformative,3,0.0,voter
7,alibi,soft_credibility,baseline,coalition_caught,3,0.6716666666666666,voter
7,alibi,soft_credibility,baseline,argmax_differs,3,0.07,voter
7,alibi,soft_credibility,baseline,mean_top_is_coalition,3,0.6203333333333333,voter
7,alibi,soft_credibility,baseline,soft_top_is_coalition,3,0.559,voter
7,alibi,soft_credibility,baseline,mean_skips,3,0.0,voter
7,alibi,soft_credibility,baseline,soft_skips,3,0.029,voter
7,alibi,soft_credibility,alibi_off,false_ejection_rate,3,0.2,outcome
7,alibi,soft_credibility,alibi_off,coalition_favorable_rate,3,0.246,outcome
7,alibi,soft_credibility,alibi_off,creator_ejection_rate,3,0.69,outcome
7,alibi,soft_credibility,alibi_off,creator_survival,3,0.31,outcome
7,alibi,soft_credibility,alibi_off,no_ejection_rate,3,0.046,outcome
7,alibi,soft_credibility,alibi_off,incident_rate,3,1.0,outcome
7,alibi,soft_credibility,catch_outside,false_ejection_rate,3,0.156,outcome
7,alibi,soft_credibility,catch_outside,coalition_favorable_rate,3,0.314,outcome
7,alibi,soft_credibility,catch_outside,creator_ejection_rate,3,0.606,outcome
7,alibi,soft_credibility,catch_outside,creator_survival,3,0.394,outcome
7,alibi,soft_credibility,catch_outside,no_ejection_rate,3,0.158,outcome
7,alibi,soft_credibility,catch_outside,incident_rate,3,1.0,outcome
7,alibi,sharp_credibility,baseline,false_ejection_rate,3,0.41,outcome
7,alibi,sharp_credibility,baseline,coalition_favorable_rate,3,0.536,outcome
7,alibi,sharp_credibility,baseline,creator_ejection_rate,3,0.322,outcome
7,alibi,sharp_credibility,baseline,creator_survival,3,0.678,outcome
7,alibi,sharp_credibility,baseline,no_ejection_rate,3,0.126,outcome
7,alibi,sharp_credibility,baseline,incident_rate,3,1.0,outcome
7,alibi,sharp_credibility,alibi_off,false_ejection_rate,3,0.374,outcome
7,alibi,sharp_credibility,alibi_off,coalition_favorable_rate,3,0.446,outcome
7,alibi,sharp_credibility,alibi_off,creator_ejection_rate,3,0.496,outcome
7,alibi,sharp_credibility,alibi_off,creator_survival,3,0.504,outcome
7,alibi,sharp_credibility,alibi_off,no_ejection_rate,3,0.072,outcome
7,alibi,sharp_credibility,alibi_off,incident_rate,3,1.0,outcome
7,alibi,sharp_credibility,catch_outside,false_ejection_rate,3,0.142,outcome
7,alibi,sharp_credibility,catch_outside,coalition_favorable_rate,3,0.284,outcome
7,alibi,sharp_credibility,catch_outside,creator_ejection_rate,3,0.634,outcome
7,alibi,sharp_credibility,catch_outside,creator_survival,3,0.366,outcome
7,alibi,sharp_credibility,catch_outside,no_ejection_rate,3,0.142,outcome
7,alibi,sharp_credibility,catch_outside,incident_rate,3,1.0,outcome
7,framer,mean,baseline,false_ejection_rate,3,0.254,outcome
7,framer,mean,baseline,coalition_favorable_rate,3,0.298,outcome
7,framer,mean,baseline,creator_ejection_rate,3,0.596,outcome
7,framer,mean,baseline,creator_survival,3,0.404,outcome
7,framer,mean,baseline,no_ejection_rate,3,0.044,outcome
7,framer,mean,baseline,incident_rate,3,1.0,outcome
7,framer,mean,alibi_off,false_ejection_rate,3,0.488,outcome
7,framer,mean,alibi_off,coalition_favorable_rate,3,0.634,outcome
7,framer,mean,alibi_off,creator_ejection_rate,3,0.296,outcome
7,framer,mean,alibi_off,creator_survival,3,0.704,outcome
7,framer,mean,alibi_off,no_ejection_rate,3,0.146,outcome
7,framer,mean,alibi_off,incident_rate,3,1.0,outcome
7,framer,mean,catch_outside,false_ejection_rate,3,0.254,outcome
7,framer,mean,catch_outside,coalition_favorable_rate,3,0.3,outcome
7,framer,mean,catch_outside,creator_ejection_rate,3,0.594,outcome
7,framer,mean,catch_outside,creator_survival,3,0.406,outcome
7,framer,mean,catch_outside,no_ejection_rate,3,0.046,outcome
7,framer,mean,catch_outside,incident_rate,3,1.0,outcome
7,framer,soft_credibility,baseline,false_ejection_rate,3,0.238,outcome
7,framer,soft_credibility,baseline,coalition_favorable_rate,3,0.264,outcome
7,framer,soft_credibility,baseline,creator_ejection_rate,3,0.638,outcome
7,framer,soft_credibility,baseline,creator_survival,3,0.362,outcome
7,framer,soft_credibility,baseline,no_ejection_rate,3,0.026,outcome
7,framer,soft_credibility,baseline,incident_rate,3,1.0,outcome
7,framer,soft_credibility,baseline,n_speakers,3,8.0,voter
7,framer,soft_credibility,baseline,coalition_share,3,0.25,voter
7,framer,soft_credibility,baseline,coalition_weight_soft,3,0.062282599699507064,voter
7,framer,soft_credibility,baseline,weight_minus_share,3,-0.18771740030049294,voter
7,framer,soft_credibility,baseline,cred_coalition,3,0.37216666666666665,voter
7,framer,soft_credibility,baseline,cred_honest,3,6.402,voter
7,framer,soft_credibility,baseline,uninformative_share,3,0.0,voter
7,framer,soft_credibility,baseline,weight_on_uninformative,3,0.0,voter
7,framer,soft_credibility,baseline,coalition_caught,3,0.6773333333333333,voter
7,framer,soft_credibility,baseline,argmax_differs,3,0.004333333333333333,voter
7,framer,soft_credibility,baseline,mean_top_is_coalition,3,0.834,voter
7,framer,soft_credibility,baseline,soft_top_is_coalition,3,0.8333333333333334,voter
7,framer,soft_credibility,baseline,mean_skips,3,0.0,voter
7,framer,soft_credibility,baseline,soft_skips,3,0.0,voter
7,framer,soft_credibility,alibi_off,false_ejection_rate,3,0.408,outcome
7,framer,soft_credibility,alibi_off,coalition_favorable_rate,3,0.448,outcome
7,framer,soft_credibility,alibi_off,creator_ejection_rate,3,0.454,outcome
7,framer,soft_credibility,alibi_off,creator_survival,3,0.546,outcome
7,framer,soft_credibility,alibi_off,no_ejection_rate,3,0.04,outcome
7,framer,soft_credibility,alibi_off,incident_rate,3,1.0,outcome
7,framer,soft_credibility,catch_outside,false_ejection_rate,3,0.238,outcome
7,framer,soft_credibility,catch_outside,coalition_favorable_rate,3,0.264,outcome
7,framer,soft_credibility,catch_outside,creator_ejection_rate,3,0.632,outcome
7,framer,soft_credibility,catch_outside,creator_survival,3,0.368,outcome
7,framer,soft_credibility,catch_outside,no_ejection_rate,3,0.026,outcome
7,framer,soft_credibility,catch_outside,incident_rate,3,1.0,outcome
7,framer,sharp_credibility,baseline,false_ejection_rate,3,0.304,outcome
7,framer,sharp_credibility,baseline,coalition_favorable_rate,3,0.326,outcome
7,framer,sharp_credibility,baseline,creator_ejection_rate,3,0.574,outcome
7,framer,sharp_credibility,baseline,creator_survival,3,0.426,outcome
7,framer,sharp_credibility,baseline,no_ejection_rate,3,0.022,outcome
7,framer,sharp_credibility,baseline,incident_rate,3,1.0,outcome
7,framer,sharp_credibility,alibi_off,false_ejection_rate,3,0.426,outcome
7,framer,sharp_credibility,alibi_off,coalition_favorable_rate,3,0.472,outcome
7,framer,sharp_credibility,alibi_off,creator_ejection_rate,3,0.422,outcome
7,framer,sharp_credibility,alibi_off,creator_survival,3,0.578,outcome
7,framer,sharp_credibility,alibi_off,no_ejection_rate,3,0.046,outcome
7,framer,sharp_credibility,alibi_off,incident_rate,3,1.0,outcome
7,framer,sharp_credibility,catch_outside,false_ejection_rate,3,0.226,outcome
7,framer,sharp_credibility,catch_outside,coalition_favorable_rate,3,0.244,outcome
7,framer,sharp_credibility,catch_outside,creator_ejection_rate,3,0.648,outcome
7,framer,sharp_credibility,catch_outside,creator_survival,3,0.352,outcome
7,framer,sharp_credibility,catch_outside,no_ejection_rate,3,0.018,outcome
7,framer,sharp_credibility,catch_outside,incident_rate,3,1.0,outcome
7,truthful,mean,baseline,false_ejection_rate,4,0.0,outcome
7,truthful,mean,baseline,coalition_favorable_rate,4,0.0,outcome
7,truthful,mean,baseline,creator_ejection_rate,4,0.93,outcome
7,truthful,mean,baseline,creator_survival,4,0.07,outcome
7,truthful,mean,baseline,no_ejection_rate,4,0.0,outcome
7,truthful,mean,baseline,incident_rate,4,1.0,outcome
7,truthful,mean,alibi_off,false_ejection_rate,4,0.0,outcome
7,truthful,mean,alibi_off,coalition_favorable_rate,4,0.0,outcome
7,truthful,mean,alibi_off,creator_ejection_rate,4,0.93,outcome
7,truthful,mean,alibi_off,creator_survival,4,0.07,outcome
7,truthful,mean,alibi_off,no_ejection_rate,4,0.0,outcome
7,truthful,mean,alibi_off,incident_rate,4,1.0,outcome
7,truthful,mean,catch_outside,false_ejection_rate,4,0.0,outcome
7,truthful,mean,catch_outside,coalition_favorable_rate,4,0.0,outcome
7,truthful,mean,catch_outside,creator_ejection_rate,4,0.93,outcome
7,truthful,mean,catch_outside,creator_survival,4,0.07,outcome
7,truthful,mean,catch_outside,no_ejection_rate,4,0.0,outcome
7,truthful,mean,catch_outside,incident_rate,4,1.0,outcome
7,truthful,soft_credibility,baseline,false_ejection_rate,4,0.0,outcome
7,truthful,soft_credibility,baseline,coalition_favorable_rate,4,0.0,outcome
7,truthful,soft_credibility,baseline,creator_ejection_rate,4,0.93,outcome
7,truthful,soft_credibility,baseline,creator_survival,4,0.07,outcome
7,truthful,soft_credibility,baseline,no_ejection_rate,4,0.0,outcome
7,truthful,soft_credibility,baseline,incident_rate,4,1.0,outcome
7,truthful,soft_credibility,baseline,n_speakers,4,8.0,voter
7,truthful,soft_credibility,baseline,coalition_share,4,0.25,voter
7,truthful,soft_credibility,baseline,coalition_weight_soft,4,0.25,voter
7,truthful,soft_credibility,baseline,weight_minus_share,4,0.0,voter
7,truthful,soft_credibility,baseline,cred_coalition,4,7.0,voter
7,truthful,soft_credibility,baseline,cred_honest,4,7.0,voter
7,truthful,soft_credibility,baseline,uninformative_share,4,0.0,voter
7,truthful,soft_credibility,baseline,weight_on_uninformative,4,0.0,voter
7,truthful,soft_credibility,baseline,coalition_caught,4,0.0,voter
7,truthful,soft_credibility,baseline,argmax_differs,4,0.0,voter
7,truthful,soft_credibility,baseline,mean_top_is_coalition,4,1.0,voter
7,truthful,soft_credibility,baseline,soft_top_is_coalition,4,1.0,voter
7,truthful,soft_credibility,baseline,mean_skips,4,0.0,voter
7,truthful,soft_credibility,baseline,soft_skips,4,0.0,voter
7,truthful,soft_credibility,alibi_off,false_ejection_rate,4,0.0,outcome
7,truthful,soft_credibility,alibi_off,coalition_favorable_rate,4,0.0,outcome
7,truthful,soft_credibility,alibi_off,creator_ejection_rate,4,0.93,outcome
7,truthful,soft_credibility,alibi_off,creator_survival,4,0.07,outcome
7,truthful,soft_credibility,alibi_off,no_ejection_rate,4,0.0,outcome
7,truthful,soft_credibility,alibi_off,incident_rate,4,1.0,outcome
7,truthful,soft_credibility,catch_outside,false_ejection_rate,4,0.0,outcome
7,truthful,soft_credibility,catch_outside,coalition_favorable_rate,4,0.0,outcome
7,truthful,soft_credibility,catch_outside,creator_ejection_rate,4,0.93,outcome
7,truthful,soft_credibility,catch_outside,creator_survival,4,0.07,outcome
7,truthful,soft_credibility,catch_outside,no_ejection_rate,4,0.0,outcome
7,truthful,soft_credibility,catch_outside,incident_rate,4,1.0,outcome
7,truthful,sharp_credibility,baseline,false_ejection_rate,4,0.0,outcome
7,truthful,sharp_credibility,baseline,coalition_favorable_rate,4,0.0,outcome
7,truthful,sharp_credibility,baseline,creator_ejection_rate,4,0.93,outcome
7,truthful,sharp_credibility,baseline,creator_survival,4,0.07,outcome
7,truthful,sharp_credibility,baseline,no_ejection_rate,4,0.0,outcome
7,truthful,sharp_credibility,baseline,incident_rate,4,1.0,outcome
7,truthful,sharp_credibility,alibi_off,false_ejection_rate,4,0.0,outcome
7,truthful,sharp_credibility,alibi_off,coalition_favorable_rate,4,0.0,outcome
7,truthful,sharp_credibility,alibi_off,creator_ejection_rate,4,0.93,outcome
7,truthful,sharp_credibility,alibi_off,creator_survival,4,0.07,outcome
7,truthful,sharp_credibility,alibi_off,no_ejection_rate,4,0.0,outcome
7,truthful,sharp_credibility,alibi_off,incident_rate,4,1.0,outcome
7,truthful,sharp_credibility,catch_outside,false_ejection_rate,4,0.0,outcome
7,truthful,sharp_credibility,catch_outside,coalition_favorable_rate,4,0.0,outcome
7,truthful,sharp_credibility,catch_outside,creator_ejection_rate,4,0.93,outcome
7,truthful,sharp_credibility,catch_outside,creator_survival,4,0.07,outcome
7,truthful,sharp_credibility,catch_outside,no_ejection_rate,4,0.0,outcome
7,truthful,sharp_credibility,catch_outside,incident_rate,4,1.0,outcome
7,lone_liar,mean,baseline,false_ejection_rate,4,0.096,outcome
7,lone_liar,mean,baseline,coalition_favorable_rate,4,0.158,outcome
7,lone_liar,mean,baseline,creator_ejection_rate,4,0.768,outcome
7,lone_liar,mean,baseline,creator_survival,4,0.232,outcome
7,lone_liar,mean,baseline,no_ejection_rate,4,0.062,outcome
7,lone_liar,mean,baseline,incident_rate,4,1.0,outcome
7,lone_liar,mean,alibi_off,false_ejection_rate,4,0.15,outcome
7,lone_liar,mean,alibi_off,coalition_favorable_rate,4,0.21,outcome
7,lone_liar,mean,alibi_off,creator_ejection_rate,4,0.724,outcome
7,lone_liar,mean,alibi_off,creator_survival,4,0.276,outcome
7,lone_liar,mean,alibi_off,no_ejection_rate,4,0.06,outcome
7,lone_liar,mean,alibi_off,incident_rate,4,1.0,outcome
7,lone_liar,mean,catch_outside,false_ejection_rate,4,0.096,outcome
7,lone_liar,mean,catch_outside,coalition_favorable_rate,4,0.158,outcome
7,lone_liar,mean,catch_outside,creator_ejection_rate,4,0.768,outcome
7,lone_liar,mean,catch_outside,creator_survival,4,0.232,outcome
7,lone_liar,mean,catch_outside,no_ejection_rate,4,0.062,outcome
7,lone_liar,mean,catch_outside,incident_rate,4,1.0,outcome
7,lone_liar,soft_credibility,baseline,false_ejection_rate,4,0.164,outcome
7,lone_liar,soft_credibility,baseline,coalition_favorable_rate,4,0.192,outcome
7,lone_liar,soft_credibility,baseline,creator_ejection_rate,4,0.632,outcome
7,lone_liar,soft_credibility,baseline,creator_survival,4,0.368,outcome
7,lone_liar,soft_credibility,baseline,no_ejection_rate,4,0.028,outcome
7,lone_liar,soft_credibility,baseline,incident_rate,4,1.0,outcome
7,lone_liar,soft_credibility,baseline,n_speakers,4,8.0,voter
7,lone_liar,soft_credibility,baseline,coalition_share,4,0.25,voter
7,lone_liar,soft_credibility,baseline,coalition_weight_soft,4,0.1878031252496096,voter
7,lone_liar,soft_credibility,baseline,weight_minus_share,4,-0.06219687475039042,voter
7,lone_liar,soft_credibility,baseline,cred_coalition,4,4.127,voter
7,lone_liar,soft_credibility,baseline,cred_honest,4,6.990333333333333,voter
7,lone_liar,soft_credibility,baseline,uninformative_share,4,0.0,voter
7,lone_liar,soft_credibility,baseline,weight_on_uninformative,4,0.0,voter
7,lone_liar,soft_credibility,baseline,coalition_caught,4,0.571,voter
7,lone_liar,soft_credibility,baseline,argmax_differs,4,0.023,voter
7,lone_liar,soft_credibility,baseline,mean_top_is_coalition,4,0.8706666666666667,voter
7,lone_liar,soft_credibility,baseline,soft_top_is_coalition,4,0.8476666666666667,voter
7,lone_liar,soft_credibility,baseline,mean_skips,4,0.0,voter
7,lone_liar,soft_credibility,baseline,soft_skips,4,0.0,voter
7,lone_liar,soft_credibility,alibi_off,false_ejection_rate,4,0.202,outcome
7,lone_liar,soft_credibility,alibi_off,coalition_favorable_rate,4,0.226,outcome
7,lone_liar,soft_credibility,alibi_off,creator_ejection_rate,4,0.606,outcome
7,lone_liar,soft_credibility,alibi_off,creator_survival,4,0.394,outcome
7,lone_liar,soft_credibility,alibi_off,no_ejection_rate,4,0.024,outcome
7,lone_liar,soft_credibility,alibi_off,incident_rate,4,1.0,outcome
7,lone_liar,soft_credibility,catch_outside,false_ejection_rate,4,0.096,outcome
7,lone_liar,soft_credibility,catch_outside,coalition_favorable_rate,4,0.156,outcome
7,lone_liar,soft_credibility,catch_outside,creator_ejection_rate,4,0.768,outcome
7,lone_liar,soft_credibility,catch_outside,creator_survival,4,0.232,outcome
7,lone_liar,soft_credibility,catch_outside,no_ejection_rate,4,0.06,outcome
7,lone_liar,soft_credibility,catch_outside,incident_rate,4,1.0,outcome
7,lone_liar,sharp_credibility,baseline,false_ejection_rate,4,0.324,outcome
7,lone_liar,sharp_credibility,baseline,coalition_favorable_rate,4,0.346,outcome
7,lone_liar,sharp_credibility,baseline,creator_ejection_rate,4,0.454,outcome
7,lone_liar,sharp_credibility,baseline,creator_survival,4,0.546,outcome
7,lone_liar,sharp_credibility,baseline,no_ejection_rate,4,0.022,outcome
7,lone_liar,sharp_credibility,baseline,incident_rate,4,1.0,outcome
7,lone_liar,sharp_credibility,alibi_off,false_ejection_rate,4,0.388,outcome
7,lone_liar,sharp_credibility,alibi_off,coalition_favorable_rate,4,0.414,outcome
7,lone_liar,sharp_credibility,alibi_off,creator_ejection_rate,4,0.396,outcome
7,lone_liar,sharp_credibility,alibi_off,creator_survival,4,0.604,outcome
7,lone_liar,sharp_credibility,alibi_off,no_ejection_rate,4,0.026,outcome
7,lone_liar,sharp_credibility,alibi_off,incident_rate,4,1.0,outcome
7,lone_liar,sharp_credibility,catch_outside,false_ejection_rate,4,0.096,outcome
7,lone_liar,sharp_credibility,catch_outside,coalition_favorable_rate,4,0.156,outcome
7,lone_liar,sharp_credibility,catch_outside,creator_ejection_rate,4,0.768,outcome
7,lone_liar,sharp_credibility,catch_outside,creator_survival,4,0.232,outcome
7,lone_liar,sharp_credibility,catch_outside,no_ejection_rate,4,0.06,outcome
7,lone_liar,sharp_credibility,catch_outside,incident_rate,4,1.0,outcome
7,alibi,mean,baseline,false_ejection_rate,4,0.238,outcome
7,alibi,mean,baseline,coalition_favorable_rate,4,0.402,outcome
7,alibi,mean,baseline,creator_ejection_rate,4,0.526,outcome
7,alibi,mean,baseline,creator_survival,4,0.474,outcome
7,alibi,mean,baseline,no_ejection_rate,4,0.164,outcome
7,alibi,mean,baseline,incident_rate,4,1.0,outcome
7,alibi,mean,alibi_off,false_ejection_rate,4,0.174,outcome
7,alibi,mean,alibi_off,coalition_favorable_rate,4,0.214,outcome
7,alibi,mean,alibi_off,creator_ejection_rate,4,0.718,outcome
7,alibi,mean,alibi_off,creator_survival,4,0.282,outcome
7,alibi,mean,alibi_off,no_ejection_rate,4,0.04,outcome
7,alibi,mean,alibi_off,incident_rate,4,1.0,outcome
7,alibi,mean,catch_outside,false_ejection_rate,4,0.238,outcome
7,alibi,mean,catch_outside,coalition_favorable_rate,4,0.402,outcome
7,alibi,mean,catch_outside,creator_ejection_rate,4,0.526,outcome
7,alibi,mean,catch_outside,creator_survival,4,0.474,outcome
7,alibi,mean,catch_outside,no_ejection_rate,4,0.164,outcome
7,alibi,mean,catch_outside,incident_rate,4,1.0,outcome
7,alibi,soft_credibility,baseline,false_ejection_rate,4,0.4,outcome
7,alibi,soft_credibility,baseline,coalition_favorable_rate,4,0.554,outcome
7,alibi,soft_credibility,baseline,creator_ejection_rate,4,0.302,outcome
7,alibi,soft_credibility,baseline,creator_survival,4,0.698,outcome
7,alibi,soft_credibility,baseline,no_ejection_rate,4,0.154,outcome
7,alibi,soft_credibility,baseline,incident_rate,4,1.0,outcome
7,alibi,soft_credibility,baseline,n_speakers,4,8.0,voter
7,alibi,soft_credibility,baseline,coalition_share,4,0.25,voter
7,alibi,soft_credibility,baseline,coalition_weight_soft,4,0.09750587929420601,voter
7,alibi,soft_credibility,baseline,weight_minus_share,4,-0.152494120705794,voter
7,alibi,soft_credibility,baseline,cred_coalition,4,1.536,voter
7,alibi,soft_credibility,baseline,cred_honest,4,6.9736666666666665,voter
7,alibi,soft_credibility,baseline,uninformative_share,4,0.0,voter
7,alibi,soft_credibility,baseline,weight_on_uninformative,4,0.0,voter
7,alibi,soft_credibility,baseline,coalition_caught,4,0.65,voter
7,alibi,soft_credibility,baseline,argmax_differs,4,0.06833333333333333,voter
7,alibi,soft_credibility,baseline,mean_top_is_coalition,4,0.571,voter
7,alibi,soft_credibility,baseline,soft_top_is_coalition,4,0.5103333333333333,voter
7,alibi,soft_credibility,baseline,mean_skips,4,0.0,voter
7,alibi,soft_credibility,baseline,soft_skips,4,0.030333333333333334,voter
7,alibi,soft_credibility,alibi_off,false_ejection_rate,4,0.24,outcome
7,alibi,soft_credibility,alibi_off,coalition_favorable_rate,4,0.272,outcome
7,alibi,soft_credibility,alibi_off,creator_ejection_rate,4,0.666,outcome
7,alibi,soft_credibility,alibi_off,creator_survival,4,0.334,outcome
7,alibi,soft_credibility,alibi_off,no_ejection_rate,4,0.032,outcome
7,alibi,soft_credibility,alibi_off,incident_rate,4,1.0,outcome
7,alibi,soft_credibility,catch_outside,false_ejection_rate,4,0.222,outcome
7,alibi,soft_credibility,catch_outside,coalition_favorable_rate,4,0.376,outcome
7,alibi,soft_credibility,catch_outside,creator_ejection_rate,4,0.55,outcome
7,alibi,soft_credibility,catch_outside,creator_survival,4,0.45,outcome
7,alibi,soft_credibility,catch_outside,no_ejection_rate,4,0.154,outcome
7,alibi,soft_credibility,catch_outside,incident_rate,4,1.0,outcome
7,alibi,sharp_credibility,baseline,false_ejection_rate,4,0.484,outcome
7,alibi,sharp_credibility,baseline,coalition_favorable_rate,4,0.6,outcome
7,alibi,sharp_credibility,baseline,creator_ejection_rate,4,0.268,outcome
7,alibi,sharp_credibility,baseline,creator_survival,4,0.732,outcome
7,alibi,sharp_credibility,baseline,no_ejection_rate,4,0.116,outcome
7,alibi,sharp_credibility,baseline,incident_rate,4,1.0,outcome
7,alibi,sharp_credibility,alibi_off,false_ejection_rate,4,0.446,outcome
7,alibi,sharp_credibility,alibi_off,coalition_favorable_rate,4,0.506,outcome
7,alibi,sharp_credibility,alibi_off,creator_ejection_rate,4,0.446,outcome
7,alibi,sharp_credibility,alibi_off,creator_survival,4,0.554,outcome
7,alibi,sharp_credibility,alibi_off,no_ejection_rate,4,0.06,outcome
7,alibi,sharp_credibility,alibi_off,incident_rate,4,1.0,outcome
7,alibi,sharp_credibility,catch_outside,false_ejection_rate,4,0.21,outcome
7,alibi,sharp_credibility,catch_outside,coalition_favorable_rate,4,0.348,outcome
7,alibi,sharp_credibility,catch_outside,creator_ejection_rate,4,0.578,outcome
7,alibi,sharp_credibility,catch_outside,creator_survival,4,0.422,outcome
7,alibi,sharp_credibility,catch_outside,no_ejection_rate,4,0.138,outcome
7,alibi,sharp_credibility,catch_outside,incident_rate,4,1.0,outcome
7,framer,mean,baseline,false_ejection_rate,4,0.244,outcome
7,framer,mean,baseline,coalition_favorable_rate,4,0.278,outcome
7,framer,mean,baseline,creator_ejection_rate,4,0.634,outcome
7,framer,mean,baseline,creator_survival,4,0.366,outcome
7,framer,mean,baseline,no_ejection_rate,4,0.034,outcome
7,framer,mean,baseline,incident_rate,4,1.0,outcome
7,framer,mean,alibi_off,false_ejection_rate,4,0.47,outcome
7,framer,mean,alibi_off,coalition_favorable_rate,4,0.604,outcome
7,framer,mean,alibi_off,creator_ejection_rate,4,0.332,outcome
7,framer,mean,alibi_off,creator_survival,4,0.668,outcome
7,framer,mean,alibi_off,no_ejection_rate,4,0.134,outcome
7,framer,mean,alibi_off,incident_rate,4,1.0,outcome
7,framer,mean,catch_outside,false_ejection_rate,4,0.244,outcome
7,framer,mean,catch_outside,coalition_favorable_rate,4,0.278,outcome
7,framer,mean,catch_outside,creator_ejection_rate,4,0.634,outcome
7,framer,mean,catch_outside,creator_survival,4,0.366,outcome
7,framer,mean,catch_outside,no_ejection_rate,4,0.034,outcome
7,framer,mean,catch_outside,incident_rate,4,1.0,outcome
7,framer,soft_credibility,baseline,false_ejection_rate,4,0.242,outcome
7,framer,soft_credibility,baseline,coalition_favorable_rate,4,0.276,outcome
7,framer,soft_credibility,baseline,creator_ejection_rate,4,0.64,outcome
7,framer,soft_credibility,baseline,creator_survival,4,0.36,outcome
7,framer,soft_credibility,baseline,no_ejection_rate,4,0.034,outcome
7,framer,soft_credibility,baseline,incident_rate,4,1.0,outcome
7,framer,soft_credibility,baseline,n_speakers,4,8.0,voter
7,framer,soft_credibility,baseline,coalition_share,4,0.25,voter
7,framer,soft_credibility,baseline,coalition_weight_soft,4,0.060600524527794374,voter
7,framer,soft_credibility,baseline,weight_minus_share,4,-0.18939947547220565,voter
7,framer,soft_credibility,baseline,cred_coalition,4,0.328,voter
7,framer,soft_credibility,baseline,cred_honest,4,6.384,voter
7,framer,soft_credibility,baseline,uninformative_share,4,0.0,voter
7,framer,soft_credibility,baseline,weight_on_uninformative,4,0.0,voter
7,framer,soft_credibility,baseline,coalition_caught,4,0.6793333333333333,voter
7,framer,soft_credibility,baseline,argmax_differs,4,0.007,voter
7,framer,soft_credibility,baseline,mean_top_is_coalition,4,0.8266666666666667,voter
7,framer,soft_credibility,baseline,soft_top_is_coalition,4,0.8276666666666667,voter
7,framer,soft_credibility,baseline,mean_skips,4,0.0,voter
7,framer,soft_credibility,baseline,soft_skips,4,0.0,voter
7,framer,soft_credibility,alibi_off,false_ejection_rate,4,0.4,outcome
7,framer,soft_credibility,alibi_off,coalition_favorable_rate,4,0.452,outcome
7,framer,soft_credibility,alibi_off,creator_ejection_rate,4,0.478,outcome
7,framer,soft_credibility,alibi_off,creator_survival,4,0.522,outcome
7,framer,soft_credibility,alibi_off,no_ejection_rate,4,0.052,outcome
7,framer,soft_credibility,alibi_off,incident_rate,4,1.0,outcome
7,framer,soft_credibility,catch_outside,false_ejection_rate,4,0.242,outcome
7,framer,soft_credibility,catch_outside,coalition_favorable_rate,4,0.276,outcome
7,framer,soft_credibility,catch_outside,creator_ejection_rate,4,0.636,outcome
7,framer,soft_credibility,catch_outside,creator_survival,4,0.364,outcome
7,framer,soft_credibility,catch_outside,no_ejection_rate,4,0.034,outcome
7,framer,soft_credibility,catch_outside,incident_rate,4,1.0,outcome
7,framer,sharp_credibility,baseline,false_ejection_rate,4,0.282,outcome
7,framer,sharp_credibility,baseline,coalition_favorable_rate,4,0.312,outcome
7,framer,sharp_credibility,baseline,creator_ejection_rate,4,0.608,outcome
7,framer,sharp_credibility,baseline,creator_survival,4,0.392,outcome
7,framer,sharp_credibility,baseline,no_ejection_rate,4,0.03,outcome
7,framer,sharp_credibility,baseline,incident_rate,4,1.0,outcome
7,framer,sharp_credibility,alibi_off,false_ejection_rate,4,0.402,outcome
7,framer,sharp_credibility,alibi_off,coalition_favorable_rate,4,0.44,outcome
7,framer,sharp_credibility,alibi_off,creator_ejection_rate,4,0.472,outcome
7,framer,sharp_credibility,alibi_off,creator_survival,4,0.528,outcome
7,framer,sharp_credibility,alibi_off,no_ejection_rate,4,0.038,outcome
7,framer,sharp_credibility,alibi_off,incident_rate,4,1.0,outcome
7,framer,sharp_credibility,catch_outside,false_ejection_rate,4,0.226,outcome
7,framer,sharp_credibility,catch_outside,coalition_favorable_rate,4,0.246,outcome
7,framer,sharp_credibility,catch_outside,creator_ejection_rate,4,0.66,outcome
7,framer,sharp_credibility,catch_outside,creator_survival,4,0.34,outcome
7,framer,sharp_credibility,catch_outside,no_ejection_rate,4,0.02,outcome
7,framer,sharp_credibility,catch_outside,incident_rate,4,1.0,outcome
7,truthful,mean,baseline,false_ejection_rate,5,0.0,outcome
7,truthful,mean,baseline,coalition_favorable_rate,5,0.0,outcome
7,truthful,mean,baseline,creator_ejection_rate,5,0.928,outcome
7,truthful,mean,baseline,creator_survival,5,0.072,outcome
7,truthful,mean,baseline,no_ejection_rate,5,0.0,outcome
7,truthful,mean,baseline,incident_rate,5,1.0,outcome
7,truthful,mean,alibi_off,false_ejection_rate,5,0.0,outcome
7,truthful,mean,alibi_off,coalition_favorable_rate,5,0.0,outcome
7,truthful,mean,alibi_off,creator_ejection_rate,5,0.928,outcome
7,truthful,mean,alibi_off,creator_survival,5,0.072,outcome
7,truthful,mean,alibi_off,no_ejection_rate,5,0.0,outcome
7,truthful,mean,alibi_off,incident_rate,5,1.0,outcome
7,truthful,mean,catch_outside,false_ejection_rate,5,0.0,outcome
7,truthful,mean,catch_outside,coalition_favorable_rate,5,0.0,outcome
7,truthful,mean,catch_outside,creator_ejection_rate,5,0.928,outcome
7,truthful,mean,catch_outside,creator_survival,5,0.072,outcome
7,truthful,mean,catch_outside,no_ejection_rate,5,0.0,outcome
7,truthful,mean,catch_outside,incident_rate,5,1.0,outcome
7,truthful,soft_credibility,baseline,false_ejection_rate,5,0.0,outcome
7,truthful,soft_credibility,baseline,coalition_favorable_rate,5,0.0,outcome
7,truthful,soft_credibility,baseline,creator_ejection_rate,5,0.928,outcome
7,truthful,soft_credibility,baseline,creator_survival,5,0.072,outcome
7,truthful,soft_credibility,baseline,no_ejection_rate,5,0.0,outcome
7,truthful,soft_credibility,baseline,incident_rate,5,1.0,outcome
7,truthful,soft_credibility,baseline,n_speakers,5,8.0,voter
7,truthful,soft_credibility,baseline,coalition_share,5,0.25,voter
7,truthful,soft_credibility,baseline,coalition_weight_soft,5,0.25,voter
7,truthful,soft_credibility,baseline,weight_minus_share,5,0.0,voter
7,truthful,soft_credibility,baseline,cred_coalition,5,7.0,voter
7,truthful,soft_credibility,baseline,cred_honest,5,7.0,voter
7,truthful,soft_credibility,baseline,uninformative_share,5,0.0,voter
7,truthful,soft_credibility,baseline,weight_on_uninformative,5,0.0,voter
7,truthful,soft_credibility,baseline,coalition_caught,5,0.0,voter
7,truthful,soft_credibility,baseline,argmax_differs,5,0.0,voter
7,truthful,soft_credibility,baseline,mean_top_is_coalition,5,1.0,voter
7,truthful,soft_credibility,baseline,soft_top_is_coalition,5,1.0,voter
7,truthful,soft_credibility,baseline,mean_skips,5,0.0,voter
7,truthful,soft_credibility,baseline,soft_skips,5,0.0,voter
7,truthful,soft_credibility,alibi_off,false_ejection_rate,5,0.0,outcome
7,truthful,soft_credibility,alibi_off,coalition_favorable_rate,5,0.0,outcome
7,truthful,soft_credibility,alibi_off,creator_ejection_rate,5,0.928,outcome
7,truthful,soft_credibility,alibi_off,creator_survival,5,0.072,outcome
7,truthful,soft_credibility,alibi_off,no_ejection_rate,5,0.0,outcome
7,truthful,soft_credibility,alibi_off,incident_rate,5,1.0,outcome
7,truthful,soft_credibility,catch_outside,false_ejection_rate,5,0.0,outcome
7,truthful,soft_credibility,catch_outside,coalition_favorable_rate,5,0.0,outcome
7,truthful,soft_credibility,catch_outside,creator_ejection_rate,5,0.928,outcome
7,truthful,soft_credibility,catch_outside,creator_survival,5,0.072,outcome
7,truthful,soft_credibility,catch_outside,no_ejection_rate,5,0.0,outcome
7,truthful,soft_credibility,catch_outside,incident_rate,5,1.0,outcome
7,truthful,sharp_credibility,baseline,false_ejection_rate,5,0.0,outcome
7,truthful,sharp_credibility,baseline,coalition_favorable_rate,5,0.0,outcome
7,truthful,sharp_credibility,baseline,creator_ejection_rate,5,0.928,outcome
7,truthful,sharp_credibility,baseline,creator_survival,5,0.072,outcome
7,truthful,sharp_credibility,baseline,no_ejection_rate,5,0.0,outcome
7,truthful,sharp_credibility,baseline,incident_rate,5,1.0,outcome
7,truthful,sharp_credibility,alibi_off,false_ejection_rate,5,0.0,outcome
7,truthful,sharp_credibility,alibi_off,coalition_favorable_rate,5,0.0,outcome
7,truthful,sharp_credibility,alibi_off,creator_ejection_rate,5,0.928,outcome
7,truthful,sharp_credibility,alibi_off,creator_survival,5,0.072,outcome
7,truthful,sharp_credibility,alibi_off,no_ejection_rate,5,0.0,outcome
7,truthful,sharp_credibility,alibi_off,incident_rate,5,1.0,outcome
7,truthful,sharp_credibility,catch_outside,false_ejection_rate,5,0.0,outcome
7,truthful,sharp_credibility,catch_outside,coalition_favorable_rate,5,0.0,outcome
7,truthful,sharp_credibility,catch_outside,creator_ejection_rate,5,0.928,outcome
7,truthful,sharp_credibility,catch_outside,creator_survival,5,0.072,outcome
7,truthful,sharp_credibility,catch_outside,no_ejection_rate,5,0.0,outcome
7,truthful,sharp_credibility,catch_outside,incident_rate,5,1.0,outcome
7,lone_liar,mean,baseline,false_ejection_rate,5,0.078,outcome
7,lone_liar,mean,baseline,coalition_favorable_rate,5,0.144,outcome
7,lone_liar,mean,baseline,creator_ejection_rate,5,0.788,outcome
7,lone_liar,mean,baseline,creator_survival,5,0.212,outcome
7,lone_liar,mean,baseline,no_ejection_rate,5,0.066,outcome
7,lone_liar,mean,baseline,incident_rate,5,1.0,outcome
7,lone_liar,mean,alibi_off,false_ejection_rate,5,0.128,outcome
7,lone_liar,mean,alibi_off,coalition_favorable_rate,5,0.18,outcome
7,lone_liar,mean,alibi_off,creator_ejection_rate,5,0.75,outcome
7,lone_liar,mean,alibi_off,creator_survival,5,0.25,outcome
7,lone_liar,mean,alibi_off,no_ejection_rate,5,0.052,outcome
7,lone_liar,mean,alibi_off,incident_rate,5,1.0,outcome
7,lone_liar,mean,catch_outside,false_ejection_rate,5,0.078,outcome
7,lone_liar,mean,catch_outside,coalition_favorable_rate,5,0.144,outcome
7,lone_liar,mean,catch_outside,creator_ejection_rate,5,0.788,outcome
7,lone_liar,mean,catch_outside,creator_survival,5,0.212,outcome
7,lone_liar,mean,catch_outside,no_ejection_rate,5,0.066,outcome
7,lone_liar,mean,catch_outside,incident_rate,5,1.0,outcome
7,lone_liar,soft_credibility,baseline,false_ejection_rate,5,0.122,outcome
7,lone_liar,soft_credibility,baseline,coalition_favorable_rate,5,0.152,outcome
7,lone_liar,soft_credibility,baseline,creator_ejection_rate,5,0.682,outcome
7,lone_liar,soft_credibility,baseline,creator_survival,5,0.318,outcome
7,lone_liar,soft_credibility,baseline,no_ejection_rate,5,0.03,outcome
7,lone_liar,soft_credibility,baseline,incident_rate,5,1.0,outcome
7,lone_liar,soft_credibility,baseline,n_speakers,5,8.0,voter
7,lone_liar,soft_credibility,baseline,coalition_share,5,0.25,voter
7,lone_liar,soft_credibility,baseline,coalition_weight_soft,5,0.18608684792472513,voter
7,lone_liar,soft_credibility,baseline,weight_minus_share,5,-0.06391315207527484,voter
7,lone_liar,soft_credibility,baseline,cred_coalition,5,4.0553333333333335,voter
7,lone_liar,soft_credibility,baseline,cred_honest,5,6.989,voter
7,lone_liar,soft_credibility,baseline,uninformative_share,5,0.0,voter
7,lone_liar,soft_credibility,baseline,weight_on_uninformative,5,0.0,voter
7,lone_liar,soft_credibility,baseline,coalition_caught,5,0.5846666666666667,voter
7,lone_liar,soft_credibility,baseline,argmax_differs,5,0.012,voter
7,lone_liar,soft_credibility,baseline,mean_top_is_coalition,5,0.903,voter
7,lone_liar,soft_credibility,baseline,soft_top_is_coalition,5,0.8913333333333333,voter
7,lone_liar,soft_credibility,baseline,mean_skips,5,0.0,voter
7,lone_liar,soft_credibility,baseline,soft_skips,5,0.0,voter
7,lone_liar,soft_credibility,alibi_off,false_ejection_rate,5,0.164,outcome
7,lone_liar,soft_credibility,alibi_off,coalition_favorable_rate,5,0.182,outcome
7,lone_liar,soft_credibility,alibi_off,creator_ejection_rate,5,0.65,outcome
7,lone_liar,soft_credibility,alibi_off,creator_survival,5,0.35,outcome
7,lone_liar,soft_credibility,alibi_off,no_ejection_rate,5,0.018,outcome
7,lone_liar,soft_credibility,alibi_off,incident_rate,5,1.0,outcome
7,lone_liar,soft_credibility,catch_outside,false_ejection_rate,5,0.078,outcome
7,lone_liar,soft_credibility,catch_outside,coalition_favorable_rate,5,0.142,outcome
7,lone_liar,soft_credibility,catch_outside,creator_ejection_rate,5,0.788,outcome
7,lone_liar,soft_credibility,catch_outside,creator_survival,5,0.212,outcome
7,lone_liar,soft_credibility,catch_outside,no_ejection_rate,5,0.064,outcome
7,lone_liar,soft_credibility,catch_outside,incident_rate,5,1.0,outcome
7,lone_liar,sharp_credibility,baseline,false_ejection_rate,5,0.302,outcome
7,lone_liar,sharp_credibility,baseline,coalition_favorable_rate,5,0.334,outcome
7,lone_liar,sharp_credibility,baseline,creator_ejection_rate,5,0.498,outcome
7,lone_liar,sharp_credibility,baseline,creator_survival,5,0.502,outcome
7,lone_liar,sharp_credibility,baseline,no_ejection_rate,5,0.032,outcome
7,lone_liar,sharp_credibility,baseline,incident_rate,5,1.0,outcome
7,lone_liar,sharp_credibility,alibi_off,false_ejection_rate,5,0.35,outcome
7,lone_liar,sharp_credibility,alibi_off,coalition_favorable_rate,5,0.388,outcome
7,lone_liar,sharp_credibility,alibi_off,creator_ejection_rate,5,0.438,outcome
7,lone_liar,sharp_credibility,alibi_off,creator_survival,5,0.562,outcome
7,lone_liar,sharp_credibility,alibi_off,no_ejection_rate,5,0.038,outcome
7,lone_liar,sharp_credibility,alibi_off,incident_rate,5,1.0,outcome
7,lone_liar,sharp_credibility,catch_outside,false_ejection_rate,5,0.078,outcome
7,lone_liar,sharp_credibility,catch_outside,coalition_favorable_rate,5,0.14,outcome
7,lone_liar,sharp_credibility,catch_outside,creator_ejection_rate,5,0.788,outcome
7,lone_liar,sharp_credibility,catch_outside,creator_survival,5,0.212,outcome
7,lone_liar,sharp_credibility,catch_outside,no_ejection_rate,5,0.062,outcome
7,lone_liar,sharp_credibility,catch_outside,incident_rate,5,1.0,outcome
7,alibi,mean,baseline,false_ejection_rate,5,0.228,outcome
7,alibi,mean,baseline,coalition_favorable_rate,5,0.38,outcome
7,alibi,mean,baseline,creator_ejection_rate,5,0.552,outcome
7,alibi,mean,baseline,creator_survival,5,0.448,outcome
7,alibi,mean,baseline,no_ejection_rate,5,0.152,outcome
7,alibi,mean,baseline,incident_rate,5,1.0,outcome
7,alibi,mean,alibi_off,false_ejection_rate,5,0.17,outcome
7,alibi,mean,alibi_off,coalition_favorable_rate,5,0.21,outcome
7,alibi,mean,alibi_off,creator_ejection_rate,5,0.728,outcome
7,alibi,mean,alibi_off,creator_survival,5,0.272,outcome
7,alibi,mean,alibi_off,no_ejection_rate,5,0.04,outcome
7,alibi,mean,alibi_off,incident_rate,5,1.0,outcome
7,alibi,mean,catch_outside,false_ejection_rate,5,0.228,outcome
7,alibi,mean,catch_outside,coalition_favorable_rate,5,0.382,outcome
7,alibi,mean,catch_outside,creator_ejection_rate,5,0.55,outcome
7,alibi,mean,catch_outside,creator_survival,5,0.45,outcome
7,alibi,mean,catch_outside,no_ejection_rate,5,0.154,outcome
7,alibi,mean,catch_outside,incident_rate,5,1.0,outcome
7,alibi,soft_credibility,baseline,false_ejection_rate,5,0.38,outcome
7,alibi,soft_credibility,baseline,coalition_favorable_rate,5,0.536,outcome
7,alibi,soft_credibility,baseline,creator_ejection_rate,5,0.318,outcome
7,alibi,soft_credibility,baseline,creator_survival,5,0.682,outcome
7,alibi,soft_credibility,baseline,no_ejection_rate,5,0.156,outcome
7,alibi,soft_credibility,baseline,incident_rate,5,1.0,outcome
7,alibi,soft_credibility,baseline,n_speakers,5,8.0,voter
7,alibi,soft_credibility,baseline,coalition_share,5,0.25,voter
7,alibi,soft_credibility,baseline,coalition_weight_soft,5,0.09956266302173443,voter
7,alibi,soft_credibility,baseline,weight_minus_share,5,-0.15043733697826558,voter
7,alibi,soft_credibility,baseline,cred_coalition,5,1.5833333333333333,voter
7,alibi,soft_credibility,baseline,cred_honest,5,6.98,voter
7,alibi,soft_credibility,baseline,uninformative_share,5,0.0,voter
7,alibi,soft_credibility,baseline,weight_on_uninformative,5,0.0,voter
7,alibi,soft_credibility,baseline,coalition_caught,5,0.6546666666666666,voter
7,alibi,soft_credibility,baseline,argmax_differs,5,0.07733333333333334,voter
7,alibi,soft_credibility,baseline,mean_top_is_coalition,5,0.5836666666666667,voter
7,alibi,soft_credibility,baseline,soft_top_is_coalition,5,0.519,voter
7,alibi,soft_credibility,baseline,mean_skips,5,0.0,voter
7,alibi,soft_credibility,baseline,soft_skips,5,0.036333333333333336,voter
7,alibi,soft_credibility,alibi_off,false_ejection_rate,5,0.206,outcome
7,alibi,soft_credibility,alibi_off,coalition_favorable_rate,5,0.256,outcome
7,alibi,soft_credibility,alibi_off,creator_ejection_rate,5,0.68,outcome
7,alibi,soft_credibility,alibi_off,creator_survival,5,0.32,outcome
7,alibi,soft_credibility,alibi_off,no_ejection_rate,5,0.05,outcome
7,alibi,soft_credibility,alibi_off,incident_rate,5,1.0,outcome
7,alibi,soft_credibility,catch_outside,false_ejection_rate,5,0.206,outcome
7,alibi,soft_credibility,catch_outside,coalition_favorable_rate,5,0.346,outcome
7,alibi,soft_credibility,catch_outside,creator_ejection_rate,5,0.584,outcome
7,alibi,soft_credibility,catch_outside,creator_survival,5,0.416,outcome
7,alibi,soft_credibility,catch_outside,no_ejection_rate,5,0.14,outcome
7,alibi,soft_credibility,catch_outside,incident_rate,5,1.0,outcome
7,alibi,sharp_credibility,baseline,false_ejection_rate,5,0.424,outcome
7,alibi,sharp_credibility,baseline,coalition_favorable_rate,5,0.55,outcome
7,alibi,sharp_credibility,baseline,creator_ejection_rate,5,0.318,outcome
7,alibi,sharp_credibility,baseline,creator_survival,5,0.682,outcome
7,alibi,sharp_credibility,baseline,no_ejection_rate,5,0.126,outcome
7,alibi,sharp_credibility,baseline,incident_rate,5,1.0,outcome
7,alibi,sharp_credibility,alibi_off,false_ejection_rate,5,0.366,outcome
7,alibi,sharp_credibility,alibi_off,coalition_favorable_rate,5,0.458,outcome
7,alibi,sharp_credibility,alibi_off,creator_ejection_rate,5,0.492,outcome
7,alibi,sharp_credibility,alibi_off,creator_survival,5,0.508,outcome
7,alibi,sharp_credibility,alibi_off,no_ejection_rate,5,0.092,outcome
7,alibi,sharp_credibility,alibi_off,incident_rate,5,1.0,outcome
7,alibi,sharp_credibility,catch_outside,false_ejection_rate,5,0.194,outcome
7,alibi,sharp_credibility,catch_outside,coalition_favorable_rate,5,0.318,outcome
7,alibi,sharp_credibility,catch_outside,creator_ejection_rate,5,0.614,outcome
7,alibi,sharp_credibility,catch_outside,creator_survival,5,0.386,outcome
7,alibi,sharp_credibility,catch_outside,no_ejection_rate,5,0.124,outcome
7,alibi,sharp_credibility,catch_outside,incident_rate,5,1.0,outcome
7,framer,mean,baseline,false_ejection_rate,5,0.302,outcome
7,framer,mean,baseline,coalition_favorable_rate,5,0.356,outcome
7,framer,mean,baseline,creator_ejection_rate,5,0.552,outcome
7,framer,mean,baseline,creator_survival,5,0.448,outcome
7,framer,mean,baseline,no_ejection_rate,5,0.054,outcome
7,framer,mean,baseline,incident_rate,5,1.0,outcome
7,framer,mean,alibi_off,false_ejection_rate,5,0.508,outcome
7,framer,mean,alibi_off,coalition_favorable_rate,5,0.656,outcome
7,framer,mean,alibi_off,creator_ejection_rate,5,0.282,outcome
7,framer,mean,alibi_off,creator_survival,5,0.718,outcome
7,framer,mean,alibi_off,no_ejection_rate,5,0.148,outcome
7,framer,mean,alibi_off,incident_rate,5,1.0,outcome
7,framer,mean,catch_outside,false_ejection_rate,5,0.302,outcome
7,framer,mean,catch_outside,coalition_favorable_rate,5,0.356,outcome
7,framer,mean,catch_outside,creator_ejection_rate,5,0.552,outcome
7,framer,mean,catch_outside,creator_survival,5,0.448,outcome
7,framer,mean,catch_outside,no_ejection_rate,5,0.054,outcome
7,framer,mean,catch_outside,incident_rate,5,1.0,outcome
7,framer,soft_credibility,baseline,false_ejection_rate,5,0.29,outcome
7,framer,soft_credibility,baseline,coalition_favorable_rate,5,0.322,outcome
7,framer,soft_credibility,baseline,creator_ejection_rate,5,0.6,outcome
7,framer,soft_credibility,baseline,creator_survival,5,0.4,outcome
7,framer,soft_credibility,baseline,no_ejection_rate,5,0.032,outcome
7,framer,soft_credibility,baseline,incident_rate,5,1.0,outcome
7,framer,soft_credibility,baseline,n_speakers,5,8.0,voter
7,framer,soft_credibility,baseline,coalition_share,5,0.25,voter
7,framer,soft_credibility,baseline,coalition_weight_soft,5,0.06635853959420246,voter
7,framer,soft_credibility,baseline,weight_minus_share,5,-0.18364146040579757,voter
7,framer,soft_credibility,baseline,cred_coalition,5,0.4718333333333333,voter
7,framer,soft_credibility,baseline,cred_honest,5,6.427333333333333,voter
7,framer,soft_credibility,baseline,uninformative_share,5,0.0,voter
7,framer,soft_credibility,baseline,weight_on_uninformative,5,0.0,voter
7,framer,soft_credibility,baseline,coalition_caught,5,0.6833333333333333,voter
7,framer,soft_credibility,baseline,argmax_differs,5,0.01,voter
7,framer,soft_credibility,baseline,mean_top_is_coalition,5,0.791,voter
7,framer,soft_credibility,baseline,soft_top_is_coalition,5,0.7893333333333333,voter
7,framer,soft_credibility,baseline,mean_skips,5,0.0,voter
7,framer,soft_credibility,baseline,soft_skips,5,0.0,voter
7,framer,soft_credibility,alibi_off,false_ejection_rate,5,0.412,outcome
7,framer,soft_credibility,alibi_off,coalition_favorable_rate,5,0.47,outcome
7,framer,soft_credibility,alibi_off,creator_ejection_rate,5,0.458,outcome
7,framer,soft_credibility,alibi_off,creator_survival,5,0.542,outcome
7,framer,soft_credibility,alibi_off,no_ejection_rate,5,0.058,outcome
7,framer,soft_credibility,alibi_off,incident_rate,5,1.0,outcome
7,framer,soft_credibility,catch_outside,false_ejection_rate,5,0.288,outcome
7,framer,soft_credibility,catch_outside,coalition_favorable_rate,5,0.318,outcome
7,framer,soft_credibility,catch_outside,creator_ejection_rate,5,0.592,outcome
7,framer,soft_credibility,catch_outside,creator_survival,5,0.408,outcome
7,framer,soft_credibility,catch_outside,no_ejection_rate,5,0.03,outcome
7,framer,soft_credibility,catch_outside,incident_rate,5,1.0,outcome
7,framer,sharp_credibility,baseline,false_ejection_rate,5,0.34,outcome
7,framer,sharp_credibility,baseline,coalition_favorable_rate,5,0.374,outcome
7,framer,sharp_credibility,baseline,creator_ejection_rate,5,0.544,outcome
7,framer,sharp_credibility,baseline,creator_survival,5,0.456,outcome
7,framer,sharp_credibility,baseline,no_ejection_rate,5,0.034,outcome
7,framer,sharp_credibility,baseline,incident_rate,5,1.0,outcome
7,framer,sharp_credibility,alibi_off,false_ejection_rate,5,0.46,outcome
7,framer,sharp_credibility,alibi_off,coalition_favorable_rate,5,0.516,outcome
7,framer,sharp_credibility,alibi_off,creator_ejection_rate,5,0.402,outcome
7,framer,sharp_credibility,alibi_off,creator_survival,5,0.598,outcome
7,framer,sharp_credibility,alibi_off,no_ejection_rate,5,0.056,outcome
7,framer,sharp_credibility,alibi_off,incident_rate,5,1.0,outcome
7,framer,sharp_credibility,catch_outside,false_ejection_rate,5,0.272,outcome
7,framer,sharp_credibility,catch_outside,coalition_favorable_rate,5,0.294,outcome
7,framer,sharp_credibility,catch_outside,creator_ejection_rate,5,0.606,outcome
7,framer,sharp_credibility,catch_outside,creator_survival,5,0.394,outcome
7,framer,sharp_credibility,catch_outside,no_ejection_rate,5,0.022,outcome
7,framer,sharp_credibility,catch_outside,incident_rate,5,1.0,outcome
7,truthful,mean,baseline,false_ejection_rate,6,0.0,outcome
7,truthful,mean,baseline,coalition_favorable_rate,6,0.0,outcome
7,truthful,mean,baseline,creator_ejection_rate,6,0.908,outcome
7,truthful,mean,baseline,creator_survival,6,0.092,outcome
7,truthful,mean,baseline,no_ejection_rate,6,0.0,outcome
7,truthful,mean,baseline,incident_rate,6,1.0,outcome
7,truthful,mean,alibi_off,false_ejection_rate,6,0.0,outcome
7,truthful,mean,alibi_off,coalition_favorable_rate,6,0.0,outcome
7,truthful,mean,alibi_off,creator_ejection_rate,6,0.908,outcome
7,truthful,mean,alibi_off,creator_survival,6,0.092,outcome
7,truthful,mean,alibi_off,no_ejection_rate,6,0.0,outcome
7,truthful,mean,alibi_off,incident_rate,6,1.0,outcome
7,truthful,mean,catch_outside,false_ejection_rate,6,0.0,outcome
7,truthful,mean,catch_outside,coalition_favorable_rate,6,0.0,outcome
7,truthful,mean,catch_outside,creator_ejection_rate,6,0.908,outcome
7,truthful,mean,catch_outside,creator_survival,6,0.092,outcome
7,truthful,mean,catch_outside,no_ejection_rate,6,0.0,outcome
7,truthful,mean,catch_outside,incident_rate,6,1.0,outcome
7,truthful,soft_credibility,baseline,false_ejection_rate,6,0.0,outcome
7,truthful,soft_credibility,baseline,coalition_favorable_rate,6,0.0,outcome
7,truthful,soft_credibility,baseline,creator_ejection_rate,6,0.908,outcome
7,truthful,soft_credibility,baseline,creator_survival,6,0.092,outcome
7,truthful,soft_credibility,baseline,no_ejection_rate,6,0.0,outcome
7,truthful,soft_credibility,baseline,incident_rate,6,1.0,outcome
7,truthful,soft_credibility,baseline,n_speakers,6,8.0,voter
7,truthful,soft_credibility,baseline,coalition_share,6,0.25,voter
7,truthful,soft_credibility,baseline,coalition_weight_soft,6,0.25,voter
7,truthful,soft_credibility,baseline,weight_minus_share,6,0.0,voter
7,truthful,soft_credibility,baseline,cred_coalition,6,7.0,voter
7,truthful,soft_credibility,baseline,cred_honest,6,7.0,voter
7,truthful,soft_credibility,baseline,uninformative_share,6,0.0,voter
7,truthful,soft_credibility,baseline,weight_on_uninformative,6,0.0,voter
7,truthful,soft_credibility,baseline,coalition_caught,6,0.0,voter
7,truthful,soft_credibility,baseline,argmax_differs,6,0.0,voter
7,truthful,soft_credibility,baseline,mean_top_is_coalition,6,1.0,voter
7,truthful,soft_credibility,baseline,soft_top_is_coalition,6,1.0,voter
7,truthful,soft_credibility,baseline,mean_skips,6,0.0,voter
7,truthful,soft_credibility,baseline,soft_skips,6,0.0,voter
7,truthful,soft_credibility,alibi_off,false_ejection_rate,6,0.0,outcome
7,truthful,soft_credibility,alibi_off,coalition_favorable_rate,6,0.0,outcome
7,truthful,soft_credibility,alibi_off,creator_ejection_rate,6,0.908,outcome
7,truthful,soft_credibility,alibi_off,creator_survival,6,0.092,outcome
7,truthful,soft_credibility,alibi_off,no_ejection_rate,6,0.0,outcome
7,truthful,soft_credibility,alibi_off,incident_rate,6,1.0,outcome
7,truthful,soft_credibility,catch_outside,false_ejection_rate,6,0.0,outcome
7,truthful,soft_credibility,catch_outside,coalition_favorable_rate,6,0.0,outcome
7,truthful,soft_credibility,catch_outside,creator_ejection_rate,6,0.908,outcome
7,truthful,soft_credibility,catch_outside,creator_survival,6,0.092,outcome
7,truthful,soft_credibility,catch_outside,no_ejection_rate,6,0.0,outcome
7,truthful,soft_credibility,catch_outside,incident_rate,6,1.0,outcome
7,truthful,sharp_credibility,baseline,false_ejection_rate,6,0.0,outcome
7,truthful,sharp_credibility,baseline,coalition_favorable_rate,6,0.0,outcome
7,truthful,sharp_credibility,baseline,creator_ejection_rate,6,0.908,outcome
7,truthful,sharp_credibility,baseline,creator_survival,6,0.092,outcome
7,truthful,sharp_credibility,baseline,no_ejection_rate,6,0.0,outcome
7,truthful,sharp_credibility,baseline,incident_rate,6,1.0,outcome
7,truthful,sharp_credibility,alibi_off,false_ejection_rate,6,0.0,outcome
7,truthful,sharp_credibility,alibi_off,coalition_favorable_rate,6,0.0,outcome
7,truthful,sharp_credibility,alibi_off,creator_ejection_rate,6,0.908,outcome
7,truthful,sharp_credibility,alibi_off,creator_survival,6,0.092,outcome
7,truthful,sharp_credibility,alibi_off,no_ejection_rate,6,0.0,outcome
7,truthful,sharp_credibility,alibi_off,incident_rate,6,1.0,outcome
7,truthful,sharp_credibility,catch_outside,false_ejection_rate,6,0.0,outcome
7,truthful,sharp_credibility,catch_outside,coalition_favorable_rate,6,0.0,outcome
7,truthful,sharp_credibility,catch_outside,creator_ejection_rate,6,0.908,outcome
7,truthful,sharp_credibility,catch_outside,creator_survival,6,0.092,outcome
7,truthful,sharp_credibility,catch_outside,no_ejection_rate,6,0.0,outcome
7,truthful,sharp_credibility,catch_outside,incident_rate,6,1.0,outcome
7,lone_liar,mean,baseline,false_ejection_rate,6,0.078,outcome
7,lone_liar,mean,baseline,coalition_favorable_rate,6,0.11,outcome
7,lone_liar,mean,baseline,creator_ejection_rate,6,0.832,outcome
7,lone_liar,mean,baseline,creator_survival,6,0.168,outcome
7,lone_liar,mean,baseline,no_ejection_rate,6,0.032,outcome
7,lone_liar,mean,baseline,incident_rate,6,1.0,outcome
7,lone_liar,mean,alibi_off,false_ejection_rate,6,0.126,outcome
7,lone_liar,mean,alibi_off,coalition_favorable_rate,6,0.158,outcome
7,lone_liar,mean,alibi_off,creator_ejection_rate,6,0.784,outcome
7,lone_liar,mean,alibi_off,creator_survival,6,0.216,outcome
7,lone_liar,mean,alibi_off,no_ejection_rate,6,0.032,outcome
7,lone_liar,mean,alibi_off,incident_rate,6,1.0,outcome
7,lone_liar,mean,catch_outside,false_ejection_rate,6,0.078,outcome
7,lone_liar,mean,catch_outside,coalition_favorable_rate,6,0.11,outcome
7,lone_liar,mean,catch_outside,creator_ejection_rate,6,0.832,outcome
7,lone_liar,mean,catch_outside,creator_survival,6,0.168,outcome
7,lone_liar,mean,catch_outside,no_ejection_rate,6,0.032,outcome
7,lone_liar,mean,catch_outside,incident_rate,6,1.0,outcome
7,lone_liar,soft_credibility,baseline,false_ejection_rate,6,0.136,outcome
7,lone_liar,soft_credibility,baseline,coalition_favorable_rate,6,0.15,outcome
7,lone_liar,soft_credibility,baseline,creator_ejection_rate,6,0.692,outcome
7,lone_liar,soft_credibility,baseline,creator_survival,6,0.308,outcome
7,lone_liar,soft_credibility,baseline,no_ejection_rate,6,0.014,outcome
7,lone_liar,soft_credibility,baseline,incident_rate,6,1.0,outcome
7,lone_liar,soft_credibility,baseline,n_speakers,6,8.0,voter
7,lone_liar,soft_credibility,baseline,coalition_share,6,0.25,voter
7,lone_liar,soft_credibility,baseline,coalition_weight_soft,6,0.18533863465475725,voter
7,lone_liar,soft_credibility,baseline,weight_minus_share,6,-0.06466136534524279,voter
7,lone_liar,soft_credibility,baseline,cred_coalition,6,4.0295,voter
7,lone_liar,soft_credibility,baseline,cred_honest,6,6.988666666666667,voter
7,lone_liar,soft_credibility,baseline,uninformative_share,6,0.0,voter
7,lone_liar,soft_credibility,baseline,weight_on_uninformative,6,0.0,voter
7,lone_liar,soft_credibility,baseline,coalition_caught,6,0.5893333333333334,voter
7,lone_liar,soft_credibility,baseline,argmax_differs,6,0.019,voter
7,lone_liar,soft_credibility,baseline,mean_top_is_coalition,6,0.8956666666666667,voter
7,lone_liar,soft_credibility,baseline,soft_top_is_coalition,6,0.8773333333333333,voter
7,lone_liar,soft_credibility,baseline,mean_skips,6,0.0,voter
7,lone_liar,soft_credibility,baseline,soft_skips,6,0.0,voter
7,lone_liar,soft_credibility,alibi_off,false_ejection_rate,6,0.162,outcome
7,lone_liar,soft_credibility,alibi_off,coalition_favorable_rate,6,0.18,outcome
7,lone_liar,soft_credibility,alibi_off,creator_ejection_rate,6,0.662,outcome
7,lone_liar,soft_credibility,alibi_off,creator_survival,6,0.338,outcome
7,lone_liar,soft_credibility,alibi_off,no_ejection_rate,6,0.018,outcome
7,lone_liar,soft_credibility,alibi_off,incident_rate,6,1.0,outcome
7,lone_liar,soft_credibility,catch_outside,false_ejection_rate,6,0.074,outcome
7,lone_liar,soft_credibility,catch_outside,coalition_favorable_rate,6,0.104,outcome
7,lone_liar,soft_credibility,catch_outside,creator_ejection_rate,6,0.836,outcome
7,lone_liar,soft_credibility,catch_outside,creator_survival,6,0.164,outcome
7,lone_liar,soft_credibility,catch_outside,no_ejection_rate,6,0.03,outcome
7,lone_liar,soft_credibility,catch_outside,incident_rate,6,1.0,outcome
7,lone_liar,sharp_credibility,baseline,false_ejection_rate,6,0.296,outcome
7,lone_liar,sharp_credibility,baseline,coalition_favorable_rate,6,0.314,outcome
7,lone_liar,sharp_credibility,baseline,creator_ejection_rate,6,0.506,outcome
7,lone_liar,sharp_credibility,baseline,creator_survival,6,0.494,outcome
7,lone_liar,sharp_credibility,baseline,no_ejection_rate,6,0.018,outcome
7,lone_liar,sharp_credibility,baseline,incident_rate,6,1.0,outcome
7,lone_liar,sharp_credibility,alibi_off,false_ejection_rate,6,0.342,outcome
7,lone_liar,sharp_credibility,alibi_off,coalition_favorable_rate,6,0.384,outcome
7,lone_liar,sharp_credibility,alibi_off,creator_ejection_rate,6,0.44,outcome
7,lone_liar,sharp_credibility,alibi_off,creator_survival,6,0.56,outcome
7,lone_liar,sharp_credibility,alibi_off,no_ejection_rate,6,0.042,outcome
7,lone_liar,sharp_credibility,alibi_off,incident_rate,6,1.0,outcome
7,lone_liar,sharp_credibility,catch_outside,false_ejection_rate,6,0.074,outcome
7,lone_liar,sharp_credibility,catch_outside,coalition_favorable_rate,6,0.1,outcome
7,lone_liar,sharp_credibility,catch_outside,creator_ejection_rate,6,0.836,outcome
7,lone_liar,sharp_credibility,catch_outside,creator_survival,6,0.164,outcome
7,lone_liar,sharp_credibility,catch_outside,no_ejection_rate,6,0.026,outcome
7,lone_liar,sharp_credibility,catch_outside,incident_rate,6,1.0,outcome
7,alibi,mean,baseline,false_ejection_rate,6,0.192,outcome
7,alibi,mean,baseline,coalition_favorable_rate,6,0.376,outcome
7,alibi,mean,baseline,creator_ejection_rate,6,0.516,outcome
7,alibi,mean,baseline,creator_survival,6,0.484,outcome
7,alibi,mean,baseline,no_ejection_rate,6,0.184,outcome
7,alibi,mean,baseline,incident_rate,6,1.0,outcome
7,alibi,mean,alibi_off,false_ejection_rate,6,0.14,outcome
7,alibi,mean,alibi_off,coalition_favorable_rate,6,0.192,outcome
7,alibi,mean,alibi_off,creator_ejection_rate,6,0.708,outcome
7,alibi,mean,alibi_off,creator_survival,6,0.292,outcome
7,alibi,mean,alibi_off,no_ejection_rate,6,0.052,outcome
7,alibi,mean,alibi_off,incident_rate,6,1.0,outcome
7,alibi,mean,catch_outside,false_ejection_rate,6,0.192,outcome
7,alibi,mean,catch_outside,coalition_favorable_rate,6,0.376,outcome
7,alibi,mean,catch_outside,creator_ejection_rate,6,0.514,outcome
7,alibi,mean,catch_outside,creator_survival,6,0.486,outcome
7,alibi,mean,catch_outside,no_ejection_rate,6,0.184,outcome
7,alibi,mean,catch_outside,incident_rate,6,1.0,outcome
7,alibi,soft_credibility,baseline,false_ejection_rate,6,0.338,outcome
7,alibi,soft_credibility,baseline,coalition_favorable_rate,6,0.512,outcome
7,alibi,soft_credibility,baseline,creator_ejection_rate,6,0.328,outcome
7,alibi,soft_credibility,baseline,creator_survival,6,0.672,outcome
7,alibi,soft_credibility,baseline,no_ejection_rate,6,0.174,outcome
7,alibi,soft_credibility,baseline,incident_rate,6,1.0,outcome
7,alibi,soft_credibility,baseline,n_speakers,6,8.0,voter
7,alibi,soft_credibility,baseline,coalition_share,6,0.25,voter
7,alibi,soft_credibility,baseline,coalition_weight_soft,6,0.09351935492261869,voter
7,alibi,soft_credibility,baseline,weight_minus_share,6,-0.1564806450773813,voter
7,alibi,soft_credibility,baseline,cred_coalition,6,1.3421666666666667,voter
7,alibi,soft_credibility,baseline,cred_honest,6,6.969333333333333,voter
7,alibi,soft_credibility,baseline,uninformative_share,6,0.0,voter
7,alibi,soft_credibility,baseline,weight_on_uninformative,6,0.0,voter
7,alibi,soft_credibility,baseline,coalition_caught,6,0.658,voter
7,alibi,soft_credibility,baseline,argmax_differs,6,0.07033333333333333,voter
7,alibi,soft_credibility,baseline,mean_top_is_coalition,6,0.622,voter
7,alibi,soft_credibility,baseline,soft_top_is_coalition,6,0.563,voter
7,alibi,soft_credibility,baseline,mean_skips,6,0.0,voter
7,alibi,soft_credibility,baseline,soft_skips,6,0.025333333333333333,voter
7,alibi,soft_credibility,alibi_off,false_ejection_rate,6,0.182,outcome
7,alibi,soft_credibility,alibi_off,coalition_favorable_rate,6,0.24,outcome
7,alibi,soft_credibility,alibi_off,creator_ejection_rate,6,0.666,outcome
7,alibi,soft_credibility,alibi_off,creator_survival,6,0.334,outcome
7,alibi,soft_credibility,alibi_off,no_ejection_rate,6,0.058,outcome
7,alibi,soft_credibility,alibi_off,incident_rate,6,1.0,outcome
7,alibi,soft_credibility,catch_outside,false_ejection_rate,6,0.174,outcome
7,alibi,soft_credibility,catch_outside,coalition_favorable_rate,6,0.342,outcome
7,alibi,soft_credibility,catch_outside,creator_ejection_rate,6,0.55,outcome
7,alibi,soft_credibility,catch_outside,creator_survival,6,0.45,outcome
7,alibi,soft_credibility,catch_outside,no_ejection_rate,6,0.168,outcome
7,alibi,soft_credibility,catch_outside,incident_rate,6,1.0,outcome
7,alibi,sharp_credibility,baseline,false_ejection_rate,6,0.428,outcome
7,alibi,sharp_credibility,baseline,coalition_favorable_rate,6,0.564,outcome
7,alibi,sharp_credibility,baseline,creator_ejection_rate,6,0.312,outcome
7,alibi,sharp_credibility,baseline,creator_survival,6,0.688,outcome
7,alibi,sharp_credibility,baseline,no_ejection_rate,6,0.136,outcome
7,alibi,sharp_credibility,baseline,incident_rate,6,1.0,outcome
7,alibi,sharp_credibility,alibi_off,false_ejection_rate,6,0.376,outcome
7,alibi,sharp_credibility,alibi_off,coalition_favorable_rate,6,0.454,outcome
7,alibi,sharp_credibility,alibi_off,creator_ejection_rate,6,0.484,outcome
7,alibi,sharp_credibility,alibi_off,creator_survival,6,0.516,outcome
7,alibi,sharp_credibility,alibi_off,no_ejection_rate,6,0.078,outcome
7,alibi,sharp_credibility,alibi_off,incident_rate,6,1.0,outcome
7,alibi,sharp_credibility,catch_outside,false_ejection_rate,6,0.158,outcome
7,alibi,sharp_credibility,catch_outside,coalition_favorable_rate,6,0.312,outcome
7,alibi,sharp_credibility,catch_outside,creator_ejection_rate,6,0.58,outcome
7,alibi,sharp_credibility,catch_outside,creator_survival,6,0.42,outcome
7,alibi,sharp_credibility,catch_outside,no_ejection_rate,6,0.154,outcome
7,alibi,sharp_credibility,catch_outside,incident_rate,6,1.0,outcome
7,framer,mean,baseline,false_ejection_rate,6,0.282,outcome
7,framer,mean,baseline,coalition_favorable_rate,6,0.334,outcome
7,framer,mean,baseline,creator_ejection_rate,6,0.564,outcome
7,framer,mean,baseline,creator_survival,6,0.436,outcome
7,framer,mean,baseline,no_ejection_rate,6,0.052,outcome
7,framer,mean,baseline,incident_rate,6,1.0,outcome
7,framer,mean,alibi_off,false_ejection_rate,6,0.456,outcome
7,framer,mean,alibi_off,coalition_favorable_rate,6,0.622,outcome
7,framer,mean,alibi_off,creator_ejection_rate,6,0.302,outcome
7,framer,mean,alibi_off,creator_survival,6,0.698,outcome
7,framer,mean,alibi_off,no_ejection_rate,6,0.166,outcome
7,framer,mean,alibi_off,incident_rate,6,1.0,outcome
7,framer,mean,catch_outside,false_ejection_rate,6,0.282,outcome
7,framer,mean,catch_outside,coalition_favorable_rate,6,0.334,outcome
7,framer,mean,catch_outside,creator_ejection_rate,6,0.564,outcome
7,framer,mean,catch_outside,creator_survival,6,0.436,outcome
7,framer,mean,catch_outside,no_ejection_rate,6,0.052,outcome
7,framer,mean,catch_outside,incident_rate,6,1.0,outcome
7,framer,soft_credibility,baseline,false_ejection_rate,6,0.284,outcome
7,framer,soft_credibility,baseline,coalition_favorable_rate,6,0.326,outcome
7,framer,soft_credibility,baseline,creator_ejection_rate,6,0.588,outcome
7,framer,soft_credibility,baseline,creator_survival,6,0.412,outcome
7,framer,soft_credibility,baseline,no_ejection_rate,6,0.042,outcome
7,framer,soft_credibility,baseline,incident_rate,6,1.0,outcome
7,framer,soft_credibility,baseline,n_speakers,6,8.0,voter
7,framer,soft_credibility,baseline,coalition_share,6,0.25,voter
7,framer,soft_credibility,baseline,coalition_weight_soft,6,0.06555574809644192,voter
7,framer,soft_credibility,baseline,weight_minus_share,6,-0.18444425190355807,voter
7,framer,soft_credibility,baseline,cred_coalition,6,0.42583333333333334,voter
7,framer,soft_credibility,baseline,cred_honest,6,6.414666666666666,voter
7,framer,soft_credibility,baseline,uninformative_share,6,0.0,voter
7,framer,soft_credibility,baseline,weight_on_uninformative,6,0.0,voter
7,framer,soft_credibility,baseline,coalition_caught,6,0.6716666666666666,voter
7,framer,soft_credibility,baseline,argmax_differs,6,0.007333333333333333,voter
7,framer,soft_credibility,baseline,mean_top_is_coalition,6,0.7913333333333333,voter
7,framer,soft_credibility,baseline,soft_top_is_coalition,6,0.7893333333333333,voter
7,framer,soft_credibility,baseline,mean_skips,6,0.0,voter
7,framer,soft_credibility,baseline,soft_skips,6,0.0,voter
7,framer,soft_credibility,alibi_off,false_ejection_rate,6,0.408,outcome
7,framer,soft_credibility,alibi_off,coalition_favorable_rate,6,0.486,outcome
7,framer,soft_credibility,alibi_off,creator_ejection_rate,6,0.428,outcome
7,framer,soft_credibility,alibi_off,creator_survival,6,0.572,outcome
7,framer,soft_credibility,alibi_off,no_ejection_rate,6,0.078,outcome
7,framer,soft_credibility,alibi_off,incident_rate,6,1.0,outcome
7,framer,soft_credibility,catch_outside,false_ejection_rate,6,0.284,outcome
7,framer,soft_credibility,catch_outside,coalition_favorable_rate,6,0.326,outcome
7,framer,soft_credibility,catch_outside,creator_ejection_rate,6,0.588,outcome
7,framer,soft_credibility,catch_outside,creator_survival,6,0.412,outcome
7,framer,soft_credibility,catch_outside,no_ejection_rate,6,0.042,outcome
7,framer,soft_credibility,catch_outside,incident_rate,6,1.0,outcome
7,framer,sharp_credibility,baseline,false_ejection_rate,6,0.32,outcome
7,framer,sharp_credibility,baseline,coalition_favorable_rate,6,0.354,outcome
7,framer,sharp_credibility,baseline,creator_ejection_rate,6,0.554,outcome
7,framer,sharp_credibility,baseline,creator_survival,6,0.446,outcome
7,framer,sharp_credibility,baseline,no_ejection_rate,6,0.034,outcome
7,framer,sharp_credibility,baseline,incident_rate,6,1.0,outcome
7,framer,sharp_credibility,alibi_off,false_ejection_rate,6,0.402,outcome
7,framer,sharp_credibility,alibi_off,coalition_favorable_rate,6,0.464,outcome
7,framer,sharp_credibility,alibi_off,creator_ejection_rate,6,0.428,outcome
7,framer,sharp_credibility,alibi_off,creator_survival,6,0.572,outcome
7,framer,sharp_credibility,alibi_off,no_ejection_rate,6,0.062,outcome
7,framer,sharp_credibility,alibi_off,incident_rate,6,1.0,outcome
7,framer,sharp_credibility,catch_outside,false_ejection_rate,6,0.268,outcome
7,framer,sharp_credibility,catch_outside,coalition_favorable_rate,6,0.298,outcome
7,framer,sharp_credibility,catch_outside,creator_ejection_rate,6,0.606,outcome
7,framer,sharp_credibility,catch_outside,creator_survival,6,0.394,outcome
7,framer,sharp_credibility,catch_outside,no_ejection_rate,6,0.03,outcome
7,framer,sharp_credibility,catch_outside,incident_rate,6,1.0,outcome
7,truthful,mean,baseline,false_ejection_rate,7,0.0,outcome
7,truthful,mean,baseline,coalition_favorable_rate,7,0.0,outcome
7,truthful,mean,baseline,creator_ejection_rate,7,0.916,outcome
7,truthful,mean,baseline,creator_survival,7,0.084,outcome
7,truthful,mean,baseline,no_ejection_rate,7,0.0,outcome
7,truthful,mean,baseline,incident_rate,7,1.0,outcome
7,truthful,mean,alibi_off,false_ejection_rate,7,0.0,outcome
7,truthful,mean,alibi_off,coalition_favorable_rate,7,0.0,outcome
7,truthful,mean,alibi_off,creator_ejection_rate,7,0.916,outcome
7,truthful,mean,alibi_off,creator_survival,7,0.084,outcome
7,truthful,mean,alibi_off,no_ejection_rate,7,0.0,outcome
7,truthful,mean,alibi_off,incident_rate,7,1.0,outcome
7,truthful,mean,catch_outside,false_ejection_rate,7,0.0,outcome
7,truthful,mean,catch_outside,coalition_favorable_rate,7,0.0,outcome
7,truthful,mean,catch_outside,creator_ejection_rate,7,0.916,outcome
7,truthful,mean,catch_outside,creator_survival,7,0.084,outcome
7,truthful,mean,catch_outside,no_ejection_rate,7,0.0,outcome
7,truthful,mean,catch_outside,incident_rate,7,1.0,outcome
7,truthful,soft_credibility,baseline,false_ejection_rate,7,0.0,outcome
7,truthful,soft_credibility,baseline,coalition_favorable_rate,7,0.0,outcome
7,truthful,soft_credibility,baseline,creator_ejection_rate,7,0.916,outcome
7,truthful,soft_credibility,baseline,creator_survival,7,0.084,outcome
7,truthful,soft_credibility,baseline,no_ejection_rate,7,0.0,outcome
7,truthful,soft_credibility,baseline,incident_rate,7,1.0,outcome
7,truthful,soft_credibility,baseline,n_speakers,7,8.0,voter
7,truthful,soft_credibility,baseline,coalition_share,7,0.25,voter
7,truthful,soft_credibility,baseline,coalition_weight_soft,7,0.25,voter
7,truthful,soft_credibility,baseline,weight_minus_share,7,0.0,voter
7,truthful,soft_credibility,baseline,cred_coalition,7,7.0,voter
7,truthful,soft_credibility,baseline,cred_honest,7,7.0,voter
7,truthful,soft_credibility,baseline,uninformative_share,7,0.0,voter
7,truthful,soft_credibility,baseline,weight_on_uninformative,7,0.0,voter
7,truthful,soft_credibility,baseline,coalition_caught,7,0.0,voter
7,truthful,soft_credibility,baseline,argmax_differs,7,0.0,voter
7,truthful,soft_credibility,baseline,mean_top_is_coalition,7,1.0,voter
7,truthful,soft_credibility,baseline,soft_top_is_coalition,7,1.0,voter
7,truthful,soft_credibility,baseline,mean_skips,7,0.0,voter
7,truthful,soft_credibility,baseline,soft_skips,7,0.0,voter
7,truthful,soft_credibility,alibi_off,false_ejection_rate,7,0.0,outcome
7,truthful,soft_credibility,alibi_off,coalition_favorable_rate,7,0.0,outcome
7,truthful,soft_credibility,alibi_off,creator_ejection_rate,7,0.916,outcome
7,truthful,soft_credibility,alibi_off,creator_survival,7,0.084,outcome
7,truthful,soft_credibility,alibi_off,no_ejection_rate,7,0.0,outcome
7,truthful,soft_credibility,alibi_off,incident_rate,7,1.0,outcome
7,truthful,soft_credibility,catch_outside,false_ejection_rate,7,0.0,outcome
7,truthful,soft_credibility,catch_outside,coalition_favorable_rate,7,0.0,outcome
7,truthful,soft_credibility,catch_outside,creator_ejection_rate,7,0.916,outcome
7,truthful,soft_credibility,catch_outside,creator_survival,7,0.084,outcome
7,truthful,soft_credibility,catch_outside,no_ejection_rate,7,0.0,outcome
7,truthful,soft_credibility,catch_outside,incident_rate,7,1.0,outcome
7,truthful,sharp_credibility,baseline,false_ejection_rate,7,0.0,outcome
7,truthful,sharp_credibility,baseline,coalition_favorable_rate,7,0.0,outcome
7,truthful,sharp_credibility,baseline,creator_ejection_rate,7,0.916,outcome
7,truthful,sharp_credibility,baseline,creator_survival,7,0.084,outcome
7,truthful,sharp_credibility,baseline,no_ejection_rate,7,0.0,outcome
7,truthful,sharp_credibility,baseline,incident_rate,7,1.0,outcome
7,truthful,sharp_credibility,alibi_off,false_ejection_rate,7,0.0,outcome
7,truthful,sharp_credibility,alibi_off,coalition_favorable_rate,7,0.0,outcome
7,truthful,sharp_credibility,alibi_off,creator_ejection_rate,7,0.916,outcome
7,truthful,sharp_credibility,alibi_off,creator_survival,7,0.084,outcome
7,truthful,sharp_credibility,alibi_off,no_ejection_rate,7,0.0,outcome
7,truthful,sharp_credibility,alibi_off,incident_rate,7,1.0,outcome
7,truthful,sharp_credibility,catch_outside,false_ejection_rate,7,0.0,outcome
7,truthful,sharp_credibility,catch_outside,coalition_favorable_rate,7,0.0,outcome
7,truthful,sharp_credibility,catch_outside,creator_ejection_rate,7,0.916,outcome
7,truthful,sharp_credibility,catch_outside,creator_survival,7,0.084,outcome
7,truthful,sharp_credibility,catch_outside,no_ejection_rate,7,0.0,outcome
7,truthful,sharp_credibility,catch_outside,incident_rate,7,1.0,outcome
7,lone_liar,mean,baseline,false_ejection_rate,7,0.054,outcome
7,lone_liar,mean,baseline,coalition_favorable_rate,7,0.132,outcome
7,lone_liar,mean,baseline,creator_ejection_rate,7,0.81,outcome
7,lone_liar,mean,baseline,creator_survival,7,0.19,outcome
7,lone_liar,mean,baseline,no_ejection_rate,7,0.078,outcome
7,lone_liar,mean,baseline,incident_rate,7,1.0,outcome
7,lone_liar,mean,alibi_off,false_ejection_rate,7,0.126,outcome
7,lone_liar,mean,alibi_off,coalition_favorable_rate,7,0.198,outcome
7,lone_liar,mean,alibi_off,creator_ejection_rate,7,0.752,outcome
7,lone_liar,mean,alibi_off,creator_survival,7,0.248,outcome
7,lone_liar,mean,alibi_off,no_ejection_rate,7,0.072,outcome
7,lone_liar,mean,alibi_off,incident_rate,7,1.0,outcome
7,lone_liar,mean,catch_outside,false_ejection_rate,7,0.054,outcome
7,lone_liar,mean,catch_outside,coalition_favorable_rate,7,0.132,outcome
7,lone_liar,mean,catch_outside,creator_ejection_rate,7,0.81,outcome
7,lone_liar,mean,catch_outside,creator_survival,7,0.19,outcome
7,lone_liar,mean,catch_outside,no_ejection_rate,7,0.078,outcome
7,lone_liar,mean,catch_outside,incident_rate,7,1.0,outcome
7,lone_liar,soft_credibility,baseline,false_ejection_rate,7,0.106,outcome
7,lone_liar,soft_credibility,baseline,coalition_favorable_rate,7,0.142,outcome
7,lone_liar,soft_credibility,baseline,creator_ejection_rate,7,0.676,outcome
7,lone_liar,soft_credibility,baseline,creator_survival,7,0.324,outcome
7,lone_liar,soft_credibility,baseline,no_ejection_rate,7,0.036,outcome
7,lone_liar,soft_credibility,baseline,incident_rate,7,1.0,outcome
7,lone_liar,soft_credibility,baseline,n_speakers,7,8.0,voter
7,lone_liar,soft_credibility,baseline,coalition_share,7,0.25,voter
7,lone_liar,soft_credibility,baseline,coalition_weight_soft,7,0.18608789894761707,voter
7,lone_liar,soft_credibility,baseline,weight_minus_share,7,-0.06391210105238296,voter
7,lone_liar,soft_credibility,baseline,cred_coalition,7,4.0568333333333335,voter
7,lone_liar,soft_credibility,baseline,cred_honest,7,6.991666666666666,voter
7,lone_liar,soft_credibility,baseline,uninformative_share,7,0.0,voter
7,lone_liar,soft_credibility,baseline,weight_on_uninformative,7,0.0,voter
7,lone_liar,soft_credibility,baseline,coalition_caught,7,0.585,voter
7,lone_liar,soft_credibility,baseline,argmax_differs,7,0.018,voter
7,lone_liar,soft_credibility,baseline,mean_top_is_coalition,7,0.907,voter
7,lone_liar,soft_credibility,baseline,soft_top_is_coalition,7,0.889,voter
7,lone_liar,soft_credibility,baseline,mean_skips,7,0.0,voter
7,lone_liar,soft_credibility,baseline,soft_skips,7,0.0,voter
7,lone_liar,soft_credibility,alibi_off,false_ejection_rate,7,0.17,outcome
7,lone_liar,soft_credibility,alibi_off,coalition_favorable_rate,7,0.2,outcome
7,lone_liar,soft_credibility,alibi_off,creator_ejection_rate,7,0.628,outcome
7,lone_liar,soft_credibility,alibi_off,creator_survival,7,0.372,outcome
7,lone_liar,soft_credibility,alibi_off,no_ejection_rate,7,0.03,outcome
7,lone_liar,soft_credibility,alibi_off,incident_rate,7,1.0,outcome
7,lone_liar,soft_credibility,catch_outside,false_ejection_rate,7,0.054,outcome
7,lone_liar,soft_credibility,catch_outside,coalition_favorable_rate,7,0.132,outcome
7,lone_liar,soft_credibility,catch_outside,creator_ejection_rate,7,0.81,outcome
7,lone_liar,soft_credibility,catch_outside,creator_survival,7,0.19,outcome
7,lone_liar,soft_credibility,catch_outside,no_ejection_rate,7,0.078,outcome
7,lone_liar,soft_credibility,catch_outside,incident_rate,7,1.0,outcome
7,lone_liar,sharp_credibility,baseline,false_ejection_rate,7,0.26,outcome
7,lone_liar,sharp_credibility,baseline,coalition_favorable_rate,7,0.292,outcome
7,lone_liar,sharp_credibility,baseline,creator_ejection_rate,7,0.514,outcome
7,lone_liar,sharp_credibility,baseline,creator_survival,7,0.486,outcome
7,lone_liar,sharp_credibility,baseline,no_ejection_rate,7,0.032,outcome
7,lone_liar,sharp_credibility,baseline,incident_rate,7,1.0,outcome
7,lone_liar,sharp_credibility,alibi_off,false_ejection_rate,7,0.344,outcome
7,lone_liar,sharp_credibility,alibi_off,coalition_favorable_rate,7,0.388,outcome
7,lone_liar,sharp_credibility,alibi_off,creator_ejection_rate,7,0.424,outcome
7,lone_liar,sharp_credibility,alibi_off,creator_survival,7,0.576,outcome
7,lone_liar,sharp_credibility,alibi_off,no_ejection_rate,7,0.044,outcome
7,lone_liar,sharp_credibility,alibi_off,incident_rate,7,1.0,outcome
7,lone_liar,sharp_credibility,catch_outside,false_ejection_rate,7,0.054,outcome
7,lone_liar,sharp_credibility,catch_outside,coalition_favorable_rate,7,0.132,outcome
7,lone_liar,sharp_credibility,catch_outside,creator_ejection_rate,7,0.81,outcome
7,lone_liar,sharp_credibility,catch_outside,creator_survival,7,0.19,outcome
7,lone_liar,sharp_credibility,catch_outside,no_ejection_rate,7,0.078,outcome
7,lone_liar,sharp_credibility,catch_outside,incident_rate,7,1.0,outcome
7,alibi,mean,baseline,false_ejection_rate,7,0.202,outcome
7,alibi,mean,baseline,coalition_favorable_rate,7,0.406,outcome
7,alibi,mean,baseline,creator_ejection_rate,7,0.512,outcome
7,alibi,mean,baseline,creator_survival,7,0.488,outcome
7,alibi,mean,baseline,no_ejection_rate,7,0.204,outcome
7,alibi,mean,baseline,incident_rate,7,1.0,outcome
7,alibi,mean,alibi_off,false_ejection_rate,7,0.18,outcome
7,alibi,mean,alibi_off,coalition_favorable_rate,7,0.238,outcome
7,alibi,mean,alibi_off,creator_ejection_rate,7,0.696,outcome
7,alibi,mean,alibi_off,creator_survival,7,0.304,outcome
7,alibi,mean,alibi_off,no_ejection_rate,7,0.058,outcome
7,alibi,mean,alibi_off,incident_rate,7,1.0,outcome
7,alibi,mean,catch_outside,false_ejection_rate,7,0.202,outcome
7,alibi,mean,catch_outside,coalition_favorable_rate,7,0.406,outcome
7,alibi,mean,catch_outside,creator_ejection_rate,7,0.512,outcome
7,alibi,mean,catch_outside,creator_survival,7,0.488,outcome
7,alibi,mean,catch_outside,no_ejection_rate,7,0.204,outcome
7,alibi,mean,catch_outside,incident_rate,7,1.0,outcome
7,alibi,soft_credibility,baseline,false_ejection_rate,7,0.356,outcome
7,alibi,soft_credibility,baseline,coalition_favorable_rate,7,0.544,outcome
7,alibi,soft_credibility,baseline,creator_ejection_rate,7,0.298,outcome
7,alibi,soft_credibility,baseline,creator_survival,7,0.702,outcome
7,alibi,soft_credibility,baseline,no_ejection_rate,7,0.188,outcome
7,alibi,soft_credibility,baseline,incident_rate,7,1.0,outcome
7,alibi,soft_credibility,baseline,n_speakers,7,8.0,voter
7,alibi,soft_credibility,baseline,coalition_share,7,0.25,voter
7,alibi,soft_credibility,baseline,coalition_weight_soft,7,0.09951024474364184,voter
7,alibi,soft_credibility,baseline,weight_minus_share,7,-0.15048975525635816,voter
7,alibi,soft_credibility,baseline,cred_coalition,7,1.5853333333333333,voter
7,alibi,soft_credibility,baseline,cred_honest,7,6.975333333333333,voter
7,alibi,soft_credibility,baseline,uninformative_share,7,0.0,voter
7,alibi,soft_credibility,baseline,weight_on_uninformative,7,0.0,voter
7,alibi,soft_credibility,baseline,coalition_caught,7,0.6486666666666666,voter
7,alibi,soft_credibility,baseline,argmax_differs,7,0.06366666666666666,voter
7,alibi,soft_credibility,baseline,mean_top_is_coalition,7,0.5866666666666667,voter
7,alibi,soft_credibility,baseline,soft_top_is_coalition,7,0.533,voter
7,alibi,soft_credibility,baseline,mean_skips,7,0.0,voter
7,alibi,soft_credibility,baseline,soft_skips,7,0.032,voter
7,alibi,soft_credibility,alibi_off,false_ejection_rate,7,0.214,outcome
7,alibi,soft_credibility,alibi_off,coalition_favorable_rate,7,0.266,outcome
7,alibi,soft_credibility,alibi_off,creator_ejection_rate,7,0.67,outcome
7,alibi,soft_credibility,alibi_off,creator_survival,7,0.33,outcome
7,alibi,soft_credibility,alibi_off,no_ejection_rate,7,0.052,outcome
7,alibi,soft_credibility,alibi_off,incident_rate,7,1.0,outcome
7,alibi,soft_credibility,catch_outside,false_ejection_rate,7,0.186,outcome
7,alibi,soft_credibility,catch_outside,coalition_favorable_rate,7,0.382,outcome
7,alibi,soft_credibility,catch_outside,creator_ejection_rate,7,0.536,outcome
7,alibi,soft_credibility,catch_outside,creator_survival,7,0.464,outcome
7,alibi,soft_credibility,catch_outside,no_ejection_rate,7,0.196,outcome
7,alibi,soft_credibility,catch_outside,incident_rate,7,1.0,outcome
7,alibi,sharp_credibility,baseline,false_ejection_rate,7,0.424,outcome
7,alibi,sharp_credibility,baseline,coalition_favorable_rate,7,0.582,outcome
7,alibi,sharp_credibility,baseline,creator_ejection_rate,7,0.284,outcome
7,alibi,sharp_credibility,baseline,creator_survival,7,0.716,outcome
7,alibi,sharp_credibility,baseline,no_ejection_rate,7,0.158,outcome
7,alibi,sharp_credibility,baseline,incident_rate,7,1.0,outcome
7,alibi,sharp_credibility,alibi_off,false_ejection_rate,7,0.422,outcome
7,alibi,sharp_credibility,alibi_off,coalition_favorable_rate,7,0.492,outcome
7,alibi,sharp_credibility,alibi_off,creator_ejection_rate,7,0.474,outcome
7,alibi,sharp_credibility,alibi_off,creator_survival,7,0.526,outcome
7,alibi,sharp_credibility,alibi_off,no_ejection_rate,7,0.07,outcome
7,alibi,sharp_credibility,alibi_off,incident_rate,7,1.0,outcome
7,alibi,sharp_credibility,catch_outside,false_ejection_rate,7,0.174,outcome
7,alibi,sharp_credibility,catch_outside,coalition_favorable_rate,7,0.348,outcome
7,alibi,sharp_credibility,catch_outside,creator_ejection_rate,7,0.568,outcome
7,alibi,sharp_credibility,catch_outside,creator_survival,7,0.432,outcome
7,alibi,sharp_credibility,catch_outside,no_ejection_rate,7,0.174,outcome
7,alibi,sharp_credibility,catch_outside,incident_rate,7,1.0,outcome
7,framer,mean,baseline,false_ejection_rate,7,0.256,outcome
7,framer,mean,baseline,coalition_favorable_rate,7,0.296,outcome
7,framer,mean,baseline,creator_ejection_rate,7,0.594,outcome
7,framer,mean,baseline,creator_survival,7,0.406,outcome
7,framer,mean,baseline,no_ejection_rate,7,0.04,outcome
7,framer,mean,baseline,incident_rate,7,1.0,outcome
7,framer,mean,alibi_off,false_ejection_rate,7,0.432,outcome
7,framer,mean,alibi_off,coalition_favorable_rate,7,0.568,outcome
7,framer,mean,alibi_off,creator_ejection_rate,7,0.356,outcome
7,framer,mean,alibi_off,creator_survival,7,0.644,outcome
7,framer,mean,alibi_off,no_ejection_rate,7,0.136,outcome
7,framer,mean,alibi_off,incident_rate,7,1.0,outcome
7,framer,mean,catch_outside,false_ejection_rate,7,0.256,outcome
7,framer,mean,catch_outside,coalition_favorable_rate,7,0.298,outcome
7,framer,mean,catch_outside,creator_ejection_rate,7,0.592,outcome
7,framer,mean,catch_outside,creator_survival,7,0.408,outcome
7,framer,mean,catch_outside,no_ejection_rate,7,0.042,outcome
7,framer,mean,catch_outside,incident_rate,7,1.0,outcome
7,framer,soft_credibility,baseline,false_ejection_rate,7,0.248,outcome
7,framer,soft_credibility,baseline,coalition_favorable_rate,7,0.28,outcome
7,framer,soft_credibility,baseline,creator_ejection_rate,7,0.624,outcome
7,framer,soft_credibility,baseline,creator_survival,7,0.376,outcome
7,framer,soft_credibility,baseline,no_ejection_rate,7,0.032,outcome
7,framer,soft_credibility,baseline,incident_rate,7,1.0,outcome
7,framer,soft_credibility,baseline,n_speakers,7,8.0,voter
7,framer,soft_credibility,baseline,coalition_share,7,0.25,voter
7,framer,soft_credibility,baseline,coalition_weight_soft,7,0.06273664015756181,voter
7,framer,soft_credibility,baseline,weight_minus_share,7,-0.18726335984243814,voter
7,framer,soft_credibility,baseline,cred_coalition,7,0.2855,voter
7,framer,soft_credibility,baseline,cred_honest,7,6.391,voter
7,framer,soft_credibility,baseline,uninformative_share,7,0.0,voter
7,framer,soft_credibility,baseline,weight_on_uninformative,7,0.0,voter
7,framer,soft_credibility,baseline,coalition_caught,7,0.6996666666666667,voter
7,framer,soft_credibility,baseline,argmax_differs,7,0.0036666666666666666,voter
7,framer,soft_credibility,baseline,mean_top_is_coalition,7,0.8143333333333334,voter
7,framer,soft_credibility,baseline,soft_top_is_coalition,7,0.8123333333333334,voter
7,framer,soft_credibility,baseline,mean_skips,7,0.0,voter
7,framer,soft_credibility,baseline,soft_skips,7,0.0,voter
7,framer,soft_credibility,alibi_off,false_ejection_rate,7,0.35,outcome
7,framer,soft_credibility,alibi_off,coalition_favorable_rate,7,0.4,outcome
7,framer,soft_credibility,alibi_off,creator_ejection_rate,7,0.514,outcome
7,framer,soft_credibility,alibi_off,creator_survival,7,0.486,outcome
7,framer,soft_credibility,alibi_off,no_ejection_rate,7,0.05,outcome
7,framer,soft_credibility,alibi_off,incident_rate,7,1.0,outcome
7,framer,soft_credibility,catch_outside,false_ejection_rate,7,0.248,outcome
7,framer,soft_credibility,catch_outside,coalition_favorable_rate,7,0.28,outcome
7,framer,soft_credibility,catch_outside,creator_ejection_rate,7,0.616,outcome
7,framer,soft_credibility,catch_outside,creator_survival,7,0.384,outcome
7,framer,soft_credibility,catch_outside,no_ejection_rate,7,0.032,outcome
7,framer,soft_credibility,catch_outside,incident_rate,7,1.0,outcome
7,framer,sharp_credibility,baseline,false_ejection_rate,7,0.326,outcome
7,framer,sharp_credibility,baseline,coalition_favorable_rate,7,0.36,outcome
7,framer,sharp_credibility,baseline,creator_ejection_rate,7,0.552,outcome
7,framer,sharp_credibility,baseline,creator_survival,7,0.448,outcome
7,framer,sharp_credibility,baseline,no_ejection_rate,7,0.034,outcome
7,framer,sharp_credibility,baseline,incident_rate,7,1.0,outcome
7,framer,sharp_credibility,alibi_off,false_ejection_rate,7,0.41,outcome
7,framer,sharp_credibility,alibi_off,coalition_favorable_rate,7,0.464,outcome
7,framer,sharp_credibility,alibi_off,creator_ejection_rate,7,0.452,outcome
7,framer,sharp_credibility,alibi_off,creator_survival,7,0.548,outcome
7,framer,sharp_credibility,alibi_off,no_ejection_rate,7,0.054,outcome
7,framer,sharp_credibility,alibi_off,incident_rate,7,1.0,outcome
7,framer,sharp_credibility,catch_outside,false_ejection_rate,7,0.248,outcome
7,framer,sharp_credibility,catch_outside,coalition_favorable_rate,7,0.27,outcome
7,framer,sharp_credibility,catch_outside,creator_ejection_rate,7,0.626,outcome
7,framer,sharp_credibility,catch_outside,creator_survival,7,0.374,outcome
7,framer,sharp_credibility,catch_outside,no_ejection_rate,7,0.022,outcome
7,framer,sharp_credibility,catch_outside,incident_rate,7,1.0,outcome
7,truthful,mean,baseline,false_ejection_rate,8,0.0,outcome
7,truthful,mean,baseline,coalition_favorable_rate,8,0.0,outcome
7,truthful,mean,baseline,creator_ejection_rate,8,0.9,outcome
7,truthful,mean,baseline,creator_survival,8,0.1,outcome
7,truthful,mean,baseline,no_ejection_rate,8,0.0,outcome
7,truthful,mean,baseline,incident_rate,8,1.0,outcome
7,truthful,mean,alibi_off,false_ejection_rate,8,0.0,outcome
7,truthful,mean,alibi_off,coalition_favorable_rate,8,0.0,outcome
7,truthful,mean,alibi_off,creator_ejection_rate,8,0.9,outcome
7,truthful,mean,alibi_off,creator_survival,8,0.1,outcome
7,truthful,mean,alibi_off,no_ejection_rate,8,0.0,outcome
7,truthful,mean,alibi_off,incident_rate,8,1.0,outcome
7,truthful,mean,catch_outside,false_ejection_rate,8,0.0,outcome
7,truthful,mean,catch_outside,coalition_favorable_rate,8,0.0,outcome
7,truthful,mean,catch_outside,creator_ejection_rate,8,0.9,outcome
7,truthful,mean,catch_outside,creator_survival,8,0.1,outcome
7,truthful,mean,catch_outside,no_ejection_rate,8,0.0,outcome
7,truthful,mean,catch_outside,incident_rate,8,1.0,outcome
7,truthful,soft_credibility,baseline,false_ejection_rate,8,0.0,outcome
7,truthful,soft_credibility,baseline,coalition_favorable_rate,8,0.0,outcome
7,truthful,soft_credibility,baseline,creator_ejection_rate,8,0.9,outcome
7,truthful,soft_credibility,baseline,creator_survival,8,0.1,outcome
7,truthful,soft_credibility,baseline,no_ejection_rate,8,0.0,outcome
7,truthful,soft_credibility,baseline,incident_rate,8,1.0,outcome
7,truthful,soft_credibility,baseline,n_speakers,8,8.0,voter
7,truthful,soft_credibility,baseline,coalition_share,8,0.25,voter
7,truthful,soft_credibility,baseline,coalition_weight_soft,8,0.25,voter
7,truthful,soft_credibility,baseline,weight_minus_share,8,0.0,voter
7,truthful,soft_credibility,baseline,cred_coalition,8,7.0,voter
7,truthful,soft_credibility,baseline,cred_honest,8,7.0,voter
7,truthful,soft_credibility,baseline,uninformative_share,8,0.0,voter
7,truthful,soft_credibility,baseline,weight_on_uninformative,8,0.0,voter
7,truthful,soft_credibility,baseline,coalition_caught,8,0.0,voter
7,truthful,soft_credibility,baseline,argmax_differs,8,0.0,voter
7,truthful,soft_credibility,baseline,mean_top_is_coalition,8,1.0,voter
7,truthful,soft_credibility,baseline,soft_top_is_coalition,8,1.0,voter
7,truthful,soft_credibility,baseline,mean_skips,8,0.0,voter
7,truthful,soft_credibility,baseline,soft_skips,8,0.0,voter
7,truthful,soft_credibility,alibi_off,false_ejection_rate,8,0.0,outcome
7,truthful,soft_credibility,alibi_off,coalition_favorable_rate,8,0.0,outcome
7,truthful,soft_credibility,alibi_off,creator_ejection_rate,8,0.9,outcome
7,truthful,soft_credibility,alibi_off,creator_survival,8,0.1,outcome
7,truthful,soft_credibility,alibi_off,no_ejection_rate,8,0.0,outcome
7,truthful,soft_credibility,alibi_off,incident_rate,8,1.0,outcome
7,truthful,soft_credibility,catch_outside,false_ejection_rate,8,0.0,outcome
7,truthful,soft_credibility,catch_outside,coalition_favorable_rate,8,0.0,outcome
7,truthful,soft_credibility,catch_outside,creator_ejection_rate,8,0.9,outcome
7,truthful,soft_credibility,catch_outside,creator_survival,8,0.1,outcome
7,truthful,soft_credibility,catch_outside,no_ejection_rate,8,0.0,outcome
7,truthful,soft_credibility,catch_outside,incident_rate,8,1.0,outcome
7,truthful,sharp_credibility,baseline,false_ejection_rate,8,0.0,outcome
7,truthful,sharp_credibility,baseline,coalition_favorable_rate,8,0.0,outcome
7,truthful,sharp_credibility,baseline,creator_ejection_rate,8,0.9,outcome
7,truthful,sharp_credibility,baseline,creator_survival,8,0.1,outcome
7,truthful,sharp_credibility,baseline,no_ejection_rate,8,0.0,outcome
7,truthful,sharp_credibility,baseline,incident_rate,8,1.0,outcome
7,truthful,sharp_credibility,alibi_off,false_ejection_rate,8,0.0,outcome
7,truthful,sharp_credibility,alibi_off,coalition_favorable_rate,8,0.0,outcome
7,truthful,sharp_credibility,alibi_off,creator_ejection_rate,8,0.9,outcome
7,truthful,sharp_credibility,alibi_off,creator_survival,8,0.1,outcome
7,truthful,sharp_credibility,alibi_off,no_ejection_rate,8,0.0,outcome
7,truthful,sharp_credibility,alibi_off,incident_rate,8,1.0,outcome
7,truthful,sharp_credibility,catch_outside,false_ejection_rate,8,0.0,outcome
7,truthful,sharp_credibility,catch_outside,coalition_favorable_rate,8,0.0,outcome
7,truthful,sharp_credibility,catch_outside,creator_ejection_rate,8,0.9,outcome
7,truthful,sharp_credibility,catch_outside,creator_survival,8,0.1,outcome
7,truthful,sharp_credibility,catch_outside,no_ejection_rate,8,0.0,outcome
7,truthful,sharp_credibility,catch_outside,incident_rate,8,1.0,outcome
7,lone_liar,mean,baseline,false_ejection_rate,8,0.112,outcome
7,lone_liar,mean,baseline,coalition_favorable_rate,8,0.178,outcome
7,lone_liar,mean,baseline,creator_ejection_rate,8,0.752,outcome
7,lone_liar,mean,baseline,creator_survival,8,0.248,outcome
7,lone_liar,mean,baseline,no_ejection_rate,8,0.066,outcome
7,lone_liar,mean,baseline,incident_rate,8,1.0,outcome
7,lone_liar,mean,alibi_off,false_ejection_rate,8,0.142,outcome
7,lone_liar,mean,alibi_off,coalition_favorable_rate,8,0.208,outcome
7,lone_liar,mean,alibi_off,creator_ejection_rate,8,0.726,outcome
7,lone_liar,mean,alibi_off,creator_survival,8,0.274,outcome
7,lone_liar,mean,alibi_off,no_ejection_rate,8,0.066,outcome
7,lone_liar,mean,alibi_off,incident_rate,8,1.0,outcome
7,lone_liar,mean,catch_outside,false_ejection_rate,8,0.112,outcome
7,lone_liar,mean,catch_outside,coalition_favorable_rate,8,0.178,outcome
7,lone_liar,mean,catch_outside,creator_ejection_rate,8,0.752,outcome
7,lone_liar,mean,catch_outside,creator_survival,8,0.248,outcome
7,lone_liar,mean,catch_outside,no_ejection_rate,8,0.066,outcome
7,lone_liar,mean,catch_outside,incident_rate,8,1.0,outcome
7,lone_liar,soft_credibility,baseline,false_ejection_rate,8,0.174,outcome
7,lone_liar,soft_credibility,baseline,coalition_favorable_rate,8,0.198,outcome
7,lone_liar,soft_credibility,baseline,creator_ejection_rate,8,0.626,outcome
7,lone_liar,soft_credibility,baseline,creator_survival,8,0.374,outcome
7,lone_liar,soft_credibility,baseline,no_ejection_rate,8,0.024,outcome
7,lone_liar,soft_credibility,baseline,incident_rate,8,1.0,outcome
7,lone_liar,soft_credibility,baseline,n_speakers,8,8.0,voter
7,lone_liar,soft_credibility,baseline,coalition_share,8,0.25,voter
7,lone_liar,soft_credibility,baseline,coalition_weight_soft,8,0.18608804363363649,voter
7,lone_liar,soft_credibility,baseline,weight_minus_share,8,-0.06391195636636353,voter
7,lone_liar,soft_credibility,baseline,cred_coalition,8,4.077166666666667,voter
7,lone_liar,soft_credibility,baseline,cred_honest,8,6.9896666666666665,voter
7,lone_liar,soft_credibility,baseline,uninformative_share,8,0.0,voter
7,lone_liar,soft_credibility,baseline,weight_on_uninformative,8,0.0,voter
7,lone_liar,soft_credibility,baseline,coalition_caught,8,0.5793333333333334,voter
7,lone_liar,soft_credibility,baseline,argmax_differs,8,0.015666666666666666,voter
7,lone_liar,soft_credibility,baseline,mean_top_is_coalition,8,0.8626666666666667,voter
7,lone_liar,soft_credibility,baseline,soft_top_is_coalition,8,0.8473333333333334,voter
7,lone_liar,soft_credibility,baseline,mean_skips,8,0.0,voter
7,lone_liar,soft_credibility,baseline,soft_skips,8,0.0,voter
7,lone_liar,soft_credibility,alibi_off,false_ejection_rate,8,0.196,outcome
7,lone_liar,soft_credibility,alibi_off,coalition_favorable_rate,8,0.22,outcome
7,lone_liar,soft_credibility,alibi_off,creator_ejection_rate,8,0.608,outcome
7,lone_liar,soft_credibility,alibi_off,creator_survival,8,0.392,outcome
7,lone_liar,soft_credibility,alibi_off,no_ejection_rate,8,0.024,outcome
7,lone_liar,soft_credibility,alibi_off,incident_rate,8,1.0,outcome
7,lone_liar,soft_credibility,catch_outside,false_ejection_rate,8,0.11,outcome
7,lone_liar,soft_credibility,catch_outside,coalition_favorable_rate,8,0.172,outcome
7,lone_liar,soft_credibility,catch_outside,creator_ejection_rate,8,0.754,outcome
7,lone_liar,soft_credibility,catch_outside,creator_survival,8,0.246,outcome
7,lone_liar,soft_credibility,catch_outside,no_ejection_rate,8,0.062,outcome
7,lone_liar,soft_credibility,catch_outside,incident_rate,8,1.0,outcome
7,lone_liar,sharp_credibility,baseline,false_ejection_rate,8,0.322,outcome
7,lone_liar,sharp_credibility,baseline,coalition_favorable_rate,8,0.34,outcome
7,lone_liar,sharp_credibility,baseline,creator_ejection_rate,8,0.46,outcome
7,lone_liar,sharp_credibility,baseline,creator_survival,8,0.54,outcome
7,lone_liar,sharp_credibility,baseline,no_ejection_rate,8,0.018,outcome
7,lone_liar,sharp_credibility,baseline,incident_rate,8,1.0,outcome
7,lone_liar,sharp_credibility,alibi_off,false_ejection_rate,8,0.384,outcome
7,lone_liar,sharp_credibility,alibi_off,coalition_favorable_rate,8,0.406,outcome
7,lone_liar,sharp_credibility,alibi_off,creator_ejection_rate,8,0.396,outcome
7,lone_liar,sharp_credibility,alibi_off,creator_survival,8,0.604,outcome
7,lone_liar,sharp_credibility,alibi_off,no_ejection_rate,8,0.022,outcome
7,lone_liar,sharp_credibility,alibi_off,incident_rate,8,1.0,outcome
7,lone_liar,sharp_credibility,catch_outside,false_ejection_rate,8,0.11,outcome
7,lone_liar,sharp_credibility,catch_outside,coalition_favorable_rate,8,0.17,outcome
7,lone_liar,sharp_credibility,catch_outside,creator_ejection_rate,8,0.754,outcome
7,lone_liar,sharp_credibility,catch_outside,creator_survival,8,0.246,outcome
7,lone_liar,sharp_credibility,catch_outside,no_ejection_rate,8,0.06,outcome
7,lone_liar,sharp_credibility,catch_outside,incident_rate,8,1.0,outcome
7,alibi,mean,baseline,false_ejection_rate,8,0.208,outcome
7,alibi,mean,baseline,coalition_favorable_rate,8,0.372,outcome
7,alibi,mean,baseline,creator_ejection_rate,8,0.572,outcome
7,alibi,mean,baseline,creator_survival,8,0.428,outcome
7,alibi,mean,baseline,no_ejection_rate,8,0.164,outcome
7,alibi,mean,baseline,incident_rate,8,1.0,outcome
7,alibi,mean,alibi_off,false_ejection_rate,8,0.172,outcome
7,alibi,mean,alibi_off,coalition_favorable_rate,8,0.22,outcome
7,alibi,mean,alibi_off,creator_ejection_rate,8,0.736,outcome
7,alibi,mean,alibi_off,creator_survival,8,0.264,outcome
7,alibi,mean,alibi_off,no_ejection_rate,8,0.048,outcome
7,alibi,mean,alibi_off,incident_rate,8,1.0,outcome
7,alibi,mean,catch_outside,false_ejection_rate,8,0.208,outcome
7,alibi,mean,catch_outside,coalition_favorable_rate,8,0.372,outcome
7,alibi,mean,catch_outside,creator_ejection_rate,8,0.572,outcome
7,alibi,mean,catch_outside,creator_survival,8,0.428,outcome
7,alibi,mean,catch_outside,no_ejection_rate,8,0.164,outcome
7,alibi,mean,catch_outside,incident_rate,8,1.0,outcome
7,alibi,soft_credibility,baseline,false_ejection_rate,8,0.368,outcome
7,alibi,soft_credibility,baseline,coalition_favorable_rate,8,0.514,outcome
7,alibi,soft_credibility,baseline,creator_ejection_rate,8,0.356,outcome
7,alibi,soft_credibility,baseline,creator_survival,8,0.644,outcome
7,alibi,soft_credibility,baseline,no_ejection_rate,8,0.146,outcome
7,alibi,soft_credibility,baseline,incident_rate,8,1.0,outcome
7,alibi,soft_credibility,baseline,n_speakers,8,8.0,voter
7,alibi,soft_credibility,baseline,coalition_share,8,0.25,voter
7,alibi,soft_credibility,baseline,coalition_weight_soft,8,0.098634098788339,voter
7,alibi,soft_credibility,baseline,weight_minus_share,8,-0.151365901211661,voter
7,alibi,soft_credibility,baseline,cred_coalition,8,1.588,voter
7,alibi,soft_credibility,baseline,cred_honest,8,6.973333333333334,voter
7,alibi,soft_credibility,baseline,uninformative_share,8,0.0,voter
7,alibi,soft_credibility,baseline,weight_on_uninformative,8,0.0,voter
7,alibi,soft_credibility,baseline,coalition_caught,8,0.653,voter
7,alibi,soft_credibility,baseline,argmax_differs,8,0.057,voter
7,alibi,soft_credibility,baseline,mean_top_is_coalition,8,0.573,voter
7,alibi,soft_credibility,baseline,soft_top_is_coalition,8,0.5233333333333333,voter
7,alibi,soft_credibility,baseline,mean_skips,8,0.0,voter
7,alibi,soft_credibility,baseline,soft_skips,8,0.024333333333333332,voter
7,alibi,soft_credibility,alibi_off,false_ejection_rate,8,0.206,outcome
7,alibi,soft_credibility,alibi_off,coalition_favorable_rate,8,0.256,outcome
7,alibi,soft_credibility,alibi_off,creator_ejection_rate,8,0.698,outcome
7,alibi,soft_credibility,alibi_off,creator_survival,8,0.302,outcome
7,alibi,soft_credibility,alibi_off,no_ejection_rate,8,0.05,outcome
7,alibi,soft_credibility,alibi_off,incident_rate,8,1.0,outcome
7,alibi,soft_credibility,catch_outside,false_ejection_rate,8,0.186,outcome
7,alibi,soft_credibility,catch_outside,coalition_favorable_rate,8,0.34,outcome
7,alibi,soft_credibility,catch_outside,creator_ejection_rate,8,0.608,outcome
7,alibi,soft_credibility,catch_outside,creator_survival,8,0.392,outcome
7,alibi,soft_credibility,catch_outside,no_ejection_rate,8,0.154,outcome
7,alibi,soft_credibility,catch_outside,incident_rate,8,1.0,outcome
7,alibi,sharp_credibility,baseline,false_ejection_rate,8,0.446,outcome
7,alibi,sharp_credibility,baseline,coalition_favorable_rate,8,0.562,outcome
7,alibi,sharp_credibility,baseline,creator_ejection_rate,8,0.314,outcome
7,alibi,sharp_credibility,baseline,creator_survival,8,0.686,outcome
7,alibi,sharp_credibility,baseline,no_ejection_rate,8,0.116,outcome
7,alibi,sharp_credibility,baseline,incident_rate,8,1.0,outcome
7,alibi,sharp_credibility,alibi_off,false_ejection_rate,8,0.416,outcome
7,alibi,sharp_credibility,alibi_off,coalition_favorable_rate,8,0.492,outcome
7,alibi,sharp_credibility,alibi_off,creator_ejection_rate,8,0.466,outcome
7,alibi,sharp_credibility,alibi_off,creator_survival,8,0.534,outcome
7,alibi,sharp_credibility,alibi_off,no_ejection_rate,8,0.076,outcome
7,alibi,sharp_credibility,alibi_off,incident_rate,8,1.0,outcome
7,alibi,sharp_credibility,catch_outside,false_ejection_rate,8,0.174,outcome
7,alibi,sharp_credibility,catch_outside,coalition_favorable_rate,8,0.306,outcome
7,alibi,sharp_credibility,catch_outside,creator_ejection_rate,8,0.644,outcome
7,alibi,sharp_credibility,catch_outside,creator_survival,8,0.356,outcome
7,alibi,sharp_credibility,catch_outside,no_ejection_rate,8,0.132,outcome
7,alibi,sharp_credibility,catch_outside,incident_rate,8,1.0,outcome
7,framer,mean,baseline,false_ejection_rate,8,0.268,outcome
7,framer,mean,baseline,coalition_favorable_rate,8,0.31,outcome
7,framer,mean,baseline,creator_ejection_rate,8,0.586,outcome
7,framer,mean,baseline,creator_survival,8,0.414,outcome
7,framer,mean,baseline,no_ejection_rate,8,0.042,outcome
7,framer,mean,baseline,incident_rate,8,1.0,outcome
7,framer,mean,alibi_off,false_ejection_rate,8,0.466,outcome
7,framer,mean,alibi_off,coalition_favorable_rate,8,0.59,outcome
7,framer,mean,alibi_off,creator_ejection_rate,8,0.35,outcome
7,framer,mean,alibi_off,creator_survival,8,0.65,outcome
7,framer,mean,alibi_off,no_ejection_rate,8,0.124,outcome
7,framer,mean,alibi_off,incident_rate,8,1.0,outcome
7,framer,mean,catch_outside,false_ejection_rate,8,0.268,outcome
7,framer,mean,catch_outside,coalition_favorable_rate,8,0.31,outcome
7,framer,mean,catch_outside,creator_ejection_rate,8,0.586,outcome
7,framer,mean,catch_outside,creator_survival,8,0.414,outcome
7,framer,mean,catch_outside,no_ejection_rate,8,0.042,outcome
7,framer,mean,catch_outside,incident_rate,8,1.0,outcome
7,framer,soft_credibility,baseline,false_ejection_rate,8,0.256,outcome
7,framer,soft_credibility,baseline,coalition_favorable_rate,8,0.29,outcome
7,framer,soft_credibility,baseline,creator_ejection_rate,8,0.614,outcome
7,framer,soft_credibility,baseline,creator_survival,8,0.386,outcome
7,framer,soft_credibility,baseline,no_ejection_rate,8,0.034,outcome
7,framer,soft_credibility,baseline,incident_rate,8,1.0,outcome
7,framer,soft_credibility,baseline,n_speakers,8,8.0,voter
7,framer,soft_credibility,baseline,coalition_share,8,0.25,voter
7,framer,soft_credibility,baseline,coalition_weight_soft,8,0.06343674319978211,voter
7,framer,soft_credibility,baseline,weight_minus_share,8,-0.1865632568002179,voter
7,framer,soft_credibility,baseline,cred_coalition,8,0.36133333333333334,voter
7,framer,soft_credibility,baseline,cred_honest,8,6.394333333333333,voter
7,framer,soft_credibility,baseline,uninformative_share,8,0.0,voter
7,framer,soft_credibility,baseline,weight_on_uninformative,8,0.0,voter
7,framer,soft_credibility,baseline,coalition_caught,8,0.678,voter
7,framer,soft_credibility,baseline,argmax_differs,8,0.009,voter
7,framer,soft_credibility,baseline,mean_top_is_coalition,8,0.8093333333333333,voter
7,framer,soft_credibility,baseline,soft_top_is_coalition,8,0.807,voter
7,framer,soft_credibility,baseline,mean_skips,8,0.0,voter
7,framer,soft_credibility,baseline,soft_skips,8,0.0,voter
7,framer,soft_credibility,alibi_off,false_ejection_rate,8,0.4,outcome
7,framer,soft_credibility,alibi_off,coalition_favorable_rate,8,0.452,outcome
7,framer,soft_credibility,alibi_off,creator_ejection_rate,8,0.472,outcome
7,framer,soft_credibility,alibi_off,creator_survival,8,0.528,outcome
7,framer,soft_credibility,alibi_off,no_ejection_rate,8,0.052,outcome
7,framer,soft_credibility,alibi_off,incident_rate,8,1.0,outcome
7,framer,soft_credibility,catch_outside,false_ejection_rate,8,0.256,outcome
7,framer,soft_credibility,catch_outside,coalition_favorable_rate,8,0.29,outcome
7,framer,soft_credibility,catch_outside,creator_ejection_rate,8,0.612,outcome
7,framer,soft_credibility,catch_outside,creator_survival,8,0.388,outcome
7,framer,soft_credibility,catch_outside,no_ejection_rate,8,0.034,outcome
7,framer,soft_credibility,catch_outside,incident_rate,8,1.0,outcome
7,framer,sharp_credibility,baseline,false_ejection_rate,8,0.316,outcome
7,framer,sharp_credibility,baseline,coalition_favorable_rate,8,0.34,outcome
7,framer,sharp_credibility,baseline,creator_ejection_rate,8,0.564,outcome
7,framer,sharp_credibility,baseline,creator_survival,8,0.436,outcome
7,framer,sharp_credibility,baseline,no_ejection_rate,8,0.024,outcome
7,framer,sharp_credibility,baseline,incident_rate,8,1.0,outcome
7,framer,sharp_credibility,alibi_off,false_ejection_rate,8,0.424,outcome
7,framer,sharp_credibility,alibi_off,coalition_favorable_rate,8,0.47,outcome
7,framer,sharp_credibility,alibi_off,creator_ejection_rate,8,0.448,outcome
7,framer,sharp_credibility,alibi_off,creator_survival,8,0.552,outcome
7,framer,sharp_credibility,alibi_off,no_ejection_rate,8,0.046,outcome
7,framer,sharp_credibility,alibi_off,incident_rate,8,1.0,outcome
7,framer,sharp_credibility,catch_outside,false_ejection_rate,8,0.232,outcome
7,framer,sharp_credibility,catch_outside,coalition_favorable_rate,8,0.254,outcome
7,framer,sharp_credibility,catch_outside,creator_ejection_rate,8,0.644,outcome
7,framer,sharp_credibility,catch_outside,creator_survival,8,0.356,outcome
7,framer,sharp_credibility,catch_outside,no_ejection_rate,8,0.022,outcome
7,framer,sharp_credibility,catch_outside,incident_rate,8,1.0,outcome
7,truthful,mean,baseline,false_ejection_rate,9,0.0,outcome
7,truthful,mean,baseline,coalition_favorable_rate,9,0.0,outcome
7,truthful,mean,baseline,creator_ejection_rate,9,0.922,outcome
7,truthful,mean,baseline,creator_survival,9,0.078,outcome
7,truthful,mean,baseline,no_ejection_rate,9,0.0,outcome
7,truthful,mean,baseline,incident_rate,9,1.0,outcome
7,truthful,mean,alibi_off,false_ejection_rate,9,0.0,outcome
7,truthful,mean,alibi_off,coalition_favorable_rate,9,0.0,outcome
7,truthful,mean,alibi_off,creator_ejection_rate,9,0.922,outcome
7,truthful,mean,alibi_off,creator_survival,9,0.078,outcome
7,truthful,mean,alibi_off,no_ejection_rate,9,0.0,outcome
7,truthful,mean,alibi_off,incident_rate,9,1.0,outcome
7,truthful,mean,catch_outside,false_ejection_rate,9,0.0,outcome
7,truthful,mean,catch_outside,coalition_favorable_rate,9,0.0,outcome
7,truthful,mean,catch_outside,creator_ejection_rate,9,0.922,outcome
7,truthful,mean,catch_outside,creator_survival,9,0.078,outcome
7,truthful,mean,catch_outside,no_ejection_rate,9,0.0,outcome
7,truthful,mean,catch_outside,incident_rate,9,1.0,outcome
7,truthful,soft_credibility,baseline,false_ejection_rate,9,0.0,outcome
7,truthful,soft_credibility,baseline,coalition_favorable_rate,9,0.0,outcome
7,truthful,soft_credibility,baseline,creator_ejection_rate,9,0.922,outcome
7,truthful,soft_credibility,baseline,creator_survival,9,0.078,outcome
7,truthful,soft_credibility,baseline,no_ejection_rate,9,0.0,outcome
7,truthful,soft_credibility,baseline,incident_rate,9,1.0,outcome
7,truthful,soft_credibility,baseline,n_speakers,9,8.0,voter
7,truthful,soft_credibility,baseline,coalition_share,9,0.25,voter
7,truthful,soft_credibility,baseline,coalition_weight_soft,9,0.25,voter
7,truthful,soft_credibility,baseline,weight_minus_share,9,0.0,voter
7,truthful,soft_credibility,baseline,cred_coalition,9,7.0,voter
7,truthful,soft_credibility,baseline,cred_honest,9,7.0,voter
7,truthful,soft_credibility,baseline,uninformative_share,9,0.0,voter
7,truthful,soft_credibility,baseline,weight_on_uninformative,9,0.0,voter
7,truthful,soft_credibility,baseline,coalition_caught,9,0.0,voter
7,truthful,soft_credibility,baseline,argmax_differs,9,0.0,voter
7,truthful,soft_credibility,baseline,mean_top_is_coalition,9,1.0,voter
7,truthful,soft_credibility,baseline,soft_top_is_coalition,9,1.0,voter
7,truthful,soft_credibility,baseline,mean_skips,9,0.0,voter
7,truthful,soft_credibility,baseline,soft_skips,9,0.0,voter
7,truthful,soft_credibility,alibi_off,false_ejection_rate,9,0.0,outcome
7,truthful,soft_credibility,alibi_off,coalition_favorable_rate,9,0.0,outcome
7,truthful,soft_credibility,alibi_off,creator_ejection_rate,9,0.922,outcome
7,truthful,soft_credibility,alibi_off,creator_survival,9,0.078,outcome
7,truthful,soft_credibility,alibi_off,no_ejection_rate,9,0.0,outcome
7,truthful,soft_credibility,alibi_off,incident_rate,9,1.0,outcome
7,truthful,soft_credibility,catch_outside,false_ejection_rate,9,0.0,outcome
7,truthful,soft_credibility,catch_outside,coalition_favorable_rate,9,0.0,outcome
7,truthful,soft_credibility,catch_outside,creator_ejection_rate,9,0.922,outcome
7,truthful,soft_credibility,catch_outside,creator_survival,9,0.078,outcome
7,truthful,soft_credibility,catch_outside,no_ejection_rate,9,0.0,outcome
7,truthful,soft_credibility,catch_outside,incident_rate,9,1.0,outcome
7,truthful,sharp_credibility,baseline,false_ejection_rate,9,0.0,outcome
7,truthful,sharp_credibility,baseline,coalition_favorable_rate,9,0.0,outcome
7,truthful,sharp_credibility,baseline,creator_ejection_rate,9,0.922,outcome
7,truthful,sharp_credibility,baseline,creator_survival,9,0.078,outcome
7,truthful,sharp_credibility,baseline,no_ejection_rate,9,0.0,outcome
7,truthful,sharp_credibility,baseline,incident_rate,9,1.0,outcome
7,truthful,sharp_credibility,alibi_off,false_ejection_rate,9,0.0,outcome
7,truthful,sharp_credibility,alibi_off,coalition_favorable_rate,9,0.0,outcome
7,truthful,sharp_credibility,alibi_off,creator_ejection_rate,9,0.922,outcome
7,truthful,sharp_credibility,alibi_off,creator_survival,9,0.078,outcome
7,truthful,sharp_credibility,alibi_off,no_ejection_rate,9,0.0,outcome
7,truthful,sharp_credibility,alibi_off,incident_rate,9,1.0,outcome
7,truthful,sharp_credibility,catch_outside,false_ejection_rate,9,0.0,outcome
7,truthful,sharp_credibility,catch_outside,coalition_favorable_rate,9,0.0,outcome
7,truthful,sharp_credibility,catch_outside,creator_ejection_rate,9,0.922,outcome
7,truthful,sharp_credibility,catch_outside,creator_survival,9,0.078,outcome
7,truthful,sharp_credibility,catch_outside,no_ejection_rate,9,0.0,outcome
7,truthful,sharp_credibility,catch_outside,incident_rate,9,1.0,outcome
7,lone_liar,mean,baseline,false_ejection_rate,9,0.092,outcome
7,lone_liar,mean,baseline,coalition_favorable_rate,9,0.146,outcome
7,lone_liar,mean,baseline,creator_ejection_rate,9,0.8,outcome
7,lone_liar,mean,baseline,creator_survival,9,0.2,outcome
7,lone_liar,mean,baseline,no_ejection_rate,9,0.054,outcome
7,lone_liar,mean,baseline,incident_rate,9,1.0,outcome
7,lone_liar,mean,alibi_off,false_ejection_rate,9,0.128,outcome
7,lone_liar,mean,alibi_off,coalition_favorable_rate,9,0.18,outcome
7,lone_liar,mean,alibi_off,creator_ejection_rate,9,0.76,outcome
7,lone_liar,mean,alibi_off,creator_survival,9,0.24,outcome
7,lone_liar,mean,alibi_off,no_ejection_rate,9,0.052,outcome
7,lone_liar,mean,alibi_off,incident_rate,9,1.0,outcome
7,lone_liar,mean,catch_outside,false_ejection_rate,9,0.092,outcome
7,lone_liar,mean,catch_outside,coalition_favorable_rate,9,0.146,outcome
7,lone_liar,mean,catch_outside,creator_ejection_rate,9,0.8,outcome
7,lone_liar,mean,catch_outside,creator_survival,9,0.2,outcome
7,lone_liar,mean,catch_outside,no_ejection_rate,9,0.054,outcome
7,lone_liar,mean,catch_outside,incident_rate,9,1.0,outcome
7,lone_liar,soft_credibility,baseline,false_ejection_rate,9,0.144,outcome
7,lone_liar,soft_credibility,baseline,coalition_favorable_rate,9,0.156,outcome
7,lone_liar,soft_credibility,baseline,creator_ejection_rate,9,0.676,outcome
7,lone_liar,soft_credibility,baseline,creator_survival,9,0.324,outcome
7,lone_liar,soft_credibility,baseline,no_ejection_rate,9,0.012,outcome
7,lone_liar,soft_credibility,baseline,incident_rate,9,1.0,outcome
7,lone_liar,soft_credibility,baseline,n_speakers,9,8.0,voter
7,lone_liar,soft_credibility,baseline,coalition_share,9,0.25,voter
7,lone_liar,soft_credibility,baseline,coalition_weight_soft,9,0.18543531025198584,voter
7,lone_liar,soft_credibility,baseline,weight_minus_share,9,-0.06456468974801416,voter
7,lone_liar,soft_credibility,baseline,cred_coalition,9,4.045333333333334,voter
7,lone_liar,soft_credibility,baseline,cred_honest,9,6.985,voter
7,lone_liar,soft_credibility,baseline,uninformative_share,9,0.0,voter
7,lone_liar,soft_credibility,baseline,weight_on_uninformative,9,0.0,voter
7,lone_liar,soft_credibility,baseline,coalition_caught,9,0.5843333333333334,voter
7,lone_liar,soft_credibility,baseline,argmax_differs,9,0.022333333333333334,voter
7,lone_liar,soft_credibility,baseline,mean_top_is_coalition,9,0.8926666666666667,voter
7,lone_liar,soft_credibility,baseline,soft_top_is_coalition,9,0.8713333333333333,voter
7,lone_liar,soft_credibility,baseline,mean_skips,9,0.0,voter
7,lone_liar,soft_credibility,baseline,soft_skips,9,0.0,voter
7,lone_liar,soft_credibility,alibi_off,false_ejection_rate,9,0.166,outcome
7,lone_liar,soft_credibility,alibi_off,coalition_favorable_rate,9,0.176,outcome
7,lone_liar,soft_credibility,alibi_off,creator_ejection_rate,9,0.654,outcome
7,lone_liar,soft_credibility,alibi_off,creator_survival,9,0.346,outcome
7,lone_liar,soft_credibility,alibi_off,no_ejection_rate,9,0.01,outcome
7,lone_liar,soft_credibility,alibi_off,incident_rate,9,1.0,outcome
7,lone_liar,soft_credibility,catch_outside,false_ejection_rate,9,0.092,outcome
7,lone_liar,soft_credibility,catch_outside,coalition_favorable_rate,9,0.14,outcome
7,lone_liar,soft_credibility,catch_outside,creator_ejection_rate,9,0.8,outcome
7,lone_liar,soft_credibility,catch_outside,creator_survival,9,0.2,outcome
7,lone_liar,soft_credibility,catch_outside,no_ejection_rate,9,0.048,outcome
7,lone_liar,soft_credibility,catch_outside,incident_rate,9,1.0,outcome
7,lone_liar,sharp_credibility,baseline,false_ejection_rate,9,0.3,outcome
7,lone_liar,sharp_credibility,baseline,coalition_favorable_rate,9,0.318,outcome
7,lone_liar,sharp_credibility,baseline,creator_ejection_rate,9,0.5,outcome
7,lone_liar,sharp_credibility,baseline,creator_survival,9,0.5,outcome
7,lone_liar,sharp_credibility,baseline,no_ejection_rate,9,0.018,outcome
7,lone_liar,sharp_credibility,baseline,incident_rate,9,1.0,outcome
7,lone_liar,sharp_credibility,alibi_off,false_ejection_rate,9,0.37,outcome
7,lone_liar,sharp_credibility,alibi_off,coalition_favorable_rate,9,0.404,outcome
7,lone_liar,sharp_credibility,alibi_off,creator_ejection_rate,9,0.41,outcome
7,lone_liar,sharp_credibility,alibi_off,creator_survival,9,0.59,outcome
7,lone_liar,sharp_credibility,alibi_off,no_ejection_rate,9,0.034,outcome
7,lone_liar,sharp_credibility,alibi_off,incident_rate,9,1.0,outcome
7,lone_liar,sharp_credibility,catch_outside,false_ejection_rate,9,0.092,outcome
7,lone_liar,sharp_credibility,catch_outside,coalition_favorable_rate,9,0.14,outcome
7,lone_liar,sharp_credibility,catch_outside,creator_ejection_rate,9,0.8,outcome
7,lone_liar,sharp_credibility,catch_outside,creator_survival,9,0.2,outcome
7,lone_liar,sharp_credibility,catch_outside,no_ejection_rate,9,0.048,outcome
7,lone_liar,sharp_credibility,catch_outside,incident_rate,9,1.0,outcome
7,alibi,mean,baseline,false_ejection_rate,9,0.218,outcome
7,alibi,mean,baseline,coalition_favorable_rate,9,0.374,outcome
7,alibi,mean,baseline,creator_ejection_rate,9,0.528,outcome
7,alibi,mean,baseline,creator_survival,9,0.472,outcome
7,alibi,mean,baseline,no_ejection_rate,9,0.156,outcome
7,alibi,mean,baseline,incident_rate,9,1.0,outcome
7,alibi,mean,alibi_off,false_ejection_rate,9,0.168,outcome
7,alibi,mean,alibi_off,coalition_favorable_rate,9,0.2,outcome
7,alibi,mean,alibi_off,creator_ejection_rate,9,0.724,outcome
7,alibi,mean,alibi_off,creator_survival,9,0.276,outcome
7,alibi,mean,alibi_off,no_ejection_rate,9,0.032,outcome
7,alibi,mean,alibi_off,incident_rate,9,1.0,outcome
7,alibi,mean,catch_outside,false_ejection_rate,9,0.218,outcome
7,alibi,mean,catch_outside,coalition_favorable_rate,9,0.374,outcome
7,alibi,mean,catch_outside,creator_ejection_rate,9,0.528,outcome
7,alibi,mean,catch_outside,creator_survival,9,0.472,outcome
7,alibi,mean,catch_outside,no_ejection_rate,9,0.156,outcome
7,alibi,mean,catch_outside,incident_rate,9,1.0,outcome
7,alibi,soft_credibility,baseline,false_ejection_rate,9,0.404,outcome
7,alibi,soft_credibility,baseline,coalition_favorable_rate,9,0.542,outcome
7,alibi,soft_credibility,baseline,creator_ejection_rate,9,0.3,outcome
7,alibi,soft_credibility,baseline,creator_survival,9,0.7,outcome
7,alibi,soft_credibility,baseline,no_ejection_rate,9,0.138,outcome
7,alibi,soft_credibility,baseline,incident_rate,9,1.0,outcome
7,alibi,soft_credibility,baseline,n_speakers,9,8.0,voter
7,alibi,soft_credibility,baseline,coalition_share,9,0.25,voter
7,alibi,soft_credibility,baseline,coalition_weight_soft,9,0.09902266399729208,voter
7,alibi,soft_credibility,baseline,weight_minus_share,9,-0.1509773360027079,voter
7,alibi,soft_credibility,baseline,cred_coalition,9,1.6008333333333333,voter
7,alibi,soft_credibility,baseline,cred_honest,9,6.971666666666667,voter
7,alibi,soft_credibility,baseline,uninformative_share,9,0.0,voter
7,alibi,soft_credibility,baseline,weight_on_uninformative,9,0.0,voter
7,alibi,soft_credibility,baseline,coalition_caught,9,0.651,voter
7,alibi,soft_credibility,baseline,argmax_differs,9,0.06633333333333333,voter
7,alibi,soft_credibility,baseline,mean_top_is_coalition,9,0.5806666666666667,voter
7,alibi,soft_credibility,baseline,soft_top_is_coalition,9,0.5256666666666666,voter
7,alibi,soft_credibility,baseline,mean_skips,9,0.0,voter
7,alibi,soft_credibility,baseline,soft_skips,9,0.028666666666666667,voter
7,alibi,soft_credibility,alibi_off,false_ejection_rate,9,0.22,outcome
7,alibi,soft_credibility,alibi_off,coalition_favorable_rate,9,0.244,outcome
7,alibi,soft_credibility,alibi_off,creator_ejection_rate,9,0.69,outcome
7,alibi,soft_credibility,alibi_off,creator_survival,9,0.31,outcome
7,alibi,soft_credibility,alibi_off,no_ejection_rate,9,0.024,outcome
7,alibi,soft_credibility,alibi_off,incident_rate,9,1.0,outcome
7,alibi,soft_credibility,catch_outside,false_ejection_rate,9,0.21,outcome
7,alibi,soft_credibility,catch_outside,coalition_favorable_rate,9,0.338,outcome
7,alibi,soft_credibility,catch_outside,creator_ejection_rate,9,0.564,outcome
7,alibi,soft_credibility,catch_outside,creator_survival,9,0.436,outcome
7,alibi,soft_credibility,catch_outside,no_ejection_rate,9,0.128,outcome
7,alibi,soft_credibility,catch_outside,incident_rate,9,1.0,outcome
7,alibi,sharp_credibility,baseline,false_ejection_rate,9,0.466,outcome
7,alibi,sharp_credibility,baseline,coalition_favorable_rate,9,0.566,outcome
7,alibi,sharp_credibility,baseline,creator_ejection_rate,9,0.292,outcome
7,alibi,sharp_credibility,baseline,creator_survival,9,0.708,outcome
7,alibi,sharp_credibility,baseline,no_ejection_rate,9,0.1,outcome
7,alibi,sharp_credibility,baseline,incident_rate,9,1.0,outcome
7,alibi,sharp_credibility,alibi_off,false_ejection_rate,9,0.422,outcome
7,alibi,sharp_credibility,alibi_off,coalition_favorable_rate,9,0.474,outcome
7,alibi,sharp_credibility,alibi_off,creator_ejection_rate,9,0.474,outcome
7,alibi,sharp_credibility,alibi_off,creator_survival,9,0.526,outcome
7,alibi,sharp_credibility,alibi_off,no_ejection_rate,9,0.052,outcome
7,alibi,sharp_credibility,alibi_off,incident_rate,9,1.0,outcome
7,alibi,sharp_credibility,catch_outside,false_ejection_rate,9,0.194,outcome
7,alibi,sharp_credibility,catch_outside,coalition_favorable_rate,9,0.304,outcome
7,alibi,sharp_credibility,catch_outside,creator_ejection_rate,9,0.604,outcome
7,alibi,sharp_credibility,catch_outside,creator_survival,9,0.396,outcome
7,alibi,sharp_credibility,catch_outside,no_ejection_rate,9,0.11,outcome
7,alibi,sharp_credibility,catch_outside,incident_rate,9,1.0,outcome
7,framer,mean,baseline,false_ejection_rate,9,0.256,outcome
7,framer,mean,baseline,coalition_favorable_rate,9,0.304,outcome
7,framer,mean,baseline,creator_ejection_rate,9,0.594,outcome
7,framer,mean,baseline,creator_survival,9,0.406,outcome
7,framer,mean,baseline,no_ejection_rate,9,0.048,outcome
7,framer,mean,baseline,incident_rate,9,1.0,outcome
7,framer,mean,alibi_off,false_ejection_rate,9,0.46,outcome
7,framer,mean,alibi_off,coalition_favorable_rate,9,0.604,outcome
7,framer,mean,alibi_off,creator_ejection_rate,9,0.34,outcome
7,framer,mean,alibi_off,creator_survival,9,0.66,outcome
7,framer,mean,alibi_off,no_ejection_rate,9,0.144,outcome
7,framer,mean,alibi_off,incident_rate,9,1.0,outcome
7,framer,mean,catch_outside,false_ejection_rate,9,0.256,outcome
7,framer,mean,catch_outside,coalition_favorable_rate,9,0.304,outcome
7,framer,mean,catch_outside,creator_ejection_rate,9,0.594,outcome
7,framer,mean,catch_outside,creator_survival,9,0.406,outcome
7,framer,mean,catch_outside,no_ejection_rate,9,0.048,outcome
7,framer,mean,catch_outside,incident_rate,9,1.0,outcome
7,framer,soft_credibility,baseline,false_ejection_rate,9,0.244,outcome
7,framer,soft_credibility,baseline,coalition_favorable_rate,9,0.286,outcome
7,framer,soft_credibility,baseline,creator_ejection_rate,9,0.624,outcome
7,framer,soft_credibility,baseline,creator_survival,9,0.376,outcome
7,framer,soft_credibility,baseline,no_ejection_rate,9,0.042,outcome
7,framer,soft_credibility,baseline,incident_rate,9,1.0,outcome
7,framer,soft_credibility,baseline,n_speakers,9,8.0,voter
7,framer,soft_credibility,baseline,coalition_share,9,0.25,voter
7,framer,soft_credibility,baseline,coalition_weight_soft,9,0.06370060511865928,voter
7,framer,soft_credibility,baseline,weight_minus_share,9,-0.18629939488134073,voter
7,framer,soft_credibility,baseline,cred_coalition,9,0.38266666666666665,voter
7,framer,soft_credibility,baseline,cred_honest,9,6.4093333333333335,voter
7,framer,soft_credibility,baseline,uninformative_share,9,0.0,voter
7,framer,soft_credibility,baseline,weight_on_uninformative,9,0.0,voter
7,framer,soft_credibility,baseline,coalition_caught,9,0.6823333333333333,voter
7,framer,soft_credibility,baseline,argmax_differs,9,0.010666666666666666,voter
7,framer,soft_credibility,baseline,mean_top_is_coalition,9,0.8216666666666667,voter
7,framer,soft_credibility,baseline,soft_top_is_coalition,9,0.8203333333333334,voter
7,framer,soft_credibility,baseline,mean_skips,9,0.0,voter
7,framer,soft_credibility,baseline,soft_skips,9,0.0,voter
7,framer,soft_credibility,alibi_off,false_ejection_rate,9,0.366,outcome
7,framer,soft_credibility,alibi_off,coalition_favorable_rate,9,0.42,outcome
7,framer,soft_credibility,alibi_off,creator_ejection_rate,9,0.498,outcome
7,framer,soft_credibility,alibi_off,creator_survival,9,0.502,outcome
7,framer,soft_credibility,alibi_off,no_ejection_rate,9,0.054,outcome
7,framer,soft_credibility,alibi_off,incident_rate,9,1.0,outcome
7,framer,soft_credibility,catch_outside,false_ejection_rate,9,0.244,outcome
7,framer,soft_credibility,catch_outside,coalition_favorable_rate,9,0.286,outcome
7,framer,soft_credibility,catch_outside,creator_ejection_rate,9,0.618,outcome
7,framer,soft_credibility,catch_outside,creator_survival,9,0.382,outcome
7,framer,soft_credibility,catch_outside,no_ejection_rate,9,0.042,outcome
7,framer,soft_credibility,catch_outside,incident_rate,9,1.0,outcome
7,framer,sharp_credibility,baseline,false_ejection_rate,9,0.326,outcome
7,framer,sharp_credibility,baseline,coalition_favorable_rate,9,0.36,outcome
7,framer,sharp_credibility,baseline,creator_ejection_rate,9,0.548,outcome
7,framer,sharp_credibility,baseline,creator_survival,9,0.452,outcome
7,framer,sharp_credibility,baseline,no_ejection_rate,9,0.034,outcome
7,framer,sharp_credibility,baseline,incident_rate,9,1.0,outcome
7,framer,sharp_credibility,alibi_off,false_ejection_rate,9,0.424,outcome
7,framer,sharp_credibility,alibi_off,coalition_favorable_rate,9,0.482,outcome
7,framer,sharp_credibility,alibi_off,creator_ejection_rate,9,0.434,outcome
7,framer,sharp_credibility,alibi_off,creator_survival,9,0.566,outcome
7,framer,sharp_credibility,alibi_off,no_ejection_rate,9,0.058,outcome
7,framer,sharp_credibility,alibi_off,incident_rate,9,1.0,outcome
7,framer,sharp_credibility,catch_outside,false_ejection_rate,9,0.232,outcome
7,framer,sharp_credibility,catch_outside,coalition_favorable_rate,9,0.258,outcome
7,framer,sharp_credibility,catch_outside,creator_ejection_rate,9,0.638,outcome
7,framer,sharp_credibility,catch_outside,creator_survival,9,0.362,outcome
7,framer,sharp_credibility,catch_outside,no_ejection_rate,9,0.026,outcome
7,framer,sharp_credibility,catch_outside,incident_rate,9,1.0,outcome
