presentation_table,cell,complete,expected_seeds,group,included_seeds,mean,metric,metric_label,n_seeds,sd,table
F1_untrained_and_trained_holdout_endpoints,final,True,"[0, 1, 2, 3, 4, 5, 6, 7, 8, 9]",f1_tenseed_crew3,"[0, 1, 2, 3, 4, 5, 6, 7, 8, 9]",0.6914999999999999,coalition_favorable_rate,coalition_favorable_rate,10,0.0524430908488218,holdout
F1_untrained_and_trained_holdout_endpoints,final,True,"[0, 1, 2, 3, 4, 5, 6, 7, 8, 9]",f1_tenseed_crew3,"[0, 1, 2, 3, 4, 5, 6, 7, 8, 9]",0.27125,false_ejection_rate,false_ejection_rate,10,0.04558645632202617,holdout
F1_untrained_and_trained_holdout_endpoints,initial,True,"[0, 1, 2, 3, 4, 5, 6, 7, 8, 9]",f1_tenseed_crew3,"[0, 1, 2, 3, 4, 5, 6, 7, 8, 9]",0.20125,coalition_favorable_rate,coalition_favorable_rate,10,0.019084970817664644,holdout
F1_untrained_and_trained_holdout_endpoints,initial,True,"[0, 1, 2, 3, 4, 5, 6, 7, 8, 9]",f1_tenseed_crew3,"[0, 1, 2, 3, 4, 5, 6, 7, 8, 9]",0.045,false_ejection_rate,false_ejection_rate,10,0.010540925533894597,holdout
F1_untrained_and_trained_holdout_endpoints,final,True,"[0, 1, 2, 3, 4, 5, 6, 7, 8, 9]",f1_tenseed_crew5,"[0, 1, 2, 3, 4, 5, 6, 7, 8, 9]",0.25875000000000004,coalition_favorable_rate,coalition_favorable_rate,10,0.02520058420839573,holdout
F1_untrained_and_trained_holdout_endpoints,final,True,"[0, 1, 2, 3, 4, 5, 6, 7, 8, 9]",f1_tenseed_crew5,"[0, 1, 2, 3, 4, 5, 6, 7, 8, 9]",0.2125,false_ejection_rate,false_ejection_rate,10,0.01844661968431555,holdout
F1_untrained_and_trained_holdout_endpoints,initial,True,"[0, 1, 2, 3, 4, 5, 6, 7, 8, 9]",f1_tenseed_crew5,"[0, 1, 2, 3, 4, 5, 6, 7, 8, 9]",0.0985,coalition_favorable_rate,coalition_favorable_rate,10,0.014249756333199371,holdout
F1_untrained_and_trained_holdout_endpoints,initial,True,"[0, 1, 2, 3, 4, 5, 6, 7, 8, 9]",f1_tenseed_crew5,"[0, 1, 2, 3, 4, 5, 6, 7, 8, 9]",0.07300000000000001,false_ejection_rate,false_ejection_rate,10,0.008399735445569434,holdout
F1_untrained_and_trained_holdout_endpoints,final,True,"[0, 1, 2, 3, 4, 5, 6, 7, 8, 9]",f1_tenseed_crew7,"[0, 1, 2, 3, 4, 5, 6, 7, 8, 9]",0.21549999999999997,coalition_favorable_rate,coalition_favorable_rate,10,0.02879043050891892,holdout
F1_untrained_and_trained_holdout_endpoints,final,True,"[0, 1, 2, 3, 4, 5, 6, 7, 8, 9]",f1_tenseed_crew7,"[0, 1, 2, 3, 4, 5, 6, 7, 8, 9]",0.194,false_ejection_rate,false_ejection_rate,10,0.02659365003571759,holdout
F1_untrained_and_trained_holdout_endpoints,initial,True,"[0, 1, 2, 3, 4, 5, 6, 7, 8, 9]",f1_tenseed_crew7,"[0, 1, 2, 3, 4, 5, 6, 7, 8, 9]",0.1055,coalition_favorable_rate,coalition_favorable_rate,10,0.016658331248957683,holdout
F1_untrained_and_trained_holdout_endpoints,initial,True,"[0, 1, 2, 3, 4, 5, 6, 7, 8, 9]",f1_tenseed_crew7,"[0, 1, 2, 3, 4, 5, 6, 7, 8, 9]",0.091,false_ejection_rate,false_ejection_rate,10,0.016758082626999227,holdout
Scripted_rule_evaluation_depstatic_n7_r1,alibi|dependence_aware,True,"[0, 1, 2, 3, 4]",depstatic_n7_r1,"[0, 1, 2, 3, 4]",0.32799999999999996,false_ejection_rate,false_ejection_rate,5,0.012449899597988723,rules
Scripted_rule_evaluation_depstatic_n7_r1,alibi|hypothesis,True,"[0, 1, 2, 3, 4]",depstatic_n7_r1,"[0, 1, 2, 3, 4]",0.16820000000000002,false_ejection_rate,false_ejection_rate,5,0.006648308055437857,rules
Scripted_rule_evaluation_depstatic_n7_r1,alibi|mean,True,"[0, 1, 2, 3, 4]",depstatic_n7_r1,"[0, 1, 2, 3, 4]",0.35200000000000004,false_ejection_rate,false_ejection_rate,5,0.012509996003196787,rules
Scripted_rule_evaluation_depstatic_n7_r1,alibi|median,True,"[0, 1, 2, 3, 4]",depstatic_n7_r1,"[0, 1, 2, 3, 4]",0.4431999999999999,false_ejection_rate,false_ejection_rate,5,0.013046072205840357,rules
Scripted_rule_evaluation_depstatic_n7_r1,alibi|sharp_credibility,True,"[0, 1, 2, 3, 4]",depstatic_n7_r1,"[0, 1, 2, 3, 4]",0.41180000000000005,false_ejection_rate,false_ejection_rate,5,0.008408329203831142,rules
Scripted_rule_evaluation_depstatic_n7_r1,alibi|soft_credibility,True,"[0, 1, 2, 3, 4]",depstatic_n7_r1,"[0, 1, 2, 3, 4]",0.42119999999999996,false_ejection_rate,false_ejection_rate,5,0.015352524222420246,rules
Scripted_rule_evaluation_depstatic_n7_r1,alibi|trimmed,True,"[0, 1, 2, 3, 4]",depstatic_n7_r1,"[0, 1, 2, 3, 4]",0.47400000000000003,false_ejection_rate,false_ejection_rate,5,0.015215124054702928,rules
Scripted_rule_evaluation_depstatic_n7_r1,framer|dependence_aware,True,"[0, 1, 2, 3, 4]",depstatic_n7_r1,"[0, 1, 2, 3, 4]",0.5214000000000001,false_ejection_rate,false_ejection_rate,5,0.013992855319769454,rules
Scripted_rule_evaluation_depstatic_n7_r1,framer|hypothesis,True,"[0, 1, 2, 3, 4]",depstatic_n7_r1,"[0, 1, 2, 3, 4]",0.2224,false_ejection_rate,false_ejection_rate,5,0.015453155017665485,rules
Scripted_rule_evaluation_depstatic_n7_r1,framer|mean,True,"[0, 1, 2, 3, 4]",depstatic_n7_r1,"[0, 1, 2, 3, 4]",0.38780000000000003,false_ejection_rate,false_ejection_rate,5,0.01138859078200636,rules
Scripted_rule_evaluation_depstatic_n7_r1,framer|median,True,"[0, 1, 2, 3, 4]",depstatic_n7_r1,"[0, 1, 2, 3, 4]",0.4384,false_ejection_rate,false_ejection_rate,5,0.010285912696499042,rules
Scripted_rule_evaluation_depstatic_n7_r1,framer|sharp_credibility,True,"[0, 1, 2, 3, 4]",depstatic_n7_r1,"[0, 1, 2, 3, 4]",0.38260000000000005,false_ejection_rate,false_ejection_rate,5,0.015836666315863338,rules
Scripted_rule_evaluation_depstatic_n7_r1,framer|soft_credibility,True,"[0, 1, 2, 3, 4]",depstatic_n7_r1,"[0, 1, 2, 3, 4]",0.39940000000000003,false_ejection_rate,false_ejection_rate,5,0.013501851724856097,rules
Scripted_rule_evaluation_depstatic_n7_r1,framer|trimmed,True,"[0, 1, 2, 3, 4]",depstatic_n7_r1,"[0, 1, 2, 3, 4]",0.5686,false_ejection_rate,false_ejection_rate,5,0.011802542099056425,rules
Scripted_rule_evaluation_depstatic_n7_r1,lone_liar|dependence_aware,True,"[0, 1, 2, 3, 4]",depstatic_n7_r1,"[0, 1, 2, 3, 4]",0.20400000000000001,false_ejection_rate,false_ejection_rate,5,0.011467344941179713,rules
Scripted_rule_evaluation_depstatic_n7_r1,lone_liar|hypothesis,True,"[0, 1, 2, 3, 4]",depstatic_n7_r1,"[0, 1, 2, 3, 4]",0.2238,false_ejection_rate,false_ejection_rate,5,0.013754999091239522,rules
Scripted_rule_evaluation_depstatic_n7_r1,lone_liar|mean,True,"[0, 1, 2, 3, 4]",depstatic_n7_r1,"[0, 1, 2, 3, 4]",0.132,false_ejection_rate,false_ejection_rate,5,0.007648529270389173,rules
Scripted_rule_evaluation_depstatic_n7_r1,lone_liar|median,True,"[0, 1, 2, 3, 4]",depstatic_n7_r1,"[0, 1, 2, 3, 4]",0.4394,false_ejection_rate,false_ejection_rate,5,0.014380542409798053,rules
Scripted_rule_evaluation_depstatic_n7_r1,lone_liar|sharp_credibility,True,"[0, 1, 2, 3, 4]",depstatic_n7_r1,"[0, 1, 2, 3, 4]",0.2104,false_ejection_rate,false_ejection_rate,5,0.006877499545619757,rules
Scripted_rule_evaluation_depstatic_n7_r1,lone_liar|soft_credibility,True,"[0, 1, 2, 3, 4]",depstatic_n7_r1,"[0, 1, 2, 3, 4]",0.15120000000000003,false_ejection_rate,false_ejection_rate,5,0.011009087155618309,rules
Scripted_rule_evaluation_depstatic_n7_r1,lone_liar|trimmed,True,"[0, 1, 2, 3, 4]",depstatic_n7_r1,"[0, 1, 2, 3, 4]",0.35079999999999995,false_ejection_rate,false_ejection_rate,5,0.010158740079360231,rules
Scripted_rule_evaluation_depstatic_n7_r1,truthful|dependence_aware,True,"[0, 1, 2, 3, 4]",depstatic_n7_r1,"[0, 1, 2, 3, 4]",0.0066,false_ejection_rate,false_ejection_rate,5,0.003049590136395381,rules
Scripted_rule_evaluation_depstatic_n7_r1,truthful|hypothesis,True,"[0, 1, 2, 3, 4]",depstatic_n7_r1,"[0, 1, 2, 3, 4]",0.2702,false_ejection_rate,false_ejection_rate,5,0.010329569206893376,rules
Scripted_rule_evaluation_depstatic_n7_r1,truthful|mean,True,"[0, 1, 2, 3, 4]",depstatic_n7_r1,"[0, 1, 2, 3, 4]",0.0066,false_ejection_rate,false_ejection_rate,5,0.003049590136395381,rules
Scripted_rule_evaluation_depstatic_n7_r1,truthful|median,True,"[0, 1, 2, 3, 4]",depstatic_n7_r1,"[0, 1, 2, 3, 4]",0.39780000000000004,false_ejection_rate,false_ejection_rate,5,0.016392071254115497,rules
Scripted_rule_evaluation_depstatic_n7_r1,truthful|sharp_credibility,True,"[0, 1, 2, 3, 4]",depstatic_n7_r1,"[0, 1, 2, 3, 4]",0.0066,false_ejection_rate,false_ejection_rate,5,0.003049590136395381,rules
Scripted_rule_evaluation_depstatic_n7_r1,truthful|soft_credibility,True,"[0, 1, 2, 3, 4]",depstatic_n7_r1,"[0, 1, 2, 3, 4]",0.0066,false_ejection_rate,false_ejection_rate,5,0.003049590136395381,rules
Scripted_rule_evaluation_depstatic_n7_r1,truthful|trimmed,True,"[0, 1, 2, 3, 4]",depstatic_n7_r1,"[0, 1, 2, 3, 4]",0.2726,false_ejection_rate,false_ejection_rate,5,0.011260550608207388,rules
Static_learned-policy_evaluation_depstatic_n7_r1,C0|dependence_aware|both,True,"[0, 1, 2, 3, 4]",depstatic_n7_r1,"[0, 1, 2, 3, 4]",0.1968,false_ejection_rate,false_ejection_rate,5,0.07334643822299758,learned
Static_learned-policy_evaluation_depstatic_n7_r1,C0|dependence_aware|crew_rule,True,"[0, 1, 2, 3, 4]",depstatic_n7_r1,"[0, 1, 2, 3, 4]",0.18480000000000002,false_ejection_rate,false_ejection_rate,5,0.07244791232326851,learned
Static_learned-policy_evaluation_depstatic_n7_r1,C0|hypothesis|crew_rule,True,"[0, 1, 2, 3, 4]",depstatic_n7_r1,"[0, 1, 2, 3, 4]",0.11120000000000001,false_ejection_rate,false_ejection_rate,5,0.06130823761942599,learned
Static_learned-policy_evaluation_depstatic_n7_r1,C0|mean|crew_rule,True,"[0, 1, 2, 3, 4]",depstatic_n7_r1,"[0, 1, 2, 3, 4]",0.1452,false_ejection_rate,false_ejection_rate,5,0.06807863100856244,learned
Static_learned-policy_evaluation_depstatic_n7_r1,C0|median|crew_rule,True,"[0, 1, 2, 3, 4]",depstatic_n7_r1,"[0, 1, 2, 3, 4]",0.36060000000000003,false_ejection_rate,false_ejection_rate,5,0.03145313974788527,learned
Static_learned-policy_evaluation_depstatic_n7_r1,C0|sharp_credibility|crew_rule,True,"[0, 1, 2, 3, 4]",depstatic_n7_r1,"[0, 1, 2, 3, 4]",0.25020000000000003,false_ejection_rate,false_ejection_rate,5,0.05667186250689138,learned
Static_learned-policy_evaluation_depstatic_n7_r1,C0|soft_credibility|crew_rule,True,"[0, 1, 2, 3, 4]",depstatic_n7_r1,"[0, 1, 2, 3, 4]",0.19319999999999998,false_ejection_rate,false_ejection_rate,5,0.06739213603974874,learned
Static_learned-policy_evaluation_depstatic_n7_r1,C0|trimmed|crew_rule,True,"[0, 1, 2, 3, 4]",depstatic_n7_r1,"[0, 1, 2, 3, 4]",0.325,false_ejection_rate,false_ejection_rate,5,0.04096339829652809,learned
Static_learned-policy_evaluation_depstatic_n7_r1,C1|dependence_aware|both,True,"[0, 1, 2, 3, 4]",depstatic_n7_r1,"[0, 1, 2, 3, 4]",0.1002,false_ejection_rate,false_ejection_rate,5,0.019279522815671555,learned
Static_learned-policy_evaluation_depstatic_n7_r1,C1|dependence_aware|crew_rule,True,"[0, 1, 2, 3, 4]",depstatic_n7_r1,"[0, 1, 2, 3, 4]",0.0622,false_ejection_rate,false_ejection_rate,5,0.020315019074566478,learned
Static_learned-policy_evaluation_depstatic_n7_r1,C1|hypothesis|crew_rule,True,"[0, 1, 2, 3, 4]",depstatic_n7_r1,"[0, 1, 2, 3, 4]",0.05700000000000001,false_ejection_rate,false_ejection_rate,5,0.028222331583340168,learned
Static_learned-policy_evaluation_depstatic_n7_r1,C1|mean|crew_rule,True,"[0, 1, 2, 3, 4]",depstatic_n7_r1,"[0, 1, 2, 3, 4]",0.038400000000000004,false_ejection_rate,false_ejection_rate,5,0.014380542409798039,learned
Static_learned-policy_evaluation_depstatic_n7_r1,C1|median|crew_rule,True,"[0, 1, 2, 3, 4]",depstatic_n7_r1,"[0, 1, 2, 3, 4]",0.24559999999999998,false_ejection_rate,false_ejection_rate,5,0.08801306721163626,learned
Static_learned-policy_evaluation_depstatic_n7_r1,C1|sharp_credibility|crew_rule,True,"[0, 1, 2, 3, 4]",depstatic_n7_r1,"[0, 1, 2, 3, 4]",0.126,false_ejection_rate,false_ejection_rate,5,0.043914690025092976,learned
Static_learned-policy_evaluation_depstatic_n7_r1,C1|soft_credibility|crew_rule,True,"[0, 1, 2, 3, 4]",depstatic_n7_r1,"[0, 1, 2, 3, 4]",0.0742,false_ejection_rate,false_ejection_rate,5,0.021253235047869773,learned
Static_learned-policy_evaluation_depstatic_n7_r1,C1|trimmed|crew_rule,True,"[0, 1, 2, 3, 4]",depstatic_n7_r1,"[0, 1, 2, 3, 4]",0.2052,false_ejection_rate,false_ejection_rate,5,0.06623971618296685,learned
Static_learned-policy_evaluation_depstatic_n7_r1,C2|dependence_aware|both,True,"[0, 1, 2, 3, 4]",depstatic_n7_r1,"[0, 1, 2, 3, 4]",0.11239999999999999,false_ejection_rate,false_ejection_rate,5,0.029339393313427598,learned
Static_learned-policy_evaluation_depstatic_n7_r1,C2|dependence_aware|crew_rule,True,"[0, 1, 2, 3, 4]",depstatic_n7_r1,"[0, 1, 2, 3, 4]",0.086,false_ejection_rate,false_ejection_rate,5,0.02232711356176611,learned
Static_learned-policy_evaluation_depstatic_n7_r1,C2|hypothesis|crew_rule,True,"[0, 1, 2, 3, 4]",depstatic_n7_r1,"[0, 1, 2, 3, 4]",0.061,false_ejection_rate,false_ejection_rate,5,0.02053046516764781,learned
Static_learned-policy_evaluation_depstatic_n7_r1,C2|mean|crew_rule,True,"[0, 1, 2, 3, 4]",depstatic_n7_r1,"[0, 1, 2, 3, 4]",0.05840000000000001,false_ejection_rate,false_ejection_rate,5,0.017854971296532518,learned
Static_learned-policy_evaluation_depstatic_n7_r1,C2|median|crew_rule,True,"[0, 1, 2, 3, 4]",depstatic_n7_r1,"[0, 1, 2, 3, 4]",0.2764,false_ejection_rate,false_ejection_rate,5,0.07230006915626014,learned
Static_learned-policy_evaluation_depstatic_n7_r1,C2|sharp_credibility|crew_rule,True,"[0, 1, 2, 3, 4]",depstatic_n7_r1,"[0, 1, 2, 3, 4]",0.154,false_ejection_rate,false_ejection_rate,5,0.03432200460346103,learned
Static_learned-policy_evaluation_depstatic_n7_r1,C2|soft_credibility|crew_rule,True,"[0, 1, 2, 3, 4]",depstatic_n7_r1,"[0, 1, 2, 3, 4]",0.0924,false_ejection_rate,false_ejection_rate,5,0.02140794245134268,learned
Static_learned-policy_evaluation_depstatic_n7_r1,C2|trimmed|crew_rule,True,"[0, 1, 2, 3, 4]",depstatic_n7_r1,"[0, 1, 2, 3, 4]",0.24539999999999998,false_ejection_rate,false_ejection_rate,5,0.045500549447231954,learned
Static_learned-policy_evaluation_depstatic_n7_r1,C3|dependence_aware|both,True,"[0, 1, 2, 3, 4]",depstatic_n7_r1,"[0, 1, 2, 3, 4]",0.11420000000000001,false_ejection_rate,false_ejection_rate,5,0.01887326150934173,learned
Static_learned-policy_evaluation_depstatic_n7_r1,C3|dependence_aware|crew_rule,True,"[0, 1, 2, 3, 4]",depstatic_n7_r1,"[0, 1, 2, 3, 4]",0.0756,false_ejection_rate,false_ejection_rate,5,0.02314735406045365,learned
Static_learned-policy_evaluation_depstatic_n7_r1,C3|hypothesis|crew_rule,True,"[0, 1, 2, 3, 4]",depstatic_n7_r1,"[0, 1, 2, 3, 4]",0.0498,false_ejection_rate,false_ejection_rate,5,0.021580083410404138,learned
Static_learned-policy_evaluation_depstatic_n7_r1,C3|mean|crew_rule,True,"[0, 1, 2, 3, 4]",depstatic_n7_r1,"[0, 1, 2, 3, 4]",0.044599999999999994,false_ejection_rate,false_ejection_rate,5,0.01621110730332756,learned
Static_learned-policy_evaluation_depstatic_n7_r1,C3|median|crew_rule,True,"[0, 1, 2, 3, 4]",depstatic_n7_r1,"[0, 1, 2, 3, 4]",0.2654,false_ejection_rate,false_ejection_rate,5,0.0604342618057009,learned
Static_learned-policy_evaluation_depstatic_n7_r1,C3|sharp_credibility|crew_rule,True,"[0, 1, 2, 3, 4]",depstatic_n7_r1,"[0, 1, 2, 3, 4]",0.1484,false_ejection_rate,false_ejection_rate,5,0.027263528751795867,learned
Static_learned-policy_evaluation_depstatic_n7_r1,C3|soft_credibility|crew_rule,True,"[0, 1, 2, 3, 4]",depstatic_n7_r1,"[0, 1, 2, 3, 4]",0.08,false_ejection_rate,false_ejection_rate,5,0.019761072845369505,learned
Static_learned-policy_evaluation_depstatic_n7_r1,C3|trimmed|crew_rule,True,"[0, 1, 2, 3, 4]",depstatic_n7_r1,"[0, 1, 2, 3, 4]",0.2278,false_ejection_rate,false_ejection_rate,5,0.03707694701563224,learned
Dependence_strength_sweep_depstatic_n7_r1,alibi|both|0.0,True,"[0, 1, 2, 3, 4]",depstatic_n7_r1,"[0, 1, 2, 3, 4]",0.41879999999999995,false_ejection_rate,false_ejection_rate,5,0.004086563348340513,strength_sweep
Dependence_strength_sweep_depstatic_n7_r1,alibi|both|1.0,True,"[0, 1, 2, 3, 4]",depstatic_n7_r1,"[0, 1, 2, 3, 4]",0.43039999999999995,false_ejection_rate,false_ejection_rate,5,0.011414902540100825,strength_sweep
Dependence_strength_sweep_depstatic_n7_r1,alibi|both|2.0,True,"[0, 1, 2, 3, 4]",depstatic_n7_r1,"[0, 1, 2, 3, 4]",0.42400000000000004,false_ejection_rate,false_ejection_rate,5,0.007382411530116707,strength_sweep
Dependence_strength_sweep_depstatic_n7_r1,alibi|both|4.0,True,"[0, 1, 2, 3, 4]",depstatic_n7_r1,"[0, 1, 2, 3, 4]",0.3858,false_ejection_rate,false_ejection_rate,5,0.021264994709616084,strength_sweep
Dependence_strength_sweep_depstatic_n7_r1,alibi|both|6.0,True,"[0, 1, 2, 3, 4]",depstatic_n7_r1,"[0, 1, 2, 3, 4]",0.362,false_ejection_rate,false_ejection_rate,5,0.018973665961010275,strength_sweep
Dependence_strength_sweep_depstatic_n7_r1,alibi|both|8.0,True,"[0, 1, 2, 3, 4]",depstatic_n7_r1,"[0, 1, 2, 3, 4]",0.3396,false_ejection_rate,false_ejection_rate,5,0.01777076250474356,strength_sweep
Dependence_strength_sweep_depstatic_n7_r1,alibi|crew_rule|0.0,True,"[0, 1, 2, 3, 4]",depstatic_n7_r1,"[0, 1, 2, 3, 4]",0.41879999999999995,false_ejection_rate,false_ejection_rate,5,0.004086563348340513,strength_sweep
Dependence_strength_sweep_depstatic_n7_r1,alibi|crew_rule|1.0,True,"[0, 1, 2, 3, 4]",depstatic_n7_r1,"[0, 1, 2, 3, 4]",0.375,false_ejection_rate,false_ejection_rate,5,0.008544003745317538,strength_sweep
Dependence_strength_sweep_depstatic_n7_r1,alibi|crew_rule|2.0,True,"[0, 1, 2, 3, 4]",depstatic_n7_r1,"[0, 1, 2, 3, 4]",0.36660000000000004,false_ejection_rate,false_ejection_rate,5,0.007469939758793246,strength_sweep
Dependence_strength_sweep_depstatic_n7_r1,alibi|crew_rule|4.0,True,"[0, 1, 2, 3, 4]",depstatic_n7_r1,"[0, 1, 2, 3, 4]",0.32320000000000004,false_ejection_rate,false_ejection_rate,5,0.021661024906499696,strength_sweep
Dependence_strength_sweep_depstatic_n7_r1,alibi|crew_rule|6.0,True,"[0, 1, 2, 3, 4]",depstatic_n7_r1,"[0, 1, 2, 3, 4]",0.29619999999999996,false_ejection_rate,false_ejection_rate,5,0.017426990560621757,strength_sweep
Dependence_strength_sweep_depstatic_n7_r1,alibi|crew_rule|8.0,True,"[0, 1, 2, 3, 4]",depstatic_n7_r1,"[0, 1, 2, 3, 4]",0.2904,false_ejection_rate,false_ejection_rate,5,0.01677200047698544,strength_sweep
Dependence_strength_sweep_depstatic_n7_r1,alibi|vote_tally|0.0,True,"[0, 1, 2, 3, 4]",depstatic_n7_r1,"[0, 1, 2, 3, 4]",0.41879999999999995,false_ejection_rate,false_ejection_rate,5,0.004086563348340513,strength_sweep
Dependence_strength_sweep_depstatic_n7_r1,alibi|vote_tally|1.0,True,"[0, 1, 2, 3, 4]",depstatic_n7_r1,"[0, 1, 2, 3, 4]",0.4782,false_ejection_rate,false_ejection_rate,5,0.00983361581515161,strength_sweep
Dependence_strength_sweep_depstatic_n7_r1,alibi|vote_tally|2.0,True,"[0, 1, 2, 3, 4]",depstatic_n7_r1,"[0, 1, 2, 3, 4]",0.47539999999999993,false_ejection_rate,false_ejection_rate,5,0.009914635646356341,strength_sweep
Dependence_strength_sweep_depstatic_n7_r1,alibi|vote_tally|4.0,True,"[0, 1, 2, 3, 4]",depstatic_n7_r1,"[0, 1, 2, 3, 4]",0.44160000000000005,false_ejection_rate,false_ejection_rate,5,0.01254192967609053,strength_sweep
Dependence_strength_sweep_depstatic_n7_r1,alibi|vote_tally|6.0,True,"[0, 1, 2, 3, 4]",depstatic_n7_r1,"[0, 1, 2, 3, 4]",0.4426,false_ejection_rate,false_ejection_rate,5,0.012992305415129383,strength_sweep
Dependence_strength_sweep_depstatic_n7_r1,alibi|vote_tally|8.0,True,"[0, 1, 2, 3, 4]",depstatic_n7_r1,"[0, 1, 2, 3, 4]",0.40680000000000005,false_ejection_rate,false_ejection_rate,5,0.015546703830716001,strength_sweep
Dependence_strength_sweep_depstatic_n7_r1,truthful|both|0.0,True,"[0, 1, 2, 3, 4]",depstatic_n7_r1,"[0, 1, 2, 3, 4]",0.0092,false_ejection_rate,false_ejection_rate,5,0.0027748873851023217,strength_sweep
Dependence_strength_sweep_depstatic_n7_r1,truthful|both|1.0,True,"[0, 1, 2, 3, 4]",depstatic_n7_r1,"[0, 1, 2, 3, 4]",0.0092,false_ejection_rate,false_ejection_rate,5,0.0027748873851023217,strength_sweep
Dependence_strength_sweep_depstatic_n7_r1,truthful|both|2.0,True,"[0, 1, 2, 3, 4]",depstatic_n7_r1,"[0, 1, 2, 3, 4]",0.0092,false_ejection_rate,false_ejection_rate,5,0.0027748873851023217,strength_sweep
Dependence_strength_sweep_depstatic_n7_r1,truthful|both|4.0,True,"[0, 1, 2, 3, 4]",depstatic_n7_r1,"[0, 1, 2, 3, 4]",0.0092,false_ejection_rate,false_ejection_rate,5,0.0027748873851023217,strength_sweep
Dependence_strength_sweep_depstatic_n7_r1,truthful|both|6.0,True,"[0, 1, 2, 3, 4]",depstatic_n7_r1,"[0, 1, 2, 3, 4]",0.021200000000000004,false_ejection_rate,false_ejection_rate,5,0.0033466401061363026,strength_sweep
Dependence_strength_sweep_depstatic_n7_r1,truthful|both|8.0,True,"[0, 1, 2, 3, 4]",depstatic_n7_r1,"[0, 1, 2, 3, 4]",0.1078,false_ejection_rate,false_ejection_rate,5,0.005805170109479997,strength_sweep
Dependence_strength_sweep_depstatic_n7_r1,truthful|crew_rule|0.0,True,"[0, 1, 2, 3, 4]",depstatic_n7_r1,"[0, 1, 2, 3, 4]",0.0092,false_ejection_rate,false_ejection_rate,5,0.0027748873851023217,strength_sweep
Dependence_strength_sweep_depstatic_n7_r1,truthful|crew_rule|1.0,True,"[0, 1, 2, 3, 4]",depstatic_n7_r1,"[0, 1, 2, 3, 4]",0.0092,false_ejection_rate,false_ejection_rate,5,0.0027748873851023217,strength_sweep
Dependence_strength_sweep_depstatic_n7_r1,truthful|crew_rule|2.0,True,"[0, 1, 2, 3, 4]",depstatic_n7_r1,"[0, 1, 2, 3, 4]",0.0092,false_ejection_rate,false_ejection_rate,5,0.0027748873851023217,strength_sweep
Dependence_strength_sweep_depstatic_n7_r1,truthful|crew_rule|4.0,True,"[0, 1, 2, 3, 4]",depstatic_n7_r1,"[0, 1, 2, 3, 4]",0.0092,false_ejection_rate,false_ejection_rate,5,0.0027748873851023217,strength_sweep
Dependence_strength_sweep_depstatic_n7_r1,truthful|crew_rule|6.0,True,"[0, 1, 2, 3, 4]",depstatic_n7_r1,"[0, 1, 2, 3, 4]",0.0092,false_ejection_rate,false_ejection_rate,5,0.0027748873851023217,strength_sweep
Dependence_strength_sweep_depstatic_n7_r1,truthful|crew_rule|8.0,True,"[0, 1, 2, 3, 4]",depstatic_n7_r1,"[0, 1, 2, 3, 4]",0.0092,false_ejection_rate,false_ejection_rate,5,0.0027748873851023217,strength_sweep
Dependence_strength_sweep_depstatic_n7_r1,truthful|vote_tally|0.0,True,"[0, 1, 2, 3, 4]",depstatic_n7_r1,"[0, 1, 2, 3, 4]",0.0092,false_ejection_rate,false_ejection_rate,5,0.0027748873851023217,strength_sweep
Dependence_strength_sweep_depstatic_n7_r1,truthful|vote_tally|1.0,True,"[0, 1, 2, 3, 4]",depstatic_n7_r1,"[0, 1, 2, 3, 4]",0.0092,false_ejection_rate,false_ejection_rate,5,0.0027748873851023217,strength_sweep
Dependence_strength_sweep_depstatic_n7_r1,truthful|vote_tally|2.0,True,"[0, 1, 2, 3, 4]",depstatic_n7_r1,"[0, 1, 2, 3, 4]",0.0092,false_ejection_rate,false_ejection_rate,5,0.0027748873851023217,strength_sweep
Dependence_strength_sweep_depstatic_n7_r1,truthful|vote_tally|4.0,True,"[0, 1, 2, 3, 4]",depstatic_n7_r1,"[0, 1, 2, 3, 4]",0.0092,false_ejection_rate,false_ejection_rate,5,0.0027748873851023217,strength_sweep
Dependence_strength_sweep_depstatic_n7_r1,truthful|vote_tally|6.0,True,"[0, 1, 2, 3, 4]",depstatic_n7_r1,"[0, 1, 2, 3, 4]",0.021200000000000004,false_ejection_rate,false_ejection_rate,5,0.0033466401061363026,strength_sweep
Dependence_strength_sweep_depstatic_n7_r1,truthful|vote_tally|8.0,True,"[0, 1, 2, 3, 4]",depstatic_n7_r1,"[0, 1, 2, 3, 4]",0.1078,false_ejection_rate,false_ejection_rate,5,0.005805170109479997,strength_sweep
Scripted_rule_evaluation_f2_tenseed_crew3,alibi|dependence_aware,True,"[0, 1, 2, 3, 4, 5, 6, 7, 8, 9]",f2_tenseed_crew3,"[0, 1, 2, 3, 4, 5, 6, 7, 8, 9]",0.4509,false_ejection_rate,false_ejection_rate,10,0.012723119813071707,rules
Scripted_rule_evaluation_f2_tenseed_crew3,alibi|hypothesis,True,"[0, 1, 2, 3, 4, 5, 6, 7, 8, 9]",f2_tenseed_crew3,"[0, 1, 2, 3, 4, 5, 6, 7, 8, 9]",0.4817,false_ejection_rate,false_ejection_rate,10,0.013597793938724028,rules
Scripted_rule_evaluation_f2_tenseed_crew3,alibi|mean,True,"[0, 1, 2, 3, 4, 5, 6, 7, 8, 9]",f2_tenseed_crew3,"[0, 1, 2, 3, 4, 5, 6, 7, 8, 9]",0.5119,false_ejection_rate,false_ejection_rate,10,0.01434844164980219,rules
Scripted_rule_evaluation_f2_tenseed_crew3,alibi|median,True,"[0, 1, 2, 3, 4, 5, 6, 7, 8, 9]",f2_tenseed_crew3,"[0, 1, 2, 3, 4, 5, 6, 7, 8, 9]",0.4386,false_ejection_rate,false_ejection_rate,10,0.01566453886259593,rules
Scripted_rule_evaluation_f2_tenseed_crew3,alibi|sharp_credibility,True,"[0, 1, 2, 3, 4, 5, 6, 7, 8, 9]",f2_tenseed_crew3,"[0, 1, 2, 3, 4, 5, 6, 7, 8, 9]",0.5039,false_ejection_rate,false_ejection_rate,10,0.015198318620455661,rules
Scripted_rule_evaluation_f2_tenseed_crew3,alibi|soft_credibility,True,"[0, 1, 2, 3, 4, 5, 6, 7, 8, 9]",f2_tenseed_crew3,"[0, 1, 2, 3, 4, 5, 6, 7, 8, 9]",0.5237,false_ejection_rate,false_ejection_rate,10,0.012445882853377669,rules
Scripted_rule_evaluation_f2_tenseed_crew3,alibi|trimmed,True,"[0, 1, 2, 3, 4, 5, 6, 7, 8, 9]",f2_tenseed_crew3,"[0, 1, 2, 3, 4, 5, 6, 7, 8, 9]",0.4386,false_ejection_rate,false_ejection_rate,10,0.01566453886259593,rules
Scripted_rule_evaluation_f2_tenseed_crew3,framer|dependence_aware,True,"[0, 1, 2, 3, 4, 5, 6, 7, 8, 9]",f2_tenseed_crew3,"[0, 1, 2, 3, 4, 5, 6, 7, 8, 9]",0.5352,false_ejection_rate,false_ejection_rate,10,0.01583105246729423,rules
Scripted_rule_evaluation_f2_tenseed_crew3,framer|hypothesis,True,"[0, 1, 2, 3, 4, 5, 6, 7, 8, 9]",f2_tenseed_crew3,"[0, 1, 2, 3, 4, 5, 6, 7, 8, 9]",0.3517,false_ejection_rate,false_ejection_rate,10,0.014461058820923935,rules
Scripted_rule_evaluation_f2_tenseed_crew3,framer|mean,True,"[0, 1, 2, 3, 4, 5, 6, 7, 8, 9]",f2_tenseed_crew3,"[0, 1, 2, 3, 4, 5, 6, 7, 8, 9]",0.5416000000000001,false_ejection_rate,false_ejection_rate,10,0.015005184289289998,rules
Scripted_rule_evaluation_f2_tenseed_crew3,framer|median,True,"[0, 1, 2, 3, 4, 5, 6, 7, 8, 9]",f2_tenseed_crew3,"[0, 1, 2, 3, 4, 5, 6, 7, 8, 9]",0.5316000000000001,false_ejection_rate,false_ejection_rate,10,0.017186558054996887,rules
Scripted_rule_evaluation_f2_tenseed_crew3,framer|sharp_credibility,True,"[0, 1, 2, 3, 4, 5, 6, 7, 8, 9]",f2_tenseed_crew3,"[0, 1, 2, 3, 4, 5, 6, 7, 8, 9]",0.519,false_ejection_rate,false_ejection_rate,10,0.01706848948598949,rules
Scripted_rule_evaluation_f2_tenseed_crew3,framer|soft_credibility,True,"[0, 1, 2, 3, 4, 5, 6, 7, 8, 9]",f2_tenseed_crew3,"[0, 1, 2, 3, 4, 5, 6, 7, 8, 9]",0.5352,false_ejection_rate,false_ejection_rate,10,0.01583105246729423,rules
Scripted_rule_evaluation_f2_tenseed_crew3,framer|trimmed,True,"[0, 1, 2, 3, 4, 5, 6, 7, 8, 9]",f2_tenseed_crew3,"[0, 1, 2, 3, 4, 5, 6, 7, 8, 9]",0.5316000000000001,false_ejection_rate,false_ejection_rate,10,0.017186558054996887,rules
Scripted_rule_evaluation_f2_tenseed_crew3,lone_liar|dependence_aware,True,"[0, 1, 2, 3, 4, 5, 6, 7, 8, 9]",f2_tenseed_crew3,"[0, 1, 2, 3, 4, 5, 6, 7, 8, 9]",0.20990000000000003,false_ejection_rate,false_ejection_rate,10,0.012404748194855783,rules
Scripted_rule_evaluation_f2_tenseed_crew3,lone_liar|hypothesis,True,"[0, 1, 2, 3, 4, 5, 6, 7, 8, 9]",f2_tenseed_crew3,"[0, 1, 2, 3, 4, 5, 6, 7, 8, 9]",0.41179999999999994,false_ejection_rate,false_ejection_rate,10,0.011053405709453422,rules
Scripted_rule_evaluation_f2_tenseed_crew3,lone_liar|mean,True,"[0, 1, 2, 3, 4, 5, 6, 7, 8, 9]",f2_tenseed_crew3,"[0, 1, 2, 3, 4, 5, 6, 7, 8, 9]",0.32820000000000005,false_ejection_rate,false_ejection_rate,10,0.014412957133542483,rules
Scripted_rule_evaluation_f2_tenseed_crew3,lone_liar|median,True,"[0, 1, 2, 3, 4, 5, 6, 7, 8, 9]",f2_tenseed_crew3,"[0, 1, 2, 3, 4, 5, 6, 7, 8, 9]",0.24510000000000004,false_ejection_rate,false_ejection_rate,10,0.013649989824986032,rules
Scripted_rule_evaluation_f2_tenseed_crew3,lone_liar|sharp_credibility,True,"[0, 1, 2, 3, 4, 5, 6, 7, 8, 9]",f2_tenseed_crew3,"[0, 1, 2, 3, 4, 5, 6, 7, 8, 9]",0.2036,false_ejection_rate,false_ejection_rate,10,0.010996969279457557,rules
Scripted_rule_evaluation_f2_tenseed_crew3,lone_liar|soft_credibility,True,"[0, 1, 2, 3, 4, 5, 6, 7, 8, 9]",f2_tenseed_crew3,"[0, 1, 2, 3, 4, 5, 6, 7, 8, 9]",0.17819999999999997,false_ejection_rate,false_ejection_rate,10,0.01243471842150928,rules
Scripted_rule_evaluation_f2_tenseed_crew3,lone_liar|trimmed,True,"[0, 1, 2, 3, 4, 5, 6, 7, 8, 9]",f2_tenseed_crew3,"[0, 1, 2, 3, 4, 5, 6, 7, 8, 9]",0.24510000000000004,false_ejection_rate,false_ejection_rate,10,0.013649989824986032,rules
Scripted_rule_evaluation_f2_tenseed_crew3,truthful|dependence_aware,True,"[0, 1, 2, 3, 4, 5, 6, 7, 8, 9]",f2_tenseed_crew3,"[0, 1, 2, 3, 4, 5, 6, 7, 8, 9]",0.0,false_ejection_rate,false_ejection_rate,10,0.0,rules
Scripted_rule_evaluation_f2_tenseed_crew3,truthful|hypothesis,True,"[0, 1, 2, 3, 4, 5, 6, 7, 8, 9]",f2_tenseed_crew3,"[0, 1, 2, 3, 4, 5, 6, 7, 8, 9]",0.24469999999999997,false_ejection_rate,false_ejection_rate,10,0.01754391315781313,rules
Scripted_rule_evaluation_f2_tenseed_crew3,truthful|mean,True,"[0, 1, 2, 3, 4, 5, 6, 7, 8, 9]",f2_tenseed_crew3,"[0, 1, 2, 3, 4, 5, 6, 7, 8, 9]",0.0,false_ejection_rate,false_ejection_rate,10,0.0,rules
Scripted_rule_evaluation_f2_tenseed_crew3,truthful|median,True,"[0, 1, 2, 3, 4, 5, 6, 7, 8, 9]",f2_tenseed_crew3,"[0, 1, 2, 3, 4, 5, 6, 7, 8, 9]",0.13720000000000004,false_ejection_rate,false_ejection_rate,10,0.017267824928976366,rules
Scripted_rule_evaluation_f2_tenseed_crew3,truthful|sharp_credibility,True,"[0, 1, 2, 3, 4, 5, 6, 7, 8, 9]",f2_tenseed_crew3,"[0, 1, 2, 3, 4, 5, 6, 7, 8, 9]",0.0,false_ejection_rate,false_ejection_rate,10,0.0,rules
Scripted_rule_evaluation_f2_tenseed_crew3,truthful|soft_credibility,True,"[0, 1, 2, 3, 4, 5, 6, 7, 8, 9]",f2_tenseed_crew3,"[0, 1, 2, 3, 4, 5, 6, 7, 8, 9]",0.0,false_ejection_rate,false_ejection_rate,10,0.0,rules
Scripted_rule_evaluation_f2_tenseed_crew3,truthful|trimmed,True,"[0, 1, 2, 3, 4, 5, 6, 7, 8, 9]",f2_tenseed_crew3,"[0, 1, 2, 3, 4, 5, 6, 7, 8, 9]",0.13720000000000004,false_ejection_rate,false_ejection_rate,10,0.017267824928976366,rules
Scripted_rule_evaluation_f2_tenseed_crew5,alibi|dependence_aware,True,"[0, 1, 2, 3, 4, 5, 6, 7, 8, 9]",f2_tenseed_crew5,"[0, 1, 2, 3, 4, 5, 6, 7, 8, 9]",0.3262,false_ejection_rate,false_ejection_rate,10,0.009635582205785212,rules
Scripted_rule_evaluation_f2_tenseed_crew5,alibi|hypothesis,True,"[0, 1, 2, 3, 4, 5, 6, 7, 8, 9]",f2_tenseed_crew5,"[0, 1, 2, 3, 4, 5, 6, 7, 8, 9]",0.1469,false_ejection_rate,false_ejection_rate,10,0.015595227190108871,rules
Scripted_rule_evaluation_f2_tenseed_crew5,alibi|mean,True,"[0, 1, 2, 3, 4, 5, 6, 7, 8, 9]",f2_tenseed_crew5,"[0, 1, 2, 3, 4, 5, 6, 7, 8, 9]",0.3273,false_ejection_rate,false_ejection_rate,10,0.014765199325139878,rules
Scripted_rule_evaluation_f2_tenseed_crew5,alibi|median,True,"[0, 1, 2, 3, 4, 5, 6, 7, 8, 9]",f2_tenseed_crew5,"[0, 1, 2, 3, 4, 5, 6, 7, 8, 9]",0.4223,false_ejection_rate,false_ejection_rate,10,0.023631664256999665,rules
Scripted_rule_evaluation_f2_tenseed_crew5,alibi|sharp_credibility,True,"[0, 1, 2, 3, 4, 5, 6, 7, 8, 9]",f2_tenseed_crew5,"[0, 1, 2, 3, 4, 5, 6, 7, 8, 9]",0.4279,false_ejection_rate,false_ejection_rate,10,0.011751595636338083,rules
Scripted_rule_evaluation_f2_tenseed_crew5,alibi|soft_credibility,True,"[0, 1, 2, 3, 4, 5, 6, 7, 8, 9]",f2_tenseed_crew5,"[0, 1, 2, 3, 4, 5, 6, 7, 8, 9]",0.3919,false_ejection_rate,false_ejection_rate,10,0.009711962840858814,rules
Scripted_rule_evaluation_f2_tenseed_crew5,alibi|trimmed,True,"[0, 1, 2, 3, 4, 5, 6, 7, 8, 9]",f2_tenseed_crew5,"[0, 1, 2, 3, 4, 5, 6, 7, 8, 9]",0.41949999999999993,false_ejection_rate,false_ejection_rate,10,0.0203647298588079,rules
Scripted_rule_evaluation_f2_tenseed_crew5,framer|dependence_aware,True,"[0, 1, 2, 3, 4, 5, 6, 7, 8, 9]",f2_tenseed_crew5,"[0, 1, 2, 3, 4, 5, 6, 7, 8, 9]",0.4795,false_ejection_rate,false_ejection_rate,10,0.018136825644098922,rules
Scripted_rule_evaluation_f2_tenseed_crew5,framer|hypothesis,True,"[0, 1, 2, 3, 4, 5, 6, 7, 8, 9]",f2_tenseed_crew5,"[0, 1, 2, 3, 4, 5, 6, 7, 8, 9]",0.1542,false_ejection_rate,false_ejection_rate,10,0.010706176825656402,rules
Scripted_rule_evaluation_f2_tenseed_crew5,framer|mean,True,"[0, 1, 2, 3, 4, 5, 6, 7, 8, 9]",f2_tenseed_crew5,"[0, 1, 2, 3, 4, 5, 6, 7, 8, 9]",0.4106000000000001,false_ejection_rate,false_ejection_rate,10,0.009731963373909233,rules
Scripted_rule_evaluation_f2_tenseed_crew5,framer|median,True,"[0, 1, 2, 3, 4, 5, 6, 7, 8, 9]",f2_tenseed_crew5,"[0, 1, 2, 3, 4, 5, 6, 7, 8, 9]",0.4226,false_ejection_rate,false_ejection_rate,10,0.021146052954524524,rules
Scripted_rule_evaluation_f2_tenseed_crew5,framer|sharp_credibility,True,"[0, 1, 2, 3, 4, 5, 6, 7, 8, 9]",f2_tenseed_crew5,"[0, 1, 2, 3, 4, 5, 6, 7, 8, 9]",0.40040000000000003,false_ejection_rate,false_ejection_rate,10,0.01637206292574165,rules
Scripted_rule_evaluation_f2_tenseed_crew5,framer|soft_credibility,True,"[0, 1, 2, 3, 4, 5, 6, 7, 8, 9]",f2_tenseed_crew5,"[0, 1, 2, 3, 4, 5, 6, 7, 8, 9]",0.4029999999999999,false_ejection_rate,false_ejection_rate,10,0.014666666666666654,rules
Scripted_rule_evaluation_f2_tenseed_crew5,framer|trimmed,True,"[0, 1, 2, 3, 4, 5, 6, 7, 8, 9]",f2_tenseed_crew5,"[0, 1, 2, 3, 4, 5, 6, 7, 8, 9]",0.5309,false_ejection_rate,false_ejection_rate,10,0.016394104631441975,rules
Scripted_rule_evaluation_f2_tenseed_crew5,lone_liar|dependence_aware,True,"[0, 1, 2, 3, 4, 5, 6, 7, 8, 9]",f2_tenseed_crew5,"[0, 1, 2, 3, 4, 5, 6, 7, 8, 9]",0.1939,false_ejection_rate,false_ejection_rate,10,0.013747322971723944,rules
Scripted_rule_evaluation_f2_tenseed_crew5,lone_liar|hypothesis,True,"[0, 1, 2, 3, 4, 5, 6, 7, 8, 9]",f2_tenseed_crew5,"[0, 1, 2, 3, 4, 5, 6, 7, 8, 9]",0.19070000000000004,false_ejection_rate,false_ejection_rate,10,0.011700427342623004,rules
Scripted_rule_evaluation_f2_tenseed_crew5,lone_liar|mean,True,"[0, 1, 2, 3, 4, 5, 6, 7, 8, 9]",f2_tenseed_crew5,"[0, 1, 2, 3, 4, 5, 6, 7, 8, 9]",0.1311,false_ejection_rate,false_ejection_rate,10,0.011318127053536726,rules
Scripted_rule_evaluation_f2_tenseed_crew5,lone_liar|median,True,"[0, 1, 2, 3, 4, 5, 6, 7, 8, 9]",f2_tenseed_crew5,"[0, 1, 2, 3, 4, 5, 6, 7, 8, 9]",0.4303,false_ejection_rate,false_ejection_rate,10,0.018147849581822213,rules
Scripted_rule_evaluation_f2_tenseed_crew5,lone_liar|sharp_credibility,True,"[0, 1, 2, 3, 4, 5, 6, 7, 8, 9]",f2_tenseed_crew5,"[0, 1, 2, 3, 4, 5, 6, 7, 8, 9]",0.27770000000000006,false_ejection_rate,false_ejection_rate,10,0.014491760110873724,rules
Scripted_rule_evaluation_f2_tenseed_crew5,lone_liar|soft_credibility,True,"[0, 1, 2, 3, 4, 5, 6, 7, 8, 9]",f2_tenseed_crew5,"[0, 1, 2, 3, 4, 5, 6, 7, 8, 9]",0.1586,false_ejection_rate,false_ejection_rate,10,0.011918239989379489,rules
Scripted_rule_evaluation_f2_tenseed_crew5,lone_liar|trimmed,True,"[0, 1, 2, 3, 4, 5, 6, 7, 8, 9]",f2_tenseed_crew5,"[0, 1, 2, 3, 4, 5, 6, 7, 8, 9]",0.35900000000000004,false_ejection_rate,false_ejection_rate,10,0.01732050807568878,rules
Scripted_rule_evaluation_f2_tenseed_crew5,truthful|dependence_aware,True,"[0, 1, 2, 3, 4, 5, 6, 7, 8, 9]",f2_tenseed_crew5,"[0, 1, 2, 3, 4, 5, 6, 7, 8, 9]",0.0,false_ejection_rate,false_ejection_rate,10,0.0,rules
Scripted_rule_evaluation_f2_tenseed_crew5,truthful|hypothesis,True,"[0, 1, 2, 3, 4, 5, 6, 7, 8, 9]",f2_tenseed_crew5,"[0, 1, 2, 3, 4, 5, 6, 7, 8, 9]",0.37,false_ejection_rate,false_ejection_rate,10,0.008259674462242586,rules
Scripted_rule_evaluation_f2_tenseed_crew5,truthful|mean,True,"[0, 1, 2, 3, 4, 5, 6, 7, 8, 9]",f2_tenseed_crew5,"[0, 1, 2, 3, 4, 5, 6, 7, 8, 9]",0.0,false_ejection_rate,false_ejection_rate,10,0.0,rules
Scripted_rule_evaluation_f2_tenseed_crew5,truthful|median,True,"[0, 1, 2, 3, 4, 5, 6, 7, 8, 9]",f2_tenseed_crew5,"[0, 1, 2, 3, 4, 5, 6, 7, 8, 9]",0.38889999999999997,false_ejection_rate,false_ejection_rate,10,0.01781042141868382,rules
Scripted_rule_evaluation_f2_tenseed_crew5,truthful|sharp_credibility,True,"[0, 1, 2, 3, 4, 5, 6, 7, 8, 9]",f2_tenseed_crew5,"[0, 1, 2, 3, 4, 5, 6, 7, 8, 9]",0.0,false_ejection_rate,false_ejection_rate,10,0.0,rules
Scripted_rule_evaluation_f2_tenseed_crew5,truthful|soft_credibility,True,"[0, 1, 2, 3, 4, 5, 6, 7, 8, 9]",f2_tenseed_crew5,"[0, 1, 2, 3, 4, 5, 6, 7, 8, 9]",0.0,false_ejection_rate,false_ejection_rate,10,0.0,rules
Scripted_rule_evaluation_f2_tenseed_crew5,truthful|trimmed,True,"[0, 1, 2, 3, 4, 5, 6, 7, 8, 9]",f2_tenseed_crew5,"[0, 1, 2, 3, 4, 5, 6, 7, 8, 9]",0.31179999999999997,false_ejection_rate,false_ejection_rate,10,0.017248510402672786,rules
Scripted_rule_evaluation_f2_tenseed_crew7,alibi|dependence_aware,True,"[0, 1, 2, 3, 4, 5, 6, 7, 8, 9]",f2_tenseed_crew7,"[0, 1, 2, 3, 4, 5, 6, 7, 8, 9]",0.34009999999999996,false_ejection_rate,false_ejection_rate,10,0.01572294855016421,rules
Scripted_rule_evaluation_f2_tenseed_crew7,alibi|hypothesis,True,"[0, 1, 2, 3, 4, 5, 6, 7, 8, 9]",f2_tenseed_crew7,"[0, 1, 2, 3, 4, 5, 6, 7, 8, 9]",0.06500000000000002,false_ejection_rate,false_ejection_rate,10,0.009556847457887634,rules
Scripted_rule_evaluation_f2_tenseed_crew7,alibi|mean,True,"[0, 1, 2, 3, 4, 5, 6, 7, 8, 9]",f2_tenseed_crew7,"[0, 1, 2, 3, 4, 5, 6, 7, 8, 9]",0.2121,false_ejection_rate,false_ejection_rate,10,0.016065490966665166,rules
Scripted_rule_evaluation_f2_tenseed_crew7,alibi|median,True,"[0, 1, 2, 3, 4, 5, 6, 7, 8, 9]",f2_tenseed_crew7,"[0, 1, 2, 3, 4, 5, 6, 7, 8, 9]",0.5572,false_ejection_rate,false_ejection_rate,10,0.01606791143172555,rules
Scripted_rule_evaluation_f2_tenseed_crew7,alibi|sharp_credibility,True,"[0, 1, 2, 3, 4, 5, 6, 7, 8, 9]",f2_tenseed_crew7,"[0, 1, 2, 3, 4, 5, 6, 7, 8, 9]",0.4511,false_ejection_rate,false_ejection_rate,10,0.012705641791477255,rules
Scripted_rule_evaluation_f2_tenseed_crew7,alibi|soft_credibility,True,"[0, 1, 2, 3, 4, 5, 6, 7, 8, 9]",f2_tenseed_crew7,"[0, 1, 2, 3, 4, 5, 6, 7, 8, 9]",0.3778,false_ejection_rate,false_ejection_rate,10,0.014132704388521457,rules
Scripted_rule_evaluation_f2_tenseed_crew7,alibi|trimmed,True,"[0, 1, 2, 3, 4, 5, 6, 7, 8, 9]",f2_tenseed_crew7,"[0, 1, 2, 3, 4, 5, 6, 7, 8, 9]",0.48629999999999995,false_ejection_rate,false_ejection_rate,10,0.020715265439337775,rules
Scripted_rule_evaluation_f2_tenseed_crew7,framer|dependence_aware,True,"[0, 1, 2, 3, 4, 5, 6, 7, 8, 9]",f2_tenseed_crew7,"[0, 1, 2, 3, 4, 5, 6, 7, 8, 9]",0.3546,false_ejection_rate,false_ejection_rate,10,0.011834037537731755,rules
Scripted_rule_evaluation_f2_tenseed_crew7,framer|hypothesis,True,"[0, 1, 2, 3, 4, 5, 6, 7, 8, 9]",f2_tenseed_crew7,"[0, 1, 2, 3, 4, 5, 6, 7, 8, 9]",0.08759999999999998,false_ejection_rate,false_ejection_rate,10,0.010543033508225018,rules
Scripted_rule_evaluation_f2_tenseed_crew7,framer|mean,True,"[0, 1, 2, 3, 4, 5, 6, 7, 8, 9]",f2_tenseed_crew7,"[0, 1, 2, 3, 4, 5, 6, 7, 8, 9]",0.2604,false_ejection_rate,false_ejection_rate,10,0.009935346552139552,rules
Scripted_rule_evaluation_f2_tenseed_crew7,framer|median,True,"[0, 1, 2, 3, 4, 5, 6, 7, 8, 9]",f2_tenseed_crew7,"[0, 1, 2, 3, 4, 5, 6, 7, 8, 9]",0.5217,false_ejection_rate,false_ejection_rate,10,0.015542415084750088,rules
Scripted_rule_evaluation_f2_tenseed_crew7,framer|sharp_credibility,True,"[0, 1, 2, 3, 4, 5, 6, 7, 8, 9]",f2_tenseed_crew7,"[0, 1, 2, 3, 4, 5, 6, 7, 8, 9]",0.31449999999999995,false_ejection_rate,false_ejection_rate,10,0.013978157564174514,rules
Scripted_rule_evaluation_f2_tenseed_crew7,framer|soft_credibility,True,"[0, 1, 2, 3, 4, 5, 6, 7, 8, 9]",f2_tenseed_crew7,"[0, 1, 2, 3, 4, 5, 6, 7, 8, 9]",0.2551,false_ejection_rate,false_ejection_rate,10,0.010386422761363893,rules
Scripted_rule_evaluation_f2_tenseed_crew7,framer|trimmed,True,"[0, 1, 2, 3, 4, 5, 6, 7, 8, 9]",f2_tenseed_crew7,"[0, 1, 2, 3, 4, 5, 6, 7, 8, 9]",0.5349,false_ejection_rate,false_ejection_rate,10,0.018314839156632904,rules
Scripted_rule_evaluation_f2_tenseed_crew7,lone_liar|dependence_aware,True,"[0, 1, 2, 3, 4, 5, 6, 7, 8, 9]",f2_tenseed_crew7,"[0, 1, 2, 3, 4, 5, 6, 7, 8, 9]",0.1783,false_ejection_rate,false_ejection_rate,10,0.012392201849012414,rules
Scripted_rule_evaluation_f2_tenseed_crew7,lone_liar|hypothesis,True,"[0, 1, 2, 3, 4, 5, 6, 7, 8, 9]",f2_tenseed_crew7,"[0, 1, 2, 3, 4, 5, 6, 7, 8, 9]",0.0699,false_ejection_rate,false_ejection_rate,10,0.006573515886579351,rules
Scripted_rule_evaluation_f2_tenseed_crew7,lone_liar|mean,True,"[0, 1, 2, 3, 4, 5, 6, 7, 8, 9]",f2_tenseed_crew7,"[0, 1, 2, 3, 4, 5, 6, 7, 8, 9]",0.0998,false_ejection_rate,false_ejection_rate,10,0.008753412033157257,rules
Scripted_rule_evaluation_f2_tenseed_crew7,lone_liar|median,True,"[0, 1, 2, 3, 4, 5, 6, 7, 8, 9]",f2_tenseed_crew7,"[0, 1, 2, 3, 4, 5, 6, 7, 8, 9]",0.5529,false_ejection_rate,false_ejection_rate,10,0.01659618430041474,rules
Scripted_rule_evaluation_f2_tenseed_crew7,lone_liar|sharp_credibility,True,"[0, 1, 2, 3, 4, 5, 6, 7, 8, 9]",f2_tenseed_crew7,"[0, 1, 2, 3, 4, 5, 6, 7, 8, 9]",0.2998,false_ejection_rate,false_ejection_rate,10,0.009413937657655396,rules
Scripted_rule_evaluation_f2_tenseed_crew7,lone_liar|soft_credibility,True,"[0, 1, 2, 3, 4, 5, 6, 7, 8, 9]",f2_tenseed_crew7,"[0, 1, 2, 3, 4, 5, 6, 7, 8, 9]",0.1507,false_ejection_rate,false_ejection_rate,10,0.009129317852087553,rules
Scripted_rule_evaluation_f2_tenseed_crew7,lone_liar|trimmed,True,"[0, 1, 2, 3, 4, 5, 6, 7, 8, 9]",f2_tenseed_crew7,"[0, 1, 2, 3, 4, 5, 6, 7, 8, 9]",0.41719999999999996,false_ejection_rate,false_ejection_rate,10,0.016410024036816295,rules
Scripted_rule_evaluation_f2_tenseed_crew7,truthful|dependence_aware,True,"[0, 1, 2, 3, 4, 5, 6, 7, 8, 9]",f2_tenseed_crew7,"[0, 1, 2, 3, 4, 5, 6, 7, 8, 9]",0.0,false_ejection_rate,false_ejection_rate,10,0.0,rules
Scripted_rule_evaluation_f2_tenseed_crew7,truthful|hypothesis,True,"[0, 1, 2, 3, 4, 5, 6, 7, 8, 9]",f2_tenseed_crew7,"[0, 1, 2, 3, 4, 5, 6, 7, 8, 9]",0.3926,false_ejection_rate,false_ejection_rate,10,0.012954621654923861,rules
Scripted_rule_evaluation_f2_tenseed_crew7,truthful|mean,True,"[0, 1, 2, 3, 4, 5, 6, 7, 8, 9]",f2_tenseed_crew7,"[0, 1, 2, 3, 4, 5, 6, 7, 8, 9]",0.0,false_ejection_rate,false_ejection_rate,10,0.0,rules
Scripted_rule_evaluation_f2_tenseed_crew7,truthful|median,True,"[0, 1, 2, 3, 4, 5, 6, 7, 8, 9]",f2_tenseed_crew7,"[0, 1, 2, 3, 4, 5, 6, 7, 8, 9]",0.5039,false_ejection_rate,false_ejection_rate,10,0.01848993720318644,rules
Scripted_rule_evaluation_f2_tenseed_crew7,truthful|sharp_credibility,True,"[0, 1, 2, 3, 4, 5, 6, 7, 8, 9]",f2_tenseed_crew7,"[0, 1, 2, 3, 4, 5, 6, 7, 8, 9]",0.0,false_ejection_rate,false_ejection_rate,10,0.0,rules
Scripted_rule_evaluation_f2_tenseed_crew7,truthful|soft_credibility,True,"[0, 1, 2, 3, 4, 5, 6, 7, 8, 9]",f2_tenseed_crew7,"[0, 1, 2, 3, 4, 5, 6, 7, 8, 9]",0.0,false_ejection_rate,false_ejection_rate,10,0.0,rules
Scripted_rule_evaluation_f2_tenseed_crew7,truthful|trimmed,True,"[0, 1, 2, 3, 4, 5, 6, 7, 8, 9]",f2_tenseed_crew7,"[0, 1, 2, 3, 4, 5, 6, 7, 8, 9]",0.3796,false_ejection_rate,false_ejection_rate,10,0.017462340431148783,rules
Matched_three-stage_cycle_f3_tenseed_crew3,coalition0_vs_learned_crew1,True,"[0, 1, 2, 3, 4, 5, 6, 7, 8, 9]",f3_tenseed_crew3,"[0, 1, 2, 3, 4, 5, 6, 7, 8, 9]",0.7908,coalition_favorable_rate,coalition_favorable_rate,10,0.08090021288256567,crossplay
Matched_three-stage_cycle_f3_tenseed_crew3,coalition0_vs_learned_crew1,True,"[0, 1, 2, 3, 4, 5, 6, 7, 8, 9]",f3_tenseed_crew3,"[0, 1, 2, 3, 4, 5, 6, 7, 8, 9]",0.46349999999999997,false_ejection_rate,false_ejection_rate,10,0.07276789585158189,crossplay
Matched_three-stage_cycle_f3_tenseed_crew3,coalition0_vs_soft_credibility,True,"[0, 1, 2, 3, 4, 5, 6, 7, 8, 9]",f3_tenseed_crew3,"[0, 1, 2, 3, 4, 5, 6, 7, 8, 9]",0.8157,coalition_favorable_rate,coalition_favorable_rate,10,0.06738290254623613,crossplay
Matched_three-stage_cycle_f3_tenseed_crew3,coalition0_vs_soft_credibility,True,"[0, 1, 2, 3, 4, 5, 6, 7, 8, 9]",f3_tenseed_crew3,"[0, 1, 2, 3, 4, 5, 6, 7, 8, 9]",0.1883,false_ejection_rate,false_ejection_rate,10,0.04539958394327224,crossplay
Matched_three-stage_cycle_f3_tenseed_crew3,coalition1_vs_learned_crew1,True,"[0, 1, 2, 3, 4, 5, 6, 7, 8, 9]",f3_tenseed_crew3,"[0, 1, 2, 3, 4, 5, 6, 7, 8, 9]",0.7499,coalition_favorable_rate,coalition_favorable_rate,10,0.09512150124971745,crossplay
Matched_three-stage_cycle_f3_tenseed_crew3,coalition1_vs_learned_crew1,True,"[0, 1, 2, 3, 4, 5, 6, 7, 8, 9]",f3_tenseed_crew3,"[0, 1, 2, 3, 4, 5, 6, 7, 8, 9]",0.41530000000000006,false_ejection_rate,false_ejection_rate,10,0.08880947146685549,crossplay
Matched_three-stage_cycle_f3_tenseed_crew3,coalition1_vs_soft_credibility,True,"[0, 1, 2, 3, 4, 5, 6, 7, 8, 9]",f3_tenseed_crew3,"[0, 1, 2, 3, 4, 5, 6, 7, 8, 9]",0.4923,coalition_favorable_rate,coalition_favorable_rate,10,0.15277947069769116,crossplay
Matched_three-stage_cycle_f3_tenseed_crew3,coalition1_vs_soft_credibility,True,"[0, 1, 2, 3, 4, 5, 6, 7, 8, 9]",f3_tenseed_crew3,"[0, 1, 2, 3, 4, 5, 6, 7, 8, 9]",0.06760000000000002,false_ejection_rate,false_ejection_rate,10,0.03366897681843034,crossplay
Matched_three-stage_cycle_f3_tenseed_crew5,coalition0_vs_learned_crew1,True,"[0, 1, 2, 3, 4, 5, 6, 7, 8, 9]",f3_tenseed_crew5,"[0, 1, 2, 3, 4, 5, 6, 7, 8, 9]",0.7274999999999999,coalition_favorable_rate,coalition_favorable_rate,10,0.0565867082940469,crossplay
Matched_three-stage_cycle_f3_tenseed_crew5,coalition0_vs_learned_crew1,True,"[0, 1, 2, 3, 4, 5, 6, 7, 8, 9]",f3_tenseed_crew5,"[0, 1, 2, 3, 4, 5, 6, 7, 8, 9]",0.40309999999999996,false_ejection_rate,false_ejection_rate,10,0.039987359113711034,crossplay
Matched_three-stage_cycle_f3_tenseed_crew5,coalition0_vs_soft_credibility,True,"[0, 1, 2, 3, 4, 5, 6, 7, 8, 9]",f3_tenseed_crew5,"[0, 1, 2, 3, 4, 5, 6, 7, 8, 9]",0.2439,coalition_favorable_rate,coalition_favorable_rate,10,0.05649473918477326,crossplay
Matched_three-stage_cycle_f3_tenseed_crew5,coalition0_vs_soft_credibility,True,"[0, 1, 2, 3, 4, 5, 6, 7, 8, 9]",f3_tenseed_crew5,"[0, 1, 2, 3, 4, 5, 6, 7, 8, 9]",0.194,false_ejection_rate,false_ejection_rate,10,0.051055525329455446,crossplay
Matched_three-stage_cycle_f3_tenseed_crew5,coalition1_vs_learned_crew1,True,"[0, 1, 2, 3, 4, 5, 6, 7, 8, 9]",f3_tenseed_crew5,"[0, 1, 2, 3, 4, 5, 6, 7, 8, 9]",0.7539999999999999,coalition_favorable_rate,coalition_favorable_rate,10,0.06274817394421398,crossplay
Matched_three-stage_cycle_f3_tenseed_crew5,coalition1_vs_learned_crew1,True,"[0, 1, 2, 3, 4, 5, 6, 7, 8, 9]",f3_tenseed_crew5,"[0, 1, 2, 3, 4, 5, 6, 7, 8, 9]",0.5385,false_ejection_rate,false_ejection_rate,10,0.053442076639625025,crossplay
Matched_three-stage_cycle_f3_tenseed_crew5,coalition1_vs_soft_credibility,True,"[0, 1, 2, 3, 4, 5, 6, 7, 8, 9]",f3_tenseed_crew5,"[0, 1, 2, 3, 4, 5, 6, 7, 8, 9]",0.1048,coalition_favorable_rate,coalition_favorable_rate,10,0.018641649903136555,crossplay
Matched_three-stage_cycle_f3_tenseed_crew5,coalition1_vs_soft_credibility,True,"[0, 1, 2, 3, 4, 5, 6, 7, 8, 9]",f3_tenseed_crew5,"[0, 1, 2, 3, 4, 5, 6, 7, 8, 9]",0.0759,false_ejection_rate,false_ejection_rate,10,0.013995634239925598,crossplay
Matched_three-stage_cycle_f3_tenseed_crew7,coalition0_vs_learned_crew1,True,"[0, 1, 2, 3, 4, 5, 6, 7, 8, 9]",f3_tenseed_crew7,"[0, 1, 2, 3, 4, 5, 6, 7, 8, 9]",0.8244,coalition_favorable_rate,coalition_favorable_rate,10,0.03316356769441764,crossplay
Matched_three-stage_cycle_f3_tenseed_crew7,coalition0_vs_learned_crew1,True,"[0, 1, 2, 3, 4, 5, 6, 7, 8, 9]",f3_tenseed_crew7,"[0, 1, 2, 3, 4, 5, 6, 7, 8, 9]",0.4747,false_ejection_rate,false_ejection_rate,10,0.0374196917856539,crossplay
Matched_three-stage_cycle_f3_tenseed_crew7,coalition0_vs_soft_credibility,True,"[0, 1, 2, 3, 4, 5, 6, 7, 8, 9]",f3_tenseed_crew7,"[0, 1, 2, 3, 4, 5, 6, 7, 8, 9]",0.2524,coalition_favorable_rate,coalition_favorable_rate,10,0.03180216624347747,crossplay
Matched_three-stage_cycle_f3_tenseed_crew7,coalition0_vs_soft_credibility,True,"[0, 1, 2, 3, 4, 5, 6, 7, 8, 9]",f3_tenseed_crew7,"[0, 1, 2, 3, 4, 5, 6, 7, 8, 9]",0.2109,false_ejection_rate,false_ejection_rate,10,0.021501679520963525,crossplay
Matched_three-stage_cycle_f3_tenseed_crew7,coalition1_vs_learned_crew1,True,"[0, 1, 2, 3, 4, 5, 6, 7, 8, 9]",f3_tenseed_crew7,"[0, 1, 2, 3, 4, 5, 6, 7, 8, 9]",0.8324999999999999,coalition_favorable_rate,coalition_favorable_rate,10,0.026850408645762606,crossplay
Matched_three-stage_cycle_f3_tenseed_crew7,coalition1_vs_learned_crew1,True,"[0, 1, 2, 3, 4, 5, 6, 7, 8, 9]",f3_tenseed_crew7,"[0, 1, 2, 3, 4, 5, 6, 7, 8, 9]",0.5871000000000001,false_ejection_rate,false_ejection_rate,10,0.03966092395404938,crossplay
Matched_three-stage_cycle_f3_tenseed_crew7,coalition1_vs_soft_credibility,True,"[0, 1, 2, 3, 4, 5, 6, 7, 8, 9]",f3_tenseed_crew7,"[0, 1, 2, 3, 4, 5, 6, 7, 8, 9]",0.11100000000000002,coalition_favorable_rate,coalition_favorable_rate,10,0.022440043572942443,crossplay
Matched_three-stage_cycle_f3_tenseed_crew7,coalition1_vs_soft_credibility,True,"[0, 1, 2, 3, 4, 5, 6, 7, 8, 9]",f3_tenseed_crew7,"[0, 1, 2, 3, 4, 5, 6, 7, 8, 9]",0.08320000000000001,false_ejection_rate,false_ejection_rate,10,0.019719139039127555,crossplay
Matched_three-stage_cycle_f4_tenseed_crew3,coalition0_vs_learned_crew1,True,"[0, 1, 2, 3, 4, 5, 6, 7, 8, 9]",f4_tenseed_crew3,"[0, 1, 2, 3, 4, 5, 6, 7, 8, 9]",0.2863,any_false_ejection_rate,any_false_ejection_rate,10,0.19691907531324188,crossplay
Matched_three-stage_cycle_f4_tenseed_crew3,coalition0_vs_learned_crew1,True,"[0, 1, 2, 3, 4, 5, 6, 7, 8, 9]",f4_tenseed_crew3,"[0, 1, 2, 3, 4, 5, 6, 7, 8, 9]",0.28209999999999996,coalition_game_win_rate,coalition_game_win_rate,10,0.25453637592035183,crossplay
Matched_three-stage_cycle_f4_tenseed_crew3,coalition0_vs_learned_crew1,True,"[0, 1, 2, 3, 4, 5, 6, 7, 8, 9]",f4_tenseed_crew3,"[0, 1, 2, 3, 4, 5, 6, 7, 8, 9]",0.18159999999999998,false_ejection_rate,terminal-meeting false ejection,10,0.16754780412367887,crossplay
Matched_three-stage_cycle_f4_tenseed_crew3,coalition0_vs_learned_crew1,True,"[0, 1, 2, 3, 4, 5, 6, 7, 8, 9]",f4_tenseed_crew3,"[0, 1, 2, 3, 4, 5, 6, 7, 8, 9]",0.32389999999999997,mean_false_ejections,mean_false_ejections,10,0.25096943151618195,crossplay
Matched_three-stage_cycle_f4_tenseed_crew3,coalition0_vs_soft_credibility,True,"[0, 1, 2, 3, 4, 5, 6, 7, 8, 9]",f4_tenseed_crew3,"[0, 1, 2, 3, 4, 5, 6, 7, 8, 9]",0.5616999999999999,any_false_ejection_rate,any_false_ejection_rate,10,0.31200856469726024,crossplay
Matched_three-stage_cycle_f4_tenseed_crew3,coalition0_vs_soft_credibility,True,"[0, 1, 2, 3, 4, 5, 6, 7, 8, 9]",f4_tenseed_crew3,"[0, 1, 2, 3, 4, 5, 6, 7, 8, 9]",0.9966999999999999,coalition_game_win_rate,coalition_game_win_rate,10,0.003683295625749675,crossplay
Matched_three-stage_cycle_f4_tenseed_crew3,coalition0_vs_soft_credibility,True,"[0, 1, 2, 3, 4, 5, 6, 7, 8, 9]",f4_tenseed_crew3,"[0, 1, 2, 3, 4, 5, 6, 7, 8, 9]",0.5609999999999999,false_ejection_rate,terminal-meeting false ejection,10,0.3122783658497299,crossplay
Matched_three-stage_cycle_f4_tenseed_crew3,coalition0_vs_soft_credibility,True,"[0, 1, 2, 3, 4, 5, 6, 7, 8, 9]",f4_tenseed_crew3,"[0, 1, 2, 3, 4, 5, 6, 7, 8, 9]",0.6256,mean_false_ejections,mean_false_ejections,10,0.409593077198442,crossplay
Matched_three-stage_cycle_f4_tenseed_crew3,coalition1_vs_learned_crew1,True,"[0, 1, 2, 3, 4, 5, 6, 7, 8, 9]",f4_tenseed_crew3,"[0, 1, 2, 3, 4, 5, 6, 7, 8, 9]",0.5206000000000001,any_false_ejection_rate,any_false_ejection_rate,10,0.075742546387967,crossplay
Matched_three-stage_cycle_f4_tenseed_crew3,coalition1_vs_learned_crew1,True,"[0, 1, 2, 3, 4, 5, 6, 7, 8, 9]",f4_tenseed_crew3,"[0, 1, 2, 3, 4, 5, 6, 7, 8, 9]",0.9408000000000001,coalition_game_win_rate,coalition_game_win_rate,10,0.05829960929924352,crossplay
Matched_three-stage_cycle_f4_tenseed_crew3,coalition1_vs_learned_crew1,True,"[0, 1, 2, 3, 4, 5, 6, 7, 8, 9]",f4_tenseed_crew3,"[0, 1, 2, 3, 4, 5, 6, 7, 8, 9]",0.5061,false_ejection_rate,terminal-meeting false ejection,10,0.06954526902992356,crossplay
Matched_three-stage_cycle_f4_tenseed_crew3,coalition1_vs_learned_crew1,True,"[0, 1, 2, 3, 4, 5, 6, 7, 8, 9]",f4_tenseed_crew3,"[0, 1, 2, 3, 4, 5, 6, 7, 8, 9]",0.5393000000000001,mean_false_ejections,mean_false_ejections,10,0.09319638762670292,crossplay
Matched_three-stage_cycle_f4_tenseed_crew3,coalition1_vs_soft_credibility,True,"[0, 1, 2, 3, 4, 5, 6, 7, 8, 9]",f4_tenseed_crew3,"[0, 1, 2, 3, 4, 5, 6, 7, 8, 9]",0.08789999999999999,any_false_ejection_rate,any_false_ejection_rate,10,0.01386802877925418,crossplay
Matched_three-stage_cycle_f4_tenseed_crew3,coalition1_vs_soft_credibility,True,"[0, 1, 2, 3, 4, 5, 6, 7, 8, 9]",f4_tenseed_crew3,"[0, 1, 2, 3, 4, 5, 6, 7, 8, 9]",0.9882,coalition_game_win_rate,coalition_game_win_rate,10,0.02108079694888216,crossplay
Matched_three-stage_cycle_f4_tenseed_crew3,coalition1_vs_soft_credibility,True,"[0, 1, 2, 3, 4, 5, 6, 7, 8, 9]",f4_tenseed_crew3,"[0, 1, 2, 3, 4, 5, 6, 7, 8, 9]",0.08789999999999999,false_ejection_rate,terminal-meeting false ejection,10,0.01386802877925418,crossplay
Matched_three-stage_cycle_f4_tenseed_crew3,coalition1_vs_soft_credibility,True,"[0, 1, 2, 3, 4, 5, 6, 7, 8, 9]",f4_tenseed_crew3,"[0, 1, 2, 3, 4, 5, 6, 7, 8, 9]",0.08789999999999999,mean_false_ejections,mean_false_ejections,10,0.01386802877925418,crossplay
Matched_three-stage_cycle_f4_tenseed_crew5,coalition0_vs_learned_crew1,True,"[0, 1, 2, 3, 4, 5, 6, 7, 8, 9]",f4_tenseed_crew5,"[0, 1, 2, 3, 4, 5, 6, 7, 8, 9]",0.8392,any_false_ejection_rate,any_false_ejection_rate,10,0.042632277808148024,crossplay
Matched_three-stage_cycle_f4_tenseed_crew5,coalition0_vs_learned_crew1,True,"[0, 1, 2, 3, 4, 5, 6, 7, 8, 9]",f4_tenseed_crew5,"[0, 1, 2, 3, 4, 5, 6, 7, 8, 9]",0.3603,coalition_game_win_rate,coalition_game_win_rate,10,0.10603044636120117,crossplay
Matched_three-stage_cycle_f4_tenseed_crew5,coalition0_vs_learned_crew1,True,"[0, 1, 2, 3, 4, 5, 6, 7, 8, 9]",f4_tenseed_crew5,"[0, 1, 2, 3, 4, 5, 6, 7, 8, 9]",0.35369999999999996,false_ejection_rate,terminal-meeting false ejection,10,0.10286026119611662,crossplay
Matched_three-stage_cycle_f4_tenseed_crew5,coalition0_vs_learned_crew1,True,"[0, 1, 2, 3, 4, 5, 6, 7, 8, 9]",f4_tenseed_crew5,"[0, 1, 2, 3, 4, 5, 6, 7, 8, 9]",1.6336,mean_false_ejections,mean_false_ejections,10,0.16286613453317353,crossplay
Matched_three-stage_cycle_f4_tenseed_crew5,coalition0_vs_soft_credibility,True,"[0, 1, 2, 3, 4, 5, 6, 7, 8, 9]",f4_tenseed_crew5,"[0, 1, 2, 3, 4, 5, 6, 7, 8, 9]",0.974,any_false_ejection_rate,any_false_ejection_rate,10,0.01204620733306178,crossplay
Matched_three-stage_cycle_f4_tenseed_crew5,coalition0_vs_soft_credibility,True,"[0, 1, 2, 3, 4, 5, 6, 7, 8, 9]",f4_tenseed_crew5,"[0, 1, 2, 3, 4, 5, 6, 7, 8, 9]",0.967,coalition_game_win_rate,coalition_game_win_rate,10,0.012328828005937965,crossplay
Matched_three-stage_cycle_f4_tenseed_crew5,coalition0_vs_soft_credibility,True,"[0, 1, 2, 3, 4, 5, 6, 7, 8, 9]",f4_tenseed_crew5,"[0, 1, 2, 3, 4, 5, 6, 7, 8, 9]",0.9639999999999999,false_ejection_rate,terminal-meeting false ejection,10,0.013646326326972467,crossplay
Matched_three-stage_cycle_f4_tenseed_crew5,coalition0_vs_soft_credibility,True,"[0, 1, 2, 3, 4, 5, 6, 7, 8, 9]",f4_tenseed_crew5,"[0, 1, 2, 3, 4, 5, 6, 7, 8, 9]",2.9062999999999994,mean_false_ejections,mean_false_ejections,10,0.058793518161254665,crossplay
Matched_three-stage_cycle_f4_tenseed_crew5,coalition1_vs_learned_crew1,True,"[0, 1, 2, 3, 4, 5, 6, 7, 8, 9]",f4_tenseed_crew5,"[0, 1, 2, 3, 4, 5, 6, 7, 8, 9]",0.8466999999999999,any_false_ejection_rate,any_false_ejection_rate,10,0.018661011047993458,crossplay
Matched_three-stage_cycle_f4_tenseed_crew5,coalition1_vs_learned_crew1,True,"[0, 1, 2, 3, 4, 5, 6, 7, 8, 9]",f4_tenseed_crew5,"[0, 1, 2, 3, 4, 5, 6, 7, 8, 9]",0.8513999999999999,coalition_game_win_rate,coalition_game_win_rate,10,0.02588950881470457,crossplay
Matched_three-stage_cycle_f4_tenseed_crew5,coalition1_vs_learned_crew1,True,"[0, 1, 2, 3, 4, 5, 6, 7, 8, 9]",f4_tenseed_crew5,"[0, 1, 2, 3, 4, 5, 6, 7, 8, 9]",0.5075000000000001,false_ejection_rate,terminal-meeting false ejection,10,0.03783076349568782,crossplay
Matched_three-stage_cycle_f4_tenseed_crew5,coalition1_vs_learned_crew1,True,"[0, 1, 2, 3, 4, 5, 6, 7, 8, 9]",f4_tenseed_crew5,"[0, 1, 2, 3, 4, 5, 6, 7, 8, 9]",1.2086999999999999,mean_false_ejections,mean_false_ejections,10,0.059535330313651186,crossplay
Matched_three-stage_cycle_f4_tenseed_crew5,coalition1_vs_soft_credibility,True,"[0, 1, 2, 3, 4, 5, 6, 7, 8, 9]",f4_tenseed_crew5,"[0, 1, 2, 3, 4, 5, 6, 7, 8, 9]",0.28890000000000005,any_false_ejection_rate,any_false_ejection_rate,10,0.08354566283044129,crossplay
Matched_three-stage_cycle_f4_tenseed_crew5,coalition1_vs_soft_credibility,True,"[0, 1, 2, 3, 4, 5, 6, 7, 8, 9]",f4_tenseed_crew5,"[0, 1, 2, 3, 4, 5, 6, 7, 8, 9]",0.2182,coalition_game_win_rate,coalition_game_win_rate,10,0.058410044798247955,crossplay
Matched_three-stage_cycle_f4_tenseed_crew5,coalition1_vs_soft_credibility,True,"[0, 1, 2, 3, 4, 5, 6, 7, 8, 9]",f4_tenseed_crew5,"[0, 1, 2, 3, 4, 5, 6, 7, 8, 9]",0.0371,false_ejection_rate,terminal-meeting false ejection,10,0.02302390062521987,crossplay
Matched_three-stage_cycle_f4_tenseed_crew5,coalition1_vs_soft_credibility,True,"[0, 1, 2, 3, 4, 5, 6, 7, 8, 9]",f4_tenseed_crew5,"[0, 1, 2, 3, 4, 5, 6, 7, 8, 9]",0.3324,mean_false_ejections,mean_false_ejections,10,0.11720087220001582,crossplay
Matched_three-stage_cycle_f4_tenseed_crew7,coalition0_vs_learned_crew1,True,"[0, 1, 2, 3, 4, 5, 6, 7, 8, 9]",f4_tenseed_crew7,"[0, 1, 2, 3, 4, 5, 6, 7, 8, 9]",0.9469,any_false_ejection_rate,any_false_ejection_rate,10,0.0062618776026932095,crossplay
Matched_three-stage_cycle_f4_tenseed_crew7,coalition0_vs_learned_crew1,True,"[0, 1, 2, 3, 4, 5, 6, 7, 8, 9]",f4_tenseed_crew7,"[0, 1, 2, 3, 4, 5, 6, 7, 8, 9]",0.304,coalition_game_win_rate,coalition_game_win_rate,10,0.026314339141320746,crossplay
Matched_three-stage_cycle_f4_tenseed_crew7,coalition0_vs_learned_crew1,True,"[0, 1, 2, 3, 4, 5, 6, 7, 8, 9]",f4_tenseed_crew7,"[0, 1, 2, 3, 4, 5, 6, 7, 8, 9]",0.36660000000000004,false_ejection_rate,terminal-meeting false ejection,10,0.026090440991119936,crossplay
Matched_three-stage_cycle_f4_tenseed_crew7,coalition0_vs_learned_crew1,True,"[0, 1, 2, 3, 4, 5, 6, 7, 8, 9]",f4_tenseed_crew7,"[0, 1, 2, 3, 4, 5, 6, 7, 8, 9]",2.9957000000000003,mean_false_ejections,mean_false_ejections,10,0.09472891146142592,crossplay
Matched_three-stage_cycle_f4_tenseed_crew7,coalition0_vs_soft_credibility,True,"[0, 1, 2, 3, 4, 5, 6, 7, 8, 9]",f4_tenseed_crew7,"[0, 1, 2, 3, 4, 5, 6, 7, 8, 9]",0.9781999999999998,any_false_ejection_rate,any_false_ejection_rate,10,0.009223159256278014,crossplay
Matched_three-stage_cycle_f4_tenseed_crew7,coalition0_vs_soft_credibility,True,"[0, 1, 2, 3, 4, 5, 6, 7, 8, 9]",f4_tenseed_crew7,"[0, 1, 2, 3, 4, 5, 6, 7, 8, 9]",0.9634,coalition_game_win_rate,coalition_game_win_rate,10,0.006947421584060288,crossplay
Matched_three-stage_cycle_f4_tenseed_crew7,coalition0_vs_soft_credibility,True,"[0, 1, 2, 3, 4, 5, 6, 7, 8, 9]",f4_tenseed_crew7,"[0, 1, 2, 3, 4, 5, 6, 7, 8, 9]",0.9703000000000002,false_ejection_rate,terminal-meeting false ejection,10,0.007180993431738171,crossplay
Matched_three-stage_cycle_f4_tenseed_crew7,coalition0_vs_soft_credibility,True,"[0, 1, 2, 3, 4, 5, 6, 7, 8, 9]",f4_tenseed_crew7,"[0, 1, 2, 3, 4, 5, 6, 7, 8, 9]",4.862,mean_false_ejections,mean_false_ejections,10,0.0419841239835567,crossplay
Matched_three-stage_cycle_f4_tenseed_crew7,coalition1_vs_learned_crew1,True,"[0, 1, 2, 3, 4, 5, 6, 7, 8, 9]",f4_tenseed_crew7,"[0, 1, 2, 3, 4, 5, 6, 7, 8, 9]",0.9470000000000001,any_false_ejection_rate,any_false_ejection_rate,10,0.004988876515698593,crossplay
Matched_three-stage_cycle_f4_tenseed_crew7,coalition1_vs_learned_crew1,True,"[0, 1, 2, 3, 4, 5, 6, 7, 8, 9]",f4_tenseed_crew7,"[0, 1, 2, 3, 4, 5, 6, 7, 8, 9]",0.8144,coalition_game_win_rate,coalition_game_win_rate,10,0.01610520964712278,crossplay
Matched_three-stage_cycle_f4_tenseed_crew7,coalition1_vs_learned_crew1,True,"[0, 1, 2, 3, 4, 5, 6, 7, 8, 9]",f4_tenseed_crew7,"[0, 1, 2, 3, 4, 5, 6, 7, 8, 9]",0.5371,false_ejection_rate,terminal-meeting false ejection,10,0.02900363961834981,crossplay
Matched_three-stage_cycle_f4_tenseed_crew7,coalition1_vs_learned_crew1,True,"[0, 1, 2, 3, 4, 5, 6, 7, 8, 9]",f4_tenseed_crew7,"[0, 1, 2, 3, 4, 5, 6, 7, 8, 9]",1.9891,mean_false_ejections,mean_false_ejections,10,0.05288446526785221,crossplay
Matched_three-stage_cycle_f4_tenseed_crew7,coalition1_vs_soft_credibility,True,"[0, 1, 2, 3, 4, 5, 6, 7, 8, 9]",f4_tenseed_crew7,"[0, 1, 2, 3, 4, 5, 6, 7, 8, 9]",0.4086,any_false_ejection_rate,any_false_ejection_rate,10,0.05375913359090196,crossplay
Matched_three-stage_cycle_f4_tenseed_crew7,coalition1_vs_soft_credibility,True,"[0, 1, 2, 3, 4, 5, 6, 7, 8, 9]",f4_tenseed_crew7,"[0, 1, 2, 3, 4, 5, 6, 7, 8, 9]",0.06300000000000001,coalition_game_win_rate,coalition_game_win_rate,10,0.025837096500101468,crossplay
Matched_three-stage_cycle_f4_tenseed_crew7,coalition1_vs_soft_credibility,True,"[0, 1, 2, 3, 4, 5, 6, 7, 8, 9]",f4_tenseed_crew7,"[0, 1, 2, 3, 4, 5, 6, 7, 8, 9]",0.014900000000000002,false_ejection_rate,terminal-meeting false ejection,10,0.01129847580674294,crossplay
Matched_three-stage_cycle_f4_tenseed_crew7,coalition1_vs_soft_credibility,True,"[0, 1, 2, 3, 4, 5, 6, 7, 8, 9]",f4_tenseed_crew7,"[0, 1, 2, 3, 4, 5, 6, 7, 8, 9]",0.558,mean_false_ejections,mean_false_ejections,10,0.1118053864733021,crossplay
Adaptive-defense_crossplay_counterattack_hyp_n7_r1,hypothesis|hypothesis,True,"[0, 1, 2, 3, 4, 5, 6, 7, 8, 9]",counterattack_hyp_n7_r1,"[0, 1, 2, 3, 4, 5, 6, 7, 8, 9]",0.6926,coalition_favorable_rate,coalition_favorable_rate,10,0.058359422737225754,crossplay
Adaptive-defense_crossplay_counterattack_hyp_n7_r1,hypothesis|hypothesis,True,"[0, 1, 2, 3, 4, 5, 6, 7, 8, 9]",counterattack_hyp_n7_r1,"[0, 1, 2, 3, 4, 5, 6, 7, 8, 9]",0.4217000000000001,false_ejection_rate,false_ejection_rate,10,0.06645474650717835,crossplay
Adaptive-defense_crossplay_counterattack_hyp_n7_r1,hypothesis|mean,True,"[0, 1, 2, 3, 4, 5, 6, 7, 8, 9]",counterattack_hyp_n7_r1,"[0, 1, 2, 3, 4, 5, 6, 7, 8, 9]",0.12920000000000004,coalition_favorable_rate,coalition_favorable_rate,10,0.07992190632805946,crossplay
Adaptive-defense_crossplay_counterattack_hyp_n7_r1,hypothesis|mean,True,"[0, 1, 2, 3, 4, 5, 6, 7, 8, 9]",counterattack_hyp_n7_r1,"[0, 1, 2, 3, 4, 5, 6, 7, 8, 9]",0.0962,false_ejection_rate,false_ejection_rate,10,0.06265921941564367,crossplay
Adaptive-defense_crossplay_counterattack_hyp_n7_r1,hypothesis|soft,True,"[0, 1, 2, 3, 4, 5, 6, 7, 8, 9]",counterattack_hyp_n7_r1,"[0, 1, 2, 3, 4, 5, 6, 7, 8, 9]",0.1319,coalition_favorable_rate,coalition_favorable_rate,10,0.0871479584767576,crossplay
Adaptive-defense_crossplay_counterattack_hyp_n7_r1,hypothesis|soft,True,"[0, 1, 2, 3, 4, 5, 6, 7, 8, 9]",counterattack_hyp_n7_r1,"[0, 1, 2, 3, 4, 5, 6, 7, 8, 9]",0.09759999999999999,false_ejection_rate,false_ejection_rate,10,0.06793820721803012,crossplay
Adaptive-defense_crossplay_counterattack_hyp_n7_r1,mean|hypothesis,True,"[0, 1, 2, 3, 4, 5, 6, 7, 8, 9]",counterattack_hyp_n7_r1,"[0, 1, 2, 3, 4, 5, 6, 7, 8, 9]",0.25939999999999996,coalition_favorable_rate,coalition_favorable_rate,10,0.0530685091807436,crossplay
Adaptive-defense_crossplay_counterattack_hyp_n7_r1,mean|hypothesis,True,"[0, 1, 2, 3, 4, 5, 6, 7, 8, 9]",counterattack_hyp_n7_r1,"[0, 1, 2, 3, 4, 5, 6, 7, 8, 9]",0.0769,false_ejection_rate,false_ejection_rate,10,0.03072259392983896,crossplay
Adaptive-defense_crossplay_counterattack_hyp_n7_r1,mean|mean,True,"[0, 1, 2, 3, 4, 5, 6, 7, 8, 9]",counterattack_hyp_n7_r1,"[0, 1, 2, 3, 4, 5, 6, 7, 8, 9]",0.1714,coalition_favorable_rate,coalition_favorable_rate,10,0.03990321624464207,crossplay
Adaptive-defense_crossplay_counterattack_hyp_n7_r1,mean|mean,True,"[0, 1, 2, 3, 4, 5, 6, 7, 8, 9]",counterattack_hyp_n7_r1,"[0, 1, 2, 3, 4, 5, 6, 7, 8, 9]",0.10429999999999999,false_ejection_rate,false_ejection_rate,10,0.03711558522597572,crossplay
Adaptive-defense_crossplay_counterattack_hyp_n7_r1,mean|soft,True,"[0, 1, 2, 3, 4, 5, 6, 7, 8, 9]",counterattack_hyp_n7_r1,"[0, 1, 2, 3, 4, 5, 6, 7, 8, 9]",0.1888,coalition_favorable_rate,coalition_favorable_rate,10,0.0460743360716619,crossplay
Adaptive-defense_crossplay_counterattack_hyp_n7_r1,mean|soft,True,"[0, 1, 2, 3, 4, 5, 6, 7, 8, 9]",counterattack_hyp_n7_r1,"[0, 1, 2, 3, 4, 5, 6, 7, 8, 9]",0.1484,false_ejection_rate,false_ejection_rate,10,0.039878147733648145,crossplay
Adaptive-defense_crossplay_counterattack_hyp_n7_r1,soft|hypothesis,True,"[0, 1, 2, 3, 4, 5, 6, 7, 8, 9]",counterattack_hyp_n7_r1,"[0, 1, 2, 3, 4, 5, 6, 7, 8, 9]",0.3296,coalition_favorable_rate,coalition_favorable_rate,10,0.08907325324947128,crossplay
Adaptive-defense_crossplay_counterattack_hyp_n7_r1,soft|hypothesis,True,"[0, 1, 2, 3, 4, 5, 6, 7, 8, 9]",counterattack_hyp_n7_r1,"[0, 1, 2, 3, 4, 5, 6, 7, 8, 9]",0.1255,false_ejection_rate,false_ejection_rate,10,0.05837665058337394,crossplay
Adaptive-defense_crossplay_counterattack_hyp_n7_r1,soft|mean,True,"[0, 1, 2, 3, 4, 5, 6, 7, 8, 9]",counterattack_hyp_n7_r1,"[0, 1, 2, 3, 4, 5, 6, 7, 8, 9]",0.21680000000000002,coalition_favorable_rate,coalition_favorable_rate,10,0.05260502722068385,crossplay
Adaptive-defense_crossplay_counterattack_hyp_n7_r1,soft|mean,True,"[0, 1, 2, 3, 4, 5, 6, 7, 8, 9]",counterattack_hyp_n7_r1,"[0, 1, 2, 3, 4, 5, 6, 7, 8, 9]",0.1427,false_ejection_rate,false_ejection_rate,10,0.05300324937628301,crossplay
Adaptive-defense_crossplay_counterattack_hyp_n7_r1,soft|soft,True,"[0, 1, 2, 3, 4, 5, 6, 7, 8, 9]",counterattack_hyp_n7_r1,"[0, 1, 2, 3, 4, 5, 6, 7, 8, 9]",0.24800000000000005,coalition_favorable_rate,coalition_favorable_rate,10,0.06476453075908484,crossplay
Adaptive-defense_crossplay_counterattack_hyp_n7_r1,soft|soft,True,"[0, 1, 2, 3, 4, 5, 6, 7, 8, 9]",counterattack_hyp_n7_r1,"[0, 1, 2, 3, 4, 5, 6, 7, 8, 9]",0.19419999999999998,false_ejection_rate,false_ejection_rate,10,0.054572683439407466,crossplay
Adaptive-defense_crossplay_counterattack_hyp_n9_r1,hypothesis|hypothesis,True,"[0, 1, 2, 3, 4]",counterattack_hyp_n9_r1,"[0, 1, 2, 3, 4]",0.8634000000000001,coalition_favorable_rate,coalition_favorable_rate,5,0.012856904759700147,crossplay
Adaptive-defense_crossplay_counterattack_hyp_n9_r1,hypothesis|hypothesis,True,"[0, 1, 2, 3, 4]",counterattack_hyp_n9_r1,"[0, 1, 2, 3, 4]",0.6036,false_ejection_rate,false_ejection_rate,5,0.01836572895367893,crossplay
Adaptive-defense_crossplay_counterattack_hyp_n9_r1,hypothesis|mean,True,"[0, 1, 2, 3, 4]",counterattack_hyp_n9_r1,"[0, 1, 2, 3, 4]",0.06820000000000001,coalition_favorable_rate,coalition_favorable_rate,5,0.013026895255585652,crossplay
Adaptive-defense_crossplay_counterattack_hyp_n9_r1,hypothesis|mean,True,"[0, 1, 2, 3, 4]",counterattack_hyp_n9_r1,"[0, 1, 2, 3, 4]",0.0368,false_ejection_rate,false_ejection_rate,5,0.007496665925596524,crossplay
Adaptive-defense_crossplay_counterattack_hyp_n9_r1,hypothesis|soft,True,"[0, 1, 2, 3, 4]",counterattack_hyp_n9_r1,"[0, 1, 2, 3, 4]",0.0738,coalition_favorable_rate,coalition_favorable_rate,5,0.014324803663575986,crossplay
Adaptive-defense_crossplay_counterattack_hyp_n9_r1,hypothesis|soft,True,"[0, 1, 2, 3, 4]",counterattack_hyp_n9_r1,"[0, 1, 2, 3, 4]",0.0298,false_ejection_rate,false_ejection_rate,5,0.007293833011524187,crossplay
Adaptive-defense_crossplay_counterattack_hyp_n9_r1,mean|hypothesis,True,"[0, 1, 2, 3, 4]",counterattack_hyp_n9_r1,"[0, 1, 2, 3, 4]",0.3322,coalition_favorable_rate,coalition_favorable_rate,5,0.12680575696710306,crossplay
Adaptive-defense_crossplay_counterattack_hyp_n9_r1,mean|hypothesis,True,"[0, 1, 2, 3, 4]",counterattack_hyp_n9_r1,"[0, 1, 2, 3, 4]",0.1238,false_ejection_rate,false_ejection_rate,5,0.07389316612515666,crossplay
Adaptive-defense_crossplay_counterattack_hyp_n9_r1,mean|mean,True,"[0, 1, 2, 3, 4]",counterattack_hyp_n9_r1,"[0, 1, 2, 3, 4]",0.182,coalition_favorable_rate,coalition_favorable_rate,5,0.053282267219028887,crossplay
Adaptive-defense_crossplay_counterattack_hyp_n9_r1,mean|mean,True,"[0, 1, 2, 3, 4]",counterattack_hyp_n9_r1,"[0, 1, 2, 3, 4]",0.1386,false_ejection_rate,false_ejection_rate,5,0.05126694841708447,crossplay
Adaptive-defense_crossplay_counterattack_hyp_n9_r1,mean|soft,True,"[0, 1, 2, 3, 4]",counterattack_hyp_n9_r1,"[0, 1, 2, 3, 4]",0.22999999999999998,coalition_favorable_rate,coalition_favorable_rate,5,0.059325373997978305,crossplay
Adaptive-defense_crossplay_counterattack_hyp_n9_r1,mean|soft,True,"[0, 1, 2, 3, 4]",counterattack_hyp_n9_r1,"[0, 1, 2, 3, 4]",0.1886,false_ejection_rate,false_ejection_rate,5,0.05559946042903654,crossplay
Adaptive-defense_crossplay_counterattack_hyp_n9_r1,soft|hypothesis,True,"[0, 1, 2, 3, 4]",counterattack_hyp_n9_r1,"[0, 1, 2, 3, 4]",0.3044,coalition_favorable_rate,coalition_favorable_rate,5,0.03198124450361492,crossplay
Adaptive-defense_crossplay_counterattack_hyp_n9_r1,soft|hypothesis,True,"[0, 1, 2, 3, 4]",counterattack_hyp_n9_r1,"[0, 1, 2, 3, 4]",0.11019999999999999,false_ejection_rate,false_ejection_rate,5,0.032583738275403576,crossplay
Adaptive-defense_crossplay_counterattack_hyp_n9_r1,soft|mean,True,"[0, 1, 2, 3, 4]",counterattack_hyp_n9_r1,"[0, 1, 2, 3, 4]",0.1776,coalition_favorable_rate,coalition_favorable_rate,5,0.01368575902169843,crossplay
Adaptive-defense_crossplay_counterattack_hyp_n9_r1,soft|mean,True,"[0, 1, 2, 3, 4]",counterattack_hyp_n9_r1,"[0, 1, 2, 3, 4]",0.136,false_ejection_rate,false_ejection_rate,5,0.016703293088490064,crossplay
Adaptive-defense_crossplay_counterattack_hyp_n9_r1,soft|soft,True,"[0, 1, 2, 3, 4]",counterattack_hyp_n9_r1,"[0, 1, 2, 3, 4]",0.25060000000000004,coalition_favorable_rate,coalition_favorable_rate,5,0.0303611593981521,crossplay
Adaptive-defense_crossplay_counterattack_hyp_n9_r1,soft|soft,True,"[0, 1, 2, 3, 4]",counterattack_hyp_n9_r1,"[0, 1, 2, 3, 4]",0.20179999999999998,false_ejection_rate,false_ejection_rate,5,0.012853015210447702,crossplay
Adaptive-defense_crossplay_counterattack_n5_r1,both|both,True,"[0, 1, 2, 3, 4]",counterattack_n5_r1,"[0, 1, 2, 3, 4]",0.9461999999999999,coalition_favorable_rate,coalition_favorable_rate,5,0.022196846622887647,crossplay
Adaptive-defense_crossplay_counterattack_n5_r1,both|both,True,"[0, 1, 2, 3, 4]",counterattack_n5_r1,"[0, 1, 2, 3, 4]",0.8722,false_ejection_rate,false_ejection_rate,5,0.010449880382090514,crossplay
Adaptive-defense_crossplay_counterattack_n5_r1,both|rule,True,"[0, 1, 2, 3, 4]",counterattack_n5_r1,"[0, 1, 2, 3, 4]",0.7974,coalition_favorable_rate,coalition_favorable_rate,5,0.013831124321616066,crossplay
Adaptive-defense_crossplay_counterattack_n5_r1,both|rule,True,"[0, 1, 2, 3, 4]",counterattack_n5_r1,"[0, 1, 2, 3, 4]",0.0388,false_ejection_rate,false_ejection_rate,5,0.016769019053003667,crossplay
Adaptive-defense_crossplay_counterattack_n5_r1,both|soft,True,"[0, 1, 2, 3, 4]",counterattack_n5_r1,"[0, 1, 2, 3, 4]",0.7948000000000001,coalition_favorable_rate,coalition_favorable_rate,5,0.0157384878562078,crossplay
Adaptive-defense_crossplay_counterattack_n5_r1,both|soft,True,"[0, 1, 2, 3, 4]",counterattack_n5_r1,"[0, 1, 2, 3, 4]",0.0248,false_ejection_rate,false_ejection_rate,5,0.0064187226143524855,crossplay
Adaptive-defense_crossplay_counterattack_n5_r1,rule|both,True,"[0, 1, 2, 3, 4]",counterattack_n5_r1,"[0, 1, 2, 3, 4]",0.8364,coalition_favorable_rate,coalition_favorable_rate,5,0.020292855885754493,crossplay
Adaptive-defense_crossplay_counterattack_n5_r1,rule|both,True,"[0, 1, 2, 3, 4]",counterattack_n5_r1,"[0, 1, 2, 3, 4]",0.43879999999999997,false_ejection_rate,false_ejection_rate,5,0.016392071254115525,crossplay
Adaptive-defense_crossplay_counterattack_n5_r1,rule|rule,True,"[0, 1, 2, 3, 4]",counterattack_n5_r1,"[0, 1, 2, 3, 4]",0.8413999999999999,coalition_favorable_rate,coalition_favorable_rate,5,0.018119050747762714,crossplay
Adaptive-defense_crossplay_counterattack_n5_r1,rule|rule,True,"[0, 1, 2, 3, 4]",counterattack_n5_r1,"[0, 1, 2, 3, 4]",0.22559999999999997,false_ejection_rate,false_ejection_rate,5,0.03591378565397972,crossplay
Adaptive-defense_crossplay_counterattack_n5_r1,rule|soft,True,"[0, 1, 2, 3, 4]",counterattack_n5_r1,"[0, 1, 2, 3, 4]",0.8363999999999999,coalition_favorable_rate,coalition_favorable_rate,5,0.017314733610425518,crossplay
Adaptive-defense_crossplay_counterattack_n5_r1,rule|soft,True,"[0, 1, 2, 3, 4]",counterattack_n5_r1,"[0, 1, 2, 3, 4]",0.19360000000000002,false_ejection_rate,false_ejection_rate,5,0.030088203668547576,crossplay
Adaptive-defense_crossplay_counterattack_n5_r1,soft|both,True,"[0, 1, 2, 3, 4]",counterattack_n5_r1,"[0, 1, 2, 3, 4]",0.8218,coalition_favorable_rate,coalition_favorable_rate,5,0.007694153624668502,crossplay
Adaptive-defense_crossplay_counterattack_n5_r1,soft|both,True,"[0, 1, 2, 3, 4]",counterattack_n5_r1,"[0, 1, 2, 3, 4]",0.41319999999999996,false_ejection_rate,false_ejection_rate,5,0.04020820811724891,crossplay
Adaptive-defense_crossplay_counterattack_n5_r1,soft|rule,True,"[0, 1, 2, 3, 4]",counterattack_n5_r1,"[0, 1, 2, 3, 4]",0.8384,coalition_favorable_rate,coalition_favorable_rate,5,0.03410718399399164,crossplay
Adaptive-defense_crossplay_counterattack_n5_r1,soft|rule,True,"[0, 1, 2, 3, 4]",counterattack_n5_r1,"[0, 1, 2, 3, 4]",0.20579999999999998,false_ejection_rate,false_ejection_rate,5,0.038186385008272254,crossplay
Adaptive-defense_crossplay_counterattack_n5_r1,soft|soft,True,"[0, 1, 2, 3, 4]",counterattack_n5_r1,"[0, 1, 2, 3, 4]",0.8394,coalition_favorable_rate,coalition_favorable_rate,5,0.03565529413705627,crossplay
Adaptive-defense_crossplay_counterattack_n5_r1,soft|soft,True,"[0, 1, 2, 3, 4]",counterattack_n5_r1,"[0, 1, 2, 3, 4]",0.2098,false_ejection_rate,false_ejection_rate,5,0.04754156076529252,crossplay
Adaptive-defense_crossplay_counterattack_n7_r1,both|both,True,"[0, 1, 2, 3, 4, 5, 6, 7, 8, 9]",counterattack_n7_r1,"[0, 1, 2, 3, 4, 5, 6, 7, 8, 9]",0.22630000000000003,coalition_favorable_rate,coalition_favorable_rate,10,0.04935821444636478,crossplay
Adaptive-defense_crossplay_counterattack_n7_r1,both|both,True,"[0, 1, 2, 3, 4, 5, 6, 7, 8, 9]",counterattack_n7_r1,"[0, 1, 2, 3, 4, 5, 6, 7, 8, 9]",0.18960000000000002,false_ejection_rate,false_ejection_rate,10,0.040172406228930604,crossplay
Adaptive-defense_crossplay_counterattack_n7_r1,both|rule,True,"[0, 1, 2, 3, 4, 5, 6, 7, 8, 9]",counterattack_n7_r1,"[0, 1, 2, 3, 4, 5, 6, 7, 8, 9]",0.2283,coalition_favorable_rate,coalition_favorable_rate,10,0.05074566210251101,crossplay
Adaptive-defense_crossplay_counterattack_n7_r1,both|rule,True,"[0, 1, 2, 3, 4, 5, 6, 7, 8, 9]",counterattack_n7_r1,"[0, 1, 2, 3, 4, 5, 6, 7, 8, 9]",0.16399999999999998,false_ejection_rate,false_ejection_rate,10,0.04214261501141095,crossplay
Adaptive-defense_crossplay_counterattack_n7_r1,both|soft,True,"[0, 1, 2, 3, 4, 5, 6, 7, 8, 9]",counterattack_n7_r1,"[0, 1, 2, 3, 4, 5, 6, 7, 8, 9]",0.21680000000000002,coalition_favorable_rate,coalition_favorable_rate,10,0.04645619202838065,crossplay
Adaptive-defense_crossplay_counterattack_n7_r1,both|soft,True,"[0, 1, 2, 3, 4, 5, 6, 7, 8, 9]",counterattack_n7_r1,"[0, 1, 2, 3, 4, 5, 6, 7, 8, 9]",0.1688,false_ejection_rate,false_ejection_rate,10,0.0383486925751351,crossplay
Adaptive-defense_crossplay_counterattack_n7_r1,rule|both,True,"[0, 1, 2, 3, 4, 5, 6, 7, 8, 9]",counterattack_n7_r1,"[0, 1, 2, 3, 4, 5, 6, 7, 8, 9]",0.2277,coalition_favorable_rate,coalition_favorable_rate,10,0.04368078652120531,crossplay
Adaptive-defense_crossplay_counterattack_n7_r1,rule|both,True,"[0, 1, 2, 3, 4, 5, 6, 7, 8, 9]",counterattack_n7_r1,"[0, 1, 2, 3, 4, 5, 6, 7, 8, 9]",0.19269999999999998,false_ejection_rate,false_ejection_rate,10,0.03422815605121999,crossplay
Adaptive-defense_crossplay_counterattack_n7_r1,rule|rule,True,"[0, 1, 2, 3, 4, 5, 6, 7, 8, 9]",counterattack_n7_r1,"[0, 1, 2, 3, 4, 5, 6, 7, 8, 9]",0.23459999999999998,coalition_favorable_rate,coalition_favorable_rate,10,0.04863514961196046,crossplay
Adaptive-defense_crossplay_counterattack_n7_r1,rule|rule,True,"[0, 1, 2, 3, 4, 5, 6, 7, 8, 9]",counterattack_n7_r1,"[0, 1, 2, 3, 4, 5, 6, 7, 8, 9]",0.1696,false_ejection_rate,false_ejection_rate,10,0.0376510292024003,crossplay
Adaptive-defense_crossplay_counterattack_n7_r1,rule|soft,True,"[0, 1, 2, 3, 4, 5, 6, 7, 8, 9]",counterattack_n7_r1,"[0, 1, 2, 3, 4, 5, 6, 7, 8, 9]",0.22269999999999998,coalition_favorable_rate,coalition_favorable_rate,10,0.03377063155399311,crossplay
Adaptive-defense_crossplay_counterattack_n7_r1,rule|soft,True,"[0, 1, 2, 3, 4, 5, 6, 7, 8, 9]",counterattack_n7_r1,"[0, 1, 2, 3, 4, 5, 6, 7, 8, 9]",0.17359999999999998,false_ejection_rate,false_ejection_rate,10,0.03051848256020895,crossplay
Adaptive-defense_crossplay_counterattack_n7_r1,soft|both,True,"[0, 1, 2, 3, 4, 5, 6, 7, 8, 9]",counterattack_n7_r1,"[0, 1, 2, 3, 4, 5, 6, 7, 8, 9]",0.2347,coalition_favorable_rate,coalition_favorable_rate,10,0.060048221363241804,crossplay
Adaptive-defense_crossplay_counterattack_n7_r1,soft|both,True,"[0, 1, 2, 3, 4, 5, 6, 7, 8, 9]",counterattack_n7_r1,"[0, 1, 2, 3, 4, 5, 6, 7, 8, 9]",0.20439999999999997,false_ejection_rate,false_ejection_rate,10,0.052173215776339155,crossplay
Adaptive-defense_crossplay_counterattack_n7_r1,soft|rule,True,"[0, 1, 2, 3, 4, 5, 6, 7, 8, 9]",counterattack_n7_r1,"[0, 1, 2, 3, 4, 5, 6, 7, 8, 9]",0.24280000000000004,coalition_favorable_rate,coalition_favorable_rate,10,0.06034125178239731,crossplay
Adaptive-defense_crossplay_counterattack_n7_r1,soft|rule,True,"[0, 1, 2, 3, 4, 5, 6, 7, 8, 9]",counterattack_n7_r1,"[0, 1, 2, 3, 4, 5, 6, 7, 8, 9]",0.1819,false_ejection_rate,false_ejection_rate,10,0.051487754747016196,crossplay
Adaptive-defense_crossplay_counterattack_n7_r1,soft|soft,True,"[0, 1, 2, 3, 4, 5, 6, 7, 8, 9]",counterattack_n7_r1,"[0, 1, 2, 3, 4, 5, 6, 7, 8, 9]",0.24800000000000005,coalition_favorable_rate,coalition_favorable_rate,10,0.06476453075908484,crossplay
Adaptive-defense_crossplay_counterattack_n7_r1,soft|soft,True,"[0, 1, 2, 3, 4, 5, 6, 7, 8, 9]",counterattack_n7_r1,"[0, 1, 2, 3, 4, 5, 6, 7, 8, 9]",0.19419999999999998,false_ejection_rate,false_ejection_rate,10,0.054572683439407466,crossplay
Generation_stages_multigen_dependence_n7_r8_k4,C0,True,"[0, 1, 2, 3, 4, 5, 6, 7, 8, 9]",multigen_dependence_n7_r8_k4,"[0, 1, 2, 3, 4, 5, 6, 7, 8, 9]",1.0,any_false_ejection_rate,any_false_ejection_rate,10,0.0,stages
Generation_stages_multigen_dependence_n7_r8_k4,C0,True,"[0, 1, 2, 3, 4, 5, 6, 7, 8, 9]",multigen_dependence_n7_r8_k4,"[0, 1, 2, 3, 4, 5, 6, 7, 8, 9]",0.9931000000000001,coalition_game_win_rate,coalition_game_win_rate,10,0.004121757985239905,stages
Generation_stages_multigen_dependence_n7_r8_k4,C0,True,"[0, 1, 2, 3, 4, 5, 6, 7, 8, 9]",multigen_dependence_n7_r8_k4,"[0, 1, 2, 3, 4, 5, 6, 7, 8, 9]",0.9964000000000001,false_ejection_rate,terminal-meeting false ejection,10,0.0028362729848243557,stages
Generation_stages_multigen_dependence_n7_r8_k4,C0,True,"[0, 1, 2, 3, 4, 5, 6, 7, 8, 9]",multigen_dependence_n7_r8_k4,"[0, 1, 2, 3, 4, 5, 6, 7, 8, 9]",3.4980999999999995,mean_false_ejections,mean_false_ejections,10,0.04753583443630241,stages
Generation_stages_multigen_dependence_n7_r8_k4,C1,True,"[0, 1, 2, 3, 4, 5, 6, 7, 8, 9]",multigen_dependence_n7_r8_k4,"[0, 1, 2, 3, 4, 5, 6, 7, 8, 9]",0.905,any_false_ejection_rate,any_false_ejection_rate,10,0.01650589120418661,stages
Generation_stages_multigen_dependence_n7_r8_k4,C1,True,"[0, 1, 2, 3, 4, 5, 6, 7, 8, 9]",multigen_dependence_n7_r8_k4,"[0, 1, 2, 3, 4, 5, 6, 7, 8, 9]",0.8638,coalition_game_win_rate,coalition_game_win_rate,10,0.029062385005746236,stages
Generation_stages_multigen_dependence_n7_r8_k4,C1,True,"[0, 1, 2, 3, 4, 5, 6, 7, 8, 9]",multigen_dependence_n7_r8_k4,"[0, 1, 2, 3, 4, 5, 6, 7, 8, 9]",0.5427000000000001,false_ejection_rate,terminal-meeting false ejection,10,0.04029902121778035,stages
Generation_stages_multigen_dependence_n7_r8_k4,C1,True,"[0, 1, 2, 3, 4, 5, 6, 7, 8, 9]",multigen_dependence_n7_r8_k4,"[0, 1, 2, 3, 4, 5, 6, 7, 8, 9]",1.4014000000000002,mean_false_ejections,mean_false_ejections,10,0.0549468429989891,stages
Generation_stages_multigen_dependence_n7_r8_k4,C2,True,"[0, 1, 2, 3, 4, 5, 6, 7, 8, 9]",multigen_dependence_n7_r8_k4,"[0, 1, 2, 3, 4, 5, 6, 7, 8, 9]",0.885,any_false_ejection_rate,any_false_ejection_rate,10,0.017950549357115028,stages
Generation_stages_multigen_dependence_n7_r8_k4,C2,True,"[0, 1, 2, 3, 4, 5, 6, 7, 8, 9]",multigen_dependence_n7_r8_k4,"[0, 1, 2, 3, 4, 5, 6, 7, 8, 9]",0.7779,coalition_game_win_rate,coalition_game_win_rate,10,0.04836539166709096,stages
Generation_stages_multigen_dependence_n7_r8_k4,C2,True,"[0, 1, 2, 3, 4, 5, 6, 7, 8, 9]",multigen_dependence_n7_r8_k4,"[0, 1, 2, 3, 4, 5, 6, 7, 8, 9]",0.5234,false_ejection_rate,terminal-meeting false ejection,10,0.058446936997968026,stages
Generation_stages_multigen_dependence_n7_r8_k4,C2,True,"[0, 1, 2, 3, 4, 5, 6, 7, 8, 9]",multigen_dependence_n7_r8_k4,"[0, 1, 2, 3, 4, 5, 6, 7, 8, 9]",1.4476,mean_false_ejections,mean_false_ejections,10,0.17675230628701225,stages
Generation_stages_multigen_dependence_n7_r8_k4,C3,True,"[0, 1, 2, 3, 4, 5, 6, 7, 8, 9]",multigen_dependence_n7_r8_k4,"[0, 1, 2, 3, 4, 5, 6, 7, 8, 9]",0.8790000000000001,any_false_ejection_rate,any_false_ejection_rate,10,0.025148448151813375,stages
Generation_stages_multigen_dependence_n7_r8_k4,C3,True,"[0, 1, 2, 3, 4, 5, 6, 7, 8, 9]",multigen_dependence_n7_r8_k4,"[0, 1, 2, 3, 4, 5, 6, 7, 8, 9]",0.7525999999999999,coalition_game_win_rate,coalition_game_win_rate,10,0.06037328327441977,stages
Generation_stages_multigen_dependence_n7_r8_k4,C3,True,"[0, 1, 2, 3, 4, 5, 6, 7, 8, 9]",multigen_dependence_n7_r8_k4,"[0, 1, 2, 3, 4, 5, 6, 7, 8, 9]",0.5207,false_ejection_rate,terminal-meeting false ejection,10,0.06725085707838806,stages
Generation_stages_multigen_dependence_n7_r8_k4,C3,True,"[0, 1, 2, 3, 4, 5, 6, 7, 8, 9]",multigen_dependence_n7_r8_k4,"[0, 1, 2, 3, 4, 5, 6, 7, 8, 9]",1.4744000000000002,mean_false_ejections,mean_false_ejections,10,0.14177227436201262,stages
Generation_stages_multigen_dependence_n7_r8_k4,C4,True,"[0, 1, 2, 3, 4, 5, 6, 7, 8, 9]",multigen_dependence_n7_r8_k4,"[0, 1, 2, 3, 4, 5, 6, 7, 8, 9]",0.8897,any_false_ejection_rate,any_false_ejection_rate,10,0.020488750300808725,stages
Generation_stages_multigen_dependence_n7_r8_k4,C4,True,"[0, 1, 2, 3, 4, 5, 6, 7, 8, 9]",multigen_dependence_n7_r8_k4,"[0, 1, 2, 3, 4, 5, 6, 7, 8, 9]",0.7603,coalition_game_win_rate,coalition_game_win_rate,10,0.09084791931819049,stages
Generation_stages_multigen_dependence_n7_r8_k4,C4,True,"[0, 1, 2, 3, 4, 5, 6, 7, 8, 9]",multigen_dependence_n7_r8_k4,"[0, 1, 2, 3, 4, 5, 6, 7, 8, 9]",0.5283,false_ejection_rate,terminal-meeting false ejection,10,0.08179792173399028,stages
Generation_stages_multigen_dependence_n7_r8_k4,C4,True,"[0, 1, 2, 3, 4, 5, 6, 7, 8, 9]",multigen_dependence_n7_r8_k4,"[0, 1, 2, 3, 4, 5, 6, 7, 8, 9]",1.5281999999999998,mean_false_ejections,mean_false_ejections,10,0.2041044394966024,stages
Generation_stages_multigen_dependence_n7_r8_k4,D1,True,"[0, 1, 2, 3, 4, 5, 6, 7, 8, 9]",multigen_dependence_n7_r8_k4,"[0, 1, 2, 3, 4, 5, 6, 7, 8, 9]",0.8767000000000001,any_false_ejection_rate,any_false_ejection_rate,10,0.04764463360244374,stages
Generation_stages_multigen_dependence_n7_r8_k4,D1,True,"[0, 1, 2, 3, 4, 5, 6, 7, 8, 9]",multigen_dependence_n7_r8_k4,"[0, 1, 2, 3, 4, 5, 6, 7, 8, 9]",0.25270000000000004,coalition_game_win_rate,coalition_game_win_rate,10,0.07125704643518889,stages
Generation_stages_multigen_dependence_n7_r8_k4,D1,True,"[0, 1, 2, 3, 4, 5, 6, 7, 8, 9]",multigen_dependence_n7_r8_k4,"[0, 1, 2, 3, 4, 5, 6, 7, 8, 9]",0.25270000000000004,false_ejection_rate,terminal-meeting false ejection,10,0.07125704643518889,stages
Generation_stages_multigen_dependence_n7_r8_k4,D1,True,"[0, 1, 2, 3, 4, 5, 6, 7, 8, 9]",multigen_dependence_n7_r8_k4,"[0, 1, 2, 3, 4, 5, 6, 7, 8, 9]",2.0809,mean_false_ejections,mean_false_ejections,10,0.24470637734049988,stages
Generation_stages_multigen_dependence_n7_r8_k4,D2,True,"[0, 1, 2, 3, 4, 5, 6, 7, 8, 9]",multigen_dependence_n7_r8_k4,"[0, 1, 2, 3, 4, 5, 6, 7, 8, 9]",0.7188,any_false_ejection_rate,any_false_ejection_rate,10,0.11446959809874797,stages
Generation_stages_multigen_dependence_n7_r8_k4,D2,True,"[0, 1, 2, 3, 4, 5, 6, 7, 8, 9]",multigen_dependence_n7_r8_k4,"[0, 1, 2, 3, 4, 5, 6, 7, 8, 9]",0.4082,coalition_game_win_rate,coalition_game_win_rate,10,0.14666878786344875,stages
Generation_stages_multigen_dependence_n7_r8_k4,D2,True,"[0, 1, 2, 3, 4, 5, 6, 7, 8, 9]",multigen_dependence_n7_r8_k4,"[0, 1, 2, 3, 4, 5, 6, 7, 8, 9]",0.29359999999999997,false_ejection_rate,terminal-meeting false ejection,10,0.11105374074444019,stages
Generation_stages_multigen_dependence_n7_r8_k4,D2,True,"[0, 1, 2, 3, 4, 5, 6, 7, 8, 9]",multigen_dependence_n7_r8_k4,"[0, 1, 2, 3, 4, 5, 6, 7, 8, 9]",1.1382999999999999,mean_false_ejections,mean_false_ejections,10,0.36793237603306034,stages
Generation_stages_multigen_dependence_n7_r8_k4,D3,True,"[0, 1, 2, 3, 4, 5, 6, 7, 8, 9]",multigen_dependence_n7_r8_k4,"[0, 1, 2, 3, 4, 5, 6, 7, 8, 9]",0.7186999999999999,any_false_ejection_rate,any_false_ejection_rate,10,0.11225274062479623,stages
Generation_stages_multigen_dependence_n7_r8_k4,D3,True,"[0, 1, 2, 3, 4, 5, 6, 7, 8, 9]",multigen_dependence_n7_r8_k4,"[0, 1, 2, 3, 4, 5, 6, 7, 8, 9]",0.3724,coalition_game_win_rate,coalition_game_win_rate,10,0.14122574521350953,stages
Generation_stages_multigen_dependence_n7_r8_k4,D3,True,"[0, 1, 2, 3, 4, 5, 6, 7, 8, 9]",multigen_dependence_n7_r8_k4,"[0, 1, 2, 3, 4, 5, 6, 7, 8, 9]",0.27080000000000004,false_ejection_rate,terminal-meeting false ejection,10,0.11057707216638035,stages
Generation_stages_multigen_dependence_n7_r8_k4,D3,True,"[0, 1, 2, 3, 4, 5, 6, 7, 8, 9]",multigen_dependence_n7_r8_k4,"[0, 1, 2, 3, 4, 5, 6, 7, 8, 9]",1.1619000000000002,mean_false_ejections,mean_false_ejections,10,0.33059490148653065,stages
Generation_stages_multigen_dependence_n7_r8_k4,D4,True,"[0, 1, 2, 3, 4, 5, 6, 7, 8, 9]",multigen_dependence_n7_r8_k4,"[0, 1, 2, 3, 4, 5, 6, 7, 8, 9]",0.7363,any_false_ejection_rate,any_false_ejection_rate,10,0.0674059839084533,stages
Generation_stages_multigen_dependence_n7_r8_k4,D4,True,"[0, 1, 2, 3, 4, 5, 6, 7, 8, 9]",multigen_dependence_n7_r8_k4,"[0, 1, 2, 3, 4, 5, 6, 7, 8, 9]",0.35889999999999994,coalition_game_win_rate,coalition_game_win_rate,10,0.09795968558544887,stages
Generation_stages_multigen_dependence_n7_r8_k4,D4,True,"[0, 1, 2, 3, 4, 5, 6, 7, 8, 9]",multigen_dependence_n7_r8_k4,"[0, 1, 2, 3, 4, 5, 6, 7, 8, 9]",0.28090000000000004,false_ejection_rate,terminal-meeting false ejection,10,0.07136517980702416,stages
Generation_stages_multigen_dependence_n7_r8_k4,D4,True,"[0, 1, 2, 3, 4, 5, 6, 7, 8, 9]",multigen_dependence_n7_r8_k4,"[0, 1, 2, 3, 4, 5, 6, 7, 8, 9]",1.1629,mean_false_ejections,mean_false_ejections,10,0.24092527656700718,stages
multigen_dependence_n7_r8_k4_matrix,C0|D0,True,"[0, 1, 2, 3, 4, 5, 6, 7, 8, 9]",multigen_dependence_n7_r8_k4,"[0, 1, 2, 3, 4, 5, 6, 7, 8, 9]",1.0,any_false_ejection_rate,any_false_ejection_rate,10,0.0,crossplay
multigen_dependence_n7_r8_k4_matrix,C0|D0,True,"[0, 1, 2, 3, 4, 5, 6, 7, 8, 9]",multigen_dependence_n7_r8_k4,"[0, 1, 2, 3, 4, 5, 6, 7, 8, 9]",0.9931999999999999,coalition_game_win_rate,coalition_game_win_rate,10,0.004442221666388719,crossplay
multigen_dependence_n7_r8_k4_matrix,C0|D0,True,"[0, 1, 2, 3, 4, 5, 6, 7, 8, 9]",multigen_dependence_n7_r8_k4,"[0, 1, 2, 3, 4, 5, 6, 7, 8, 9]",0.9962,false_ejection_rate,terminal-meeting false ejection,10,0.00382390143992,crossplay
multigen_dependence_n7_r8_k4_matrix,C0|D0,True,"[0, 1, 2, 3, 4, 5, 6, 7, 8, 9]",multigen_dependence_n7_r8_k4,"[0, 1, 2, 3, 4, 5, 6, 7, 8, 9]",3.5016,mean_false_ejections,mean_false_ejections,10,0.05084879546262622,crossplay
multigen_dependence_n7_r8_k4_matrix,C0|D1,True,"[0, 1, 2, 3, 4, 5, 6, 7, 8, 9]",multigen_dependence_n7_r8_k4,"[0, 1, 2, 3, 4, 5, 6, 7, 8, 9]",0.8720000000000001,any_false_ejection_rate,any_false_ejection_rate,10,0.04738494838377831,crossplay
multigen_dependence_n7_r8_k4_matrix,C0|D1,True,"[0, 1, 2, 3, 4, 5, 6, 7, 8, 9]",multigen_dependence_n7_r8_k4,"[0, 1, 2, 3, 4, 5, 6, 7, 8, 9]",0.24220000000000003,coalition_game_win_rate,coalition_game_win_rate,10,0.06964321774428417,crossplay
multigen_dependence_n7_r8_k4_matrix,C0|D1,True,"[0, 1, 2, 3, 4, 5, 6, 7, 8, 9]",multigen_dependence_n7_r8_k4,"[0, 1, 2, 3, 4, 5, 6, 7, 8, 9]",0.24220000000000003,false_ejection_rate,terminal-meeting false ejection,10,0.06964321774428417,crossplay
multigen_dependence_n7_r8_k4_matrix,C0|D1,True,"[0, 1, 2, 3, 4, 5, 6, 7, 8, 9]",multigen_dependence_n7_r8_k4,"[0, 1, 2, 3, 4, 5, 6, 7, 8, 9]",2.0625999999999998,mean_false_ejections,mean_false_ejections,10,0.24256966925904905,crossplay
multigen_dependence_n7_r8_k4_matrix,C0|D2,True,"[0, 1, 2, 3, 4, 5, 6, 7, 8, 9]",multigen_dependence_n7_r8_k4,"[0, 1, 2, 3, 4, 5, 6, 7, 8, 9]",0.8868,any_false_ejection_rate,any_false_ejection_rate,10,0.04776981845847393,crossplay
multigen_dependence_n7_r8_k4_matrix,C0|D2,True,"[0, 1, 2, 3, 4, 5, 6, 7, 8, 9]",multigen_dependence_n7_r8_k4,"[0, 1, 2, 3, 4, 5, 6, 7, 8, 9]",0.2818,coalition_game_win_rate,coalition_game_win_rate,10,0.10472588558284486,crossplay
multigen_dependence_n7_r8_k4_matrix,C0|D2,True,"[0, 1, 2, 3, 4, 5, 6, 7, 8, 9]",multigen_dependence_n7_r8_k4,"[0, 1, 2, 3, 4, 5, 6, 7, 8, 9]",0.2818,false_ejection_rate,terminal-meeting false ejection,10,0.10472588558284486,crossplay
multigen_dependence_n7_r8_k4_matrix,C0|D2,True,"[0, 1, 2, 3, 4, 5, 6, 7, 8, 9]",multigen_dependence_n7_r8_k4,"[0, 1, 2, 3, 4, 5, 6, 7, 8, 9]",2.1462000000000003,mean_false_ejections,mean_false_ejections,10,0.3140678624473096,crossplay
multigen_dependence_n7_r8_k4_matrix,C0|D3,True,"[0, 1, 2, 3, 4, 5, 6, 7, 8, 9]",multigen_dependence_n7_r8_k4,"[0, 1, 2, 3, 4, 5, 6, 7, 8, 9]",0.8374,any_false_ejection_rate,any_false_ejection_rate,10,0.07109961712664532,crossplay
multigen_dependence_n7_r8_k4_matrix,C0|D3,True,"[0, 1, 2, 3, 4, 5, 6, 7, 8, 9]",multigen_dependence_n7_r8_k4,"[0, 1, 2, 3, 4, 5, 6, 7, 8, 9]",0.22759999999999997,coalition_game_win_rate,coalition_game_win_rate,10,0.11994739587743361,crossplay
multigen_dependence_n7_r8_k4_matrix,C0|D3,True,"[0, 1, 2, 3, 4, 5, 6, 7, 8, 9]",multigen_dependence_n7_r8_k4,"[0, 1, 2, 3, 4, 5, 6, 7, 8, 9]",0.22759999999999997,false_ejection_rate,terminal-meeting false ejection,10,0.11994739587743361,crossplay
multigen_dependence_n7_r8_k4_matrix,C0|D3,True,"[0, 1, 2, 3, 4, 5, 6, 7, 8, 9]",multigen_dependence_n7_r8_k4,"[0, 1, 2, 3, 4, 5, 6, 7, 8, 9]",1.8990000000000002,mean_false_ejections,mean_false_ejections,10,0.3993553138079756,crossplay
multigen_dependence_n7_r8_k4_matrix,C0|D4,True,"[0, 1, 2, 3, 4, 5, 6, 7, 8, 9]",multigen_dependence_n7_r8_k4,"[0, 1, 2, 3, 4, 5, 6, 7, 8, 9]",0.8688,any_false_ejection_rate,any_false_ejection_rate,10,0.05013049637363136,crossplay
multigen_dependence_n7_r8_k4_matrix,C0|D4,True,"[0, 1, 2, 3, 4, 5, 6, 7, 8, 9]",multigen_dependence_n7_r8_k4,"[0, 1, 2, 3, 4, 5, 6, 7, 8, 9]",0.2692,coalition_game_win_rate,coalition_game_win_rate,10,0.09964916234246807,crossplay
multigen_dependence_n7_r8_k4_matrix,C0|D4,True,"[0, 1, 2, 3, 4, 5, 6, 7, 8, 9]",multigen_dependence_n7_r8_k4,"[0, 1, 2, 3, 4, 5, 6, 7, 8, 9]",0.2692,false_ejection_rate,terminal-meeting false ejection,10,0.09964916234246807,crossplay
multigen_dependence_n7_r8_k4_matrix,C0|D4,True,"[0, 1, 2, 3, 4, 5, 6, 7, 8, 9]",multigen_dependence_n7_r8_k4,"[0, 1, 2, 3, 4, 5, 6, 7, 8, 9]",2.0848,mean_false_ejections,mean_false_ejections,10,0.3179674336923341,crossplay
multigen_dependence_n7_r8_k4_matrix,C1|D0,True,"[0, 1, 2, 3, 4, 5, 6, 7, 8, 9]",multigen_dependence_n7_r8_k4,"[0, 1, 2, 3, 4, 5, 6, 7, 8, 9]",0.26860000000000006,any_false_ejection_rate,any_false_ejection_rate,10,0.05788148811724406,crossplay
multigen_dependence_n7_r8_k4_matrix,C1|D0,True,"[0, 1, 2, 3, 4, 5, 6, 7, 8, 9]",multigen_dependence_n7_r8_k4,"[0, 1, 2, 3, 4, 5, 6, 7, 8, 9]",0.2274,coalition_game_win_rate,coalition_game_win_rate,10,0.05928499903947972,crossplay
multigen_dependence_n7_r8_k4_matrix,C1|D0,True,"[0, 1, 2, 3, 4, 5, 6, 7, 8, 9]",multigen_dependence_n7_r8_k4,"[0, 1, 2, 3, 4, 5, 6, 7, 8, 9]",0.08499999999999999,false_ejection_rate,terminal-meeting false ejection,10,0.02125506475590648,crossplay
multigen_dependence_n7_r8_k4_matrix,C1|D0,True,"[0, 1, 2, 3, 4, 5, 6, 7, 8, 9]",multigen_dependence_n7_r8_k4,"[0, 1, 2, 3, 4, 5, 6, 7, 8, 9]",0.34859999999999997,mean_false_ejections,mean_false_ejections,10,0.07245565693734494,crossplay
multigen_dependence_n7_r8_k4_matrix,C1|D1,True,"[0, 1, 2, 3, 4, 5, 6, 7, 8, 9]",multigen_dependence_n7_r8_k4,"[0, 1, 2, 3, 4, 5, 6, 7, 8, 9]",0.9048,any_false_ejection_rate,any_false_ejection_rate,10,0.020465689444639903,crossplay
multigen_dependence_n7_r8_k4_matrix,C1|D1,True,"[0, 1, 2, 3, 4, 5, 6, 7, 8, 9]",multigen_dependence_n7_r8_k4,"[0, 1, 2, 3, 4, 5, 6, 7, 8, 9]",0.8629999999999999,coalition_game_win_rate,coalition_game_win_rate,10,0.03516627171974117,crossplay
multigen_dependence_n7_r8_k4_matrix,C1|D1,True,"[0, 1, 2, 3, 4, 5, 6, 7, 8, 9]",multigen_dependence_n7_r8_k4,"[0, 1, 2, 3, 4, 5, 6, 7, 8, 9]",0.5422,false_ejection_rate,terminal-meeting false ejection,10,0.041198166086476334,crossplay
multigen_dependence_n7_r8_k4_matrix,C1|D1,True,"[0, 1, 2, 3, 4, 5, 6, 7, 8, 9]",multigen_dependence_n7_r8_k4,"[0, 1, 2, 3, 4, 5, 6, 7, 8, 9]",1.3976,mean_false_ejections,mean_false_ejections,10,0.0610413339012545,crossplay
multigen_dependence_n7_r8_k4_matrix,C1|D2,True,"[0, 1, 2, 3, 4, 5, 6, 7, 8, 9]",multigen_dependence_n7_r8_k4,"[0, 1, 2, 3, 4, 5, 6, 7, 8, 9]",0.7268000000000001,any_false_ejection_rate,any_false_ejection_rate,10,0.11851750925496198,crossplay
multigen_dependence_n7_r8_k4_matrix,C1|D2,True,"[0, 1, 2, 3, 4, 5, 6, 7, 8, 9]",multigen_dependence_n7_r8_k4,"[0, 1, 2, 3, 4, 5, 6, 7, 8, 9]",0.41159999999999997,coalition_game_win_rate,coalition_game_win_rate,10,0.15376692318787766,crossplay
multigen_dependence_n7_r8_k4_matrix,C1|D2,True,"[0, 1, 2, 3, 4, 5, 6, 7, 8, 9]",multigen_dependence_n7_r8_k4,"[0, 1, 2, 3, 4, 5, 6, 7, 8, 9]",0.2962,false_ejection_rate,terminal-meeting false ejection,10,0.11541018634033615,crossplay
multigen_dependence_n7_r8_k4_matrix,C1|D2,True,"[0, 1, 2, 3, 4, 5, 6, 7, 8, 9]",multigen_dependence_n7_r8_k4,"[0, 1, 2, 3, 4, 5, 6, 7, 8, 9]",1.1512,mean_false_ejections,mean_false_ejections,10,0.3779196857652283,crossplay
multigen_dependence_n7_r8_k4_matrix,C1|D3,True,"[0, 1, 2, 3, 4, 5, 6, 7, 8, 9]",multigen_dependence_n7_r8_k4,"[0, 1, 2, 3, 4, 5, 6, 7, 8, 9]",0.8034000000000001,any_false_ejection_rate,any_false_ejection_rate,10,0.043338973991854796,crossplay
multigen_dependence_n7_r8_k4_matrix,C1|D3,True,"[0, 1, 2, 3, 4, 5, 6, 7, 8, 9]",multigen_dependence_n7_r8_k4,"[0, 1, 2, 3, 4, 5, 6, 7, 8, 9]",0.5686,coalition_game_win_rate,coalition_game_win_rate,10,0.15488791646434744,crossplay
multigen_dependence_n7_r8_k4_matrix,C1|D3,True,"[0, 1, 2, 3, 4, 5, 6, 7, 8, 9]",multigen_dependence_n7_r8_k4,"[0, 1, 2, 3, 4, 5, 6, 7, 8, 9]",0.391,false_ejection_rate,terminal-meeting false ejection,10,0.10749366906422392,crossplay
multigen_dependence_n7_r8_k4_matrix,C1|D3,True,"[0, 1, 2, 3, 4, 5, 6, 7, 8, 9]",multigen_dependence_n7_r8_k4,"[0, 1, 2, 3, 4, 5, 6, 7, 8, 9]",1.2946,mean_false_ejections,mean_false_ejections,10,0.12619579144241613,crossplay
multigen_dependence_n7_r8_k4_matrix,C1|D4,True,"[0, 1, 2, 3, 4, 5, 6, 7, 8, 9]",multigen_dependence_n7_r8_k4,"[0, 1, 2, 3, 4, 5, 6, 7, 8, 9]",0.8004,any_false_ejection_rate,any_false_ejection_rate,10,0.0469874687786246,crossplay
multigen_dependence_n7_r8_k4_matrix,C1|D4,True,"[0, 1, 2, 3, 4, 5, 6, 7, 8, 9]",multigen_dependence_n7_r8_k4,"[0, 1, 2, 3, 4, 5, 6, 7, 8, 9]",0.49219999999999997,coalition_game_win_rate,coalition_game_win_rate,10,0.08278727760551939,crossplay
multigen_dependence_n7_r8_k4_matrix,C1|D4,True,"[0, 1, 2, 3, 4, 5, 6, 7, 8, 9]",multigen_dependence_n7_r8_k4,"[0, 1, 2, 3, 4, 5, 6, 7, 8, 9]",0.36560000000000004,false_ejection_rate,terminal-meeting false ejection,10,0.06331438312983165,crossplay
multigen_dependence_n7_r8_k4_matrix,C1|D4,True,"[0, 1, 2, 3, 4, 5, 6, 7, 8, 9]",multigen_dependence_n7_r8_k4,"[0, 1, 2, 3, 4, 5, 6, 7, 8, 9]",1.3276,mean_false_ejections,mean_false_ejections,10,0.2389361606975572,crossplay
multigen_dependence_n7_r8_k4_matrix,C2|D0,True,"[0, 1, 2, 3, 4, 5, 6, 7, 8, 9]",multigen_dependence_n7_r8_k4,"[0, 1, 2, 3, 4, 5, 6, 7, 8, 9]",0.20020000000000002,any_false_ejection_rate,any_false_ejection_rate,10,0.030644194665004117,crossplay
multigen_dependence_n7_r8_k4_matrix,C2|D0,True,"[0, 1, 2, 3, 4, 5, 6, 7, 8, 9]",multigen_dependence_n7_r8_k4,"[0, 1, 2, 3, 4, 5, 6, 7, 8, 9]",0.17259999999999998,coalition_game_win_rate,coalition_game_win_rate,10,0.025228731416559354,crossplay
multigen_dependence_n7_r8_k4_matrix,C2|D0,True,"[0, 1, 2, 3, 4, 5, 6, 7, 8, 9]",multigen_dependence_n7_r8_k4,"[0, 1, 2, 3, 4, 5, 6, 7, 8, 9]",0.0698,false_ejection_rate,terminal-meeting false ejection,10,0.01978663971247041,crossplay
multigen_dependence_n7_r8_k4_matrix,C2|D0,True,"[0, 1, 2, 3, 4, 5, 6, 7, 8, 9]",multigen_dependence_n7_r8_k4,"[0, 1, 2, 3, 4, 5, 6, 7, 8, 9]",0.25920000000000004,mean_false_ejections,mean_false_ejections,10,0.04101165146096356,crossplay
multigen_dependence_n7_r8_k4_matrix,C2|D1,True,"[0, 1, 2, 3, 4, 5, 6, 7, 8, 9]",multigen_dependence_n7_r8_k4,"[0, 1, 2, 3, 4, 5, 6, 7, 8, 9]",0.8630000000000001,any_false_ejection_rate,any_false_ejection_rate,10,0.04144340183377272,crossplay
multigen_dependence_n7_r8_k4_matrix,C2|D1,True,"[0, 1, 2, 3, 4, 5, 6, 7, 8, 9]",multigen_dependence_n7_r8_k4,"[0, 1, 2, 3, 4, 5, 6, 7, 8, 9]",0.7626,coalition_game_win_rate,coalition_game_win_rate,10,0.11078728366659336,crossplay
multigen_dependence_n7_r8_k4_matrix,C2|D1,True,"[0, 1, 2, 3, 4, 5, 6, 7, 8, 9]",multigen_dependence_n7_r8_k4,"[0, 1, 2, 3, 4, 5, 6, 7, 8, 9]",0.48419999999999996,false_ejection_rate,terminal-meeting false ejection,10,0.06347317893759885,crossplay
multigen_dependence_n7_r8_k4_matrix,C2|D1,True,"[0, 1, 2, 3, 4, 5, 6, 7, 8, 9]",multigen_dependence_n7_r8_k4,"[0, 1, 2, 3, 4, 5, 6, 7, 8, 9]",1.3268000000000002,mean_false_ejections,mean_false_ejections,10,0.08804140440093451,crossplay
multigen_dependence_n7_r8_k4_matrix,C2|D2,True,"[0, 1, 2, 3, 4, 5, 6, 7, 8, 9]",multigen_dependence_n7_r8_k4,"[0, 1, 2, 3, 4, 5, 6, 7, 8, 9]",0.8930000000000001,any_false_ejection_rate,any_false_ejection_rate,10,0.0162822329890931,crossplay
multigen_dependence_n7_r8_k4_matrix,C2|D2,True,"[0, 1, 2, 3, 4, 5, 6, 7, 8, 9]",multigen_dependence_n7_r8_k4,"[0, 1, 2, 3, 4, 5, 6, 7, 8, 9]",0.7847999999999999,coalition_game_win_rate,coalition_game_win_rate,10,0.05224897659816463,crossplay
multigen_dependence_n7_r8_k4_matrix,C2|D2,True,"[0, 1, 2, 3, 4, 5, 6, 7, 8, 9]",multigen_dependence_n7_r8_k4,"[0, 1, 2, 3, 4, 5, 6, 7, 8, 9]",0.5281999999999999,false_ejection_rate,terminal-meeting false ejection,10,0.06344516442479198,crossplay
multigen_dependence_n7_r8_k4_matrix,C2|D2,True,"[0, 1, 2, 3, 4, 5, 6, 7, 8, 9]",multigen_dependence_n7_r8_k4,"[0, 1, 2, 3, 4, 5, 6, 7, 8, 9]",1.4632,mean_false_ejections,mean_false_ejections,10,0.1700776293343719,crossplay
multigen_dependence_n7_r8_k4_matrix,C2|D3,True,"[0, 1, 2, 3, 4, 5, 6, 7, 8, 9]",multigen_dependence_n7_r8_k4,"[0, 1, 2, 3, 4, 5, 6, 7, 8, 9]",0.7154,any_false_ejection_rate,any_false_ejection_rate,10,0.11808866725191429,crossplay
multigen_dependence_n7_r8_k4_matrix,C2|D3,True,"[0, 1, 2, 3, 4, 5, 6, 7, 8, 9]",multigen_dependence_n7_r8_k4,"[0, 1, 2, 3, 4, 5, 6, 7, 8, 9]",0.3692000000000001,coalition_game_win_rate,coalition_game_win_rate,10,0.1460203943137929,crossplay
multigen_dependence_n7_r8_k4_matrix,C2|D3,True,"[0, 1, 2, 3, 4, 5, 6, 7, 8, 9]",multigen_dependence_n7_r8_k4,"[0, 1, 2, 3, 4, 5, 6, 7, 8, 9]",0.27280000000000004,false_ejection_rate,terminal-meeting false ejection,10,0.11324781086920252,crossplay
multigen_dependence_n7_r8_k4_matrix,C2|D3,True,"[0, 1, 2, 3, 4, 5, 6, 7, 8, 9]",multigen_dependence_n7_r8_k4,"[0, 1, 2, 3, 4, 5, 6, 7, 8, 9]",1.1634,mean_false_ejections,mean_false_ejections,10,0.3373228588624126,crossplay
multigen_dependence_n7_r8_k4_matrix,C2|D4,True,"[0, 1, 2, 3, 4, 5, 6, 7, 8, 9]",multigen_dependence_n7_r8_k4,"[0, 1, 2, 3, 4, 5, 6, 7, 8, 9]",0.8084,any_false_ejection_rate,any_false_ejection_rate,10,0.084657742311813,crossplay
multigen_dependence_n7_r8_k4_matrix,C2|D4,True,"[0, 1, 2, 3, 4, 5, 6, 7, 8, 9]",multigen_dependence_n7_r8_k4,"[0, 1, 2, 3, 4, 5, 6, 7, 8, 9]",0.5956,coalition_game_win_rate,coalition_game_win_rate,10,0.18726523080023869,crossplay
multigen_dependence_n7_r8_k4_matrix,C2|D4,True,"[0, 1, 2, 3, 4, 5, 6, 7, 8, 9]",multigen_dependence_n7_r8_k4,"[0, 1, 2, 3, 4, 5, 6, 7, 8, 9]",0.40659999999999996,false_ejection_rate,terminal-meeting false ejection,10,0.11656967396749847,crossplay
multigen_dependence_n7_r8_k4_matrix,C2|D4,True,"[0, 1, 2, 3, 4, 5, 6, 7, 8, 9]",multigen_dependence_n7_r8_k4,"[0, 1, 2, 3, 4, 5, 6, 7, 8, 9]",1.3117999999999999,mean_false_ejections,mean_false_ejections,10,0.23752885204866284,crossplay
multigen_dependence_n7_r8_k4_matrix,C3|D0,True,"[0, 1, 2, 3, 4, 5, 6, 7, 8, 9]",multigen_dependence_n7_r8_k4,"[0, 1, 2, 3, 4, 5, 6, 7, 8, 9]",0.21000000000000002,any_false_ejection_rate,any_false_ejection_rate,10,0.05043808085167396,crossplay
multigen_dependence_n7_r8_k4_matrix,C3|D0,True,"[0, 1, 2, 3, 4, 5, 6, 7, 8, 9]",multigen_dependence_n7_r8_k4,"[0, 1, 2, 3, 4, 5, 6, 7, 8, 9]",0.1816,coalition_game_win_rate,coalition_game_win_rate,10,0.03370196169694314,crossplay
multigen_dependence_n7_r8_k4_matrix,C3|D0,True,"[0, 1, 2, 3, 4, 5, 6, 7, 8, 9]",multigen_dependence_n7_r8_k4,"[0, 1, 2, 3, 4, 5, 6, 7, 8, 9]",0.0684,false_ejection_rate,terminal-meeting false ejection,10,0.016754435565279755,crossplay
multigen_dependence_n7_r8_k4_matrix,C3|D0,True,"[0, 1, 2, 3, 4, 5, 6, 7, 8, 9]",multigen_dependence_n7_r8_k4,"[0, 1, 2, 3, 4, 5, 6, 7, 8, 9]",0.27,mean_false_ejections,mean_false_ejections,10,0.0642079953484507,crossplay
multigen_dependence_n7_r8_k4_matrix,C3|D1,True,"[0, 1, 2, 3, 4, 5, 6, 7, 8, 9]",multigen_dependence_n7_r8_k4,"[0, 1, 2, 3, 4, 5, 6, 7, 8, 9]",0.8927999999999999,any_false_ejection_rate,any_false_ejection_rate,10,0.051382660283190655,crossplay
multigen_dependence_n7_r8_k4_matrix,C3|D1,True,"[0, 1, 2, 3, 4, 5, 6, 7, 8, 9]",multigen_dependence_n7_r8_k4,"[0, 1, 2, 3, 4, 5, 6, 7, 8, 9]",0.8368,coalition_game_win_rate,coalition_game_win_rate,10,0.07013130542061798,crossplay
multigen_dependence_n7_r8_k4_matrix,C3|D1,True,"[0, 1, 2, 3, 4, 5, 6, 7, 8, 9]",multigen_dependence_n7_r8_k4,"[0, 1, 2, 3, 4, 5, 6, 7, 8, 9]",0.5227999999999999,false_ejection_rate,terminal-meeting false ejection,10,0.09135620151667623,crossplay
multigen_dependence_n7_r8_k4_matrix,C3|D1,True,"[0, 1, 2, 3, 4, 5, 6, 7, 8, 9]",multigen_dependence_n7_r8_k4,"[0, 1, 2, 3, 4, 5, 6, 7, 8, 9]",1.3763999999999998,mean_false_ejections,mean_false_ejections,10,0.1274948364967512,crossplay
multigen_dependence_n7_r8_k4_matrix,C3|D2,True,"[0, 1, 2, 3, 4, 5, 6, 7, 8, 9]",multigen_dependence_n7_r8_k4,"[0, 1, 2, 3, 4, 5, 6, 7, 8, 9]",0.76,any_false_ejection_rate,any_false_ejection_rate,10,0.10464755664185911,crossplay
multigen_dependence_n7_r8_k4_matrix,C3|D2,True,"[0, 1, 2, 3, 4, 5, 6, 7, 8, 9]",multigen_dependence_n7_r8_k4,"[0, 1, 2, 3, 4, 5, 6, 7, 8, 9]",0.48839999999999995,coalition_game_win_rate,coalition_game_win_rate,10,0.16120325334461735,crossplay
multigen_dependence_n7_r8_k4_matrix,C3|D2,True,"[0, 1, 2, 3, 4, 5, 6, 7, 8, 9]",multigen_dependence_n7_r8_k4,"[0, 1, 2, 3, 4, 5, 6, 7, 8, 9]",0.35,false_ejection_rate,terminal-meeting false ejection,10,0.10581325268814132,crossplay
multigen_dependence_n7_r8_k4_matrix,C3|D2,True,"[0, 1, 2, 3, 4, 5, 6, 7, 8, 9]",multigen_dependence_n7_r8_k4,"[0, 1, 2, 3, 4, 5, 6, 7, 8, 9]",1.2464,mean_false_ejections,mean_false_ejections,10,0.3774579299589411,crossplay
multigen_dependence_n7_r8_k4_matrix,C3|D3,True,"[0, 1, 2, 3, 4, 5, 6, 7, 8, 9]",multigen_dependence_n7_r8_k4,"[0, 1, 2, 3, 4, 5, 6, 7, 8, 9]",0.8814,any_false_ejection_rate,any_false_ejection_rate,10,0.02307572076640055,crossplay
multigen_dependence_n7_r8_k4_matrix,C3|D3,True,"[0, 1, 2, 3, 4, 5, 6, 7, 8, 9]",multigen_dependence_n7_r8_k4,"[0, 1, 2, 3, 4, 5, 6, 7, 8, 9]",0.7576,coalition_game_win_rate,coalition_game_win_rate,10,0.0622453925113248,crossplay
multigen_dependence_n7_r8_k4_matrix,C3|D3,True,"[0, 1, 2, 3, 4, 5, 6, 7, 8, 9]",multigen_dependence_n7_r8_k4,"[0, 1, 2, 3, 4, 5, 6, 7, 8, 9]",0.5304,false_ejection_rate,terminal-meeting false ejection,10,0.0698493617245951,crossplay
multigen_dependence_n7_r8_k4_matrix,C3|D3,True,"[0, 1, 2, 3, 4, 5, 6, 7, 8, 9]",multigen_dependence_n7_r8_k4,"[0, 1, 2, 3, 4, 5, 6, 7, 8, 9]",1.4844000000000002,mean_false_ejections,mean_false_ejections,10,0.13502855665047714,crossplay
multigen_dependence_n7_r8_k4_matrix,C3|D4,True,"[0, 1, 2, 3, 4, 5, 6, 7, 8, 9]",multigen_dependence_n7_r8_k4,"[0, 1, 2, 3, 4, 5, 6, 7, 8, 9]",0.7404,any_false_ejection_rate,any_false_ejection_rate,10,0.06873330100225554,crossplay
multigen_dependence_n7_r8_k4_matrix,C3|D4,True,"[0, 1, 2, 3, 4, 5, 6, 7, 8, 9]",multigen_dependence_n7_r8_k4,"[0, 1, 2, 3, 4, 5, 6, 7, 8, 9]",0.36219999999999997,coalition_game_win_rate,coalition_game_win_rate,10,0.09619170673423175,crossplay
multigen_dependence_n7_r8_k4_matrix,C3|D4,True,"[0, 1, 2, 3, 4, 5, 6, 7, 8, 9]",multigen_dependence_n7_r8_k4,"[0, 1, 2, 3, 4, 5, 6, 7, 8, 9]",0.2822,false_ejection_rate,terminal-meeting false ejection,10,0.07001872765355152,crossplay
multigen_dependence_n7_r8_k4_matrix,C3|D4,True,"[0, 1, 2, 3, 4, 5, 6, 7, 8, 9]",multigen_dependence_n7_r8_k4,"[0, 1, 2, 3, 4, 5, 6, 7, 8, 9]",1.1751999999999998,mean_false_ejections,mean_false_ejections,10,0.24880014290814045,crossplay
multigen_dependence_n7_r8_k4_matrix,C4|D0,True,"[0, 1, 2, 3, 4, 5, 6, 7, 8, 9]",multigen_dependence_n7_r8_k4,"[0, 1, 2, 3, 4, 5, 6, 7, 8, 9]",0.24820000000000003,any_false_ejection_rate,any_false_ejection_rate,10,0.07636433140616836,crossplay
multigen_dependence_n7_r8_k4_matrix,C4|D0,True,"[0, 1, 2, 3, 4, 5, 6, 7, 8, 9]",multigen_dependence_n7_r8_k4,"[0, 1, 2, 3, 4, 5, 6, 7, 8, 9]",0.20460000000000003,coalition_game_win_rate,coalition_game_win_rate,10,0.047879942448679796,crossplay
multigen_dependence_n7_r8_k4_matrix,C4|D0,True,"[0, 1, 2, 3, 4, 5, 6, 7, 8, 9]",multigen_dependence_n7_r8_k4,"[0, 1, 2, 3, 4, 5, 6, 7, 8, 9]",0.07160000000000001,false_ejection_rate,terminal-meeting false ejection,10,0.026395285774378562,crossplay
multigen_dependence_n7_r8_k4_matrix,C4|D0,True,"[0, 1, 2, 3, 4, 5, 6, 7, 8, 9]",multigen_dependence_n7_r8_k4,"[0, 1, 2, 3, 4, 5, 6, 7, 8, 9]",0.31720000000000004,mean_false_ejections,mean_false_ejections,10,0.10848942600804723,crossplay
multigen_dependence_n7_r8_k4_matrix,C4|D1,True,"[0, 1, 2, 3, 4, 5, 6, 7, 8, 9]",multigen_dependence_n7_r8_k4,"[0, 1, 2, 3, 4, 5, 6, 7, 8, 9]",0.8790000000000001,any_false_ejection_rate,any_false_ejection_rate,10,0.03973523485382829,crossplay
multigen_dependence_n7_r8_k4_matrix,C4|D1,True,"[0, 1, 2, 3, 4, 5, 6, 7, 8, 9]",multigen_dependence_n7_r8_k4,"[0, 1, 2, 3, 4, 5, 6, 7, 8, 9]",0.8042,coalition_game_win_rate,coalition_game_win_rate,10,0.0817173992080838,crossplay
multigen_dependence_n7_r8_k4_matrix,C4|D1,True,"[0, 1, 2, 3, 4, 5, 6, 7, 8, 9]",multigen_dependence_n7_r8_k4,"[0, 1, 2, 3, 4, 5, 6, 7, 8, 9]",0.514,false_ejection_rate,terminal-meeting false ejection,10,0.06094806532341012,crossplay
multigen_dependence_n7_r8_k4_matrix,C4|D1,True,"[0, 1, 2, 3, 4, 5, 6, 7, 8, 9]",multigen_dependence_n7_r8_k4,"[0, 1, 2, 3, 4, 5, 6, 7, 8, 9]",1.3512,mean_false_ejections,mean_false_ejections,10,0.09885657399597773,crossplay
multigen_dependence_n7_r8_k4_matrix,C4|D2,True,"[0, 1, 2, 3, 4, 5, 6, 7, 8, 9]",multigen_dependence_n7_r8_k4,"[0, 1, 2, 3, 4, 5, 6, 7, 8, 9]",0.8219999999999998,any_false_ejection_rate,any_false_ejection_rate,10,0.09139900315527394,crossplay
multigen_dependence_n7_r8_k4_matrix,C4|D2,True,"[0, 1, 2, 3, 4, 5, 6, 7, 8, 9]",multigen_dependence_n7_r8_k4,"[0, 1, 2, 3, 4, 5, 6, 7, 8, 9]",0.6184000000000001,coalition_game_win_rate,coalition_game_win_rate,10,0.16154751622974584,crossplay
multigen_dependence_n7_r8_k4_matrix,C4|D2,True,"[0, 1, 2, 3, 4, 5, 6, 7, 8, 9]",multigen_dependence_n7_r8_k4,"[0, 1, 2, 3, 4, 5, 6, 7, 8, 9]",0.39399999999999996,false_ejection_rate,terminal-meeting false ejection,10,0.108020574171981,crossplay
multigen_dependence_n7_r8_k4_matrix,C4|D2,True,"[0, 1, 2, 3, 4, 5, 6, 7, 8, 9]",multigen_dependence_n7_r8_k4,"[0, 1, 2, 3, 4, 5, 6, 7, 8, 9]",1.2986,mean_false_ejections,mean_false_ejections,10,0.272018054956325,crossplay
multigen_dependence_n7_r8_k4_matrix,C4|D3,True,"[0, 1, 2, 3, 4, 5, 6, 7, 8, 9]",multigen_dependence_n7_r8_k4,"[0, 1, 2, 3, 4, 5, 6, 7, 8, 9]",0.7348,any_false_ejection_rate,any_false_ejection_rate,10,0.11541307455300624,crossplay
multigen_dependence_n7_r8_k4_matrix,C4|D3,True,"[0, 1, 2, 3, 4, 5, 6, 7, 8, 9]",multigen_dependence_n7_r8_k4,"[0, 1, 2, 3, 4, 5, 6, 7, 8, 9]",0.433,coalition_game_win_rate,coalition_game_win_rate,10,0.20507180314330015,crossplay
multigen_dependence_n7_r8_k4_matrix,C4|D3,True,"[0, 1, 2, 3, 4, 5, 6, 7, 8, 9]",multigen_dependence_n7_r8_k4,"[0, 1, 2, 3, 4, 5, 6, 7, 8, 9]",0.3074,false_ejection_rate,terminal-meeting false ejection,10,0.1375178372268687,crossplay
multigen_dependence_n7_r8_k4_matrix,C4|D3,True,"[0, 1, 2, 3, 4, 5, 6, 7, 8, 9]",multigen_dependence_n7_r8_k4,"[0, 1, 2, 3, 4, 5, 6, 7, 8, 9]",1.1971999999999998,mean_false_ejections,mean_false_ejections,10,0.29828874899630015,crossplay
multigen_dependence_n7_r8_k4_matrix,C4|D4,True,"[0, 1, 2, 3, 4, 5, 6, 7, 8, 9]",multigen_dependence_n7_r8_k4,"[0, 1, 2, 3, 4, 5, 6, 7, 8, 9]",0.8914,any_false_ejection_rate,any_false_ejection_rate,10,0.027681522116145756,crossplay
multigen_dependence_n7_r8_k4_matrix,C4|D4,True,"[0, 1, 2, 3, 4, 5, 6, 7, 8, 9]",multigen_dependence_n7_r8_k4,"[0, 1, 2, 3, 4, 5, 6, 7, 8, 9]",0.7609999999999999,coalition_game_win_rate,coalition_game_win_rate,10,0.09062866850812472,crossplay
multigen_dependence_n7_r8_k4_matrix,C4|D4,True,"[0, 1, 2, 3, 4, 5, 6, 7, 8, 9]",multigen_dependence_n7_r8_k4,"[0, 1, 2, 3, 4, 5, 6, 7, 8, 9]",0.5309999999999999,false_ejection_rate,terminal-meeting false ejection,10,0.08588493594468255,crossplay
multigen_dependence_n7_r8_k4_matrix,C4|D4,True,"[0, 1, 2, 3, 4, 5, 6, 7, 8, 9]",multigen_dependence_n7_r8_k4,"[0, 1, 2, 3, 4, 5, 6, 7, 8, 9]",1.5306,mean_false_ejections,mean_false_ejections,10,0.19694342109121366,crossplay
Loop_descriptors_multigen_dependence_n7_r8_k4,c_stage_mean,True,"[0, 1, 2, 3, 4, 5, 6, 7, 8, 9]",multigen_dependence_n7_r8_k4,"[0, 1, 2, 3, 4, 5, 6, 7, 8, 9]",0.8896749999999999,any_false_ejection_rate,any_false_ejection_rate,10,0.006979185323358139,loop_h4
Loop_descriptors_multigen_dependence_n7_r8_k4,c_stage_mean,True,"[0, 1, 2, 3, 4, 5, 6, 7, 8, 9]",multigen_dependence_n7_r8_k4,"[0, 1, 2, 3, 4, 5, 6, 7, 8, 9]",0.78865,coalition_game_win_rate,coalition_game_win_rate,10,0.0259155144438402,loop_h4
Loop_descriptors_multigen_dependence_n7_r8_k4,c_stage_mean,True,"[0, 1, 2, 3, 4, 5, 6, 7, 8, 9]",multigen_dependence_n7_r8_k4,"[0, 1, 2, 3, 4, 5, 6, 7, 8, 9]",0.528775,false_ejection_rate,terminal-meeting false ejection,10,0.02818920449391926,loop_h4
Loop_descriptors_multigen_dependence_n7_r8_k4,c_stage_mean,True,"[0, 1, 2, 3, 4, 5, 6, 7, 8, 9]",multigen_dependence_n7_r8_k4,"[0, 1, 2, 3, 4, 5, 6, 7, 8, 9]",1.4628999999999999,mean_false_ejections,mean_false_ejections,10,0.08063594456292779,loop_h4
Loop_descriptors_multigen_dependence_n7_r8_k4,d_stage_mean,True,"[0, 1, 2, 3, 4, 5, 6, 7, 8, 9]",multigen_dependence_n7_r8_k4,"[0, 1, 2, 3, 4, 5, 6, 7, 8, 9]",0.762625,any_false_ejection_rate,any_false_ejection_rate,10,0.04741824104006107,loop_h4
Loop_descriptors_multigen_dependence_n7_r8_k4,d_stage_mean,True,"[0, 1, 2, 3, 4, 5, 6, 7, 8, 9]",multigen_dependence_n7_r8_k4,"[0, 1, 2, 3, 4, 5, 6, 7, 8, 9]",0.34805,coalition_game_win_rate,coalition_game_win_rate,10,0.05421290334310541,loop_h4
Loop_descriptors_multigen_dependence_n7_r8_k4,d_stage_mean,True,"[0, 1, 2, 3, 4, 5, 6, 7, 8, 9]",multigen_dependence_n7_r8_k4,"[0, 1, 2, 3, 4, 5, 6, 7, 8, 9]",0.2745,false_ejection_rate,terminal-meeting false ejection,10,0.05007244751357777,loop_h4
Loop_descriptors_multigen_dependence_n7_r8_k4,d_stage_mean,True,"[0, 1, 2, 3, 4, 5, 6, 7, 8, 9]",multigen_dependence_n7_r8_k4,"[0, 1, 2, 3, 4, 5, 6, 7, 8, 9]",1.386,mean_false_ejections,mean_false_ejections,10,0.1577550844399846,loop_h4
Loop_descriptors_multigen_dependence_n7_r8_k4,late_minus_early,True,"[0, 1, 2, 3, 4, 5, 6, 7, 8, 9]",multigen_dependence_n7_r8_k4,"[0, 1, 2, 3, 4, 5, 6, 7, 8, 9]",-0.010650000000000015,any_false_ejection_rate,any_false_ejection_rate,10,0.017765525291667833,loop_h4
Loop_descriptors_multigen_dependence_n7_r8_k4,late_minus_early,True,"[0, 1, 2, 3, 4, 5, 6, 7, 8, 9]",multigen_dependence_n7_r8_k4,"[0, 1, 2, 3, 4, 5, 6, 7, 8, 9]",-0.06439999999999999,coalition_game_win_rate,coalition_game_win_rate,10,0.047164487582172336,loop_h4
Loop_descriptors_multigen_dependence_n7_r8_k4,late_minus_early,True,"[0, 1, 2, 3, 4, 5, 6, 7, 8, 9]",multigen_dependence_n7_r8_k4,"[0, 1, 2, 3, 4, 5, 6, 7, 8, 9]",-0.008549999999999974,false_ejection_rate,terminal-meeting false ejection,10,0.04596463012167314,loop_h4
Loop_descriptors_multigen_dependence_n7_r8_k4,late_minus_early,True,"[0, 1, 2, 3, 4, 5, 6, 7, 8, 9]",multigen_dependence_n7_r8_k4,"[0, 1, 2, 3, 4, 5, 6, 7, 8, 9]",0.07680000000000005,mean_false_ejections,mean_false_ejections,10,0.13933357256757778,loop_h4
Loop_descriptors_multigen_dependence_n7_r8_k4,matrix_adaptation_gain,True,"[0, 1, 2, 3, 4, 5, 6, 7, 8, 9]",multigen_dependence_n7_r8_k4,"[0, 1, 2, 3, 4, 5, 6, 7, 8, 9]",0.12900000000000003,any_false_ejection_rate,any_false_ejection_rate,10,0.046163959006037494,loop_h4
Loop_descriptors_multigen_dependence_n7_r8_k4,matrix_adaptation_gain,True,"[0, 1, 2, 3, 4, 5, 6, 7, 8, 9]",multigen_dependence_n7_r8_k4,"[0, 1, 2, 3, 4, 5, 6, 7, 8, 9]",0.44530000000000003,coalition_game_win_rate,coalition_game_win_rate,10,0.06969664426801497,loop_h4
Loop_descriptors_multigen_dependence_n7_r8_k4,matrix_adaptation_gain,True,"[0, 1, 2, 3, 4, 5, 6, 7, 8, 9]",multigen_dependence_n7_r8_k4,"[0, 1, 2, 3, 4, 5, 6, 7, 8, 9]",0.2596,false_ejection_rate,terminal-meeting false ejection,10,0.043606701829471635,loop_h4
Loop_descriptors_multigen_dependence_n7_r8_k4,matrix_adaptation_gain,True,"[0, 1, 2, 3, 4, 5, 6, 7, 8, 9]",multigen_dependence_n7_r8_k4,"[0, 1, 2, 3, 4, 5, 6, 7, 8, 9]",0.08085,mean_false_ejections,mean_false_ejections,10,0.0989082206447528,loop_h4
Loop_descriptors_multigen_dependence_n7_r8_k4,parity_gap,True,"[0, 1, 2, 3, 4, 5, 6, 7, 8, 9]",multigen_dependence_n7_r8_k4,"[0, 1, 2, 3, 4, 5, 6, 7, 8, 9]",-0.008049999999999979,any_false_ejection_rate,any_false_ejection_rate,10,0.03978305753290796,loop_h4
Loop_descriptors_multigen_dependence_n7_r8_k4,parity_gap,True,"[0, 1, 2, 3, 4, 5, 6, 7, 8, 9]",multigen_dependence_n7_r8_k4,"[0, 1, 2, 3, 4, 5, 6, 7, 8, 9]",0.006650000000000012,coalition_game_win_rate,coalition_game_win_rate,10,0.11182875052706456,loop_h4
Loop_descriptors_multigen_dependence_n7_r8_k4,parity_gap,True,"[0, 1, 2, 3, 4, 5, 6, 7, 8, 9]",multigen_dependence_n7_r8_k4,"[0, 1, 2, 3, 4, 5, 6, 7, 8, 9]",-0.011199999999999998,false_ejection_rate,terminal-meeting false ejection,10,0.050757703301513184,loop_h4
Loop_descriptors_multigen_dependence_n7_r8_k4,parity_gap,True,"[0, 1, 2, 3, 4, 5, 6, 7, 8, 9]",multigen_dependence_n7_r8_k4,"[0, 1, 2, 3, 4, 5, 6, 7, 8, 9]",-0.01905000000000001,mean_false_ejections,mean_false_ejections,10,0.11558605500280345,loop_h4
Finite_observed-policy_response_gaps_multigen_dependence_n7_r8_k4,0,True,"[0, 1, 2, 3, 4, 5, 6, 7, 8, 9]",multigen_dependence_n7_r8_k4,"[0, 1, 2, 3, 4, 5, 6, 7, 8, 9]",0.21000000000000002,any_false_ejection_rate,any_false_ejection_rate,10,0.049558046773455475,restricted_pool_gap
Finite_observed-policy_response_gaps_multigen_dependence_n7_r8_k4,0,True,"[0, 1, 2, 3, 4, 5, 6, 7, 8, 9]",multigen_dependence_n7_r8_k4,"[0, 1, 2, 3, 4, 5, 6, 7, 8, 9]",0.8458,coalition_game_win_rate,coalition_game_win_rate,10,0.04687050719209729,restricted_pool_gap
Finite_observed-policy_response_gaps_multigen_dependence_n7_r8_k4,1,True,"[0, 1, 2, 3, 4, 5, 6, 7, 8, 9]",multigen_dependence_n7_r8_k4,"[0, 1, 2, 3, 4, 5, 6, 7, 8, 9]",0.6486,any_false_ejection_rate,any_false_ejection_rate,10,0.06456727757411905,restricted_pool_gap
Finite_observed-policy_response_gaps_multigen_dependence_n7_r8_k4,1,True,"[0, 1, 2, 3, 4, 5, 6, 7, 8, 9]",multigen_dependence_n7_r8_k4,"[0, 1, 2, 3, 4, 5, 6, 7, 8, 9]",0.658,coalition_game_win_rate,coalition_game_win_rate,10,0.07089272020297836,restricted_pool_gap
Finite_observed-policy_response_gaps_multigen_dependence_n7_r8_k4,2,True,"[0, 1, 2, 3, 4, 5, 6, 7, 8, 9]",multigen_dependence_n7_r8_k4,"[0, 1, 2, 3, 4, 5, 6, 7, 8, 9]",0.7078,any_false_ejection_rate,any_false_ejection_rate,10,0.03842973385862103,restricted_pool_gap
Finite_observed-policy_response_gaps_multigen_dependence_n7_r8_k4,2,True,"[0, 1, 2, 3, 4, 5, 6, 7, 8, 9]",multigen_dependence_n7_r8_k4,"[0, 1, 2, 3, 4, 5, 6, 7, 8, 9]",0.6148,coalition_game_win_rate,coalition_game_win_rate,10,0.061457844630825306,restricted_pool_gap
Finite_observed-policy_response_gaps_multigen_dependence_n7_r8_k4,3,True,"[0, 1, 2, 3, 4, 5, 6, 7, 8, 9]",multigen_dependence_n7_r8_k4,"[0, 1, 2, 3, 4, 5, 6, 7, 8, 9]",0.6741999999999999,any_false_ejection_rate,any_false_ejection_rate,10,0.04970535405992216,restricted_pool_gap
Finite_observed-policy_response_gaps_multigen_dependence_n7_r8_k4,3,True,"[0, 1, 2, 3, 4, 5, 6, 7, 8, 9]",multigen_dependence_n7_r8_k4,"[0, 1, 2, 3, 4, 5, 6, 7, 8, 9]",0.576,coalition_game_win_rate,coalition_game_win_rate,10,0.07031990393116935,restricted_pool_gap
Finite_observed-policy_response_gaps_multigen_dependence_n7_r8_k4,4,True,"[0, 1, 2, 3, 4, 5, 6, 7, 8, 9]",multigen_dependence_n7_r8_k4,"[0, 1, 2, 3, 4, 5, 6, 7, 8, 9]",0.651,any_false_ejection_rate,any_false_ejection_rate,10,0.06870387341498455,restricted_pool_gap
Finite_observed-policy_response_gaps_multigen_dependence_n7_r8_k4,4,True,"[0, 1, 2, 3, 4, 5, 6, 7, 8, 9]",multigen_dependence_n7_r8_k4,"[0, 1, 2, 3, 4, 5, 6, 7, 8, 9]",0.5564,coalition_game_win_rate,coalition_game_win_rate,10,0.09374101438419459,restricted_pool_gap
Generation_stages_multigen_none_n5_r8_k10,C0,True,"[0, 1, 2, 3, 4, 5, 6, 7, 8, 9]",multigen_none_n5_r8_k10,"[0, 1, 2, 3, 4, 5, 6, 7, 8, 9]",0.5671999999999999,any_false_ejection_rate,any_false_ejection_rate,10,0.3117886748709417,stages
Generation_stages_multigen_none_n5_r8_k10,C0,True,"[0, 1, 2, 3, 4, 5, 6, 7, 8, 9]",multigen_none_n5_r8_k10,"[0, 1, 2, 3, 4, 5, 6, 7, 8, 9]",0.9966000000000002,coalition_game_win_rate,coalition_game_win_rate,10,0.0030623157540948963,stages
Generation_stages_multigen_none_n5_r8_k10,C0,True,"[0, 1, 2, 3, 4, 5, 6, 7, 8, 9]",multigen_none_n5_r8_k10,"[0, 1, 2, 3, 4, 5, 6, 7, 8, 9]",0.5666,false_ejection_rate,terminal-meeting false ejection,10,0.31146756563797207,stages
Generation_stages_multigen_none_n5_r8_k10,C0,True,"[0, 1, 2, 3, 4, 5, 6, 7, 8, 9]",multigen_none_n5_r8_k10,"[0, 1, 2, 3, 4, 5, 6, 7, 8, 9]",0.63,mean_false_ejections,mean_false_ejections,10,0.4066587430922067,stages
Generation_stages_multigen_none_n5_r8_k10,C1,True,"[0, 1, 2, 3, 4, 5, 6, 7, 8, 9]",multigen_none_n5_r8_k10,"[0, 1, 2, 3, 4, 5, 6, 7, 8, 9]",0.5078,any_false_ejection_rate,any_false_ejection_rate,10,0.07160974483654829,stages
Generation_stages_multigen_none_n5_r8_k10,C1,True,"[0, 1, 2, 3, 4, 5, 6, 7, 8, 9]",multigen_none_n5_r8_k10,"[0, 1, 2, 3, 4, 5, 6, 7, 8, 9]",0.9433,coalition_game_win_rate,coalition_game_win_rate,10,0.051311792017040295,stages
Generation_stages_multigen_none_n5_r8_k10,C1,True,"[0, 1, 2, 3, 4, 5, 6, 7, 8, 9]",multigen_none_n5_r8_k10,"[0, 1, 2, 3, 4, 5, 6, 7, 8, 9]",0.49289999999999995,false_ejection_rate,terminal-meeting false ejection,10,0.06324458694447913,stages
Generation_stages_multigen_none_n5_r8_k10,C1,True,"[0, 1, 2, 3, 4, 5, 6, 7, 8, 9]",multigen_none_n5_r8_k10,"[0, 1, 2, 3, 4, 5, 6, 7, 8, 9]",0.5263,mean_false_ejections,mean_false_ejections,10,0.09045324145042502,stages
Generation_stages_multigen_none_n5_r8_k10,C10,True,"[0, 1, 2, 3, 4, 5, 6, 7, 8, 9]",multigen_none_n5_r8_k10,"[0, 1, 2, 3, 4, 5, 6, 7, 8, 9]",0.45730000000000004,any_false_ejection_rate,any_false_ejection_rate,10,0.07780324186333398,stages
Generation_stages_multigen_none_n5_r8_k10,C10,True,"[0, 1, 2, 3, 4, 5, 6, 7, 8, 9]",multigen_none_n5_r8_k10,"[0, 1, 2, 3, 4, 5, 6, 7, 8, 9]",0.9099,coalition_game_win_rate,coalition_game_win_rate,10,0.0834871247558568,stages
Generation_stages_multigen_none_n5_r8_k10,C10,True,"[0, 1, 2, 3, 4, 5, 6, 7, 8, 9]",multigen_none_n5_r8_k10,"[0, 1, 2, 3, 4, 5, 6, 7, 8, 9]",0.4363,false_ejection_rate,terminal-meeting false ejection,10,0.06669174528297253,stages
Generation_stages_multigen_none_n5_r8_k10,C10,True,"[0, 1, 2, 3, 4, 5, 6, 7, 8, 9]",multigen_none_n5_r8_k10,"[0, 1, 2, 3, 4, 5, 6, 7, 8, 9]",0.4746,mean_false_ejections,mean_false_ejections,10,0.09083831790604667,stages
Generation_stages_multigen_none_n5_r8_k10,C2,True,"[0, 1, 2, 3, 4, 5, 6, 7, 8, 9]",multigen_none_n5_r8_k10,"[0, 1, 2, 3, 4, 5, 6, 7, 8, 9]",0.5279999999999999,any_false_ejection_rate,any_false_ejection_rate,10,0.16116175449253187,stages
Generation_stages_multigen_none_n5_r8_k10,C2,True,"[0, 1, 2, 3, 4, 5, 6, 7, 8, 9]",multigen_none_n5_r8_k10,"[0, 1, 2, 3, 4, 5, 6, 7, 8, 9]",0.8942,coalition_game_win_rate,coalition_game_win_rate,10,0.051551053443272224,stages
Generation_stages_multigen_none_n5_r8_k10,C2,True,"[0, 1, 2, 3, 4, 5, 6, 7, 8, 9]",multigen_none_n5_r8_k10,"[0, 1, 2, 3, 4, 5, 6, 7, 8, 9]",0.49079999999999996,false_ejection_rate,terminal-meeting false ejection,10,0.13059164513006863,stages
Generation_stages_multigen_none_n5_r8_k10,C2,True,"[0, 1, 2, 3, 4, 5, 6, 7, 8, 9]",multigen_none_n5_r8_k10,"[0, 1, 2, 3, 4, 5, 6, 7, 8, 9]",0.5583999999999999,mean_false_ejections,mean_false_ejections,10,0.2134927529345096,stages
Generation_stages_multigen_none_n5_r8_k10,C3,True,"[0, 1, 2, 3, 4, 5, 6, 7, 8, 9]",multigen_none_n5_r8_k10,"[0, 1, 2, 3, 4, 5, 6, 7, 8, 9]",0.5937999999999999,any_false_ejection_rate,any_false_ejection_rate,10,0.11735397545697186,stages
Generation_stages_multigen_none_n5_r8_k10,C3,True,"[0, 1, 2, 3, 4, 5, 6, 7, 8, 9]",multigen_none_n5_r8_k10,"[0, 1, 2, 3, 4, 5, 6, 7, 8, 9]",0.9046,coalition_game_win_rate,coalition_game_win_rate,10,0.05799080386865952,stages
Generation_stages_multigen_none_n5_r8_k10,C3,True,"[0, 1, 2, 3, 4, 5, 6, 7, 8, 9]",multigen_none_n5_r8_k10,"[0, 1, 2, 3, 4, 5, 6, 7, 8, 9]",0.5662999999999999,false_ejection_rate,terminal-meeting false ejection,10,0.11516562951776116,stages
Generation_stages_multigen_none_n5_r8_k10,C3,True,"[0, 1, 2, 3, 4, 5, 6, 7, 8, 9]",multigen_none_n5_r8_k10,"[0, 1, 2, 3, 4, 5, 6, 7, 8, 9]",0.6525,mean_false_ejections,mean_false_ejections,10,0.21705465261593046,stages
Generation_stages_multigen_none_n5_r8_k10,C4,True,"[0, 1, 2, 3, 4, 5, 6, 7, 8, 9]",multigen_none_n5_r8_k10,"[0, 1, 2, 3, 4, 5, 6, 7, 8, 9]",0.4624,any_false_ejection_rate,any_false_ejection_rate,10,0.11129959568659717,stages
Generation_stages_multigen_none_n5_r8_k10,C4,True,"[0, 1, 2, 3, 4, 5, 6, 7, 8, 9]",multigen_none_n5_r8_k10,"[0, 1, 2, 3, 4, 5, 6, 7, 8, 9]",0.925,coalition_game_win_rate,coalition_game_win_rate,10,0.06783476656962527,stages
Generation_stages_multigen_none_n5_r8_k10,C4,True,"[0, 1, 2, 3, 4, 5, 6, 7, 8, 9]",multigen_none_n5_r8_k10,"[0, 1, 2, 3, 4, 5, 6, 7, 8, 9]",0.4431,false_ejection_rate,terminal-meeting false ejection,10,0.08132438475362452,stages
Generation_stages_multigen_none_n5_r8_k10,C4,True,"[0, 1, 2, 3, 4, 5, 6, 7, 8, 9]",multigen_none_n5_r8_k10,"[0, 1, 2, 3, 4, 5, 6, 7, 8, 9]",0.48040000000000005,mean_false_ejections,mean_false_ejections,10,0.1495706447728891,stages
Generation_stages_multigen_none_n5_r8_k10,C5,True,"[0, 1, 2, 3, 4, 5, 6, 7, 8, 9]",multigen_none_n5_r8_k10,"[0, 1, 2, 3, 4, 5, 6, 7, 8, 9]",0.6029,any_false_ejection_rate,any_false_ejection_rate,10,0.14389768741868106,stages
Generation_stages_multigen_none_n5_r8_k10,C5,True,"[0, 1, 2, 3, 4, 5, 6, 7, 8, 9]",multigen_none_n5_r8_k10,"[0, 1, 2, 3, 4, 5, 6, 7, 8, 9]",0.8878999999999999,coalition_game_win_rate,coalition_game_win_rate,10,0.04877260159830176,stages
Generation_stages_multigen_none_n5_r8_k10,C5,True,"[0, 1, 2, 3, 4, 5, 6, 7, 8, 9]",multigen_none_n5_r8_k10,"[0, 1, 2, 3, 4, 5, 6, 7, 8, 9]",0.5511,false_ejection_rate,terminal-meeting false ejection,10,0.11209960848380435,stages
Generation_stages_multigen_none_n5_r8_k10,C5,True,"[0, 1, 2, 3, 4, 5, 6, 7, 8, 9]",multigen_none_n5_r8_k10,"[0, 1, 2, 3, 4, 5, 6, 7, 8, 9]",0.6697,mean_false_ejections,mean_false_ejections,10,0.20539612135253835,stages
Generation_stages_multigen_none_n5_r8_k10,C6,True,"[0, 1, 2, 3, 4, 5, 6, 7, 8, 9]",multigen_none_n5_r8_k10,"[0, 1, 2, 3, 4, 5, 6, 7, 8, 9]",0.4119,any_false_ejection_rate,any_false_ejection_rate,10,0.0958035605926117,stages
Generation_stages_multigen_none_n5_r8_k10,C6,True,"[0, 1, 2, 3, 4, 5, 6, 7, 8, 9]",multigen_none_n5_r8_k10,"[0, 1, 2, 3, 4, 5, 6, 7, 8, 9]",0.9334,coalition_game_win_rate,coalition_game_win_rate,10,0.04654316992499184,stages
Generation_stages_multigen_none_n5_r8_k10,C6,True,"[0, 1, 2, 3, 4, 5, 6, 7, 8, 9]",multigen_none_n5_r8_k10,"[0, 1, 2, 3, 4, 5, 6, 7, 8, 9]",0.40190000000000003,false_ejection_rate,terminal-meeting false ejection,10,0.08405481016046085,stages
Generation_stages_multigen_none_n5_r8_k10,C6,True,"[0, 1, 2, 3, 4, 5, 6, 7, 8, 9]",multigen_none_n5_r8_k10,"[0, 1, 2, 3, 4, 5, 6, 7, 8, 9]",0.4206,mean_false_ejections,mean_false_ejections,10,0.10529134184094467,stages
Generation_stages_multigen_none_n5_r8_k10,C7,True,"[0, 1, 2, 3, 4, 5, 6, 7, 8, 9]",multigen_none_n5_r8_k10,"[0, 1, 2, 3, 4, 5, 6, 7, 8, 9]",0.5334,any_false_ejection_rate,any_false_ejection_rate,10,0.1617516615061496,stages
Generation_stages_multigen_none_n5_r8_k10,C7,True,"[0, 1, 2, 3, 4, 5, 6, 7, 8, 9]",multigen_none_n5_r8_k10,"[0, 1, 2, 3, 4, 5, 6, 7, 8, 9]",0.9418,coalition_game_win_rate,coalition_game_win_rate,10,0.0357671481794242,stages
Generation_stages_multigen_none_n5_r8_k10,C7,True,"[0, 1, 2, 3, 4, 5, 6, 7, 8, 9]",multigen_none_n5_r8_k10,"[0, 1, 2, 3, 4, 5, 6, 7, 8, 9]",0.5189999999999999,false_ejection_rate,terminal-meeting false ejection,10,0.1425840882504854,stages
Generation_stages_multigen_none_n5_r8_k10,C7,True,"[0, 1, 2, 3, 4, 5, 6, 7, 8, 9]",multigen_none_n5_r8_k10,"[0, 1, 2, 3, 4, 5, 6, 7, 8, 9]",0.5713,mean_false_ejections,mean_false_ejections,10,0.24202114232713912,stages
Generation_stages_multigen_none_n5_r8_k10,C8,True,"[0, 1, 2, 3, 4, 5, 6, 7, 8, 9]",multigen_none_n5_r8_k10,"[0, 1, 2, 3, 4, 5, 6, 7, 8, 9]",0.4907,any_false_ejection_rate,any_false_ejection_rate,10,0.1458226091294945,stages
Generation_stages_multigen_none_n5_r8_k10,C8,True,"[0, 1, 2, 3, 4, 5, 6, 7, 8, 9]",multigen_none_n5_r8_k10,"[0, 1, 2, 3, 4, 5, 6, 7, 8, 9]",0.9395,coalition_game_win_rate,coalition_game_win_rate,10,0.04890182909553475,stages
Generation_stages_multigen_none_n5_r8_k10,C8,True,"[0, 1, 2, 3, 4, 5, 6, 7, 8, 9]",multigen_none_n5_r8_k10,"[0, 1, 2, 3, 4, 5, 6, 7, 8, 9]",0.47220000000000006,false_ejection_rate,terminal-meeting false ejection,10,0.12656557369381471,stages
Generation_stages_multigen_none_n5_r8_k10,C8,True,"[0, 1, 2, 3, 4, 5, 6, 7, 8, 9]",multigen_none_n5_r8_k10,"[0, 1, 2, 3, 4, 5, 6, 7, 8, 9]",0.5141,mean_false_ejections,mean_false_ejections,10,0.19511788459515667,stages
Generation_stages_multigen_none_n5_r8_k10,C9,True,"[0, 1, 2, 3, 4, 5, 6, 7, 8, 9]",multigen_none_n5_r8_k10,"[0, 1, 2, 3, 4, 5, 6, 7, 8, 9]",0.5001,any_false_ejection_rate,any_false_ejection_rate,10,0.11382877004030612,stages
Generation_stages_multigen_none_n5_r8_k10,C9,True,"[0, 1, 2, 3, 4, 5, 6, 7, 8, 9]",multigen_none_n5_r8_k10,"[0, 1, 2, 3, 4, 5, 6, 7, 8, 9]",0.8977999999999999,coalition_game_win_rate,coalition_game_win_rate,10,0.07324054736126552,stages
Generation_stages_multigen_none_n5_r8_k10,C9,True,"[0, 1, 2, 3, 4, 5, 6, 7, 8, 9]",multigen_none_n5_r8_k10,"[0, 1, 2, 3, 4, 5, 6, 7, 8, 9]",0.4647,false_ejection_rate,terminal-meeting false ejection,10,0.08673465282111874,stages
Generation_stages_multigen_none_n5_r8_k10,C9,True,"[0, 1, 2, 3, 4, 5, 6, 7, 8, 9]",multigen_none_n5_r8_k10,"[0, 1, 2, 3, 4, 5, 6, 7, 8, 9]",0.5249,mean_false_ejections,mean_false_ejections,10,0.14110787835317112,stages
Generation_stages_multigen_none_n5_r8_k10,D1,True,"[0, 1, 2, 3, 4, 5, 6, 7, 8, 9]",multigen_none_n5_r8_k10,"[0, 1, 2, 3, 4, 5, 6, 7, 8, 9]",0.29090000000000005,any_false_ejection_rate,any_false_ejection_rate,10,0.1998235054575245,stages
Generation_stages_multigen_none_n5_r8_k10,D1,True,"[0, 1, 2, 3, 4, 5, 6, 7, 8, 9]",multigen_none_n5_r8_k10,"[0, 1, 2, 3, 4, 5, 6, 7, 8, 9]",0.27860000000000007,coalition_game_win_rate,coalition_game_win_rate,10,0.2517971846987615,stages
Generation_stages_multigen_none_n5_r8_k10,D1,True,"[0, 1, 2, 3, 4, 5, 6, 7, 8, 9]",multigen_none_n5_r8_k10,"[0, 1, 2, 3, 4, 5, 6, 7, 8, 9]",0.1776,false_ejection_rate,terminal-meeting false ejection,10,0.16363862624698364,stages
Generation_stages_multigen_none_n5_r8_k10,D1,True,"[0, 1, 2, 3, 4, 5, 6, 7, 8, 9]",multigen_none_n5_r8_k10,"[0, 1, 2, 3, 4, 5, 6, 7, 8, 9]",0.3295,mean_false_ejections,mean_false_ejections,10,0.2569328706102043,stages
Generation_stages_multigen_none_n5_r8_k10,D10,True,"[0, 1, 2, 3, 4, 5, 6, 7, 8, 9]",multigen_none_n5_r8_k10,"[0, 1, 2, 3, 4, 5, 6, 7, 8, 9]",0.2589,any_false_ejection_rate,any_false_ejection_rate,10,0.10225833299377937,stages
Generation_stages_multigen_none_n5_r8_k10,D10,True,"[0, 1, 2, 3, 4, 5, 6, 7, 8, 9]",multigen_none_n5_r8_k10,"[0, 1, 2, 3, 4, 5, 6, 7, 8, 9]",0.42560000000000003,coalition_game_win_rate,coalition_game_win_rate,10,0.20327605750691732,stages
Generation_stages_multigen_none_n5_r8_k10,D10,True,"[0, 1, 2, 3, 4, 5, 6, 7, 8, 9]",multigen_none_n5_r8_k10,"[0, 1, 2, 3, 4, 5, 6, 7, 8, 9]",0.20790000000000003,false_ejection_rate,terminal-meeting false ejection,10,0.12291229935744159,stages
Generation_stages_multigen_none_n5_r8_k10,D10,True,"[0, 1, 2, 3, 4, 5, 6, 7, 8, 9]",multigen_none_n5_r8_k10,"[0, 1, 2, 3, 4, 5, 6, 7, 8, 9]",0.2645,mean_false_ejections,mean_false_ejections,10,0.10386449505645966,stages
Generation_stages_multigen_none_n5_r8_k10,D2,True,"[0, 1, 2, 3, 4, 5, 6, 7, 8, 9]",multigen_none_n5_r8_k10,"[0, 1, 2, 3, 4, 5, 6, 7, 8, 9]",0.22159999999999996,any_false_ejection_rate,any_false_ejection_rate,10,0.08381354968685618,stages
Generation_stages_multigen_none_n5_r8_k10,D2,True,"[0, 1, 2, 3, 4, 5, 6, 7, 8, 9]",multigen_none_n5_r8_k10,"[0, 1, 2, 3, 4, 5, 6, 7, 8, 9]",0.3416,coalition_game_win_rate,coalition_game_win_rate,10,0.15779466263329556,stages
Generation_stages_multigen_none_n5_r8_k10,D2,True,"[0, 1, 2, 3, 4, 5, 6, 7, 8, 9]",multigen_none_n5_r8_k10,"[0, 1, 2, 3, 4, 5, 6, 7, 8, 9]",0.1521,false_ejection_rate,terminal-meeting false ejection,10,0.07030955364197197,stages
Generation_stages_multigen_none_n5_r8_k10,D2,True,"[0, 1, 2, 3, 4, 5, 6, 7, 8, 9]",multigen_none_n5_r8_k10,"[0, 1, 2, 3, 4, 5, 6, 7, 8, 9]",0.2277,mean_false_ejections,mean_false_ejections,10,0.08892075123389366,stages
Generation_stages_multigen_none_n5_r8_k10,D3,True,"[0, 1, 2, 3, 4, 5, 6, 7, 8, 9]",multigen_none_n5_r8_k10,"[0, 1, 2, 3, 4, 5, 6, 7, 8, 9]",0.2847,any_false_ejection_rate,any_false_ejection_rate,10,0.1927105198074159,stages
Generation_stages_multigen_none_n5_r8_k10,D3,True,"[0, 1, 2, 3, 4, 5, 6, 7, 8, 9]",multigen_none_n5_r8_k10,"[0, 1, 2, 3, 4, 5, 6, 7, 8, 9]",0.3052,coalition_game_win_rate,coalition_game_win_rate,10,0.20585205043104784,stages
Generation_stages_multigen_none_n5_r8_k10,D3,True,"[0, 1, 2, 3, 4, 5, 6, 7, 8, 9]",multigen_none_n5_r8_k10,"[0, 1, 2, 3, 4, 5, 6, 7, 8, 9]",0.1925,false_ejection_rate,terminal-meeting false ejection,10,0.1617077267445464,stages
Generation_stages_multigen_none_n5_r8_k10,D3,True,"[0, 1, 2, 3, 4, 5, 6, 7, 8, 9]",multigen_none_n5_r8_k10,"[0, 1, 2, 3, 4, 5, 6, 7, 8, 9]",0.31100000000000005,mean_false_ejections,mean_false_ejections,10,0.22400297617070478,stages
Generation_stages_multigen_none_n5_r8_k10,D4,True,"[0, 1, 2, 3, 4, 5, 6, 7, 8, 9]",multigen_none_n5_r8_k10,"[0, 1, 2, 3, 4, 5, 6, 7, 8, 9]",0.1981,any_false_ejection_rate,any_false_ejection_rate,10,0.07540918010722862,stages
Generation_stages_multigen_none_n5_r8_k10,D4,True,"[0, 1, 2, 3, 4, 5, 6, 7, 8, 9]",multigen_none_n5_r8_k10,"[0, 1, 2, 3, 4, 5, 6, 7, 8, 9]",0.3263,coalition_game_win_rate,coalition_game_win_rate,10,0.17366957771072694,stages
Generation_stages_multigen_none_n5_r8_k10,D4,True,"[0, 1, 2, 3, 4, 5, 6, 7, 8, 9]",multigen_none_n5_r8_k10,"[0, 1, 2, 3, 4, 5, 6, 7, 8, 9]",0.1506,false_ejection_rate,terminal-meeting false ejection,10,0.08980868554878196,stages
Generation_stages_multigen_none_n5_r8_k10,D4,True,"[0, 1, 2, 3, 4, 5, 6, 7, 8, 9]",multigen_none_n5_r8_k10,"[0, 1, 2, 3, 4, 5, 6, 7, 8, 9]",0.2017,mean_false_ejections,mean_false_ejections,10,0.07405260892695739,stages
Generation_stages_multigen_none_n5_r8_k10,D5,True,"[0, 1, 2, 3, 4, 5, 6, 7, 8, 9]",multigen_none_n5_r8_k10,"[0, 1, 2, 3, 4, 5, 6, 7, 8, 9]",0.17520000000000002,any_false_ejection_rate,any_false_ejection_rate,10,0.12769129440438243,stages
Generation_stages_multigen_none_n5_r8_k10,D5,True,"[0, 1, 2, 3, 4, 5, 6, 7, 8, 9]",multigen_none_n5_r8_k10,"[0, 1, 2, 3, 4, 5, 6, 7, 8, 9]",0.16760000000000003,coalition_game_win_rate,coalition_game_win_rate,10,0.14932678557073706,stages
Generation_stages_multigen_none_n5_r8_k10,D5,True,"[0, 1, 2, 3, 4, 5, 6, 7, 8, 9]",multigen_none_n5_r8_k10,"[0, 1, 2, 3, 4, 5, 6, 7, 8, 9]",0.0882,false_ejection_rate,terminal-meeting false ejection,10,0.10059467624526104,stages
Generation_stages_multigen_none_n5_r8_k10,D5,True,"[0, 1, 2, 3, 4, 5, 6, 7, 8, 9]",multigen_none_n5_r8_k10,"[0, 1, 2, 3, 4, 5, 6, 7, 8, 9]",0.18510000000000001,mean_false_ejections,mean_false_ejections,10,0.1415245954281838,stages
Generation_stages_multigen_none_n5_r8_k10,D6,True,"[0, 1, 2, 3, 4, 5, 6, 7, 8, 9]",multigen_none_n5_r8_k10,"[0, 1, 2, 3, 4, 5, 6, 7, 8, 9]",0.2686,any_false_ejection_rate,any_false_ejection_rate,10,0.10207644194426058,stages
Generation_stages_multigen_none_n5_r8_k10,D6,True,"[0, 1, 2, 3, 4, 5, 6, 7, 8, 9]",multigen_none_n5_r8_k10,"[0, 1, 2, 3, 4, 5, 6, 7, 8, 9]",0.43690000000000007,coalition_game_win_rate,coalition_game_win_rate,10,0.16971967083006811,stages
Generation_stages_multigen_none_n5_r8_k10,D6,True,"[0, 1, 2, 3, 4, 5, 6, 7, 8, 9]",multigen_none_n5_r8_k10,"[0, 1, 2, 3, 4, 5, 6, 7, 8, 9]",0.2036,false_ejection_rate,terminal-meeting false ejection,10,0.09252050823706302,stages
Generation_stages_multigen_none_n5_r8_k10,D6,True,"[0, 1, 2, 3, 4, 5, 6, 7, 8, 9]",multigen_none_n5_r8_k10,"[0, 1, 2, 3, 4, 5, 6, 7, 8, 9]",0.2752,mean_false_ejections,mean_false_ejections,10,0.10613806522114905,stages
Generation_stages_multigen_none_n5_r8_k10,D7,True,"[0, 1, 2, 3, 4, 5, 6, 7, 8, 9]",multigen_none_n5_r8_k10,"[0, 1, 2, 3, 4, 5, 6, 7, 8, 9]",0.2144,any_false_ejection_rate,any_false_ejection_rate,10,0.10338622302372358,stages
Generation_stages_multigen_none_n5_r8_k10,D7,True,"[0, 1, 2, 3, 4, 5, 6, 7, 8, 9]",multigen_none_n5_r8_k10,"[0, 1, 2, 3, 4, 5, 6, 7, 8, 9]",0.263,coalition_game_win_rate,coalition_game_win_rate,10,0.13364214238862762,stages
Generation_stages_multigen_none_n5_r8_k10,D7,True,"[0, 1, 2, 3, 4, 5, 6, 7, 8, 9]",multigen_none_n5_r8_k10,"[0, 1, 2, 3, 4, 5, 6, 7, 8, 9]",0.13219999999999998,false_ejection_rate,terminal-meeting false ejection,10,0.08635816888594461,stages
Generation_stages_multigen_none_n5_r8_k10,D7,True,"[0, 1, 2, 3, 4, 5, 6, 7, 8, 9]",multigen_none_n5_r8_k10,"[0, 1, 2, 3, 4, 5, 6, 7, 8, 9]",0.22560000000000002,mean_false_ejections,mean_false_ejections,10,0.11242399901958457,stages
Generation_stages_multigen_none_n5_r8_k10,D8,True,"[0, 1, 2, 3, 4, 5, 6, 7, 8, 9]",multigen_none_n5_r8_k10,"[0, 1, 2, 3, 4, 5, 6, 7, 8, 9]",0.3051,any_false_ejection_rate,any_false_ejection_rate,10,0.1746764946344464,stages
Generation_stages_multigen_none_n5_r8_k10,D8,True,"[0, 1, 2, 3, 4, 5, 6, 7, 8, 9]",multigen_none_n5_r8_k10,"[0, 1, 2, 3, 4, 5, 6, 7, 8, 9]",0.4708,coalition_game_win_rate,coalition_game_win_rate,10,0.22759554770103335,stages
Generation_stages_multigen_none_n5_r8_k10,D8,True,"[0, 1, 2, 3, 4, 5, 6, 7, 8, 9]",multigen_none_n5_r8_k10,"[0, 1, 2, 3, 4, 5, 6, 7, 8, 9]",0.25939999999999996,false_ejection_rate,terminal-meeting false ejection,10,0.18300953223504202,stages
Generation_stages_multigen_none_n5_r8_k10,D8,True,"[0, 1, 2, 3, 4, 5, 6, 7, 8, 9]",multigen_none_n5_r8_k10,"[0, 1, 2, 3, 4, 5, 6, 7, 8, 9]",0.31789999999999996,mean_false_ejections,mean_false_ejections,10,0.18702076533547463,stages
Generation_stages_multigen_none_n5_r8_k10,D9,True,"[0, 1, 2, 3, 4, 5, 6, 7, 8, 9]",multigen_none_n5_r8_k10,"[0, 1, 2, 3, 4, 5, 6, 7, 8, 9]",0.2623,any_false_ejection_rate,any_false_ejection_rate,10,0.14343101322780774,stages
Generation_stages_multigen_none_n5_r8_k10,D9,True,"[0, 1, 2, 3, 4, 5, 6, 7, 8, 9]",multigen_none_n5_r8_k10,"[0, 1, 2, 3, 4, 5, 6, 7, 8, 9]",0.39920000000000005,coalition_game_win_rate,coalition_game_win_rate,10,0.2199983838324475,stages
Generation_stages_multigen_none_n5_r8_k10,D9,True,"[0, 1, 2, 3, 4, 5, 6, 7, 8, 9]",multigen_none_n5_r8_k10,"[0, 1, 2, 3, 4, 5, 6, 7, 8, 9]",0.20950000000000002,false_ejection_rate,terminal-meeting false ejection,10,0.14730108998616104,stages
Generation_stages_multigen_none_n5_r8_k10,D9,True,"[0, 1, 2, 3, 4, 5, 6, 7, 8, 9]",multigen_none_n5_r8_k10,"[0, 1, 2, 3, 4, 5, 6, 7, 8, 9]",0.2837,mean_false_ejections,mean_false_ejections,10,0.1794980965544389,stages
multigen_none_n5_r8_k10_matrix,C0|D0,True,"[0, 1, 2, 3, 4, 5, 6, 7, 8, 9]",multigen_none_n5_r8_k10,"[0, 1, 2, 3, 4, 5, 6, 7, 8, 9]",0.5606,any_false_ejection_rate,any_false_ejection_rate,10,0.31493075076558935,crossplay
multigen_none_n5_r8_k10_matrix,C0|D0,True,"[0, 1, 2, 3, 4, 5, 6, 7, 8, 9]",multigen_none_n5_r8_k10,"[0, 1, 2, 3, 4, 5, 6, 7, 8, 9]",0.9962,coalition_game_win_rate,coalition_game_win_rate,10,0.004565571644870386,crossplay
multigen_none_n5_r8_k10_matrix,C0|D0,True,"[0, 1, 2, 3, 4, 5, 6, 7, 8, 9]",multigen_none_n5_r8_k10,"[0, 1, 2, 3, 4, 5, 6, 7, 8, 9]",0.5601999999999999,false_ejection_rate,terminal-meeting false ejection,10,0.3147237942492856,crossplay
multigen_none_n5_r8_k10_matrix,C0|D0,True,"[0, 1, 2, 3, 4, 5, 6, 7, 8, 9]",multigen_none_n5_r8_k10,"[0, 1, 2, 3, 4, 5, 6, 7, 8, 9]",0.627,mean_false_ejections,mean_false_ejections,10,0.4170448949986613,crossplay
multigen_none_n5_r8_k10_matrix,C0|D1,True,"[0, 1, 2, 3, 4, 5, 6, 7, 8, 9]",multigen_none_n5_r8_k10,"[0, 1, 2, 3, 4, 5, 6, 7, 8, 9]",0.2792,any_false_ejection_rate,any_false_ejection_rate,10,0.1940084763325791,crossplay
multigen_none_n5_r8_k10_matrix,C0|D1,True,"[0, 1, 2, 3, 4, 5, 6, 7, 8, 9]",multigen_none_n5_r8_k10,"[0, 1, 2, 3, 4, 5, 6, 7, 8, 9]",0.273,coalition_game_win_rate,coalition_game_win_rate,10,0.24460807654513597,crossplay
multigen_none_n5_r8_k10_matrix,C0|D1,True,"[0, 1, 2, 3, 4, 5, 6, 7, 8, 9]",multigen_none_n5_r8_k10,"[0, 1, 2, 3, 4, 5, 6, 7, 8, 9]",0.16799999999999998,false_ejection_rate,terminal-meeting false ejection,10,0.15173368482677507,crossplay
multigen_none_n5_r8_k10_matrix,C0|D1,True,"[0, 1, 2, 3, 4, 5, 6, 7, 8, 9]",multigen_none_n5_r8_k10,"[0, 1, 2, 3, 4, 5, 6, 7, 8, 9]",0.3124,mean_false_ejections,mean_false_ejections,10,0.24458727140497996,crossplay
multigen_none_n5_r8_k10_matrix,C0|D10,True,"[0, 1, 2, 3, 4, 5, 6, 7, 8, 9]",multigen_none_n5_r8_k10,"[0, 1, 2, 3, 4, 5, 6, 7, 8, 9]",0.4368,any_false_ejection_rate,any_false_ejection_rate,10,0.18317496189890872,crossplay
multigen_none_n5_r8_k10_matrix,C0|D10,True,"[0, 1, 2, 3, 4, 5, 6, 7, 8, 9]",multigen_none_n5_r8_k10,"[0, 1, 2, 3, 4, 5, 6, 7, 8, 9]",0.5162,coalition_game_win_rate,coalition_game_win_rate,10,0.24556592235532643,crossplay
multigen_none_n5_r8_k10_matrix,C0|D10,True,"[0, 1, 2, 3, 4, 5, 6, 7, 8, 9]",multigen_none_n5_r8_k10,"[0, 1, 2, 3, 4, 5, 6, 7, 8, 9]",0.32920000000000005,false_ejection_rate,terminal-meeting false ejection,10,0.16627206620475973,crossplay
multigen_none_n5_r8_k10_matrix,C0|D10,True,"[0, 1, 2, 3, 4, 5, 6, 7, 8, 9]",multigen_none_n5_r8_k10,"[0, 1, 2, 3, 4, 5, 6, 7, 8, 9]",0.4912000000000001,mean_false_ejections,mean_false_ejections,10,0.23044536590408293,crossplay
multigen_none_n5_r8_k10_matrix,C0|D2,True,"[0, 1, 2, 3, 4, 5, 6, 7, 8, 9]",multigen_none_n5_r8_k10,"[0, 1, 2, 3, 4, 5, 6, 7, 8, 9]",0.46340000000000003,any_false_ejection_rate,any_false_ejection_rate,10,0.15728261894507678,crossplay
multigen_none_n5_r8_k10_matrix,C0|D2,True,"[0, 1, 2, 3, 4, 5, 6, 7, 8, 9]",multigen_none_n5_r8_k10,"[0, 1, 2, 3, 4, 5, 6, 7, 8, 9]",0.524,coalition_game_win_rate,coalition_game_win_rate,10,0.15485333562941275,crossplay
multigen_none_n5_r8_k10_matrix,C0|D2,True,"[0, 1, 2, 3, 4, 5, 6, 7, 8, 9]",multigen_none_n5_r8_k10,"[0, 1, 2, 3, 4, 5, 6, 7, 8, 9]",0.3514,false_ejection_rate,terminal-meeting false ejection,10,0.11608062332323647,crossplay
multigen_none_n5_r8_k10_matrix,C0|D2,True,"[0, 1, 2, 3, 4, 5, 6, 7, 8, 9]",multigen_none_n5_r8_k10,"[0, 1, 2, 3, 4, 5, 6, 7, 8, 9]",0.5138,mean_false_ejections,mean_false_ejections,10,0.19036444579338396,crossplay
multigen_none_n5_r8_k10_matrix,C0|D3,True,"[0, 1, 2, 3, 4, 5, 6, 7, 8, 9]",multigen_none_n5_r8_k10,"[0, 1, 2, 3, 4, 5, 6, 7, 8, 9]",0.42160000000000003,any_false_ejection_rate,any_false_ejection_rate,10,0.25323120748526323,crossplay
multigen_none_n5_r8_k10_matrix,C0|D3,True,"[0, 1, 2, 3, 4, 5, 6, 7, 8, 9]",multigen_none_n5_r8_k10,"[0, 1, 2, 3, 4, 5, 6, 7, 8, 9]",0.41979999999999995,coalition_game_win_rate,coalition_game_win_rate,10,0.26230677544517306,crossplay
multigen_none_n5_r8_k10_matrix,C0|D3,True,"[0, 1, 2, 3, 4, 5, 6, 7, 8, 9]",multigen_none_n5_r8_k10,"[0, 1, 2, 3, 4, 5, 6, 7, 8, 9]",0.3238,false_ejection_rate,terminal-meeting false ejection,10,0.23713184330897255,crossplay
multigen_none_n5_r8_k10_matrix,C0|D3,True,"[0, 1, 2, 3, 4, 5, 6, 7, 8, 9]",multigen_none_n5_r8_k10,"[0, 1, 2, 3, 4, 5, 6, 7, 8, 9]",0.4919999999999999,mean_false_ejections,mean_false_ejections,10,0.3110398331046649,crossplay
multigen_none_n5_r8_k10_matrix,C0|D4,True,"[0, 1, 2, 3, 4, 5, 6, 7, 8, 9]",multigen_none_n5_r8_k10,"[0, 1, 2, 3, 4, 5, 6, 7, 8, 9]",0.45380000000000004,any_false_ejection_rate,any_false_ejection_rate,10,0.20286054323105812,crossplay
multigen_none_n5_r8_k10_matrix,C0|D4,True,"[0, 1, 2, 3, 4, 5, 6, 7, 8, 9]",multigen_none_n5_r8_k10,"[0, 1, 2, 3, 4, 5, 6, 7, 8, 9]",0.5438,coalition_game_win_rate,coalition_game_win_rate,10,0.22888415313331667,crossplay
multigen_none_n5_r8_k10_matrix,C0|D4,True,"[0, 1, 2, 3, 4, 5, 6, 7, 8, 9]",multigen_none_n5_r8_k10,"[0, 1, 2, 3, 4, 5, 6, 7, 8, 9]",0.35680000000000006,false_ejection_rate,terminal-meeting false ejection,10,0.15797383749638208,crossplay
multigen_none_n5_r8_k10_matrix,C0|D4,True,"[0, 1, 2, 3, 4, 5, 6, 7, 8, 9]",multigen_none_n5_r8_k10,"[0, 1, 2, 3, 4, 5, 6, 7, 8, 9]",0.48,mean_false_ejections,mean_false_ejections,10,0.21028869045512963,crossplay
multigen_none_n5_r8_k10_matrix,C0|D5,True,"[0, 1, 2, 3, 4, 5, 6, 7, 8, 9]",multigen_none_n5_r8_k10,"[0, 1, 2, 3, 4, 5, 6, 7, 8, 9]",0.31379999999999997,any_false_ejection_rate,any_false_ejection_rate,10,0.2198695572884573,crossplay
multigen_none_n5_r8_k10_matrix,C0|D5,True,"[0, 1, 2, 3, 4, 5, 6, 7, 8, 9]",multigen_none_n5_r8_k10,"[0, 1, 2, 3, 4, 5, 6, 7, 8, 9]",0.25680000000000003,coalition_game_win_rate,coalition_game_win_rate,10,0.19530306932787533,crossplay
multigen_none_n5_r8_k10_matrix,C0|D5,True,"[0, 1, 2, 3, 4, 5, 6, 7, 8, 9]",multigen_none_n5_r8_k10,"[0, 1, 2, 3, 4, 5, 6, 7, 8, 9]",0.176,false_ejection_rate,terminal-meeting false ejection,10,0.14176349632006432,crossplay
multigen_none_n5_r8_k10_matrix,C0|D5,True,"[0, 1, 2, 3, 4, 5, 6, 7, 8, 9]",multigen_none_n5_r8_k10,"[0, 1, 2, 3, 4, 5, 6, 7, 8, 9]",0.3482,mean_false_ejections,mean_false_ejections,10,0.2684100511448026,crossplay
multigen_none_n5_r8_k10_matrix,C0|D6,True,"[0, 1, 2, 3, 4, 5, 6, 7, 8, 9]",multigen_none_n5_r8_k10,"[0, 1, 2, 3, 4, 5, 6, 7, 8, 9]",0.45360000000000006,any_false_ejection_rate,any_false_ejection_rate,10,0.22593765118329046,crossplay
multigen_none_n5_r8_k10_matrix,C0|D6,True,"[0, 1, 2, 3, 4, 5, 6, 7, 8, 9]",multigen_none_n5_r8_k10,"[0, 1, 2, 3, 4, 5, 6, 7, 8, 9]",0.5845999999999999,coalition_game_win_rate,coalition_game_win_rate,10,0.28121174307707075,crossplay
multigen_none_n5_r8_k10_matrix,C0|D6,True,"[0, 1, 2, 3, 4, 5, 6, 7, 8, 9]",multigen_none_n5_r8_k10,"[0, 1, 2, 3, 4, 5, 6, 7, 8, 9]",0.36960000000000004,false_ejection_rate,terminal-meeting false ejection,10,0.215245183195557,crossplay
multigen_none_n5_r8_k10_matrix,C0|D6,True,"[0, 1, 2, 3, 4, 5, 6, 7, 8, 9]",multigen_none_n5_r8_k10,"[0, 1, 2, 3, 4, 5, 6, 7, 8, 9]",0.4974,mean_false_ejections,mean_false_ejections,10,0.2672743908420708,crossplay
multigen_none_n5_r8_k10_matrix,C0|D7,True,"[0, 1, 2, 3, 4, 5, 6, 7, 8, 9]",multigen_none_n5_r8_k10,"[0, 1, 2, 3, 4, 5, 6, 7, 8, 9]",0.33840000000000003,any_false_ejection_rate,any_false_ejection_rate,10,0.17398288549292554,crossplay
multigen_none_n5_r8_k10_matrix,C0|D7,True,"[0, 1, 2, 3, 4, 5, 6, 7, 8, 9]",multigen_none_n5_r8_k10,"[0, 1, 2, 3, 4, 5, 6, 7, 8, 9]",0.374,coalition_game_win_rate,coalition_game_win_rate,10,0.20630505999072776,crossplay
multigen_none_n5_r8_k10_matrix,C0|D7,True,"[0, 1, 2, 3, 4, 5, 6, 7, 8, 9]",multigen_none_n5_r8_k10,"[0, 1, 2, 3, 4, 5, 6, 7, 8, 9]",0.236,false_ejection_rate,terminal-meeting false ejection,10,0.14122008041036907,crossplay
multigen_none_n5_r8_k10_matrix,C0|D7,True,"[0, 1, 2, 3, 4, 5, 6, 7, 8, 9]",multigen_none_n5_r8_k10,"[0, 1, 2, 3, 4, 5, 6, 7, 8, 9]",0.37059999999999993,mean_false_ejections,mean_false_ejections,10,0.21496469994448442,crossplay
multigen_none_n5_r8_k10_matrix,C0|D8,True,"[0, 1, 2, 3, 4, 5, 6, 7, 8, 9]",multigen_none_n5_r8_k10,"[0, 1, 2, 3, 4, 5, 6, 7, 8, 9]",0.5598,any_false_ejection_rate,any_false_ejection_rate,10,0.15849696807475178,crossplay
multigen_none_n5_r8_k10_matrix,C0|D8,True,"[0, 1, 2, 3, 4, 5, 6, 7, 8, 9]",multigen_none_n5_r8_k10,"[0, 1, 2, 3, 4, 5, 6, 7, 8, 9]",0.627,coalition_game_win_rate,coalition_game_win_rate,10,0.16704556929838701,crossplay
multigen_none_n5_r8_k10_matrix,C0|D8,True,"[0, 1, 2, 3, 4, 5, 6, 7, 8, 9]",multigen_none_n5_r8_k10,"[0, 1, 2, 3, 4, 5, 6, 7, 8, 9]",0.4628,false_ejection_rate,terminal-meeting false ejection,10,0.13104096051744024,crossplay
multigen_none_n5_r8_k10_matrix,C0|D8,True,"[0, 1, 2, 3, 4, 5, 6, 7, 8, 9]",multigen_none_n5_r8_k10,"[0, 1, 2, 3, 4, 5, 6, 7, 8, 9]",0.6452,mean_false_ejections,mean_false_ejections,10,0.21765865222611505,crossplay
multigen_none_n5_r8_k10_matrix,C0|D9,True,"[0, 1, 2, 3, 4, 5, 6, 7, 8, 9]",multigen_none_n5_r8_k10,"[0, 1, 2, 3, 4, 5, 6, 7, 8, 9]",0.46740000000000004,any_false_ejection_rate,any_false_ejection_rate,10,0.18916671071952498,crossplay
multigen_none_n5_r8_k10_matrix,C0|D9,True,"[0, 1, 2, 3, 4, 5, 6, 7, 8, 9]",multigen_none_n5_r8_k10,"[0, 1, 2, 3, 4, 5, 6, 7, 8, 9]",0.5166,coalition_game_win_rate,coalition_game_win_rate,10,0.24547830861401992,crossplay
multigen_none_n5_r8_k10_matrix,C0|D9,True,"[0, 1, 2, 3, 4, 5, 6, 7, 8, 9]",multigen_none_n5_r8_k10,"[0, 1, 2, 3, 4, 5, 6, 7, 8, 9]",0.37060000000000004,false_ejection_rate,terminal-meeting false ejection,10,0.17615662223020614,crossplay
multigen_none_n5_r8_k10_matrix,C0|D9,True,"[0, 1, 2, 3, 4, 5, 6, 7, 8, 9]",multigen_none_n5_r8_k10,"[0, 1, 2, 3, 4, 5, 6, 7, 8, 9]",0.53,mean_false_ejections,mean_false_ejections,10,0.23630300698702741,crossplay
multigen_none_n5_r8_k10_matrix,C10|D0,True,"[0, 1, 2, 3, 4, 5, 6, 7, 8, 9]",multigen_none_n5_r8_k10,"[0, 1, 2, 3, 4, 5, 6, 7, 8, 9]",0.1026,any_false_ejection_rate,any_false_ejection_rate,10,0.04661949997348511,crossplay
multigen_none_n5_r8_k10_matrix,C10|D0,True,"[0, 1, 2, 3, 4, 5, 6, 7, 8, 9]",multigen_none_n5_r8_k10,"[0, 1, 2, 3, 4, 5, 6, 7, 8, 9]",0.9924,coalition_game_win_rate,coalition_game_win_rate,10,0.014009520572334622,crossplay
multigen_none_n5_r8_k10_matrix,C10|D0,True,"[0, 1, 2, 3, 4, 5, 6, 7, 8, 9]",multigen_none_n5_r8_k10,"[0, 1, 2, 3, 4, 5, 6, 7, 8, 9]",0.1024,false_ejection_rate,terminal-meeting false ejection,10,0.04659804478492395,crossplay
multigen_none_n5_r8_k10_matrix,C10|D0,True,"[0, 1, 2, 3, 4, 5, 6, 7, 8, 9]",multigen_none_n5_r8_k10,"[0, 1, 2, 3, 4, 5, 6, 7, 8, 9]",0.1026,mean_false_ejections,mean_false_ejections,10,0.04661949997348511,crossplay
multigen_none_n5_r8_k10_matrix,C10|D1,True,"[0, 1, 2, 3, 4, 5, 6, 7, 8, 9]",multigen_none_n5_r8_k10,"[0, 1, 2, 3, 4, 5, 6, 7, 8, 9]",0.3712000000000001,any_false_ejection_rate,any_false_ejection_rate,10,0.14625761138788262,crossplay
multigen_none_n5_r8_k10_matrix,C10|D1,True,"[0, 1, 2, 3, 4, 5, 6, 7, 8, 9]",multigen_none_n5_r8_k10,"[0, 1, 2, 3, 4, 5, 6, 7, 8, 9]",0.7124,coalition_game_win_rate,coalition_game_win_rate,10,0.29317389606398,crossplay
multigen_none_n5_r8_k10_matrix,C10|D1,True,"[0, 1, 2, 3, 4, 5, 6, 7, 8, 9]",multigen_none_n5_r8_k10,"[0, 1, 2, 3, 4, 5, 6, 7, 8, 9]",0.3418,false_ejection_rate,terminal-meeting false ejection,10,0.16339577037909453,crossplay
multigen_none_n5_r8_k10_matrix,C10|D1,True,"[0, 1, 2, 3, 4, 5, 6, 7, 8, 9]",multigen_none_n5_r8_k10,"[0, 1, 2, 3, 4, 5, 6, 7, 8, 9]",0.37920000000000004,mean_false_ejections,mean_false_ejections,10,0.15191576613373609,crossplay
multigen_none_n5_r8_k10_matrix,C10|D10,True,"[0, 1, 2, 3, 4, 5, 6, 7, 8, 9]",multigen_none_n5_r8_k10,"[0, 1, 2, 3, 4, 5, 6, 7, 8, 9]",0.44960000000000006,any_false_ejection_rate,any_false_ejection_rate,10,0.07164604354432669,crossplay
multigen_none_n5_r8_k10_matrix,C10|D10,True,"[0, 1, 2, 3, 4, 5, 6, 7, 8, 9]",multigen_none_n5_r8_k10,"[0, 1, 2, 3, 4, 5, 6, 7, 8, 9]",0.9118,coalition_game_win_rate,coalition_game_win_rate,10,0.07811359250049464,crossplay
multigen_none_n5_r8_k10_matrix,C10|D10,True,"[0, 1, 2, 3, 4, 5, 6, 7, 8, 9]",multigen_none_n5_r8_k10,"[0, 1, 2, 3, 4, 5, 6, 7, 8, 9]",0.42960000000000004,false_ejection_rate,terminal-meeting false ejection,10,0.06009474001755708,crossplay
multigen_none_n5_r8_k10_matrix,C10|D10,True,"[0, 1, 2, 3, 4, 5, 6, 7, 8, 9]",multigen_none_n5_r8_k10,"[0, 1, 2, 3, 4, 5, 6, 7, 8, 9]",0.4666,mean_false_ejections,mean_false_ejections,10,0.08867443574985721,crossplay
multigen_none_n5_r8_k10_matrix,C10|D2,True,"[0, 1, 2, 3, 4, 5, 6, 7, 8, 9]",multigen_none_n5_r8_k10,"[0, 1, 2, 3, 4, 5, 6, 7, 8, 9]",0.33420000000000005,any_false_ejection_rate,any_false_ejection_rate,10,0.11609364036558303,crossplay
multigen_none_n5_r8_k10_matrix,C10|D2,True,"[0, 1, 2, 3, 4, 5, 6, 7, 8, 9]",multigen_none_n5_r8_k10,"[0, 1, 2, 3, 4, 5, 6, 7, 8, 9]",0.6275999999999999,coalition_game_win_rate,coalition_game_win_rate,10,0.2790966379828559,crossplay
multigen_none_n5_r8_k10_matrix,C10|D2,True,"[0, 1, 2, 3, 4, 5, 6, 7, 8, 9]",multigen_none_n5_r8_k10,"[0, 1, 2, 3, 4, 5, 6, 7, 8, 9]",0.2934,false_ejection_rate,terminal-meeting false ejection,10,0.12533705668228284,crossplay
multigen_none_n5_r8_k10_matrix,C10|D2,True,"[0, 1, 2, 3, 4, 5, 6, 7, 8, 9]",multigen_none_n5_r8_k10,"[0, 1, 2, 3, 4, 5, 6, 7, 8, 9]",0.3428,mean_false_ejections,mean_false_ejections,10,0.11885827227790621,crossplay
multigen_none_n5_r8_k10_matrix,C10|D3,True,"[0, 1, 2, 3, 4, 5, 6, 7, 8, 9]",multigen_none_n5_r8_k10,"[0, 1, 2, 3, 4, 5, 6, 7, 8, 9]",0.35679999999999995,any_false_ejection_rate,any_false_ejection_rate,10,0.18331805996985437,crossplay
multigen_none_n5_r8_k10_matrix,C10|D3,True,"[0, 1, 2, 3, 4, 5, 6, 7, 8, 9]",multigen_none_n5_r8_k10,"[0, 1, 2, 3, 4, 5, 6, 7, 8, 9]",0.5088,coalition_game_win_rate,coalition_game_win_rate,10,0.3179911948466498,crossplay
multigen_none_n5_r8_k10_matrix,C10|D3,True,"[0, 1, 2, 3, 4, 5, 6, 7, 8, 9]",multigen_none_n5_r8_k10,"[0, 1, 2, 3, 4, 5, 6, 7, 8, 9]",0.3034,false_ejection_rate,terminal-meeting false ejection,10,0.20572916392405058,crossplay
multigen_none_n5_r8_k10_matrix,C10|D3,True,"[0, 1, 2, 3, 4, 5, 6, 7, 8, 9]",multigen_none_n5_r8_k10,"[0, 1, 2, 3, 4, 5, 6, 7, 8, 9]",0.3822,mean_false_ejections,mean_false_ejections,10,0.20106704243996718,crossplay
multigen_none_n5_r8_k10_matrix,C10|D4,True,"[0, 1, 2, 3, 4, 5, 6, 7, 8, 9]",multigen_none_n5_r8_k10,"[0, 1, 2, 3, 4, 5, 6, 7, 8, 9]",0.3408,any_false_ejection_rate,any_false_ejection_rate,10,0.05558736866911003,crossplay
multigen_none_n5_r8_k10_matrix,C10|D4,True,"[0, 1, 2, 3, 4, 5, 6, 7, 8, 9]",multigen_none_n5_r8_k10,"[0, 1, 2, 3, 4, 5, 6, 7, 8, 9]",0.721,coalition_game_win_rate,coalition_game_win_rate,10,0.23516660760689076,crossplay
multigen_none_n5_r8_k10_matrix,C10|D4,True,"[0, 1, 2, 3, 4, 5, 6, 7, 8, 9]",multigen_none_n5_r8_k10,"[0, 1, 2, 3, 4, 5, 6, 7, 8, 9]",0.30500000000000005,false_ejection_rate,terminal-meeting false ejection,10,0.0810171449619016,crossplay
multigen_none_n5_r8_k10_matrix,C10|D4,True,"[0, 1, 2, 3, 4, 5, 6, 7, 8, 9]",multigen_none_n5_r8_k10,"[0, 1, 2, 3, 4, 5, 6, 7, 8, 9]",0.34840000000000004,mean_false_ejections,mean_false_ejections,10,0.05674739347905476,crossplay
multigen_none_n5_r8_k10_matrix,C10|D5,True,"[0, 1, 2, 3, 4, 5, 6, 7, 8, 9]",multigen_none_n5_r8_k10,"[0, 1, 2, 3, 4, 5, 6, 7, 8, 9]",0.3212,any_false_ejection_rate,any_false_ejection_rate,10,0.18278390398379055,crossplay
multigen_none_n5_r8_k10_matrix,C10|D5,True,"[0, 1, 2, 3, 4, 5, 6, 7, 8, 9]",multigen_none_n5_r8_k10,"[0, 1, 2, 3, 4, 5, 6, 7, 8, 9]",0.4574000000000001,coalition_game_win_rate,coalition_game_win_rate,10,0.29117852484916074,crossplay
multigen_none_n5_r8_k10_matrix,C10|D5,True,"[0, 1, 2, 3, 4, 5, 6, 7, 8, 9]",multigen_none_n5_r8_k10,"[0, 1, 2, 3, 4, 5, 6, 7, 8, 9]",0.23279999999999998,false_ejection_rate,terminal-meeting false ejection,10,0.17513727948859623,crossplay
multigen_none_n5_r8_k10_matrix,C10|D5,True,"[0, 1, 2, 3, 4, 5, 6, 7, 8, 9]",multigen_none_n5_r8_k10,"[0, 1, 2, 3, 4, 5, 6, 7, 8, 9]",0.356,mean_false_ejections,mean_false_ejections,10,0.23421168013382915,crossplay
multigen_none_n5_r8_k10_matrix,C10|D6,True,"[0, 1, 2, 3, 4, 5, 6, 7, 8, 9]",multigen_none_n5_r8_k10,"[0, 1, 2, 3, 4, 5, 6, 7, 8, 9]",0.3776,any_false_ejection_rate,any_false_ejection_rate,10,0.11401676290012018,crossplay
multigen_none_n5_r8_k10_matrix,C10|D6,True,"[0, 1, 2, 3, 4, 5, 6, 7, 8, 9]",multigen_none_n5_r8_k10,"[0, 1, 2, 3, 4, 5, 6, 7, 8, 9]",0.7310000000000001,coalition_game_win_rate,coalition_game_win_rate,10,0.2019048180592914,crossplay
multigen_none_n5_r8_k10_matrix,C10|D6,True,"[0, 1, 2, 3, 4, 5, 6, 7, 8, 9]",multigen_none_n5_r8_k10,"[0, 1, 2, 3, 4, 5, 6, 7, 8, 9]",0.32280000000000003,false_ejection_rate,terminal-meeting false ejection,10,0.10581409273921041,crossplay
multigen_none_n5_r8_k10_matrix,C10|D6,True,"[0, 1, 2, 3, 4, 5, 6, 7, 8, 9]",multigen_none_n5_r8_k10,"[0, 1, 2, 3, 4, 5, 6, 7, 8, 9]",0.39059999999999995,mean_false_ejections,mean_false_ejections,10,0.12481826789376627,crossplay
multigen_none_n5_r8_k10_matrix,C10|D7,True,"[0, 1, 2, 3, 4, 5, 6, 7, 8, 9]",multigen_none_n5_r8_k10,"[0, 1, 2, 3, 4, 5, 6, 7, 8, 9]",0.3074,any_false_ejection_rate,any_false_ejection_rate,10,0.09583805785455657,crossplay
multigen_none_n5_r8_k10_matrix,C10|D7,True,"[0, 1, 2, 3, 4, 5, 6, 7, 8, 9]",multigen_none_n5_r8_k10,"[0, 1, 2, 3, 4, 5, 6, 7, 8, 9]",0.5272,coalition_game_win_rate,coalition_game_win_rate,10,0.2194886987725994,crossplay
multigen_none_n5_r8_k10_matrix,C10|D7,True,"[0, 1, 2, 3, 4, 5, 6, 7, 8, 9]",multigen_none_n5_r8_k10,"[0, 1, 2, 3, 4, 5, 6, 7, 8, 9]",0.24419999999999997,false_ejection_rate,terminal-meeting false ejection,10,0.10618411682858536,crossplay
multigen_none_n5_r8_k10_matrix,C10|D7,True,"[0, 1, 2, 3, 4, 5, 6, 7, 8, 9]",multigen_none_n5_r8_k10,"[0, 1, 2, 3, 4, 5, 6, 7, 8, 9]",0.3172,mean_false_ejections,mean_false_ejections,10,0.10122889354768672,crossplay
multigen_none_n5_r8_k10_matrix,C10|D8,True,"[0, 1, 2, 3, 4, 5, 6, 7, 8, 9]",multigen_none_n5_r8_k10,"[0, 1, 2, 3, 4, 5, 6, 7, 8, 9]",0.42939999999999995,any_false_ejection_rate,any_false_ejection_rate,10,0.10135548003602635,crossplay
multigen_none_n5_r8_k10_matrix,C10|D8,True,"[0, 1, 2, 3, 4, 5, 6, 7, 8, 9]",multigen_none_n5_r8_k10,"[0, 1, 2, 3, 4, 5, 6, 7, 8, 9]",0.7734,coalition_game_win_rate,coalition_game_win_rate,10,0.21390766439959294,crossplay
multigen_none_n5_r8_k10_matrix,C10|D8,True,"[0, 1, 2, 3, 4, 5, 6, 7, 8, 9]",multigen_none_n5_r8_k10,"[0, 1, 2, 3, 4, 5, 6, 7, 8, 9]",0.39640000000000003,false_ejection_rate,terminal-meeting false ejection,10,0.10837301837224574,crossplay
multigen_none_n5_r8_k10_matrix,C10|D8,True,"[0, 1, 2, 3, 4, 5, 6, 7, 8, 9]",multigen_none_n5_r8_k10,"[0, 1, 2, 3, 4, 5, 6, 7, 8, 9]",0.4466,mean_false_ejections,mean_false_ejections,10,0.11439133611326417,crossplay
multigen_none_n5_r8_k10_matrix,C10|D9,True,"[0, 1, 2, 3, 4, 5, 6, 7, 8, 9]",multigen_none_n5_r8_k10,"[0, 1, 2, 3, 4, 5, 6, 7, 8, 9]",0.3416,any_false_ejection_rate,any_false_ejection_rate,10,0.15969081237051666,crossplay
multigen_none_n5_r8_k10_matrix,C10|D9,True,"[0, 1, 2, 3, 4, 5, 6, 7, 8, 9]",multigen_none_n5_r8_k10,"[0, 1, 2, 3, 4, 5, 6, 7, 8, 9]",0.5578000000000001,coalition_game_win_rate,coalition_game_win_rate,10,0.25485935118980607,crossplay
multigen_none_n5_r8_k10_matrix,C10|D9,True,"[0, 1, 2, 3, 4, 5, 6, 7, 8, 9]",multigen_none_n5_r8_k10,"[0, 1, 2, 3, 4, 5, 6, 7, 8, 9]",0.2872,false_ejection_rate,terminal-meeting false ejection,10,0.16182075131315996,crossplay
multigen_none_n5_r8_k10_matrix,C10|D9,True,"[0, 1, 2, 3, 4, 5, 6, 7, 8, 9]",multigen_none_n5_r8_k10,"[0, 1, 2, 3, 4, 5, 6, 7, 8, 9]",0.36100000000000004,mean_false_ejections,mean_false_ejections,10,0.18422992880275088,crossplay
multigen_none_n5_r8_k10_matrix,C1|D0,True,"[0, 1, 2, 3, 4, 5, 6, 7, 8, 9]",multigen_none_n5_r8_k10,"[0, 1, 2, 3, 4, 5, 6, 7, 8, 9]",0.09780000000000001,any_false_ejection_rate,any_false_ejection_rate,10,0.02298695282111137,crossplay
multigen_none_n5_r8_k10_matrix,C1|D0,True,"[0, 1, 2, 3, 4, 5, 6, 7, 8, 9]",multigen_none_n5_r8_k10,"[0, 1, 2, 3, 4, 5, 6, 7, 8, 9]",0.9889999999999999,coalition_game_win_rate,coalition_game_win_rate,10,0.019827029810617385,crossplay
multigen_none_n5_r8_k10_matrix,C1|D0,True,"[0, 1, 2, 3, 4, 5, 6, 7, 8, 9]",multigen_none_n5_r8_k10,"[0, 1, 2, 3, 4, 5, 6, 7, 8, 9]",0.09780000000000001,false_ejection_rate,terminal-meeting false ejection,10,0.02298695282111137,crossplay
multigen_none_n5_r8_k10_matrix,C1|D0,True,"[0, 1, 2, 3, 4, 5, 6, 7, 8, 9]",multigen_none_n5_r8_k10,"[0, 1, 2, 3, 4, 5, 6, 7, 8, 9]",0.098,mean_false_ejections,mean_false_ejections,10,0.023094010767585032,crossplay
multigen_none_n5_r8_k10_matrix,C1|D1,True,"[0, 1, 2, 3, 4, 5, 6, 7, 8, 9]",multigen_none_n5_r8_k10,"[0, 1, 2, 3, 4, 5, 6, 7, 8, 9]",0.499,any_false_ejection_rate,any_false_ejection_rate,10,0.0633666578993506,crossplay
multigen_none_n5_r8_k10_matrix,C1|D1,True,"[0, 1, 2, 3, 4, 5, 6, 7, 8, 9]",multigen_none_n5_r8_k10,"[0, 1, 2, 3, 4, 5, 6, 7, 8, 9]",0.9444000000000001,coalition_game_win_rate,coalition_game_win_rate,10,0.05018897621324162,crossplay
multigen_none_n5_r8_k10_matrix,C1|D1,True,"[0, 1, 2, 3, 4, 5, 6, 7, 8, 9]",multigen_none_n5_r8_k10,"[0, 1, 2, 3, 4, 5, 6, 7, 8, 9]",0.4838,false_ejection_rate,terminal-meeting false ejection,10,0.05517205411760156,crossplay
multigen_none_n5_r8_k10_matrix,C1|D1,True,"[0, 1, 2, 3, 4, 5, 6, 7, 8, 9]",multigen_none_n5_r8_k10,"[0, 1, 2, 3, 4, 5, 6, 7, 8, 9]",0.5153999999999999,mean_false_ejections,mean_false_ejections,10,0.08208965288701804,crossplay
multigen_none_n5_r8_k10_matrix,C1|D10,True,"[0, 1, 2, 3, 4, 5, 6, 7, 8, 9]",multigen_none_n5_r8_k10,"[0, 1, 2, 3, 4, 5, 6, 7, 8, 9]",0.3434,any_false_ejection_rate,any_false_ejection_rate,10,0.05257840705925663,crossplay
multigen_none_n5_r8_k10_matrix,C1|D10,True,"[0, 1, 2, 3, 4, 5, 6, 7, 8, 9]",multigen_none_n5_r8_k10,"[0, 1, 2, 3, 4, 5, 6, 7, 8, 9]",0.6368,coalition_game_win_rate,coalition_game_win_rate,10,0.1892751084180555,crossplay
multigen_none_n5_r8_k10_matrix,C1|D10,True,"[0, 1, 2, 3, 4, 5, 6, 7, 8, 9]",multigen_none_n5_r8_k10,"[0, 1, 2, 3, 4, 5, 6, 7, 8, 9]",0.29540000000000005,false_ejection_rate,terminal-meeting false ejection,10,0.05456942570911135,crossplay
multigen_none_n5_r8_k10_matrix,C1|D10,True,"[0, 1, 2, 3, 4, 5, 6, 7, 8, 9]",multigen_none_n5_r8_k10,"[0, 1, 2, 3, 4, 5, 6, 7, 8, 9]",0.3604,mean_false_ejections,mean_false_ejections,10,0.06763168225354477,crossplay
multigen_none_n5_r8_k10_matrix,C1|D2,True,"[0, 1, 2, 3, 4, 5, 6, 7, 8, 9]",multigen_none_n5_r8_k10,"[0, 1, 2, 3, 4, 5, 6, 7, 8, 9]",0.2244,any_false_ejection_rate,any_false_ejection_rate,10,0.09433180210771386,crossplay
multigen_none_n5_r8_k10_matrix,C1|D2,True,"[0, 1, 2, 3, 4, 5, 6, 7, 8, 9]",multigen_none_n5_r8_k10,"[0, 1, 2, 3, 4, 5, 6, 7, 8, 9]",0.3454,coalition_game_win_rate,coalition_game_win_rate,10,0.161223240673711,crossplay
multigen_none_n5_r8_k10_matrix,C1|D2,True,"[0, 1, 2, 3, 4, 5, 6, 7, 8, 9]",multigen_none_n5_r8_k10,"[0, 1, 2, 3, 4, 5, 6, 7, 8, 9]",0.1506,false_ejection_rate,terminal-meeting false ejection,10,0.07371446413169007,crossplay
multigen_none_n5_r8_k10_matrix,C1|D2,True,"[0, 1, 2, 3, 4, 5, 6, 7, 8, 9]",multigen_none_n5_r8_k10,"[0, 1, 2, 3, 4, 5, 6, 7, 8, 9]",0.23079999999999998,mean_false_ejections,mean_false_ejections,10,0.09897339709908584,crossplay
multigen_none_n5_r8_k10_matrix,C1|D3,True,"[0, 1, 2, 3, 4, 5, 6, 7, 8, 9]",multigen_none_n5_r8_k10,"[0, 1, 2, 3, 4, 5, 6, 7, 8, 9]",0.37320000000000003,any_false_ejection_rate,any_false_ejection_rate,10,0.1724340775807123,crossplay
multigen_none_n5_r8_k10_matrix,C1|D3,True,"[0, 1, 2, 3, 4, 5, 6, 7, 8, 9]",multigen_none_n5_r8_k10,"[0, 1, 2, 3, 4, 5, 6, 7, 8, 9]",0.6492,coalition_game_win_rate,coalition_game_win_rate,10,0.266475264643206,crossplay
multigen_none_n5_r8_k10_matrix,C1|D3,True,"[0, 1, 2, 3, 4, 5, 6, 7, 8, 9]",multigen_none_n5_r8_k10,"[0, 1, 2, 3, 4, 5, 6, 7, 8, 9]",0.3412,false_ejection_rate,terminal-meeting false ejection,10,0.18749625181438814,crossplay
multigen_none_n5_r8_k10_matrix,C1|D3,True,"[0, 1, 2, 3, 4, 5, 6, 7, 8, 9]",multigen_none_n5_r8_k10,"[0, 1, 2, 3, 4, 5, 6, 7, 8, 9]",0.39659999999999995,mean_false_ejections,mean_false_ejections,10,0.19556425485701057,crossplay
multigen_none_n5_r8_k10_matrix,C1|D4,True,"[0, 1, 2, 3, 4, 5, 6, 7, 8, 9]",multigen_none_n5_r8_k10,"[0, 1, 2, 3, 4, 5, 6, 7, 8, 9]",0.32000000000000006,any_false_ejection_rate,any_false_ejection_rate,10,0.16036901889773542,crossplay
multigen_none_n5_r8_k10_matrix,C1|D4,True,"[0, 1, 2, 3, 4, 5, 6, 7, 8, 9]",multigen_none_n5_r8_k10,"[0, 1, 2, 3, 4, 5, 6, 7, 8, 9]",0.541,coalition_game_win_rate,coalition_game_win_rate,10,0.26318941214772806,crossplay
multigen_none_n5_r8_k10_matrix,C1|D4,True,"[0, 1, 2, 3, 4, 5, 6, 7, 8, 9]",multigen_none_n5_r8_k10,"[0, 1, 2, 3, 4, 5, 6, 7, 8, 9]",0.2742,false_ejection_rate,terminal-meeting false ejection,10,0.17615763143023666,crossplay
multigen_none_n5_r8_k10_matrix,C1|D4,True,"[0, 1, 2, 3, 4, 5, 6, 7, 8, 9]",multigen_none_n5_r8_k10,"[0, 1, 2, 3, 4, 5, 6, 7, 8, 9]",0.32819999999999994,mean_false_ejections,mean_false_ejections,10,0.1589449939793988,crossplay
multigen_none_n5_r8_k10_matrix,C1|D5,True,"[0, 1, 2, 3, 4, 5, 6, 7, 8, 9]",multigen_none_n5_r8_k10,"[0, 1, 2, 3, 4, 5, 6, 7, 8, 9]",0.4306,any_false_ejection_rate,any_false_ejection_rate,10,0.12408975246436213,crossplay
multigen_none_n5_r8_k10_matrix,C1|D5,True,"[0, 1, 2, 3, 4, 5, 6, 7, 8, 9]",multigen_none_n5_r8_k10,"[0, 1, 2, 3, 4, 5, 6, 7, 8, 9]",0.6768000000000001,coalition_game_win_rate,coalition_game_win_rate,10,0.16804285167777888,crossplay
multigen_none_n5_r8_k10_matrix,C1|D5,True,"[0, 1, 2, 3, 4, 5, 6, 7, 8, 9]",multigen_none_n5_r8_k10,"[0, 1, 2, 3, 4, 5, 6, 7, 8, 9]",0.3472,false_ejection_rate,terminal-meeting false ejection,10,0.10840746181780005,crossplay
multigen_none_n5_r8_k10_matrix,C1|D5,True,"[0, 1, 2, 3, 4, 5, 6, 7, 8, 9]",multigen_none_n5_r8_k10,"[0, 1, 2, 3, 4, 5, 6, 7, 8, 9]",0.4744,mean_false_ejections,mean_false_ejections,10,0.17131595242579004,crossplay
multigen_none_n5_r8_k10_matrix,C1|D6,True,"[0, 1, 2, 3, 4, 5, 6, 7, 8, 9]",multigen_none_n5_r8_k10,"[0, 1, 2, 3, 4, 5, 6, 7, 8, 9]",0.2974,any_false_ejection_rate,any_false_ejection_rate,10,0.11876044983261239,crossplay
multigen_none_n5_r8_k10_matrix,C1|D6,True,"[0, 1, 2, 3, 4, 5, 6, 7, 8, 9]",multigen_none_n5_r8_k10,"[0, 1, 2, 3, 4, 5, 6, 7, 8, 9]",0.6194,coalition_game_win_rate,coalition_game_win_rate,10,0.21668010214753608,crossplay
multigen_none_n5_r8_k10_matrix,C1|D6,True,"[0, 1, 2, 3, 4, 5, 6, 7, 8, 9]",multigen_none_n5_r8_k10,"[0, 1, 2, 3, 4, 5, 6, 7, 8, 9]",0.259,false_ejection_rate,terminal-meeting false ejection,10,0.1281986306045774,crossplay
multigen_none_n5_r8_k10_matrix,C1|D6,True,"[0, 1, 2, 3, 4, 5, 6, 7, 8, 9]",multigen_none_n5_r8_k10,"[0, 1, 2, 3, 4, 5, 6, 7, 8, 9]",0.3036,mean_false_ejections,mean_false_ejections,10,0.12481025598884093,crossplay
multigen_none_n5_r8_k10_matrix,C1|D7,True,"[0, 1, 2, 3, 4, 5, 6, 7, 8, 9]",multigen_none_n5_r8_k10,"[0, 1, 2, 3, 4, 5, 6, 7, 8, 9]",0.38360000000000005,any_false_ejection_rate,any_false_ejection_rate,10,0.12407452957351436,crossplay
multigen_none_n5_r8_k10_matrix,C1|D7,True,"[0, 1, 2, 3, 4, 5, 6, 7, 8, 9]",multigen_none_n5_r8_k10,"[0, 1, 2, 3, 4, 5, 6, 7, 8, 9]",0.6702,coalition_game_win_rate,coalition_game_win_rate,10,0.12946539649222447,crossplay
multigen_none_n5_r8_k10_matrix,C1|D7,True,"[0, 1, 2, 3, 4, 5, 6, 7, 8, 9]",multigen_none_n5_r8_k10,"[0, 1, 2, 3, 4, 5, 6, 7, 8, 9]",0.33599999999999997,false_ejection_rate,terminal-meeting false ejection,10,0.1124870362901136,crossplay
multigen_none_n5_r8_k10_matrix,C1|D7,True,"[0, 1, 2, 3, 4, 5, 6, 7, 8, 9]",multigen_none_n5_r8_k10,"[0, 1, 2, 3, 4, 5, 6, 7, 8, 9]",0.40540000000000004,mean_false_ejections,mean_false_ejections,10,0.13996205835074652,crossplay
multigen_none_n5_r8_k10_matrix,C1|D8,True,"[0, 1, 2, 3, 4, 5, 6, 7, 8, 9]",multigen_none_n5_r8_k10,"[0, 1, 2, 3, 4, 5, 6, 7, 8, 9]",0.3882,any_false_ejection_rate,any_false_ejection_rate,10,0.125363294291254,crossplay
multigen_none_n5_r8_k10_matrix,C1|D8,True,"[0, 1, 2, 3, 4, 5, 6, 7, 8, 9]",multigen_none_n5_r8_k10,"[0, 1, 2, 3, 4, 5, 6, 7, 8, 9]",0.6718,coalition_game_win_rate,coalition_game_win_rate,10,0.22726479905363456,crossplay
multigen_none_n5_r8_k10_matrix,C1|D8,True,"[0, 1, 2, 3, 4, 5, 6, 7, 8, 9]",multigen_none_n5_r8_k10,"[0, 1, 2, 3, 4, 5, 6, 7, 8, 9]",0.3438,false_ejection_rate,terminal-meeting false ejection,10,0.13332483306237858,crossplay
multigen_none_n5_r8_k10_matrix,C1|D8,True,"[0, 1, 2, 3, 4, 5, 6, 7, 8, 9]",multigen_none_n5_r8_k10,"[0, 1, 2, 3, 4, 5, 6, 7, 8, 9]",0.4098,mean_false_ejections,mean_false_ejections,10,0.15198669532414855,crossplay
multigen_none_n5_r8_k10_matrix,C1|D9,True,"[0, 1, 2, 3, 4, 5, 6, 7, 8, 9]",multigen_none_n5_r8_k10,"[0, 1, 2, 3, 4, 5, 6, 7, 8, 9]",0.354,any_false_ejection_rate,any_false_ejection_rate,10,0.12171734104519005,crossplay
multigen_none_n5_r8_k10_matrix,C1|D9,True,"[0, 1, 2, 3, 4, 5, 6, 7, 8, 9]",multigen_none_n5_r8_k10,"[0, 1, 2, 3, 4, 5, 6, 7, 8, 9]",0.6692,coalition_game_win_rate,coalition_game_win_rate,10,0.22247936233877216,crossplay
multigen_none_n5_r8_k10_matrix,C1|D9,True,"[0, 1, 2, 3, 4, 5, 6, 7, 8, 9]",multigen_none_n5_r8_k10,"[0, 1, 2, 3, 4, 5, 6, 7, 8, 9]",0.3122,false_ejection_rate,terminal-meeting false ejection,10,0.12427371224661936,crossplay
multigen_none_n5_r8_k10_matrix,C1|D9,True,"[0, 1, 2, 3, 4, 5, 6, 7, 8, 9]",multigen_none_n5_r8_k10,"[0, 1, 2, 3, 4, 5, 6, 7, 8, 9]",0.36639999999999995,mean_false_ejections,mean_false_ejections,10,0.13075439232053013,crossplay
multigen_none_n5_r8_k10_matrix,C2|D0,True,"[0, 1, 2, 3, 4, 5, 6, 7, 8, 9]",multigen_none_n5_r8_k10,"[0, 1, 2, 3, 4, 5, 6, 7, 8, 9]",0.17620000000000002,any_false_ejection_rate,any_false_ejection_rate,10,0.28960732034946907,crossplay
multigen_none_n5_r8_k10_matrix,C2|D0,True,"[0, 1, 2, 3, 4, 5, 6, 7, 8, 9]",multigen_none_n5_r8_k10,"[0, 1, 2, 3, 4, 5, 6, 7, 8, 9]",0.9942,coalition_game_win_rate,coalition_game_win_rate,10,0.0071460945044595344,crossplay
multigen_none_n5_r8_k10_matrix,C2|D0,True,"[0, 1, 2, 3, 4, 5, 6, 7, 8, 9]",multigen_none_n5_r8_k10,"[0, 1, 2, 3, 4, 5, 6, 7, 8, 9]",0.1758,false_ejection_rate,terminal-meeting false ejection,10,0.28834616541773384,crossplay
multigen_none_n5_r8_k10_matrix,C2|D0,True,"[0, 1, 2, 3, 4, 5, 6, 7, 8, 9]",multigen_none_n5_r8_k10,"[0, 1, 2, 3, 4, 5, 6, 7, 8, 9]",0.2004,mean_false_ejections,mean_false_ejections,10,0.3659554314090417,crossplay
multigen_none_n5_r8_k10_matrix,C2|D1,True,"[0, 1, 2, 3, 4, 5, 6, 7, 8, 9]",multigen_none_n5_r8_k10,"[0, 1, 2, 3, 4, 5, 6, 7, 8, 9]",0.38420000000000004,any_false_ejection_rate,any_false_ejection_rate,10,0.1996028278579462,crossplay
multigen_none_n5_r8_k10_matrix,C2|D1,True,"[0, 1, 2, 3, 4, 5, 6, 7, 8, 9]",multigen_none_n5_r8_k10,"[0, 1, 2, 3, 4, 5, 6, 7, 8, 9]",0.6132,coalition_game_win_rate,coalition_game_win_rate,10,0.2613778873585139,crossplay
multigen_none_n5_r8_k10_matrix,C2|D1,True,"[0, 1, 2, 3, 4, 5, 6, 7, 8, 9]",multigen_none_n5_r8_k10,"[0, 1, 2, 3, 4, 5, 6, 7, 8, 9]",0.3382,false_ejection_rate,terminal-meeting false ejection,10,0.1790727971152142,crossplay
multigen_none_n5_r8_k10_matrix,C2|D1,True,"[0, 1, 2, 3, 4, 5, 6, 7, 8, 9]",multigen_none_n5_r8_k10,"[0, 1, 2, 3, 4, 5, 6, 7, 8, 9]",0.41000000000000003,mean_false_ejections,mean_false_ejections,10,0.23392686416437464,crossplay
multigen_none_n5_r8_k10_matrix,C2|D10,True,"[0, 1, 2, 3, 4, 5, 6, 7, 8, 9]",multigen_none_n5_r8_k10,"[0, 1, 2, 3, 4, 5, 6, 7, 8, 9]",0.3318,any_false_ejection_rate,any_false_ejection_rate,10,0.07568619424967807,crossplay
multigen_none_n5_r8_k10_matrix,C2|D10,True,"[0, 1, 2, 3, 4, 5, 6, 7, 8, 9]",multigen_none_n5_r8_k10,"[0, 1, 2, 3, 4, 5, 6, 7, 8, 9]",0.614,coalition_game_win_rate,coalition_game_win_rate,10,0.30573045499444623,crossplay
multigen_none_n5_r8_k10_matrix,C2|D10,True,"[0, 1, 2, 3, 4, 5, 6, 7, 8, 9]",multigen_none_n5_r8_k10,"[0, 1, 2, 3, 4, 5, 6, 7, 8, 9]",0.2762,false_ejection_rate,terminal-meeting false ejection,10,0.11382813555727092,crossplay
multigen_none_n5_r8_k10_matrix,C2|D10,True,"[0, 1, 2, 3, 4, 5, 6, 7, 8, 9]",multigen_none_n5_r8_k10,"[0, 1, 2, 3, 4, 5, 6, 7, 8, 9]",0.3416,mean_false_ejections,mean_false_ejections,10,0.07858074403652165,crossplay
multigen_none_n5_r8_k10_matrix,C2|D2,True,"[0, 1, 2, 3, 4, 5, 6, 7, 8, 9]",multigen_none_n5_r8_k10,"[0, 1, 2, 3, 4, 5, 6, 7, 8, 9]",0.5202,any_false_ejection_rate,any_false_ejection_rate,10,0.1681122640777089,crossplay
multigen_none_n5_r8_k10_matrix,C2|D2,True,"[0, 1, 2, 3, 4, 5, 6, 7, 8, 9]",multigen_none_n5_r8_k10,"[0, 1, 2, 3, 4, 5, 6, 7, 8, 9]",0.8938,coalition_game_win_rate,coalition_game_win_rate,10,0.05140211841721875,crossplay
multigen_none_n5_r8_k10_matrix,C2|D2,True,"[0, 1, 2, 3, 4, 5, 6, 7, 8, 9]",multigen_none_n5_r8_k10,"[0, 1, 2, 3, 4, 5, 6, 7, 8, 9]",0.4862,false_ejection_rate,terminal-meeting false ejection,10,0.1408717304658548,crossplay
multigen_none_n5_r8_k10_matrix,C2|D2,True,"[0, 1, 2, 3, 4, 5, 6, 7, 8, 9]",multigen_none_n5_r8_k10,"[0, 1, 2, 3, 4, 5, 6, 7, 8, 9]",0.5490000000000002,mean_false_ejections,mean_false_ejections,10,0.2190672144444359,crossplay
multigen_none_n5_r8_k10_matrix,C2|D3,True,"[0, 1, 2, 3, 4, 5, 6, 7, 8, 9]",multigen_none_n5_r8_k10,"[0, 1, 2, 3, 4, 5, 6, 7, 8, 9]",0.2842,any_false_ejection_rate,any_false_ejection_rate,10,0.1890806999963537,crossplay
multigen_none_n5_r8_k10_matrix,C2|D3,True,"[0, 1, 2, 3, 4, 5, 6, 7, 8, 9]",multigen_none_n5_r8_k10,"[0, 1, 2, 3, 4, 5, 6, 7, 8, 9]",0.305,coalition_game_win_rate,coalition_game_win_rate,10,0.19672259091872946,crossplay
multigen_none_n5_r8_k10_matrix,C2|D3,True,"[0, 1, 2, 3, 4, 5, 6, 7, 8, 9]",multigen_none_n5_r8_k10,"[0, 1, 2, 3, 4, 5, 6, 7, 8, 9]",0.1922,false_ejection_rate,terminal-meeting false ejection,10,0.1550640011235504,crossplay
multigen_none_n5_r8_k10_matrix,C2|D3,True,"[0, 1, 2, 3, 4, 5, 6, 7, 8, 9]",multigen_none_n5_r8_k10,"[0, 1, 2, 3, 4, 5, 6, 7, 8, 9]",0.3114,mean_false_ejections,mean_false_ejections,10,0.21802558463527982,crossplay
multigen_none_n5_r8_k10_matrix,C2|D4,True,"[0, 1, 2, 3, 4, 5, 6, 7, 8, 9]",multigen_none_n5_r8_k10,"[0, 1, 2, 3, 4, 5, 6, 7, 8, 9]",0.4222,any_false_ejection_rate,any_false_ejection_rate,10,0.037410040244713866,crossplay
multigen_none_n5_r8_k10_matrix,C2|D4,True,"[0, 1, 2, 3, 4, 5, 6, 7, 8, 9]",multigen_none_n5_r8_k10,"[0, 1, 2, 3, 4, 5, 6, 7, 8, 9]",0.7972,coalition_game_win_rate,coalition_game_win_rate,10,0.23852547033807522,crossplay
multigen_none_n5_r8_k10_matrix,C2|D4,True,"[0, 1, 2, 3, 4, 5, 6, 7, 8, 9]",multigen_none_n5_r8_k10,"[0, 1, 2, 3, 4, 5, 6, 7, 8, 9]",0.3818,false_ejection_rate,terminal-meeting false ejection,10,0.07258068307446242,crossplay
multigen_none_n5_r8_k10_matrix,C2|D4,True,"[0, 1, 2, 3, 4, 5, 6, 7, 8, 9]",multigen_none_n5_r8_k10,"[0, 1, 2, 3, 4, 5, 6, 7, 8, 9]",0.43339999999999995,mean_false_ejections,mean_false_ejections,10,0.04580198928236875,crossplay
multigen_none_n5_r8_k10_matrix,C2|D5,True,"[0, 1, 2, 3, 4, 5, 6, 7, 8, 9]",multigen_none_n5_r8_k10,"[0, 1, 2, 3, 4, 5, 6, 7, 8, 9]",0.3176,any_false_ejection_rate,any_false_ejection_rate,10,0.22305913515876855,crossplay
multigen_none_n5_r8_k10_matrix,C2|D5,True,"[0, 1, 2, 3, 4, 5, 6, 7, 8, 9]",multigen_none_n5_r8_k10,"[0, 1, 2, 3, 4, 5, 6, 7, 8, 9]",0.336,coalition_game_win_rate,coalition_game_win_rate,10,0.2576905982849286,crossplay
multigen_none_n5_r8_k10_matrix,C2|D5,True,"[0, 1, 2, 3, 4, 5, 6, 7, 8, 9]",multigen_none_n5_r8_k10,"[0, 1, 2, 3, 4, 5, 6, 7, 8, 9]",0.22400000000000003,false_ejection_rate,terminal-meeting false ejection,10,0.2057765778702717,crossplay
multigen_none_n5_r8_k10_matrix,C2|D5,True,"[0, 1, 2, 3, 4, 5, 6, 7, 8, 9]",multigen_none_n5_r8_k10,"[0, 1, 2, 3, 4, 5, 6, 7, 8, 9]",0.341,mean_false_ejections,mean_false_ejections,10,0.2449095070973495,crossplay
multigen_none_n5_r8_k10_matrix,C2|D6,True,"[0, 1, 2, 3, 4, 5, 6, 7, 8, 9]",multigen_none_n5_r8_k10,"[0, 1, 2, 3, 4, 5, 6, 7, 8, 9]",0.3996,any_false_ejection_rate,any_false_ejection_rate,10,0.16360874738907522,crossplay
multigen_none_n5_r8_k10_matrix,C2|D6,True,"[0, 1, 2, 3, 4, 5, 6, 7, 8, 9]",multigen_none_n5_r8_k10,"[0, 1, 2, 3, 4, 5, 6, 7, 8, 9]",0.7464000000000001,coalition_game_win_rate,coalition_game_win_rate,10,0.21059239196978496,crossplay
multigen_none_n5_r8_k10_matrix,C2|D6,True,"[0, 1, 2, 3, 4, 5, 6, 7, 8, 9]",multigen_none_n5_r8_k10,"[0, 1, 2, 3, 4, 5, 6, 7, 8, 9]",0.35719999999999996,false_ejection_rate,terminal-meeting false ejection,10,0.1303881385198311,crossplay
multigen_none_n5_r8_k10_matrix,C2|D6,True,"[0, 1, 2, 3, 4, 5, 6, 7, 8, 9]",multigen_none_n5_r8_k10,"[0, 1, 2, 3, 4, 5, 6, 7, 8, 9]",0.41859999999999997,mean_false_ejections,mean_false_ejections,10,0.19904896103443714,crossplay
multigen_none_n5_r8_k10_matrix,C2|D7,True,"[0, 1, 2, 3, 4, 5, 6, 7, 8, 9]",multigen_none_n5_r8_k10,"[0, 1, 2, 3, 4, 5, 6, 7, 8, 9]",0.2982,any_false_ejection_rate,any_false_ejection_rate,10,0.15585876797779313,crossplay
multigen_none_n5_r8_k10_matrix,C2|D7,True,"[0, 1, 2, 3, 4, 5, 6, 7, 8, 9]",multigen_none_n5_r8_k10,"[0, 1, 2, 3, 4, 5, 6, 7, 8, 9]",0.4772,coalition_game_win_rate,coalition_game_win_rate,10,0.25571025269498554,crossplay
multigen_none_n5_r8_k10_matrix,C2|D7,True,"[0, 1, 2, 3, 4, 5, 6, 7, 8, 9]",multigen_none_n5_r8_k10,"[0, 1, 2, 3, 4, 5, 6, 7, 8, 9]",0.221,false_ejection_rate,terminal-meeting false ejection,10,0.12662894175064757,crossplay
multigen_none_n5_r8_k10_matrix,C2|D7,True,"[0, 1, 2, 3, 4, 5, 6, 7, 8, 9]",multigen_none_n5_r8_k10,"[0, 1, 2, 3, 4, 5, 6, 7, 8, 9]",0.3162,mean_false_ejections,mean_false_ejections,10,0.18304207166659803,crossplay
multigen_none_n5_r8_k10_matrix,C2|D8,True,"[0, 1, 2, 3, 4, 5, 6, 7, 8, 9]",multigen_none_n5_r8_k10,"[0, 1, 2, 3, 4, 5, 6, 7, 8, 9]",0.39959999999999996,any_false_ejection_rate,any_false_ejection_rate,10,0.179274587651953,crossplay
multigen_none_n5_r8_k10_matrix,C2|D8,True,"[0, 1, 2, 3, 4, 5, 6, 7, 8, 9]",multigen_none_n5_r8_k10,"[0, 1, 2, 3, 4, 5, 6, 7, 8, 9]",0.7421999999999999,coalition_game_win_rate,coalition_game_win_rate,10,0.1889184421325186,crossplay
multigen_none_n5_r8_k10_matrix,C2|D8,True,"[0, 1, 2, 3, 4, 5, 6, 7, 8, 9]",multigen_none_n5_r8_k10,"[0, 1, 2, 3, 4, 5, 6, 7, 8, 9]",0.3586,false_ejection_rate,terminal-meeting false ejection,10,0.141534605112829,crossplay
multigen_none_n5_r8_k10_matrix,C2|D8,True,"[0, 1, 2, 3, 4, 5, 6, 7, 8, 9]",multigen_none_n5_r8_k10,"[0, 1, 2, 3, 4, 5, 6, 7, 8, 9]",0.4344,mean_false_ejections,mean_false_ejections,10,0.2549645727024312,crossplay
multigen_none_n5_r8_k10_matrix,C2|D9,True,"[0, 1, 2, 3, 4, 5, 6, 7, 8, 9]",multigen_none_n5_r8_k10,"[0, 1, 2, 3, 4, 5, 6, 7, 8, 9]",0.3966,any_false_ejection_rate,any_false_ejection_rate,10,0.11371719307123264,crossplay
multigen_none_n5_r8_k10_matrix,C2|D9,True,"[0, 1, 2, 3, 4, 5, 6, 7, 8, 9]",multigen_none_n5_r8_k10,"[0, 1, 2, 3, 4, 5, 6, 7, 8, 9]",0.6237999999999999,coalition_game_win_rate,coalition_game_win_rate,10,0.281093815893081,crossplay
multigen_none_n5_r8_k10_matrix,C2|D9,True,"[0, 1, 2, 3, 4, 5, 6, 7, 8, 9]",multigen_none_n5_r8_k10,"[0, 1, 2, 3, 4, 5, 6, 7, 8, 9]",0.3194,false_ejection_rate,terminal-meeting false ejection,10,0.1086321008419396,crossplay
multigen_none_n5_r8_k10_matrix,C2|D9,True,"[0, 1, 2, 3, 4, 5, 6, 7, 8, 9]",multigen_none_n5_r8_k10,"[0, 1, 2, 3, 4, 5, 6, 7, 8, 9]",0.4354,mean_false_ejections,mean_false_ejections,10,0.16142710773321536,crossplay
multigen_none_n5_r8_k10_matrix,C3|D0,True,"[0, 1, 2, 3, 4, 5, 6, 7, 8, 9]",multigen_none_n5_r8_k10,"[0, 1, 2, 3, 4, 5, 6, 7, 8, 9]",0.09599999999999999,any_false_ejection_rate,any_false_ejection_rate,10,0.040987803063838396,crossplay
multigen_none_n5_r8_k10_matrix,C3|D0,True,"[0, 1, 2, 3, 4, 5, 6, 7, 8, 9]",multigen_none_n5_r8_k10,"[0, 1, 2, 3, 4, 5, 6, 7, 8, 9]",0.9884000000000001,coalition_game_win_rate,coalition_game_win_rate,10,0.013326664999166156,crossplay
multigen_none_n5_r8_k10_matrix,C3|D0,True,"[0, 1, 2, 3, 4, 5, 6, 7, 8, 9]",multigen_none_n5_r8_k10,"[0, 1, 2, 3, 4, 5, 6, 7, 8, 9]",0.09579999999999998,false_ejection_rate,terminal-meeting false ejection,10,0.04049087688740652,crossplay
multigen_none_n5_r8_k10_matrix,C3|D0,True,"[0, 1, 2, 3, 4, 5, 6, 7, 8, 9]",multigen_none_n5_r8_k10,"[0, 1, 2, 3, 4, 5, 6, 7, 8, 9]",0.09599999999999999,mean_false_ejections,mean_false_ejections,10,0.040987803063838396,crossplay
multigen_none_n5_r8_k10_matrix,C3|D1,True,"[0, 1, 2, 3, 4, 5, 6, 7, 8, 9]",multigen_none_n5_r8_k10,"[0, 1, 2, 3, 4, 5, 6, 7, 8, 9]",0.4351999999999999,any_false_ejection_rate,any_false_ejection_rate,10,0.08837395292480447,crossplay
multigen_none_n5_r8_k10_matrix,C3|D1,True,"[0, 1, 2, 3, 4, 5, 6, 7, 8, 9]",multigen_none_n5_r8_k10,"[0, 1, 2, 3, 4, 5, 6, 7, 8, 9]",0.7976000000000001,coalition_game_win_rate,coalition_game_win_rate,10,0.13687236552512871,crossplay
multigen_none_n5_r8_k10_matrix,C3|D1,True,"[0, 1, 2, 3, 4, 5, 6, 7, 8, 9]",multigen_none_n5_r8_k10,"[0, 1, 2, 3, 4, 5, 6, 7, 8, 9]",0.4122,false_ejection_rate,terminal-meeting false ejection,10,0.10131337522755818,crossplay
multigen_none_n5_r8_k10_matrix,C3|D1,True,"[0, 1, 2, 3, 4, 5, 6, 7, 8, 9]",multigen_none_n5_r8_k10,"[0, 1, 2, 3, 4, 5, 6, 7, 8, 9]",0.4468,mean_false_ejections,mean_false_ejections,10,0.08675994979763928,crossplay
multigen_none_n5_r8_k10_matrix,C3|D10,True,"[0, 1, 2, 3, 4, 5, 6, 7, 8, 9]",multigen_none_n5_r8_k10,"[0, 1, 2, 3, 4, 5, 6, 7, 8, 9]",0.356,any_false_ejection_rate,any_false_ejection_rate,10,0.07066037707859257,crossplay
multigen_none_n5_r8_k10_matrix,C3|D10,True,"[0, 1, 2, 3, 4, 5, 6, 7, 8, 9]",multigen_none_n5_r8_k10,"[0, 1, 2, 3, 4, 5, 6, 7, 8, 9]",0.6416000000000001,coalition_game_win_rate,coalition_game_win_rate,10,0.16175646990323309,crossplay
multigen_none_n5_r8_k10_matrix,C3|D10,True,"[0, 1, 2, 3, 4, 5, 6, 7, 8, 9]",multigen_none_n5_r8_k10,"[0, 1, 2, 3, 4, 5, 6, 7, 8, 9]",0.3064,false_ejection_rate,terminal-meeting false ejection,10,0.07374309760543317,crossplay
multigen_none_n5_r8_k10_matrix,C3|D10,True,"[0, 1, 2, 3, 4, 5, 6, 7, 8, 9]",multigen_none_n5_r8_k10,"[0, 1, 2, 3, 4, 5, 6, 7, 8, 9]",0.36679999999999996,mean_false_ejections,mean_false_ejections,10,0.07676920678964393,crossplay
multigen_none_n5_r8_k10_matrix,C3|D2,True,"[0, 1, 2, 3, 4, 5, 6, 7, 8, 9]",multigen_none_n5_r8_k10,"[0, 1, 2, 3, 4, 5, 6, 7, 8, 9]",0.28300000000000003,any_false_ejection_rate,any_false_ejection_rate,10,0.07906818435867727,crossplay
multigen_none_n5_r8_k10_matrix,C3|D2,True,"[0, 1, 2, 3, 4, 5, 6, 7, 8, 9]",multigen_none_n5_r8_k10,"[0, 1, 2, 3, 4, 5, 6, 7, 8, 9]",0.46319999999999995,coalition_game_win_rate,coalition_game_win_rate,10,0.13431041988203626,crossplay
multigen_none_n5_r8_k10_matrix,C3|D2,True,"[0, 1, 2, 3, 4, 5, 6, 7, 8, 9]",multigen_none_n5_r8_k10,"[0, 1, 2, 3, 4, 5, 6, 7, 8, 9]",0.223,false_ejection_rate,terminal-meeting false ejection,10,0.07302510983673127,crossplay
multigen_none_n5_r8_k10_matrix,C3|D2,True,"[0, 1, 2, 3, 4, 5, 6, 7, 8, 9]",multigen_none_n5_r8_k10,"[0, 1, 2, 3, 4, 5, 6, 7, 8, 9]",0.2956,mean_false_ejections,mean_false_ejections,10,0.08587225654682917,crossplay
multigen_none_n5_r8_k10_matrix,C3|D3,True,"[0, 1, 2, 3, 4, 5, 6, 7, 8, 9]",multigen_none_n5_r8_k10,"[0, 1, 2, 3, 4, 5, 6, 7, 8, 9]",0.5875999999999999,any_false_ejection_rate,any_false_ejection_rate,10,0.11977682951593305,crossplay
multigen_none_n5_r8_k10_matrix,C3|D3,True,"[0, 1, 2, 3, 4, 5, 6, 7, 8, 9]",multigen_none_n5_r8_k10,"[0, 1, 2, 3, 4, 5, 6, 7, 8, 9]",0.9049999999999999,coalition_game_win_rate,coalition_game_win_rate,10,0.060275294367685264,crossplay
multigen_none_n5_r8_k10_matrix,C3|D3,True,"[0, 1, 2, 3, 4, 5, 6, 7, 8, 9]",multigen_none_n5_r8_k10,"[0, 1, 2, 3, 4, 5, 6, 7, 8, 9]",0.5584,false_ejection_rate,terminal-meeting false ejection,10,0.11519182069728542,crossplay
multigen_none_n5_r8_k10_matrix,C3|D3,True,"[0, 1, 2, 3, 4, 5, 6, 7, 8, 9]",multigen_none_n5_r8_k10,"[0, 1, 2, 3, 4, 5, 6, 7, 8, 9]",0.642,mean_false_ejections,mean_false_ejections,10,0.2058456811411025,crossplay
multigen_none_n5_r8_k10_matrix,C3|D4,True,"[0, 1, 2, 3, 4, 5, 6, 7, 8, 9]",multigen_none_n5_r8_k10,"[0, 1, 2, 3, 4, 5, 6, 7, 8, 9]",0.2012,any_false_ejection_rate,any_false_ejection_rate,10,0.07441744120537575,crossplay
multigen_none_n5_r8_k10_matrix,C3|D4,True,"[0, 1, 2, 3, 4, 5, 6, 7, 8, 9]",multigen_none_n5_r8_k10,"[0, 1, 2, 3, 4, 5, 6, 7, 8, 9]",0.33520000000000005,coalition_game_win_rate,coalition_game_win_rate,10,0.17801423164080635,crossplay
multigen_none_n5_r8_k10_matrix,C3|D4,True,"[0, 1, 2, 3, 4, 5, 6, 7, 8, 9]",multigen_none_n5_r8_k10,"[0, 1, 2, 3, 4, 5, 6, 7, 8, 9]",0.1558,false_ejection_rate,terminal-meeting false ejection,10,0.09104553195456046,crossplay
multigen_none_n5_r8_k10_matrix,C3|D4,True,"[0, 1, 2, 3, 4, 5, 6, 7, 8, 9]",multigen_none_n5_r8_k10,"[0, 1, 2, 3, 4, 5, 6, 7, 8, 9]",0.2048,mean_false_ejections,mean_false_ejections,10,0.07275651937188249,crossplay
multigen_none_n5_r8_k10_matrix,C3|D5,True,"[0, 1, 2, 3, 4, 5, 6, 7, 8, 9]",multigen_none_n5_r8_k10,"[0, 1, 2, 3, 4, 5, 6, 7, 8, 9]",0.4232,any_false_ejection_rate,any_false_ejection_rate,10,0.1363563957673664,crossplay
multigen_none_n5_r8_k10_matrix,C3|D5,True,"[0, 1, 2, 3, 4, 5, 6, 7, 8, 9]",multigen_none_n5_r8_k10,"[0, 1, 2, 3, 4, 5, 6, 7, 8, 9]",0.6956,coalition_game_win_rate,coalition_game_win_rate,10,0.11254944592390395,crossplay
multigen_none_n5_r8_k10_matrix,C3|D5,True,"[0, 1, 2, 3, 4, 5, 6, 7, 8, 9]",multigen_none_n5_r8_k10,"[0, 1, 2, 3, 4, 5, 6, 7, 8, 9]",0.3564,false_ejection_rate,terminal-meeting false ejection,10,0.1020274472874824,crossplay
multigen_none_n5_r8_k10_matrix,C3|D5,True,"[0, 1, 2, 3, 4, 5, 6, 7, 8, 9]",multigen_none_n5_r8_k10,"[0, 1, 2, 3, 4, 5, 6, 7, 8, 9]",0.46040000000000003,mean_false_ejections,mean_false_ejections,10,0.1699484889279363,crossplay
multigen_none_n5_r8_k10_matrix,C3|D6,True,"[0, 1, 2, 3, 4, 5, 6, 7, 8, 9]",multigen_none_n5_r8_k10,"[0, 1, 2, 3, 4, 5, 6, 7, 8, 9]",0.3316,any_false_ejection_rate,any_false_ejection_rate,10,0.14272210760775642,crossplay
multigen_none_n5_r8_k10_matrix,C3|D6,True,"[0, 1, 2, 3, 4, 5, 6, 7, 8, 9]",multigen_none_n5_r8_k10,"[0, 1, 2, 3, 4, 5, 6, 7, 8, 9]",0.6160000000000001,coalition_game_win_rate,coalition_game_win_rate,10,0.24952755358877704,crossplay
multigen_none_n5_r8_k10_matrix,C3|D6,True,"[0, 1, 2, 3, 4, 5, 6, 7, 8, 9]",multigen_none_n5_r8_k10,"[0, 1, 2, 3, 4, 5, 6, 7, 8, 9]",0.27799999999999997,false_ejection_rate,terminal-meeting false ejection,10,0.15229795358660164,crossplay
multigen_none_n5_r8_k10_matrix,C3|D6,True,"[0, 1, 2, 3, 4, 5, 6, 7, 8, 9]",multigen_none_n5_r8_k10,"[0, 1, 2, 3, 4, 5, 6, 7, 8, 9]",0.33999999999999997,mean_false_ejections,mean_false_ejections,10,0.15120552606009846,crossplay
multigen_none_n5_r8_k10_matrix,C3|D7,True,"[0, 1, 2, 3, 4, 5, 6, 7, 8, 9]",multigen_none_n5_r8_k10,"[0, 1, 2, 3, 4, 5, 6, 7, 8, 9]",0.4066000000000001,any_false_ejection_rate,any_false_ejection_rate,10,0.14886548738150604,crossplay
multigen_none_n5_r8_k10_matrix,C3|D7,True,"[0, 1, 2, 3, 4, 5, 6, 7, 8, 9]",multigen_none_n5_r8_k10,"[0, 1, 2, 3, 4, 5, 6, 7, 8, 9]",0.7142,coalition_game_win_rate,coalition_game_win_rate,10,0.18694847775077852,crossplay
multigen_none_n5_r8_k10_matrix,C3|D7,True,"[0, 1, 2, 3, 4, 5, 6, 7, 8, 9]",multigen_none_n5_r8_k10,"[0, 1, 2, 3, 4, 5, 6, 7, 8, 9]",0.355,false_ejection_rate,terminal-meeting false ejection,10,0.1344594114717647,crossplay
multigen_none_n5_r8_k10_matrix,C3|D7,True,"[0, 1, 2, 3, 4, 5, 6, 7, 8, 9]",multigen_none_n5_r8_k10,"[0, 1, 2, 3, 4, 5, 6, 7, 8, 9]",0.42519999999999997,mean_false_ejections,mean_false_ejections,10,0.17534778140724916,crossplay
multigen_none_n5_r8_k10_matrix,C3|D8,True,"[0, 1, 2, 3, 4, 5, 6, 7, 8, 9]",multigen_none_n5_r8_k10,"[0, 1, 2, 3, 4, 5, 6, 7, 8, 9]",0.4062,any_false_ejection_rate,any_false_ejection_rate,10,0.16863754689339566,crossplay
multigen_none_n5_r8_k10_matrix,C3|D8,True,"[0, 1, 2, 3, 4, 5, 6, 7, 8, 9]",multigen_none_n5_r8_k10,"[0, 1, 2, 3, 4, 5, 6, 7, 8, 9]",0.6556,coalition_game_win_rate,coalition_game_win_rate,10,0.18792859163936596,crossplay
multigen_none_n5_r8_k10_matrix,C3|D8,True,"[0, 1, 2, 3, 4, 5, 6, 7, 8, 9]",multigen_none_n5_r8_k10,"[0, 1, 2, 3, 4, 5, 6, 7, 8, 9]",0.36319999999999997,false_ejection_rate,terminal-meeting false ejection,10,0.16626939318801612,crossplay
multigen_none_n5_r8_k10_matrix,C3|D8,True,"[0, 1, 2, 3, 4, 5, 6, 7, 8, 9]",multigen_none_n5_r8_k10,"[0, 1, 2, 3, 4, 5, 6, 7, 8, 9]",0.4266,mean_false_ejections,mean_false_ejections,10,0.18697129904524562,crossplay
multigen_none_n5_r8_k10_matrix,C3|D9,True,"[0, 1, 2, 3, 4, 5, 6, 7, 8, 9]",multigen_none_n5_r8_k10,"[0, 1, 2, 3, 4, 5, 6, 7, 8, 9]",0.3752000000000001,any_false_ejection_rate,any_false_ejection_rate,10,0.12146952063972445,crossplay
multigen_none_n5_r8_k10_matrix,C3|D9,True,"[0, 1, 2, 3, 4, 5, 6, 7, 8, 9]",multigen_none_n5_r8_k10,"[0, 1, 2, 3, 4, 5, 6, 7, 8, 9]",0.6108,coalition_game_win_rate,coalition_game_win_rate,10,0.1545119916238075,crossplay
multigen_none_n5_r8_k10_matrix,C3|D9,True,"[0, 1, 2, 3, 4, 5, 6, 7, 8, 9]",multigen_none_n5_r8_k10,"[0, 1, 2, 3, 4, 5, 6, 7, 8, 9]",0.31700000000000006,false_ejection_rate,terminal-meeting false ejection,10,0.09875334030918764,crossplay
multigen_none_n5_r8_k10_matrix,C3|D9,True,"[0, 1, 2, 3, 4, 5, 6, 7, 8, 9]",multigen_none_n5_r8_k10,"[0, 1, 2, 3, 4, 5, 6, 7, 8, 9]",0.3956,mean_false_ejections,mean_false_ejections,10,0.1384446941321094,crossplay
multigen_none_n5_r8_k10_matrix,C4|D0,True,"[0, 1, 2, 3, 4, 5, 6, 7, 8, 9]",multigen_none_n5_r8_k10,"[0, 1, 2, 3, 4, 5, 6, 7, 8, 9]",0.0962,any_false_ejection_rate,any_false_ejection_rate,10,0.017190436617814893,crossplay
multigen_none_n5_r8_k10_matrix,C4|D0,True,"[0, 1, 2, 3, 4, 5, 6, 7, 8, 9]",multigen_none_n5_r8_k10,"[0, 1, 2, 3, 4, 5, 6, 7, 8, 9]",0.9955999999999999,coalition_game_win_rate,coalition_game_win_rate,10,0.00815407192075769,crossplay
multigen_none_n5_r8_k10_matrix,C4|D0,True,"[0, 1, 2, 3, 4, 5, 6, 7, 8, 9]",multigen_none_n5_r8_k10,"[0, 1, 2, 3, 4, 5, 6, 7, 8, 9]",0.0962,false_ejection_rate,terminal-meeting false ejection,10,0.017190436617814893,crossplay
multigen_none_n5_r8_k10_matrix,C4|D0,True,"[0, 1, 2, 3, 4, 5, 6, 7, 8, 9]",multigen_none_n5_r8_k10,"[0, 1, 2, 3, 4, 5, 6, 7, 8, 9]",0.0962,mean_false_ejections,mean_false_ejections,10,0.017190436617814893,crossplay
multigen_none_n5_r8_k10_matrix,C4|D1,True,"[0, 1, 2, 3, 4, 5, 6, 7, 8, 9]",multigen_none_n5_r8_k10,"[0, 1, 2, 3, 4, 5, 6, 7, 8, 9]",0.34879999999999994,any_false_ejection_rate,any_false_ejection_rate,10,0.13917279427627607,crossplay
multigen_none_n5_r8_k10_matrix,C4|D1,True,"[0, 1, 2, 3, 4, 5, 6, 7, 8, 9]",multigen_none_n5_r8_k10,"[0, 1, 2, 3, 4, 5, 6, 7, 8, 9]",0.6662000000000001,coalition_game_win_rate,coalition_game_win_rate,10,0.31694156489099934,crossplay
multigen_none_n5_r8_k10_matrix,C4|D1,True,"[0, 1, 2, 3, 4, 5, 6, 7, 8, 9]",multigen_none_n5_r8_k10,"[0, 1, 2, 3, 4, 5, 6, 7, 8, 9]",0.3254,false_ejection_rate,terminal-meeting false ejection,10,0.1638428786639471,crossplay
multigen_none_n5_r8_k10_matrix,C4|D1,True,"[0, 1, 2, 3, 4, 5, 6, 7, 8, 9]",multigen_none_n5_r8_k10,"[0, 1, 2, 3, 4, 5, 6, 7, 8, 9]",0.35300000000000004,mean_false_ejections,mean_false_ejections,10,0.13949193525075204,crossplay
multigen_none_n5_r8_k10_matrix,C4|D10,True,"[0, 1, 2, 3, 4, 5, 6, 7, 8, 9]",multigen_none_n5_r8_k10,"[0, 1, 2, 3, 4, 5, 6, 7, 8, 9]",0.3774,any_false_ejection_rate,any_false_ejection_rate,10,0.09921939774504221,crossplay
multigen_none_n5_r8_k10_matrix,C4|D10,True,"[0, 1, 2, 3, 4, 5, 6, 7, 8, 9]",multigen_none_n5_r8_k10,"[0, 1, 2, 3, 4, 5, 6, 7, 8, 9]",0.7078,coalition_game_win_rate,coalition_game_win_rate,10,0.28117128034151867,crossplay
multigen_none_n5_r8_k10_matrix,C4|D10,True,"[0, 1, 2, 3, 4, 5, 6, 7, 8, 9]",multigen_none_n5_r8_k10,"[0, 1, 2, 3, 4, 5, 6, 7, 8, 9]",0.3344,false_ejection_rate,terminal-meeting false ejection,10,0.12603279996360733,crossplay
multigen_none_n5_r8_k10_matrix,C4|D10,True,"[0, 1, 2, 3, 4, 5, 6, 7, 8, 9]",multigen_none_n5_r8_k10,"[0, 1, 2, 3, 4, 5, 6, 7, 8, 9]",0.386,mean_false_ejections,mean_false_ejections,10,0.09826494797230598,crossplay
multigen_none_n5_r8_k10_matrix,C4|D2,True,"[0, 1, 2, 3, 4, 5, 6, 7, 8, 9]",multigen_none_n5_r8_k10,"[0, 1, 2, 3, 4, 5, 6, 7, 8, 9]",0.3446,any_false_ejection_rate,any_false_ejection_rate,10,0.08306383087722356,crossplay
multigen_none_n5_r8_k10_matrix,C4|D2,True,"[0, 1, 2, 3, 4, 5, 6, 7, 8, 9]",multigen_none_n5_r8_k10,"[0, 1, 2, 3, 4, 5, 6, 7, 8, 9]",0.7060000000000001,coalition_game_win_rate,coalition_game_win_rate,10,0.2745485182784436,crossplay
multigen_none_n5_r8_k10_matrix,C4|D2,True,"[0, 1, 2, 3, 4, 5, 6, 7, 8, 9]",multigen_none_n5_r8_k10,"[0, 1, 2, 3, 4, 5, 6, 7, 8, 9]",0.3018,false_ejection_rate,terminal-meeting false ejection,10,0.09997977573267283,crossplay
multigen_none_n5_r8_k10_matrix,C4|D2,True,"[0, 1, 2, 3, 4, 5, 6, 7, 8, 9]",multigen_none_n5_r8_k10,"[0, 1, 2, 3, 4, 5, 6, 7, 8, 9]",0.35459999999999997,mean_false_ejections,mean_false_ejections,10,0.08755468132671275,crossplay
multigen_none_n5_r8_k10_matrix,C4|D3,True,"[0, 1, 2, 3, 4, 5, 6, 7, 8, 9]",multigen_none_n5_r8_k10,"[0, 1, 2, 3, 4, 5, 6, 7, 8, 9]",0.3296,any_false_ejection_rate,any_false_ejection_rate,10,0.21455649346707942,crossplay
multigen_none_n5_r8_k10_matrix,C4|D3,True,"[0, 1, 2, 3, 4, 5, 6, 7, 8, 9]",multigen_none_n5_r8_k10,"[0, 1, 2, 3, 4, 5, 6, 7, 8, 9]",0.45120000000000005,coalition_game_win_rate,coalition_game_win_rate,10,0.331765914798706,crossplay
multigen_none_n5_r8_k10_matrix,C4|D3,True,"[0, 1, 2, 3, 4, 5, 6, 7, 8, 9]",multigen_none_n5_r8_k10,"[0, 1, 2, 3, 4, 5, 6, 7, 8, 9]",0.2758,false_ejection_rate,terminal-meeting false ejection,10,0.23306355833167533,crossplay
multigen_none_n5_r8_k10_matrix,C4|D3,True,"[0, 1, 2, 3, 4, 5, 6, 7, 8, 9]",multigen_none_n5_r8_k10,"[0, 1, 2, 3, 4, 5, 6, 7, 8, 9]",0.352,mean_false_ejections,mean_false_ejections,10,0.23214363369833485,crossplay
multigen_none_n5_r8_k10_matrix,C4|D4,True,"[0, 1, 2, 3, 4, 5, 6, 7, 8, 9]",multigen_none_n5_r8_k10,"[0, 1, 2, 3, 4, 5, 6, 7, 8, 9]",0.46259999999999996,any_false_ejection_rate,any_false_ejection_rate,10,0.10880788370129968,crossplay
multigen_none_n5_r8_k10_matrix,C4|D4,True,"[0, 1, 2, 3, 4, 5, 6, 7, 8, 9]",multigen_none_n5_r8_k10,"[0, 1, 2, 3, 4, 5, 6, 7, 8, 9]",0.9231999999999999,coalition_game_win_rate,coalition_game_win_rate,10,0.06678123488925113,crossplay
multigen_none_n5_r8_k10_matrix,C4|D4,True,"[0, 1, 2, 3, 4, 5, 6, 7, 8, 9]",multigen_none_n5_r8_k10,"[0, 1, 2, 3, 4, 5, 6, 7, 8, 9]",0.4431999999999999,false_ejection_rate,terminal-meeting false ejection,10,0.08077513368743021,crossplay
multigen_none_n5_r8_k10_matrix,C4|D4,True,"[0, 1, 2, 3, 4, 5, 6, 7, 8, 9]",multigen_none_n5_r8_k10,"[0, 1, 2, 3, 4, 5, 6, 7, 8, 9]",0.4826,mean_false_ejections,mean_false_ejections,10,0.15138486640935342,crossplay
multigen_none_n5_r8_k10_matrix,C4|D5,True,"[0, 1, 2, 3, 4, 5, 6, 7, 8, 9]",multigen_none_n5_r8_k10,"[0, 1, 2, 3, 4, 5, 6, 7, 8, 9]",0.1754,any_false_ejection_rate,any_false_ejection_rate,10,0.12481470711062503,crossplay
multigen_none_n5_r8_k10_matrix,C4|D5,True,"[0, 1, 2, 3, 4, 5, 6, 7, 8, 9]",multigen_none_n5_r8_k10,"[0, 1, 2, 3, 4, 5, 6, 7, 8, 9]",0.1668,coalition_game_win_rate,coalition_game_win_rate,10,0.14711809315421856,crossplay
multigen_none_n5_r8_k10_matrix,C4|D5,True,"[0, 1, 2, 3, 4, 5, 6, 7, 8, 9]",multigen_none_n5_r8_k10,"[0, 1, 2, 3, 4, 5, 6, 7, 8, 9]",0.08579999999999999,false_ejection_rate,terminal-meeting false ejection,10,0.09250321315740574,crossplay
multigen_none_n5_r8_k10_matrix,C4|D5,True,"[0, 1, 2, 3, 4, 5, 6, 7, 8, 9]",multigen_none_n5_r8_k10,"[0, 1, 2, 3, 4, 5, 6, 7, 8, 9]",0.1852,mean_false_ejections,mean_false_ejections,10,0.13518119527343866,crossplay
multigen_none_n5_r8_k10_matrix,C4|D6,True,"[0, 1, 2, 3, 4, 5, 6, 7, 8, 9]",multigen_none_n5_r8_k10,"[0, 1, 2, 3, 4, 5, 6, 7, 8, 9]",0.35219999999999996,any_false_ejection_rate,any_false_ejection_rate,10,0.08884668442510016,crossplay
multigen_none_n5_r8_k10_matrix,C4|D6,True,"[0, 1, 2, 3, 4, 5, 6, 7, 8, 9]",multigen_none_n5_r8_k10,"[0, 1, 2, 3, 4, 5, 6, 7, 8, 9]",0.8126000000000001,coalition_game_win_rate,coalition_game_win_rate,10,0.16549199376404888,crossplay
multigen_none_n5_r8_k10_matrix,C4|D6,True,"[0, 1, 2, 3, 4, 5, 6, 7, 8, 9]",multigen_none_n5_r8_k10,"[0, 1, 2, 3, 4, 5, 6, 7, 8, 9]",0.33019999999999994,false_ejection_rate,terminal-meeting false ejection,10,0.08474510802007,crossplay
multigen_none_n5_r8_k10_matrix,C4|D6,True,"[0, 1, 2, 3, 4, 5, 6, 7, 8, 9]",multigen_none_n5_r8_k10,"[0, 1, 2, 3, 4, 5, 6, 7, 8, 9]",0.36140000000000005,mean_false_ejections,mean_false_ejections,10,0.09516325154409366,crossplay
multigen_none_n5_r8_k10_matrix,C4|D7,True,"[0, 1, 2, 3, 4, 5, 6, 7, 8, 9]",multigen_none_n5_r8_k10,"[0, 1, 2, 3, 4, 5, 6, 7, 8, 9]",0.2804,any_false_ejection_rate,any_false_ejection_rate,10,0.12035429180363928,crossplay
multigen_none_n5_r8_k10_matrix,C4|D7,True,"[0, 1, 2, 3, 4, 5, 6, 7, 8, 9]",multigen_none_n5_r8_k10,"[0, 1, 2, 3, 4, 5, 6, 7, 8, 9]",0.37900000000000006,coalition_game_win_rate,coalition_game_win_rate,10,0.15980613254815973,crossplay
multigen_none_n5_r8_k10_matrix,C4|D7,True,"[0, 1, 2, 3, 4, 5, 6, 7, 8, 9]",multigen_none_n5_r8_k10,"[0, 1, 2, 3, 4, 5, 6, 7, 8, 9]",0.18380000000000002,false_ejection_rate,terminal-meeting false ejection,10,0.09216145253484959,crossplay
multigen_none_n5_r8_k10_matrix,C4|D7,True,"[0, 1, 2, 3, 4, 5, 6, 7, 8, 9]",multigen_none_n5_r8_k10,"[0, 1, 2, 3, 4, 5, 6, 7, 8, 9]",0.29860000000000003,mean_false_ejections,mean_false_ejections,10,0.14072526425628057,crossplay
multigen_none_n5_r8_k10_matrix,C4|D8,True,"[0, 1, 2, 3, 4, 5, 6, 7, 8, 9]",multigen_none_n5_r8_k10,"[0, 1, 2, 3, 4, 5, 6, 7, 8, 9]",0.38580000000000003,any_false_ejection_rate,any_false_ejection_rate,10,0.12911476376550524,crossplay
multigen_none_n5_r8_k10_matrix,C4|D8,True,"[0, 1, 2, 3, 4, 5, 6, 7, 8, 9]",multigen_none_n5_r8_k10,"[0, 1, 2, 3, 4, 5, 6, 7, 8, 9]",0.7936000000000001,coalition_game_win_rate,coalition_game_win_rate,10,0.18871919174618498,crossplay
multigen_none_n5_r8_k10_matrix,C4|D8,True,"[0, 1, 2, 3, 4, 5, 6, 7, 8, 9]",multigen_none_n5_r8_k10,"[0, 1, 2, 3, 4, 5, 6, 7, 8, 9]",0.36519999999999997,false_ejection_rate,terminal-meeting false ejection,10,0.12630544986922246,crossplay
multigen_none_n5_r8_k10_matrix,C4|D8,True,"[0, 1, 2, 3, 4, 5, 6, 7, 8, 9]",multigen_none_n5_r8_k10,"[0, 1, 2, 3, 4, 5, 6, 7, 8, 9]",0.3982,mean_false_ejections,mean_false_ejections,10,0.14246543440427928,crossplay
multigen_none_n5_r8_k10_matrix,C4|D9,True,"[0, 1, 2, 3, 4, 5, 6, 7, 8, 9]",multigen_none_n5_r8_k10,"[0, 1, 2, 3, 4, 5, 6, 7, 8, 9]",0.3214,any_false_ejection_rate,any_false_ejection_rate,10,0.14619940720354058,crossplay
multigen_none_n5_r8_k10_matrix,C4|D9,True,"[0, 1, 2, 3, 4, 5, 6, 7, 8, 9]",multigen_none_n5_r8_k10,"[0, 1, 2, 3, 4, 5, 6, 7, 8, 9]",0.5426,coalition_game_win_rate,coalition_game_win_rate,10,0.3194788116778812,crossplay
multigen_none_n5_r8_k10_matrix,C4|D9,True,"[0, 1, 2, 3, 4, 5, 6, 7, 8, 9]",multigen_none_n5_r8_k10,"[0, 1, 2, 3, 4, 5, 6, 7, 8, 9]",0.26799999999999996,false_ejection_rate,terminal-meeting false ejection,10,0.15481027815433387,crossplay
multigen_none_n5_r8_k10_matrix,C4|D9,True,"[0, 1, 2, 3, 4, 5, 6, 7, 8, 9]",multigen_none_n5_r8_k10,"[0, 1, 2, 3, 4, 5, 6, 7, 8, 9]",0.3438,mean_false_ejections,mean_false_ejections,10,0.17557638413712326,crossplay
multigen_none_n5_r8_k10_matrix,C5|D0,True,"[0, 1, 2, 3, 4, 5, 6, 7, 8, 9]",multigen_none_n5_r8_k10,"[0, 1, 2, 3, 4, 5, 6, 7, 8, 9]",0.0856,any_false_ejection_rate,any_false_ejection_rate,10,0.01997331553181227,crossplay
multigen_none_n5_r8_k10_matrix,C5|D0,True,"[0, 1, 2, 3, 4, 5, 6, 7, 8, 9]",multigen_none_n5_r8_k10,"[0, 1, 2, 3, 4, 5, 6, 7, 8, 9]",0.9974000000000001,coalition_game_win_rate,coalition_game_win_rate,10,0.003893013685508385,crossplay
multigen_none_n5_r8_k10_matrix,C5|D0,True,"[0, 1, 2, 3, 4, 5, 6, 7, 8, 9]",multigen_none_n5_r8_k10,"[0, 1, 2, 3, 4, 5, 6, 7, 8, 9]",0.0856,false_ejection_rate,terminal-meeting false ejection,10,0.01997331553181227,crossplay
multigen_none_n5_r8_k10_matrix,C5|D0,True,"[0, 1, 2, 3, 4, 5, 6, 7, 8, 9]",multigen_none_n5_r8_k10,"[0, 1, 2, 3, 4, 5, 6, 7, 8, 9]",0.0856,mean_false_ejections,mean_false_ejections,10,0.01997331553181227,crossplay
multigen_none_n5_r8_k10_matrix,C5|D1,True,"[0, 1, 2, 3, 4, 5, 6, 7, 8, 9]",multigen_none_n5_r8_k10,"[0, 1, 2, 3, 4, 5, 6, 7, 8, 9]",0.4364,any_false_ejection_rate,any_false_ejection_rate,10,0.055974597413072626,crossplay
multigen_none_n5_r8_k10_matrix,C5|D1,True,"[0, 1, 2, 3, 4, 5, 6, 7, 8, 9]",multigen_none_n5_r8_k10,"[0, 1, 2, 3, 4, 5, 6, 7, 8, 9]",0.8238,coalition_game_win_rate,coalition_game_win_rate,10,0.13320143476037422,crossplay
multigen_none_n5_r8_k10_matrix,C5|D1,True,"[0, 1, 2, 3, 4, 5, 6, 7, 8, 9]",multigen_none_n5_r8_k10,"[0, 1, 2, 3, 4, 5, 6, 7, 8, 9]",0.41080000000000005,false_ejection_rate,terminal-meeting false ejection,10,0.0667479504471028,crossplay
multigen_none_n5_r8_k10_matrix,C5|D1,True,"[0, 1, 2, 3, 4, 5, 6, 7, 8, 9]",multigen_none_n5_r8_k10,"[0, 1, 2, 3, 4, 5, 6, 7, 8, 9]",0.4475999999999999,mean_false_ejections,mean_false_ejections,10,0.05556017758550934,crossplay
multigen_none_n5_r8_k10_matrix,C5|D10,True,"[0, 1, 2, 3, 4, 5, 6, 7, 8, 9]",multigen_none_n5_r8_k10,"[0, 1, 2, 3, 4, 5, 6, 7, 8, 9]",0.35,any_false_ejection_rate,any_false_ejection_rate,10,0.09592126400798152,crossplay
multigen_none_n5_r8_k10_matrix,C5|D10,True,"[0, 1, 2, 3, 4, 5, 6, 7, 8, 9]",multigen_none_n5_r8_k10,"[0, 1, 2, 3, 4, 5, 6, 7, 8, 9]",0.663,coalition_game_win_rate,coalition_game_win_rate,10,0.16897139797413446,crossplay
multigen_none_n5_r8_k10_matrix,C5|D10,True,"[0, 1, 2, 3, 4, 5, 6, 7, 8, 9]",multigen_none_n5_r8_k10,"[0, 1, 2, 3, 4, 5, 6, 7, 8, 9]",0.30280000000000007,false_ejection_rate,terminal-meeting false ejection,10,0.06582265736220487,crossplay
multigen_none_n5_r8_k10_matrix,C5|D10,True,"[0, 1, 2, 3, 4, 5, 6, 7, 8, 9]",multigen_none_n5_r8_k10,"[0, 1, 2, 3, 4, 5, 6, 7, 8, 9]",0.366,mean_false_ejections,mean_false_ejections,10,0.11595401387331675,crossplay
multigen_none_n5_r8_k10_matrix,C5|D2,True,"[0, 1, 2, 3, 4, 5, 6, 7, 8, 9]",multigen_none_n5_r8_k10,"[0, 1, 2, 3, 4, 5, 6, 7, 8, 9]",0.2884,any_false_ejection_rate,any_false_ejection_rate,10,0.08780179699502486,crossplay
multigen_none_n5_r8_k10_matrix,C5|D2,True,"[0, 1, 2, 3, 4, 5, 6, 7, 8, 9]",multigen_none_n5_r8_k10,"[0, 1, 2, 3, 4, 5, 6, 7, 8, 9]",0.5346000000000001,coalition_game_win_rate,coalition_game_win_rate,10,0.15208199542790504,crossplay
multigen_none_n5_r8_k10_matrix,C5|D2,True,"[0, 1, 2, 3, 4, 5, 6, 7, 8, 9]",multigen_none_n5_r8_k10,"[0, 1, 2, 3, 4, 5, 6, 7, 8, 9]",0.2406,false_ejection_rate,terminal-meeting false ejection,10,0.0859304628431876,crossplay
multigen_none_n5_r8_k10_matrix,C5|D2,True,"[0, 1, 2, 3, 4, 5, 6, 7, 8, 9]",multigen_none_n5_r8_k10,"[0, 1, 2, 3, 4, 5, 6, 7, 8, 9]",0.301,mean_false_ejections,mean_false_ejections,10,0.09626006440887104,crossplay
multigen_none_n5_r8_k10_matrix,C5|D3,True,"[0, 1, 2, 3, 4, 5, 6, 7, 8, 9]",multigen_none_n5_r8_k10,"[0, 1, 2, 3, 4, 5, 6, 7, 8, 9]",0.44140000000000007,any_false_ejection_rate,any_false_ejection_rate,10,0.16677876230370448,crossplay
multigen_none_n5_r8_k10_matrix,C5|D3,True,"[0, 1, 2, 3, 4, 5, 6, 7, 8, 9]",multigen_none_n5_r8_k10,"[0, 1, 2, 3, 4, 5, 6, 7, 8, 9]",0.6992,coalition_game_win_rate,coalition_game_win_rate,10,0.2261213047115296,crossplay
multigen_none_n5_r8_k10_matrix,C5|D3,True,"[0, 1, 2, 3, 4, 5, 6, 7, 8, 9]",multigen_none_n5_r8_k10,"[0, 1, 2, 3, 4, 5, 6, 7, 8, 9]",0.3958,false_ejection_rate,terminal-meeting false ejection,10,0.1738337647805448,crossplay
multigen_none_n5_r8_k10_matrix,C5|D3,True,"[0, 1, 2, 3, 4, 5, 6, 7, 8, 9]",multigen_none_n5_r8_k10,"[0, 1, 2, 3, 4, 5, 6, 7, 8, 9]",0.47120000000000006,mean_false_ejections,mean_false_ejections,10,0.17782938139938767,crossplay
multigen_none_n5_r8_k10_matrix,C5|D4,True,"[0, 1, 2, 3, 4, 5, 6, 7, 8, 9]",multigen_none_n5_r8_k10,"[0, 1, 2, 3, 4, 5, 6, 7, 8, 9]",0.25,any_false_ejection_rate,any_false_ejection_rate,10,0.08210562303115014,crossplay
multigen_none_n5_r8_k10_matrix,C5|D4,True,"[0, 1, 2, 3, 4, 5, 6, 7, 8, 9]",multigen_none_n5_r8_k10,"[0, 1, 2, 3, 4, 5, 6, 7, 8, 9]",0.5026,coalition_game_win_rate,coalition_game_win_rate,10,0.26841766790664967,crossplay
multigen_none_n5_r8_k10_matrix,C5|D4,True,"[0, 1, 2, 3, 4, 5, 6, 7, 8, 9]",multigen_none_n5_r8_k10,"[0, 1, 2, 3, 4, 5, 6, 7, 8, 9]",0.2044,false_ejection_rate,terminal-meeting false ejection,10,0.102955438041039,crossplay
multigen_none_n5_r8_k10_matrix,C5|D4,True,"[0, 1, 2, 3, 4, 5, 6, 7, 8, 9]",multigen_none_n5_r8_k10,"[0, 1, 2, 3, 4, 5, 6, 7, 8, 9]",0.2536,mean_false_ejections,mean_false_ejections,10,0.08221273218506567,crossplay
multigen_none_n5_r8_k10_matrix,C5|D5,True,"[0, 1, 2, 3, 4, 5, 6, 7, 8, 9]",multigen_none_n5_r8_k10,"[0, 1, 2, 3, 4, 5, 6, 7, 8, 9]",0.5976,any_false_ejection_rate,any_false_ejection_rate,10,0.14479963167540635,crossplay
multigen_none_n5_r8_k10_matrix,C5|D5,True,"[0, 1, 2, 3, 4, 5, 6, 7, 8, 9]",multigen_none_n5_r8_k10,"[0, 1, 2, 3, 4, 5, 6, 7, 8, 9]",0.8914,coalition_game_win_rate,coalition_game_win_rate,10,0.04938780776219528,crossplay
multigen_none_n5_r8_k10_matrix,C5|D5,True,"[0, 1, 2, 3, 4, 5, 6, 7, 8, 9]",multigen_none_n5_r8_k10,"[0, 1, 2, 3, 4, 5, 6, 7, 8, 9]",0.5452,false_ejection_rate,terminal-meeting false ejection,10,0.11650922710240592,crossplay
multigen_none_n5_r8_k10_matrix,C5|D5,True,"[0, 1, 2, 3, 4, 5, 6, 7, 8, 9]",multigen_none_n5_r8_k10,"[0, 1, 2, 3, 4, 5, 6, 7, 8, 9]",0.6624000000000001,mean_false_ejections,mean_false_ejections,10,0.206175329917686,crossplay
multigen_none_n5_r8_k10_matrix,C5|D6,True,"[0, 1, 2, 3, 4, 5, 6, 7, 8, 9]",multigen_none_n5_r8_k10,"[0, 1, 2, 3, 4, 5, 6, 7, 8, 9]",0.2666,any_false_ejection_rate,any_false_ejection_rate,10,0.09988460008096009,crossplay
multigen_none_n5_r8_k10_matrix,C5|D6,True,"[0, 1, 2, 3, 4, 5, 6, 7, 8, 9]",multigen_none_n5_r8_k10,"[0, 1, 2, 3, 4, 5, 6, 7, 8, 9]",0.4312,coalition_game_win_rate,coalition_game_win_rate,10,0.16789467597938362,crossplay
multigen_none_n5_r8_k10_matrix,C5|D6,True,"[0, 1, 2, 3, 4, 5, 6, 7, 8, 9]",multigen_none_n5_r8_k10,"[0, 1, 2, 3, 4, 5, 6, 7, 8, 9]",0.2,false_ejection_rate,terminal-meeting false ejection,10,0.09211586906355135,crossplay
multigen_none_n5_r8_k10_matrix,C5|D6,True,"[0, 1, 2, 3, 4, 5, 6, 7, 8, 9]",multigen_none_n5_r8_k10,"[0, 1, 2, 3, 4, 5, 6, 7, 8, 9]",0.2722,mean_false_ejections,mean_false_ejections,10,0.10341910418830319,crossplay
multigen_none_n5_r8_k10_matrix,C5|D7,True,"[0, 1, 2, 3, 4, 5, 6, 7, 8, 9]",multigen_none_n5_r8_k10,"[0, 1, 2, 3, 4, 5, 6, 7, 8, 9]",0.43099999999999994,any_false_ejection_rate,any_false_ejection_rate,10,0.15863655176394736,crossplay
multigen_none_n5_r8_k10_matrix,C5|D7,True,"[0, 1, 2, 3, 4, 5, 6, 7, 8, 9]",multigen_none_n5_r8_k10,"[0, 1, 2, 3, 4, 5, 6, 7, 8, 9]",0.76,coalition_game_win_rate,coalition_game_win_rate,10,0.13929345521835068,crossplay
multigen_none_n5_r8_k10_matrix,C5|D7,True,"[0, 1, 2, 3, 4, 5, 6, 7, 8, 9]",multigen_none_n5_r8_k10,"[0, 1, 2, 3, 4, 5, 6, 7, 8, 9]",0.37839999999999996,false_ejection_rate,terminal-meeting false ejection,10,0.132362465307285,crossplay
multigen_none_n5_r8_k10_matrix,C5|D7,True,"[0, 1, 2, 3, 4, 5, 6, 7, 8, 9]",multigen_none_n5_r8_k10,"[0, 1, 2, 3, 4, 5, 6, 7, 8, 9]",0.4608,mean_false_ejections,mean_false_ejections,10,0.19811825873564617,crossplay
multigen_none_n5_r8_k10_matrix,C5|D8,True,"[0, 1, 2, 3, 4, 5, 6, 7, 8, 9]",multigen_none_n5_r8_k10,"[0, 1, 2, 3, 4, 5, 6, 7, 8, 9]",0.33039999999999997,any_false_ejection_rate,any_false_ejection_rate,10,0.10841402123341796,crossplay
multigen_none_n5_r8_k10_matrix,C5|D8,True,"[0, 1, 2, 3, 4, 5, 6, 7, 8, 9]",multigen_none_n5_r8_k10,"[0, 1, 2, 3, 4, 5, 6, 7, 8, 9]",0.6346,coalition_game_win_rate,coalition_game_win_rate,10,0.24643060776706377,crossplay
multigen_none_n5_r8_k10_matrix,C5|D8,True,"[0, 1, 2, 3, 4, 5, 6, 7, 8, 9]",multigen_none_n5_r8_k10,"[0, 1, 2, 3, 4, 5, 6, 7, 8, 9]",0.29460000000000003,false_ejection_rate,terminal-meeting false ejection,10,0.12441168219530942,crossplay
multigen_none_n5_r8_k10_matrix,C5|D8,True,"[0, 1, 2, 3, 4, 5, 6, 7, 8, 9]",multigen_none_n5_r8_k10,"[0, 1, 2, 3, 4, 5, 6, 7, 8, 9]",0.34019999999999995,mean_false_ejections,mean_false_ejections,10,0.11371484804838225,crossplay
multigen_none_n5_r8_k10_matrix,C5|D9,True,"[0, 1, 2, 3, 4, 5, 6, 7, 8, 9]",multigen_none_n5_r8_k10,"[0, 1, 2, 3, 4, 5, 6, 7, 8, 9]",0.382,any_false_ejection_rate,any_false_ejection_rate,10,0.12276083342101511,crossplay
multigen_none_n5_r8_k10_matrix,C5|D9,True,"[0, 1, 2, 3, 4, 5, 6, 7, 8, 9]",multigen_none_n5_r8_k10,"[0, 1, 2, 3, 4, 5, 6, 7, 8, 9]",0.6798,coalition_game_win_rate,coalition_game_win_rate,10,0.1199609195622567,crossplay
multigen_none_n5_r8_k10_matrix,C5|D9,True,"[0, 1, 2, 3, 4, 5, 6, 7, 8, 9]",multigen_none_n5_r8_k10,"[0, 1, 2, 3, 4, 5, 6, 7, 8, 9]",0.33540000000000003,false_ejection_rate,terminal-meeting false ejection,10,0.11317263116338881,crossplay
multigen_none_n5_r8_k10_matrix,C5|D9,True,"[0, 1, 2, 3, 4, 5, 6, 7, 8, 9]",multigen_none_n5_r8_k10,"[0, 1, 2, 3, 4, 5, 6, 7, 8, 9]",0.3976,mean_false_ejections,mean_false_ejections,10,0.1303526839854946,crossplay
multigen_none_n5_r8_k10_matrix,C6|D0,True,"[0, 1, 2, 3, 4, 5, 6, 7, 8, 9]",multigen_none_n5_r8_k10,"[0, 1, 2, 3, 4, 5, 6, 7, 8, 9]",0.08399999999999999,any_false_ejection_rate,any_false_ejection_rate,10,0.03148191720831359,crossplay
multigen_none_n5_r8_k10_matrix,C6|D0,True,"[0, 1, 2, 3, 4, 5, 6, 7, 8, 9]",multigen_none_n5_r8_k10,"[0, 1, 2, 3, 4, 5, 6, 7, 8, 9]",0.9916,coalition_game_win_rate,coalition_game_win_rate,10,0.012571572870744722,crossplay
multigen_none_n5_r8_k10_matrix,C6|D0,True,"[0, 1, 2, 3, 4, 5, 6, 7, 8, 9]",multigen_none_n5_r8_k10,"[0, 1, 2, 3, 4, 5, 6, 7, 8, 9]",0.08399999999999999,false_ejection_rate,terminal-meeting false ejection,10,0.03148191720831359,crossplay
multigen_none_n5_r8_k10_matrix,C6|D0,True,"[0, 1, 2, 3, 4, 5, 6, 7, 8, 9]",multigen_none_n5_r8_k10,"[0, 1, 2, 3, 4, 5, 6, 7, 8, 9]",0.08399999999999999,mean_false_ejections,mean_false_ejections,10,0.03148191720831359,crossplay
multigen_none_n5_r8_k10_matrix,C6|D1,True,"[0, 1, 2, 3, 4, 5, 6, 7, 8, 9]",multigen_none_n5_r8_k10,"[0, 1, 2, 3, 4, 5, 6, 7, 8, 9]",0.3664,any_false_ejection_rate,any_false_ejection_rate,10,0.14304560267426766,crossplay
multigen_none_n5_r8_k10_matrix,C6|D1,True,"[0, 1, 2, 3, 4, 5, 6, 7, 8, 9]",multigen_none_n5_r8_k10,"[0, 1, 2, 3, 4, 5, 6, 7, 8, 9]",0.6517999999999999,coalition_game_win_rate,coalition_game_win_rate,10,0.29913423222508134,crossplay
multigen_none_n5_r8_k10_matrix,C6|D1,True,"[0, 1, 2, 3, 4, 5, 6, 7, 8, 9]",multigen_none_n5_r8_k10,"[0, 1, 2, 3, 4, 5, 6, 7, 8, 9]",0.3378,false_ejection_rate,terminal-meeting false ejection,10,0.16717642045323125,crossplay
multigen_none_n5_r8_k10_matrix,C6|D1,True,"[0, 1, 2, 3, 4, 5, 6, 7, 8, 9]",multigen_none_n5_r8_k10,"[0, 1, 2, 3, 4, 5, 6, 7, 8, 9]",0.3722,mean_false_ejections,mean_false_ejections,10,0.14535305676562538,crossplay
multigen_none_n5_r8_k10_matrix,C6|D10,True,"[0, 1, 2, 3, 4, 5, 6, 7, 8, 9]",multigen_none_n5_r8_k10,"[0, 1, 2, 3, 4, 5, 6, 7, 8, 9]",0.36100000000000004,any_false_ejection_rate,any_false_ejection_rate,10,0.11351064560941705,crossplay
multigen_none_n5_r8_k10_matrix,C6|D10,True,"[0, 1, 2, 3, 4, 5, 6, 7, 8, 9]",multigen_none_n5_r8_k10,"[0, 1, 2, 3, 4, 5, 6, 7, 8, 9]",0.6936,coalition_game_win_rate,coalition_game_win_rate,10,0.28263018632520875,crossplay
multigen_none_n5_r8_k10_matrix,C6|D10,True,"[0, 1, 2, 3, 4, 5, 6, 7, 8, 9]",multigen_none_n5_r8_k10,"[0, 1, 2, 3, 4, 5, 6, 7, 8, 9]",0.311,false_ejection_rate,terminal-meeting false ejection,10,0.13416159410700715,crossplay
multigen_none_n5_r8_k10_matrix,C6|D10,True,"[0, 1, 2, 3, 4, 5, 6, 7, 8, 9]",multigen_none_n5_r8_k10,"[0, 1, 2, 3, 4, 5, 6, 7, 8, 9]",0.3722,mean_false_ejections,mean_false_ejections,10,0.11784905599961333,crossplay
multigen_none_n5_r8_k10_matrix,C6|D2,True,"[0, 1, 2, 3, 4, 5, 6, 7, 8, 9]",multigen_none_n5_r8_k10,"[0, 1, 2, 3, 4, 5, 6, 7, 8, 9]",0.35660000000000003,any_false_ejection_rate,any_false_ejection_rate,10,0.12214399516781638,crossplay
multigen_none_n5_r8_k10_matrix,C6|D2,True,"[0, 1, 2, 3, 4, 5, 6, 7, 8, 9]",multigen_none_n5_r8_k10,"[0, 1, 2, 3, 4, 5, 6, 7, 8, 9]",0.7042,coalition_game_win_rate,coalition_game_win_rate,10,0.2316768822687706,crossplay
multigen_none_n5_r8_k10_matrix,C6|D2,True,"[0, 1, 2, 3, 4, 5, 6, 7, 8, 9]",multigen_none_n5_r8_k10,"[0, 1, 2, 3, 4, 5, 6, 7, 8, 9]",0.3108,false_ejection_rate,terminal-meeting false ejection,10,0.12625617696660318,crossplay
multigen_none_n5_r8_k10_matrix,C6|D2,True,"[0, 1, 2, 3, 4, 5, 6, 7, 8, 9]",multigen_none_n5_r8_k10,"[0, 1, 2, 3, 4, 5, 6, 7, 8, 9]",0.3678,mean_false_ejections,mean_false_ejections,10,0.12759467073510555,crossplay
multigen_none_n5_r8_k10_matrix,C6|D3,True,"[0, 1, 2, 3, 4, 5, 6, 7, 8, 9]",multigen_none_n5_r8_k10,"[0, 1, 2, 3, 4, 5, 6, 7, 8, 9]",0.31299999999999994,any_false_ejection_rate,any_false_ejection_rate,10,0.17689733369010022,crossplay
multigen_none_n5_r8_k10_matrix,C6|D3,True,"[0, 1, 2, 3, 4, 5, 6, 7, 8, 9]",multigen_none_n5_r8_k10,"[0, 1, 2, 3, 4, 5, 6, 7, 8, 9]",0.5058,coalition_game_win_rate,coalition_game_win_rate,10,0.3651927345023903,crossplay
multigen_none_n5_r8_k10_matrix,C6|D3,True,"[0, 1, 2, 3, 4, 5, 6, 7, 8, 9]",multigen_none_n5_r8_k10,"[0, 1, 2, 3, 4, 5, 6, 7, 8, 9]",0.26,false_ejection_rate,terminal-meeting false ejection,10,0.19941024157360737,crossplay
multigen_none_n5_r8_k10_matrix,C6|D3,True,"[0, 1, 2, 3, 4, 5, 6, 7, 8, 9]",multigen_none_n5_r8_k10,"[0, 1, 2, 3, 4, 5, 6, 7, 8, 9]",0.3316,mean_false_ejections,mean_false_ejections,10,0.18727472392776937,crossplay
multigen_none_n5_r8_k10_matrix,C6|D4,True,"[0, 1, 2, 3, 4, 5, 6, 7, 8, 9]",multigen_none_n5_r8_k10,"[0, 1, 2, 3, 4, 5, 6, 7, 8, 9]",0.376,any_false_ejection_rate,any_false_ejection_rate,10,0.08007774000584958,crossplay
multigen_none_n5_r8_k10_matrix,C6|D4,True,"[0, 1, 2, 3, 4, 5, 6, 7, 8, 9]",multigen_none_n5_r8_k10,"[0, 1, 2, 3, 4, 5, 6, 7, 8, 9]",0.8248000000000001,coalition_game_win_rate,coalition_game_win_rate,10,0.14353690969379423,crossplay
multigen_none_n5_r8_k10_matrix,C6|D4,True,"[0, 1, 2, 3, 4, 5, 6, 7, 8, 9]",multigen_none_n5_r8_k10,"[0, 1, 2, 3, 4, 5, 6, 7, 8, 9]",0.35239999999999994,false_ejection_rate,terminal-meeting false ejection,10,0.08816550093747301,crossplay
multigen_none_n5_r8_k10_matrix,C6|D4,True,"[0, 1, 2, 3, 4, 5, 6, 7, 8, 9]",multigen_none_n5_r8_k10,"[0, 1, 2, 3, 4, 5, 6, 7, 8, 9]",0.3832,mean_false_ejections,mean_false_ejections,10,0.08351287325915688,crossplay
multigen_none_n5_r8_k10_matrix,C6|D5,True,"[0, 1, 2, 3, 4, 5, 6, 7, 8, 9]",multigen_none_n5_r8_k10,"[0, 1, 2, 3, 4, 5, 6, 7, 8, 9]",0.2638,any_false_ejection_rate,any_false_ejection_rate,10,0.20803514660321756,crossplay
multigen_none_n5_r8_k10_matrix,C6|D5,True,"[0, 1, 2, 3, 4, 5, 6, 7, 8, 9]",multigen_none_n5_r8_k10,"[0, 1, 2, 3, 4, 5, 6, 7, 8, 9]",0.3206,coalition_game_win_rate,coalition_game_win_rate,10,0.23337532955401358,crossplay
multigen_none_n5_r8_k10_matrix,C6|D5,True,"[0, 1, 2, 3, 4, 5, 6, 7, 8, 9]",multigen_none_n5_r8_k10,"[0, 1, 2, 3, 4, 5, 6, 7, 8, 9]",0.16499999999999998,false_ejection_rate,terminal-meeting false ejection,10,0.16255802382875817,crossplay
multigen_none_n5_r8_k10_matrix,C6|D5,True,"[0, 1, 2, 3, 4, 5, 6, 7, 8, 9]",multigen_none_n5_r8_k10,"[0, 1, 2, 3, 4, 5, 6, 7, 8, 9]",0.2976,mean_false_ejections,mean_false_ejections,10,0.2885131231369247,crossplay
multigen_none_n5_r8_k10_matrix,C6|D6,True,"[0, 1, 2, 3, 4, 5, 6, 7, 8, 9]",multigen_none_n5_r8_k10,"[0, 1, 2, 3, 4, 5, 6, 7, 8, 9]",0.40260000000000007,any_false_ejection_rate,any_false_ejection_rate,10,0.09585660586985588,crossplay
multigen_none_n5_r8_k10_matrix,C6|D6,True,"[0, 1, 2, 3, 4, 5, 6, 7, 8, 9]",multigen_none_n5_r8_k10,"[0, 1, 2, 3, 4, 5, 6, 7, 8, 9]",0.9321999999999999,coalition_game_win_rate,coalition_game_win_rate,10,0.04765104639168191,crossplay
multigen_none_n5_r8_k10_matrix,C6|D6,True,"[0, 1, 2, 3, 4, 5, 6, 7, 8, 9]",multigen_none_n5_r8_k10,"[0, 1, 2, 3, 4, 5, 6, 7, 8, 9]",0.39139999999999997,false_ejection_rate,terminal-meeting false ejection,10,0.08484259936297725,crossplay
multigen_none_n5_r8_k10_matrix,C6|D6,True,"[0, 1, 2, 3, 4, 5, 6, 7, 8, 9]",multigen_none_n5_r8_k10,"[0, 1, 2, 3, 4, 5, 6, 7, 8, 9]",0.41079999999999994,mean_false_ejections,mean_false_ejections,10,0.10478422273096906,crossplay
multigen_none_n5_r8_k10_matrix,C6|D7,True,"[0, 1, 2, 3, 4, 5, 6, 7, 8, 9]",multigen_none_n5_r8_k10,"[0, 1, 2, 3, 4, 5, 6, 7, 8, 9]",0.21339999999999998,any_false_ejection_rate,any_false_ejection_rate,10,0.1083084073888593,crossplay
multigen_none_n5_r8_k10_matrix,C6|D7,True,"[0, 1, 2, 3, 4, 5, 6, 7, 8, 9]",multigen_none_n5_r8_k10,"[0, 1, 2, 3, 4, 5, 6, 7, 8, 9]",0.2628,coalition_game_win_rate,coalition_game_win_rate,10,0.13533234810807224,crossplay
multigen_none_n5_r8_k10_matrix,C6|D7,True,"[0, 1, 2, 3, 4, 5, 6, 7, 8, 9]",multigen_none_n5_r8_k10,"[0, 1, 2, 3, 4, 5, 6, 7, 8, 9]",0.1302,false_ejection_rate,terminal-meeting false ejection,10,0.087627748015239,crossplay
multigen_none_n5_r8_k10_matrix,C6|D7,True,"[0, 1, 2, 3, 4, 5, 6, 7, 8, 9]",multigen_none_n5_r8_k10,"[0, 1, 2, 3, 4, 5, 6, 7, 8, 9]",0.2244,mean_false_ejections,mean_false_ejections,10,0.11902119325752218,crossplay
multigen_none_n5_r8_k10_matrix,C6|D8,True,"[0, 1, 2, 3, 4, 5, 6, 7, 8, 9]",multigen_none_n5_r8_k10,"[0, 1, 2, 3, 4, 5, 6, 7, 8, 9]",0.43000000000000005,any_false_ejection_rate,any_false_ejection_rate,10,0.08018312374392343,crossplay
multigen_none_n5_r8_k10_matrix,C6|D8,True,"[0, 1, 2, 3, 4, 5, 6, 7, 8, 9]",multigen_none_n5_r8_k10,"[0, 1, 2, 3, 4, 5, 6, 7, 8, 9]",0.8311999999999999,coalition_game_win_rate,coalition_game_win_rate,10,0.16769867156434018,crossplay
multigen_none_n5_r8_k10_matrix,C6|D8,True,"[0, 1, 2, 3, 4, 5, 6, 7, 8, 9]",multigen_none_n5_r8_k10,"[0, 1, 2, 3, 4, 5, 6, 7, 8, 9]",0.40440000000000004,false_ejection_rate,terminal-meeting false ejection,10,0.09573017636391708,crossplay
multigen_none_n5_r8_k10_matrix,C6|D8,True,"[0, 1, 2, 3, 4, 5, 6, 7, 8, 9]",multigen_none_n5_r8_k10,"[0, 1, 2, 3, 4, 5, 6, 7, 8, 9]",0.44320000000000004,mean_false_ejections,mean_false_ejections,10,0.07867909506342839,crossplay
multigen_none_n5_r8_k10_matrix,C6|D9,True,"[0, 1, 2, 3, 4, 5, 6, 7, 8, 9]",multigen_none_n5_r8_k10,"[0, 1, 2, 3, 4, 5, 6, 7, 8, 9]",0.34019999999999995,any_false_ejection_rate,any_false_ejection_rate,10,0.16632885765521535,crossplay
multigen_none_n5_r8_k10_matrix,C6|D9,True,"[0, 1, 2, 3, 4, 5, 6, 7, 8, 9]",multigen_none_n5_r8_k10,"[0, 1, 2, 3, 4, 5, 6, 7, 8, 9]",0.5559999999999999,coalition_game_win_rate,coalition_game_win_rate,10,0.30162817433979133,crossplay
multigen_none_n5_r8_k10_matrix,C6|D9,True,"[0, 1, 2, 3, 4, 5, 6, 7, 8, 9]",multigen_none_n5_r8_k10,"[0, 1, 2, 3, 4, 5, 6, 7, 8, 9]",0.2862,false_ejection_rate,terminal-meeting false ejection,10,0.16076608265841816,crossplay
multigen_none_n5_r8_k10_matrix,C6|D9,True,"[0, 1, 2, 3, 4, 5, 6, 7, 8, 9]",multigen_none_n5_r8_k10,"[0, 1, 2, 3, 4, 5, 6, 7, 8, 9]",0.3732,mean_false_ejections,mean_false_ejections,10,0.21743801160075227,crossplay
multigen_none_n5_r8_k10_matrix,C7|D0,True,"[0, 1, 2, 3, 4, 5, 6, 7, 8, 9]",multigen_none_n5_r8_k10,"[0, 1, 2, 3, 4, 5, 6, 7, 8, 9]",0.08199999999999999,any_false_ejection_rate,any_false_ejection_rate,10,0.022211108331943577,crossplay
multigen_none_n5_r8_k10_matrix,C7|D0,True,"[0, 1, 2, 3, 4, 5, 6, 7, 8, 9]",multigen_none_n5_r8_k10,"[0, 1, 2, 3, 4, 5, 6, 7, 8, 9]",0.985,coalition_game_win_rate,coalition_game_win_rate,10,0.03841585320903048,crossplay
multigen_none_n5_r8_k10_matrix,C7|D0,True,"[0, 1, 2, 3, 4, 5, 6, 7, 8, 9]",multigen_none_n5_r8_k10,"[0, 1, 2, 3, 4, 5, 6, 7, 8, 9]",0.08199999999999999,false_ejection_rate,terminal-meeting false ejection,10,0.022211108331943577,crossplay
multigen_none_n5_r8_k10_matrix,C7|D0,True,"[0, 1, 2, 3, 4, 5, 6, 7, 8, 9]",multigen_none_n5_r8_k10,"[0, 1, 2, 3, 4, 5, 6, 7, 8, 9]",0.08199999999999999,mean_false_ejections,mean_false_ejections,10,0.022211108331943577,crossplay
multigen_none_n5_r8_k10_matrix,C7|D1,True,"[0, 1, 2, 3, 4, 5, 6, 7, 8, 9]",multigen_none_n5_r8_k10,"[0, 1, 2, 3, 4, 5, 6, 7, 8, 9]",0.4566,any_false_ejection_rate,any_false_ejection_rate,10,0.07046543676000155,crossplay
multigen_none_n5_r8_k10_matrix,C7|D1,True,"[0, 1, 2, 3, 4, 5, 6, 7, 8, 9]",multigen_none_n5_r8_k10,"[0, 1, 2, 3, 4, 5, 6, 7, 8, 9]",0.805,coalition_game_win_rate,coalition_game_win_rate,10,0.1455968558879087,crossplay
multigen_none_n5_r8_k10_matrix,C7|D1,True,"[0, 1, 2, 3, 4, 5, 6, 7, 8, 9]",multigen_none_n5_r8_k10,"[0, 1, 2, 3, 4, 5, 6, 7, 8, 9]",0.42940000000000006,false_ejection_rate,terminal-meeting false ejection,10,0.08697407020997057,crossplay
multigen_none_n5_r8_k10_matrix,C7|D1,True,"[0, 1, 2, 3, 4, 5, 6, 7, 8, 9]",multigen_none_n5_r8_k10,"[0, 1, 2, 3, 4, 5, 6, 7, 8, 9]",0.47280000000000005,mean_false_ejections,mean_false_ejections,10,0.07355240006658897,crossplay
multigen_none_n5_r8_k10_matrix,C7|D10,True,"[0, 1, 2, 3, 4, 5, 6, 7, 8, 9]",multigen_none_n5_r8_k10,"[0, 1, 2, 3, 4, 5, 6, 7, 8, 9]",0.36219999999999997,any_false_ejection_rate,any_false_ejection_rate,10,0.0971617208575476,crossplay
multigen_none_n5_r8_k10_matrix,C7|D10,True,"[0, 1, 2, 3, 4, 5, 6, 7, 8, 9]",multigen_none_n5_r8_k10,"[0, 1, 2, 3, 4, 5, 6, 7, 8, 9]",0.635,coalition_game_win_rate,coalition_game_win_rate,10,0.1883454273402994,crossplay
multigen_none_n5_r8_k10_matrix,C7|D10,True,"[0, 1, 2, 3, 4, 5, 6, 7, 8, 9]",multigen_none_n5_r8_k10,"[0, 1, 2, 3, 4, 5, 6, 7, 8, 9]",0.31900000000000006,false_ejection_rate,terminal-meeting false ejection,10,0.09411694852681954,crossplay
multigen_none_n5_r8_k10_matrix,C7|D10,True,"[0, 1, 2, 3, 4, 5, 6, 7, 8, 9]",multigen_none_n5_r8_k10,"[0, 1, 2, 3, 4, 5, 6, 7, 8, 9]",0.37920000000000004,mean_false_ejections,mean_false_ejections,10,0.10591485049583724,crossplay
multigen_none_n5_r8_k10_matrix,C7|D2,True,"[0, 1, 2, 3, 4, 5, 6, 7, 8, 9]",multigen_none_n5_r8_k10,"[0, 1, 2, 3, 4, 5, 6, 7, 8, 9]",0.29439999999999994,any_false_ejection_rate,any_false_ejection_rate,10,0.08920787209907231,crossplay
multigen_none_n5_r8_k10_matrix,C7|D2,True,"[0, 1, 2, 3, 4, 5, 6, 7, 8, 9]",multigen_none_n5_r8_k10,"[0, 1, 2, 3, 4, 5, 6, 7, 8, 9]",0.5232,coalition_game_win_rate,coalition_game_win_rate,10,0.15516070522024722,crossplay
multigen_none_n5_r8_k10_matrix,C7|D2,True,"[0, 1, 2, 3, 4, 5, 6, 7, 8, 9]",multigen_none_n5_r8_k10,"[0, 1, 2, 3, 4, 5, 6, 7, 8, 9]",0.238,false_ejection_rate,terminal-meeting false ejection,10,0.08655377262462657,crossplay
multigen_none_n5_r8_k10_matrix,C7|D2,True,"[0, 1, 2, 3, 4, 5, 6, 7, 8, 9]",multigen_none_n5_r8_k10,"[0, 1, 2, 3, 4, 5, 6, 7, 8, 9]",0.3054,mean_false_ejections,mean_false_ejections,10,0.09229445631600343,crossplay
multigen_none_n5_r8_k10_matrix,C7|D3,True,"[0, 1, 2, 3, 4, 5, 6, 7, 8, 9]",multigen_none_n5_r8_k10,"[0, 1, 2, 3, 4, 5, 6, 7, 8, 9]",0.47000000000000003,any_false_ejection_rate,any_false_ejection_rate,10,0.1612754717177345,crossplay
multigen_none_n5_r8_k10_matrix,C7|D3,True,"[0, 1, 2, 3, 4, 5, 6, 7, 8, 9]",multigen_none_n5_r8_k10,"[0, 1, 2, 3, 4, 5, 6, 7, 8, 9]",0.6963999999999999,coalition_game_win_rate,coalition_game_win_rate,10,0.13910763218937103,crossplay
multigen_none_n5_r8_k10_matrix,C7|D3,True,"[0, 1, 2, 3, 4, 5, 6, 7, 8, 9]",multigen_none_n5_r8_k10,"[0, 1, 2, 3, 4, 5, 6, 7, 8, 9]",0.4146000000000001,false_ejection_rate,terminal-meeting false ejection,10,0.14116042882715632,crossplay
multigen_none_n5_r8_k10_matrix,C7|D3,True,"[0, 1, 2, 3, 4, 5, 6, 7, 8, 9]",multigen_none_n5_r8_k10,"[0, 1, 2, 3, 4, 5, 6, 7, 8, 9]",0.5309999999999999,mean_false_ejections,mean_false_ejections,10,0.23433736364481017,crossplay
multigen_none_n5_r8_k10_matrix,C7|D4,True,"[0, 1, 2, 3, 4, 5, 6, 7, 8, 9]",multigen_none_n5_r8_k10,"[0, 1, 2, 3, 4, 5, 6, 7, 8, 9]",0.2834,any_false_ejection_rate,any_false_ejection_rate,10,0.13088094675017528,crossplay
multigen_none_n5_r8_k10_matrix,C7|D4,True,"[0, 1, 2, 3, 4, 5, 6, 7, 8, 9]",multigen_none_n5_r8_k10,"[0, 1, 2, 3, 4, 5, 6, 7, 8, 9]",0.49939999999999996,coalition_game_win_rate,coalition_game_win_rate,10,0.2642171665715744,crossplay
multigen_none_n5_r8_k10_matrix,C7|D4,True,"[0, 1, 2, 3, 4, 5, 6, 7, 8, 9]",multigen_none_n5_r8_k10,"[0, 1, 2, 3, 4, 5, 6, 7, 8, 9]",0.24059999999999998,false_ejection_rate,terminal-meeting false ejection,10,0.1485875723829778,crossplay
multigen_none_n5_r8_k10_matrix,C7|D4,True,"[0, 1, 2, 3, 4, 5, 6, 7, 8, 9]",multigen_none_n5_r8_k10,"[0, 1, 2, 3, 4, 5, 6, 7, 8, 9]",0.2872,mean_false_ejections,mean_false_ejections,10,0.1307319564775363,crossplay
multigen_none_n5_r8_k10_matrix,C7|D5,True,"[0, 1, 2, 3, 4, 5, 6, 7, 8, 9]",multigen_none_n5_r8_k10,"[0, 1, 2, 3, 4, 5, 6, 7, 8, 9]",0.391,any_false_ejection_rate,any_false_ejection_rate,10,0.16559991948468253,crossplay
multigen_none_n5_r8_k10_matrix,C7|D5,True,"[0, 1, 2, 3, 4, 5, 6, 7, 8, 9]",multigen_none_n5_r8_k10,"[0, 1, 2, 3, 4, 5, 6, 7, 8, 9]",0.6742000000000001,coalition_game_win_rate,coalition_game_win_rate,10,0.1862983270635211,crossplay
multigen_none_n5_r8_k10_matrix,C7|D5,True,"[0, 1, 2, 3, 4, 5, 6, 7, 8, 9]",multigen_none_n5_r8_k10,"[0, 1, 2, 3, 4, 5, 6, 7, 8, 9]",0.3264,false_ejection_rate,terminal-meeting false ejection,10,0.11997703483954289,crossplay
multigen_none_n5_r8_k10_matrix,C7|D5,True,"[0, 1, 2, 3, 4, 5, 6, 7, 8, 9]",multigen_none_n5_r8_k10,"[0, 1, 2, 3, 4, 5, 6, 7, 8, 9]",0.4364,mean_false_ejections,mean_false_ejections,10,0.23111863235624736,crossplay
multigen_none_n5_r8_k10_matrix,C7|D6,True,"[0, 1, 2, 3, 4, 5, 6, 7, 8, 9]",multigen_none_n5_r8_k10,"[0, 1, 2, 3, 4, 5, 6, 7, 8, 9]",0.3492,any_false_ejection_rate,any_false_ejection_rate,10,0.17690474524129898,crossplay
multigen_none_n5_r8_k10_matrix,C7|D6,True,"[0, 1, 2, 3, 4, 5, 6, 7, 8, 9]",multigen_none_n5_r8_k10,"[0, 1, 2, 3, 4, 5, 6, 7, 8, 9]",0.5784,coalition_game_win_rate,coalition_game_win_rate,10,0.25695447067525407,crossplay
multigen_none_n5_r8_k10_matrix,C7|D6,True,"[0, 1, 2, 3, 4, 5, 6, 7, 8, 9]",multigen_none_n5_r8_k10,"[0, 1, 2, 3, 4, 5, 6, 7, 8, 9]",0.289,false_ejection_rate,terminal-meeting false ejection,10,0.17818155534921865,crossplay
multigen_none_n5_r8_k10_matrix,C7|D6,True,"[0, 1, 2, 3, 4, 5, 6, 7, 8, 9]",multigen_none_n5_r8_k10,"[0, 1, 2, 3, 4, 5, 6, 7, 8, 9]",0.3638,mean_false_ejections,mean_false_ejections,10,0.19481603858227095,crossplay
multigen_none_n5_r8_k10_matrix,C7|D7,True,"[0, 1, 2, 3, 4, 5, 6, 7, 8, 9]",multigen_none_n5_r8_k10,"[0, 1, 2, 3, 4, 5, 6, 7, 8, 9]",0.5330000000000001,any_false_ejection_rate,any_false_ejection_rate,10,0.15655244062826573,crossplay
multigen_none_n5_r8_k10_matrix,C7|D7,True,"[0, 1, 2, 3, 4, 5, 6, 7, 8, 9]",multigen_none_n5_r8_k10,"[0, 1, 2, 3, 4, 5, 6, 7, 8, 9]",0.9398,coalition_game_win_rate,coalition_game_win_rate,10,0.0389238572942953,crossplay
multigen_none_n5_r8_k10_matrix,C7|D7,True,"[0, 1, 2, 3, 4, 5, 6, 7, 8, 9]",multigen_none_n5_r8_k10,"[0, 1, 2, 3, 4, 5, 6, 7, 8, 9]",0.5178,false_ejection_rate,terminal-meeting false ejection,10,0.1364386716115014,crossplay
multigen_none_n5_r8_k10_matrix,C7|D7,True,"[0, 1, 2, 3, 4, 5, 6, 7, 8, 9]",multigen_none_n5_r8_k10,"[0, 1, 2, 3, 4, 5, 6, 7, 8, 9]",0.5688,mean_false_ejections,mean_false_ejections,10,0.23161308732932648,crossplay
multigen_none_n5_r8_k10_matrix,C7|D8,True,"[0, 1, 2, 3, 4, 5, 6, 7, 8, 9]",multigen_none_n5_r8_k10,"[0, 1, 2, 3, 4, 5, 6, 7, 8, 9]",0.306,any_false_ejection_rate,any_false_ejection_rate,10,0.17026776298263602,crossplay
multigen_none_n5_r8_k10_matrix,C7|D8,True,"[0, 1, 2, 3, 4, 5, 6, 7, 8, 9]",multigen_none_n5_r8_k10,"[0, 1, 2, 3, 4, 5, 6, 7, 8, 9]",0.4688,coalition_game_win_rate,coalition_game_win_rate,10,0.2295061364466464,crossplay
multigen_none_n5_r8_k10_matrix,C7|D8,True,"[0, 1, 2, 3, 4, 5, 6, 7, 8, 9]",multigen_none_n5_r8_k10,"[0, 1, 2, 3, 4, 5, 6, 7, 8, 9]",0.25980000000000003,false_ejection_rate,terminal-meeting false ejection,10,0.17925388574743797,crossplay
multigen_none_n5_r8_k10_matrix,C7|D8,True,"[0, 1, 2, 3, 4, 5, 6, 7, 8, 9]",multigen_none_n5_r8_k10,"[0, 1, 2, 3, 4, 5, 6, 7, 8, 9]",0.3194,mean_false_ejections,mean_false_ejections,10,0.18184498893288206,crossplay
multigen_none_n5_r8_k10_matrix,C7|D9,True,"[0, 1, 2, 3, 4, 5, 6, 7, 8, 9]",multigen_none_n5_r8_k10,"[0, 1, 2, 3, 4, 5, 6, 7, 8, 9]",0.3862,any_false_ejection_rate,any_false_ejection_rate,10,0.08280338157345991,crossplay
multigen_none_n5_r8_k10_matrix,C7|D9,True,"[0, 1, 2, 3, 4, 5, 6, 7, 8, 9]",multigen_none_n5_r8_k10,"[0, 1, 2, 3, 4, 5, 6, 7, 8, 9]",0.7228000000000001,coalition_game_win_rate,coalition_game_win_rate,10,0.16561052033142232,crossplay
multigen_none_n5_r8_k10_matrix,C7|D9,True,"[0, 1, 2, 3, 4, 5, 6, 7, 8, 9]",multigen_none_n5_r8_k10,"[0, 1, 2, 3, 4, 5, 6, 7, 8, 9]",0.3456,false_ejection_rate,terminal-meeting false ejection,10,0.08870826092059045,crossplay
multigen_none_n5_r8_k10_matrix,C7|D9,True,"[0, 1, 2, 3, 4, 5, 6, 7, 8, 9]",multigen_none_n5_r8_k10,"[0, 1, 2, 3, 4, 5, 6, 7, 8, 9]",0.4042,mean_false_ejections,mean_false_ejections,10,0.08968314594541534,crossplay
multigen_none_n5_r8_k10_matrix,C8|D0,True,"[0, 1, 2, 3, 4, 5, 6, 7, 8, 9]",multigen_none_n5_r8_k10,"[0, 1, 2, 3, 4, 5, 6, 7, 8, 9]",0.09119999999999999,any_false_ejection_rate,any_false_ejection_rate,10,0.02059557665562627,crossplay
multigen_none_n5_r8_k10_matrix,C8|D0,True,"[0, 1, 2, 3, 4, 5, 6, 7, 8, 9]",multigen_none_n5_r8_k10,"[0, 1, 2, 3, 4, 5, 6, 7, 8, 9]",0.9888,coalition_game_win_rate,coalition_game_win_rate,10,0.018237933606146912,crossplay
multigen_none_n5_r8_k10_matrix,C8|D0,True,"[0, 1, 2, 3, 4, 5, 6, 7, 8, 9]",multigen_none_n5_r8_k10,"[0, 1, 2, 3, 4, 5, 6, 7, 8, 9]",0.091,false_ejection_rate,terminal-meeting false ejection,10,0.020488479147505744,crossplay
multigen_none_n5_r8_k10_matrix,C8|D0,True,"[0, 1, 2, 3, 4, 5, 6, 7, 8, 9]",multigen_none_n5_r8_k10,"[0, 1, 2, 3, 4, 5, 6, 7, 8, 9]",0.09119999999999999,mean_false_ejections,mean_false_ejections,10,0.02059557665562627,crossplay
multigen_none_n5_r8_k10_matrix,C8|D1,True,"[0, 1, 2, 3, 4, 5, 6, 7, 8, 9]",multigen_none_n5_r8_k10,"[0, 1, 2, 3, 4, 5, 6, 7, 8, 9]",0.4194,any_false_ejection_rate,any_false_ejection_rate,10,0.13021025731911876,crossplay
multigen_none_n5_r8_k10_matrix,C8|D1,True,"[0, 1, 2, 3, 4, 5, 6, 7, 8, 9]",multigen_none_n5_r8_k10,"[0, 1, 2, 3, 4, 5, 6, 7, 8, 9]",0.7470000000000001,coalition_game_win_rate,coalition_game_win_rate,10,0.2469354391558877,crossplay
multigen_none_n5_r8_k10_matrix,C8|D1,True,"[0, 1, 2, 3, 4, 5, 6, 7, 8, 9]",multigen_none_n5_r8_k10,"[0, 1, 2, 3, 4, 5, 6, 7, 8, 9]",0.3886,false_ejection_rate,terminal-meeting false ejection,10,0.14849481846553136,crossplay
multigen_none_n5_r8_k10_matrix,C8|D1,True,"[0, 1, 2, 3, 4, 5, 6, 7, 8, 9]",multigen_none_n5_r8_k10,"[0, 1, 2, 3, 4, 5, 6, 7, 8, 9]",0.43739999999999996,mean_false_ejections,mean_false_ejections,10,0.13718130744059526,crossplay
multigen_none_n5_r8_k10_matrix,C8|D10,True,"[0, 1, 2, 3, 4, 5, 6, 7, 8, 9]",multigen_none_n5_r8_k10,"[0, 1, 2, 3, 4, 5, 6, 7, 8, 9]",0.381,any_false_ejection_rate,any_false_ejection_rate,10,0.1099424091664965,crossplay
multigen_none_n5_r8_k10_matrix,C8|D10,True,"[0, 1, 2, 3, 4, 5, 6, 7, 8, 9]",multigen_none_n5_r8_k10,"[0, 1, 2, 3, 4, 5, 6, 7, 8, 9]",0.7459999999999999,coalition_game_win_rate,coalition_game_win_rate,10,0.2280506766293648,crossplay
multigen_none_n5_r8_k10_matrix,C8|D10,True,"[0, 1, 2, 3, 4, 5, 6, 7, 8, 9]",multigen_none_n5_r8_k10,"[0, 1, 2, 3, 4, 5, 6, 7, 8, 9]",0.3382,false_ejection_rate,terminal-meeting false ejection,10,0.11276504580567313,crossplay
multigen_none_n5_r8_k10_matrix,C8|D10,True,"[0, 1, 2, 3, 4, 5, 6, 7, 8, 9]",multigen_none_n5_r8_k10,"[0, 1, 2, 3, 4, 5, 6, 7, 8, 9]",0.3912,mean_false_ejections,mean_false_ejections,10,0.11791597761871703,crossplay
multigen_none_n5_r8_k10_matrix,C8|D2,True,"[0, 1, 2, 3, 4, 5, 6, 7, 8, 9]",multigen_none_n5_r8_k10,"[0, 1, 2, 3, 4, 5, 6, 7, 8, 9]",0.3196,any_false_ejection_rate,any_false_ejection_rate,10,0.09743738730304935,crossplay
multigen_none_n5_r8_k10_matrix,C8|D2,True,"[0, 1, 2, 3, 4, 5, 6, 7, 8, 9]",multigen_none_n5_r8_k10,"[0, 1, 2, 3, 4, 5, 6, 7, 8, 9]",0.6294000000000001,coalition_game_win_rate,coalition_game_win_rate,10,0.2585842652255203,crossplay
multigen_none_n5_r8_k10_matrix,C8|D2,True,"[0, 1, 2, 3, 4, 5, 6, 7, 8, 9]",multigen_none_n5_r8_k10,"[0, 1, 2, 3, 4, 5, 6, 7, 8, 9]",0.2754,false_ejection_rate,terminal-meeting false ejection,10,0.09820635869885865,crossplay
multigen_none_n5_r8_k10_matrix,C8|D2,True,"[0, 1, 2, 3, 4, 5, 6, 7, 8, 9]",multigen_none_n5_r8_k10,"[0, 1, 2, 3, 4, 5, 6, 7, 8, 9]",0.3308,mean_false_ejections,mean_false_ejections,10,0.10616214014421527,crossplay
multigen_none_n5_r8_k10_matrix,C8|D3,True,"[0, 1, 2, 3, 4, 5, 6, 7, 8, 9]",multigen_none_n5_r8_k10,"[0, 1, 2, 3, 4, 5, 6, 7, 8, 9]",0.36279999999999996,any_false_ejection_rate,any_false_ejection_rate,10,0.1670880007660634,crossplay
multigen_none_n5_r8_k10_matrix,C8|D3,True,"[0, 1, 2, 3, 4, 5, 6, 7, 8, 9]",multigen_none_n5_r8_k10,"[0, 1, 2, 3, 4, 5, 6, 7, 8, 9]",0.5962,coalition_game_win_rate,coalition_game_win_rate,10,0.31924974549715773,crossplay
multigen_none_n5_r8_k10_matrix,C8|D3,True,"[0, 1, 2, 3, 4, 5, 6, 7, 8, 9]",multigen_none_n5_r8_k10,"[0, 1, 2, 3, 4, 5, 6, 7, 8, 9]",0.3136,false_ejection_rate,terminal-meeting false ejection,10,0.18183215703866393,crossplay
multigen_none_n5_r8_k10_matrix,C8|D3,True,"[0, 1, 2, 3, 4, 5, 6, 7, 8, 9]",multigen_none_n5_r8_k10,"[0, 1, 2, 3, 4, 5, 6, 7, 8, 9]",0.3906,mean_false_ejections,mean_false_ejections,10,0.1890256890242993,crossplay
multigen_none_n5_r8_k10_matrix,C8|D4,True,"[0, 1, 2, 3, 4, 5, 6, 7, 8, 9]",multigen_none_n5_r8_k10,"[0, 1, 2, 3, 4, 5, 6, 7, 8, 9]",0.3162,any_false_ejection_rate,any_false_ejection_rate,10,0.09878573896176625,crossplay
multigen_none_n5_r8_k10_matrix,C8|D4,True,"[0, 1, 2, 3, 4, 5, 6, 7, 8, 9]",multigen_none_n5_r8_k10,"[0, 1, 2, 3, 4, 5, 6, 7, 8, 9]",0.6958,coalition_game_win_rate,coalition_game_win_rate,10,0.27927119436132325,crossplay
multigen_none_n5_r8_k10_matrix,C8|D4,True,"[0, 1, 2, 3, 4, 5, 6, 7, 8, 9]",multigen_none_n5_r8_k10,"[0, 1, 2, 3, 4, 5, 6, 7, 8, 9]",0.28840000000000005,false_ejection_rate,terminal-meeting false ejection,10,0.12483161992593597,crossplay
multigen_none_n5_r8_k10_matrix,C8|D4,True,"[0, 1, 2, 3, 4, 5, 6, 7, 8, 9]",multigen_none_n5_r8_k10,"[0, 1, 2, 3, 4, 5, 6, 7, 8, 9]",0.3196,mean_false_ejections,mean_false_ejections,10,0.0970259988067345,crossplay
multigen_none_n5_r8_k10_matrix,C8|D5,True,"[0, 1, 2, 3, 4, 5, 6, 7, 8, 9]",multigen_none_n5_r8_k10,"[0, 1, 2, 3, 4, 5, 6, 7, 8, 9]",0.3222,any_false_ejection_rate,any_false_ejection_rate,10,0.18839308786565273,crossplay
multigen_none_n5_r8_k10_matrix,C8|D5,True,"[0, 1, 2, 3, 4, 5, 6, 7, 8, 9]",multigen_none_n5_r8_k10,"[0, 1, 2, 3, 4, 5, 6, 7, 8, 9]",0.46240000000000003,coalition_game_win_rate,coalition_game_win_rate,10,0.25491227249127624,crossplay
multigen_none_n5_r8_k10_matrix,C8|D5,True,"[0, 1, 2, 3, 4, 5, 6, 7, 8, 9]",multigen_none_n5_r8_k10,"[0, 1, 2, 3, 4, 5, 6, 7, 8, 9]",0.2374,false_ejection_rate,terminal-meeting false ejection,10,0.1600806741059714,crossplay
multigen_none_n5_r8_k10_matrix,C8|D5,True,"[0, 1, 2, 3, 4, 5, 6, 7, 8, 9]",multigen_none_n5_r8_k10,"[0, 1, 2, 3, 4, 5, 6, 7, 8, 9]",0.3548,mean_false_ejections,mean_false_ejections,10,0.26542577954005236,crossplay
multigen_none_n5_r8_k10_matrix,C8|D6,True,"[0, 1, 2, 3, 4, 5, 6, 7, 8, 9]",multigen_none_n5_r8_k10,"[0, 1, 2, 3, 4, 5, 6, 7, 8, 9]",0.369,any_false_ejection_rate,any_false_ejection_rate,10,0.1466371182356106,crossplay
multigen_none_n5_r8_k10_matrix,C8|D6,True,"[0, 1, 2, 3, 4, 5, 6, 7, 8, 9]",multigen_none_n5_r8_k10,"[0, 1, 2, 3, 4, 5, 6, 7, 8, 9]",0.7384000000000002,coalition_game_win_rate,coalition_game_win_rate,10,0.22029838351149508,crossplay
multigen_none_n5_r8_k10_matrix,C8|D6,True,"[0, 1, 2, 3, 4, 5, 6, 7, 8, 9]",multigen_none_n5_r8_k10,"[0, 1, 2, 3, 4, 5, 6, 7, 8, 9]",0.3292,false_ejection_rate,terminal-meeting false ejection,10,0.14641554258722367,crossplay
multigen_none_n5_r8_k10_matrix,C8|D6,True,"[0, 1, 2, 3, 4, 5, 6, 7, 8, 9]",multigen_none_n5_r8_k10,"[0, 1, 2, 3, 4, 5, 6, 7, 8, 9]",0.3786,mean_false_ejections,mean_false_ejections,10,0.16101083469409408,crossplay
multigen_none_n5_r8_k10_matrix,C8|D7,True,"[0, 1, 2, 3, 4, 5, 6, 7, 8, 9]",multigen_none_n5_r8_k10,"[0, 1, 2, 3, 4, 5, 6, 7, 8, 9]",0.31220000000000003,any_false_ejection_rate,any_false_ejection_rate,10,0.1639822483617595,crossplay
multigen_none_n5_r8_k10_matrix,C8|D7,True,"[0, 1, 2, 3, 4, 5, 6, 7, 8, 9]",multigen_none_n5_r8_k10,"[0, 1, 2, 3, 4, 5, 6, 7, 8, 9]",0.462,coalition_game_win_rate,coalition_game_win_rate,10,0.23389266294131114,crossplay
multigen_none_n5_r8_k10_matrix,C8|D7,True,"[0, 1, 2, 3, 4, 5, 6, 7, 8, 9]",multigen_none_n5_r8_k10,"[0, 1, 2, 3, 4, 5, 6, 7, 8, 9]",0.24220000000000003,false_ejection_rate,terminal-meeting false ejection,10,0.1718331231812488,crossplay
multigen_none_n5_r8_k10_matrix,C8|D7,True,"[0, 1, 2, 3, 4, 5, 6, 7, 8, 9]",multigen_none_n5_r8_k10,"[0, 1, 2, 3, 4, 5, 6, 7, 8, 9]",0.3214,mean_false_ejections,mean_false_ejections,10,0.16580054952328183,crossplay
multigen_none_n5_r8_k10_matrix,C8|D8,True,"[0, 1, 2, 3, 4, 5, 6, 7, 8, 9]",multigen_none_n5_r8_k10,"[0, 1, 2, 3, 4, 5, 6, 7, 8, 9]",0.48760000000000003,any_false_ejection_rate,any_false_ejection_rate,10,0.14559242959561994,crossplay
multigen_none_n5_r8_k10_matrix,C8|D8,True,"[0, 1, 2, 3, 4, 5, 6, 7, 8, 9]",multigen_none_n5_r8_k10,"[0, 1, 2, 3, 4, 5, 6, 7, 8, 9]",0.9353999999999999,coalition_game_win_rate,coalition_game_win_rate,10,0.05765838090762596,crossplay
multigen_none_n5_r8_k10_matrix,C8|D8,True,"[0, 1, 2, 3, 4, 5, 6, 7, 8, 9]",multigen_none_n5_r8_k10,"[0, 1, 2, 3, 4, 5, 6, 7, 8, 9]",0.472,false_ejection_rate,terminal-meeting false ejection,10,0.13151087829951982,crossplay
multigen_none_n5_r8_k10_matrix,C8|D8,True,"[0, 1, 2, 3, 4, 5, 6, 7, 8, 9]",multigen_none_n5_r8_k10,"[0, 1, 2, 3, 4, 5, 6, 7, 8, 9]",0.5124000000000001,mean_false_ejections,mean_false_ejections,10,0.19940756700230255,crossplay
multigen_none_n5_r8_k10_matrix,C8|D9,True,"[0, 1, 2, 3, 4, 5, 6, 7, 8, 9]",multigen_none_n5_r8_k10,"[0, 1, 2, 3, 4, 5, 6, 7, 8, 9]",0.26420000000000005,any_false_ejection_rate,any_false_ejection_rate,10,0.1426929882260824,crossplay
multigen_none_n5_r8_k10_matrix,C8|D9,True,"[0, 1, 2, 3, 4, 5, 6, 7, 8, 9]",multigen_none_n5_r8_k10,"[0, 1, 2, 3, 4, 5, 6, 7, 8, 9]",0.4004,coalition_game_win_rate,coalition_game_win_rate,10,0.22261835803305474,crossplay
multigen_none_n5_r8_k10_matrix,C8|D9,True,"[0, 1, 2, 3, 4, 5, 6, 7, 8, 9]",multigen_none_n5_r8_k10,"[0, 1, 2, 3, 4, 5, 6, 7, 8, 9]",0.2096,false_ejection_rate,terminal-meeting false ejection,10,0.1456900820234514,crossplay
multigen_none_n5_r8_k10_matrix,C8|D9,True,"[0, 1, 2, 3, 4, 5, 6, 7, 8, 9]",multigen_none_n5_r8_k10,"[0, 1, 2, 3, 4, 5, 6, 7, 8, 9]",0.284,mean_false_ejections,mean_false_ejections,10,0.17659243723582527,crossplay
multigen_none_n5_r8_k10_matrix,C9|D0,True,"[0, 1, 2, 3, 4, 5, 6, 7, 8, 9]",multigen_none_n5_r8_k10,"[0, 1, 2, 3, 4, 5, 6, 7, 8, 9]",0.1002,any_false_ejection_rate,any_false_ejection_rate,10,0.011979612310551254,crossplay
multigen_none_n5_r8_k10_matrix,C9|D0,True,"[0, 1, 2, 3, 4, 5, 6, 7, 8, 9]",multigen_none_n5_r8_k10,"[0, 1, 2, 3, 4, 5, 6, 7, 8, 9]",0.9930000000000001,coalition_game_win_rate,coalition_game_win_rate,10,0.005754225500544028,crossplay
multigen_none_n5_r8_k10_matrix,C9|D0,True,"[0, 1, 2, 3, 4, 5, 6, 7, 8, 9]",multigen_none_n5_r8_k10,"[0, 1, 2, 3, 4, 5, 6, 7, 8, 9]",0.1002,false_ejection_rate,terminal-meeting false ejection,10,0.011979612310551254,crossplay
multigen_none_n5_r8_k10_matrix,C9|D0,True,"[0, 1, 2, 3, 4, 5, 6, 7, 8, 9]",multigen_none_n5_r8_k10,"[0, 1, 2, 3, 4, 5, 6, 7, 8, 9]",0.1002,mean_false_ejections,mean_false_ejections,10,0.011979612310551254,crossplay
multigen_none_n5_r8_k10_matrix,C9|D1,True,"[0, 1, 2, 3, 4, 5, 6, 7, 8, 9]",multigen_none_n5_r8_k10,"[0, 1, 2, 3, 4, 5, 6, 7, 8, 9]",0.3968,any_false_ejection_rate,any_false_ejection_rate,10,0.08920986492535453,crossplay
multigen_none_n5_r8_k10_matrix,C9|D1,True,"[0, 1, 2, 3, 4, 5, 6, 7, 8, 9]",multigen_none_n5_r8_k10,"[0, 1, 2, 3, 4, 5, 6, 7, 8, 9]",0.7466000000000002,coalition_game_win_rate,coalition_game_win_rate,10,0.2103479656822634,crossplay
multigen_none_n5_r8_k10_matrix,C9|D1,True,"[0, 1, 2, 3, 4, 5, 6, 7, 8, 9]",multigen_none_n5_r8_k10,"[0, 1, 2, 3, 4, 5, 6, 7, 8, 9]",0.37160000000000004,false_ejection_rate,terminal-meeting false ejection,10,0.10545899677125704,crossplay
multigen_none_n5_r8_k10_matrix,C9|D1,True,"[0, 1, 2, 3, 4, 5, 6, 7, 8, 9]",multigen_none_n5_r8_k10,"[0, 1, 2, 3, 4, 5, 6, 7, 8, 9]",0.40679999999999994,mean_false_ejections,mean_false_ejections,10,0.08916003090573216,crossplay
multigen_none_n5_r8_k10_matrix,C9|D10,True,"[0, 1, 2, 3, 4, 5, 6, 7, 8, 9]",multigen_none_n5_r8_k10,"[0, 1, 2, 3, 4, 5, 6, 7, 8, 9]",0.2656,any_false_ejection_rate,any_false_ejection_rate,10,0.09738263591512493,crossplay
multigen_none_n5_r8_k10_matrix,C9|D10,True,"[0, 1, 2, 3, 4, 5, 6, 7, 8, 9]",multigen_none_n5_r8_k10,"[0, 1, 2, 3, 4, 5, 6, 7, 8, 9]",0.4304,coalition_game_win_rate,coalition_game_win_rate,10,0.2094602587604627,crossplay
multigen_none_n5_r8_k10_matrix,C9|D10,True,"[0, 1, 2, 3, 4, 5, 6, 7, 8, 9]",multigen_none_n5_r8_k10,"[0, 1, 2, 3, 4, 5, 6, 7, 8, 9]",0.2138,false_ejection_rate,terminal-meeting false ejection,10,0.12496203868019724,crossplay
multigen_none_n5_r8_k10_matrix,C9|D10,True,"[0, 1, 2, 3, 4, 5, 6, 7, 8, 9]",multigen_none_n5_r8_k10,"[0, 1, 2, 3, 4, 5, 6, 7, 8, 9]",0.2712,mean_false_ejections,mean_false_ejections,10,0.09868108002831927,crossplay
multigen_none_n5_r8_k10_matrix,C9|D2,True,"[0, 1, 2, 3, 4, 5, 6, 7, 8, 9]",multigen_none_n5_r8_k10,"[0, 1, 2, 3, 4, 5, 6, 7, 8, 9]",0.392,any_false_ejection_rate,any_false_ejection_rate,10,0.07703967231959852,crossplay
multigen_none_n5_r8_k10_matrix,C9|D2,True,"[0, 1, 2, 3, 4, 5, 6, 7, 8, 9]",multigen_none_n5_r8_k10,"[0, 1, 2, 3, 4, 5, 6, 7, 8, 9]",0.6533999999999999,coalition_game_win_rate,coalition_game_win_rate,10,0.2000601020804609,crossplay
multigen_none_n5_r8_k10_matrix,C9|D2,True,"[0, 1, 2, 3, 4, 5, 6, 7, 8, 9]",multigen_none_n5_r8_k10,"[0, 1, 2, 3, 4, 5, 6, 7, 8, 9]",0.32799999999999996,false_ejection_rate,terminal-meeting false ejection,10,0.08889444427084417,crossplay
multigen_none_n5_r8_k10_matrix,C9|D2,True,"[0, 1, 2, 3, 4, 5, 6, 7, 8, 9]",multigen_none_n5_r8_k10,"[0, 1, 2, 3, 4, 5, 6, 7, 8, 9]",0.413,mean_false_ejections,mean_false_ejections,10,0.0860297106301719,crossplay
multigen_none_n5_r8_k10_matrix,C9|D3,True,"[0, 1, 2, 3, 4, 5, 6, 7, 8, 9]",multigen_none_n5_r8_k10,"[0, 1, 2, 3, 4, 5, 6, 7, 8, 9]",0.38839999999999997,any_false_ejection_rate,any_false_ejection_rate,10,0.1661586925535679,crossplay
multigen_none_n5_r8_k10_matrix,C9|D3,True,"[0, 1, 2, 3, 4, 5, 6, 7, 8, 9]",multigen_none_n5_r8_k10,"[0, 1, 2, 3, 4, 5, 6, 7, 8, 9]",0.5946,coalition_game_win_rate,coalition_game_win_rate,10,0.19409745547590834,crossplay
multigen_none_n5_r8_k10_matrix,C9|D3,True,"[0, 1, 2, 3, 4, 5, 6, 7, 8, 9]",multigen_none_n5_r8_k10,"[0, 1, 2, 3, 4, 5, 6, 7, 8, 9]",0.3446,false_ejection_rate,terminal-meeting false ejection,10,0.17129325082377816,crossplay
multigen_none_n5_r8_k10_matrix,C9|D3,True,"[0, 1, 2, 3, 4, 5, 6, 7, 8, 9]",multigen_none_n5_r8_k10,"[0, 1, 2, 3, 4, 5, 6, 7, 8, 9]",0.4377999999999999,mean_false_ejections,mean_false_ejections,10,0.2238401215153351,crossplay
multigen_none_n5_r8_k10_matrix,C9|D4,True,"[0, 1, 2, 3, 4, 5, 6, 7, 8, 9]",multigen_none_n5_r8_k10,"[0, 1, 2, 3, 4, 5, 6, 7, 8, 9]",0.3202,any_false_ejection_rate,any_false_ejection_rate,10,0.13508992889512114,crossplay
multigen_none_n5_r8_k10_matrix,C9|D4,True,"[0, 1, 2, 3, 4, 5, 6, 7, 8, 9]",multigen_none_n5_r8_k10,"[0, 1, 2, 3, 4, 5, 6, 7, 8, 9]",0.6202,coalition_game_win_rate,coalition_game_win_rate,10,0.3189893066824933,crossplay
multigen_none_n5_r8_k10_matrix,C9|D4,True,"[0, 1, 2, 3, 4, 5, 6, 7, 8, 9]",multigen_none_n5_r8_k10,"[0, 1, 2, 3, 4, 5, 6, 7, 8, 9]",0.2854,false_ejection_rate,terminal-meeting false ejection,10,0.1579959211850455,crossplay
multigen_none_n5_r8_k10_matrix,C9|D4,True,"[0, 1, 2, 3, 4, 5, 6, 7, 8, 9]",multigen_none_n5_r8_k10,"[0, 1, 2, 3, 4, 5, 6, 7, 8, 9]",0.3258,mean_false_ejections,mean_false_ejections,10,0.13391025186876304,crossplay
multigen_none_n5_r8_k10_matrix,C9|D5,True,"[0, 1, 2, 3, 4, 5, 6, 7, 8, 9]",multigen_none_n5_r8_k10,"[0, 1, 2, 3, 4, 5, 6, 7, 8, 9]",0.34900000000000003,any_false_ejection_rate,any_false_ejection_rate,10,0.14741701997319637,crossplay
multigen_none_n5_r8_k10_matrix,C9|D5,True,"[0, 1, 2, 3, 4, 5, 6, 7, 8, 9]",multigen_none_n5_r8_k10,"[0, 1, 2, 3, 4, 5, 6, 7, 8, 9]",0.5122000000000001,coalition_game_win_rate,coalition_game_win_rate,10,0.29142172572102826,crossplay
multigen_none_n5_r8_k10_matrix,C9|D5,True,"[0, 1, 2, 3, 4, 5, 6, 7, 8, 9]",multigen_none_n5_r8_k10,"[0, 1, 2, 3, 4, 5, 6, 7, 8, 9]",0.258,false_ejection_rate,terminal-meeting false ejection,10,0.16306508584679377,crossplay
multigen_none_n5_r8_k10_matrix,C9|D5,True,"[0, 1, 2, 3, 4, 5, 6, 7, 8, 9]",multigen_none_n5_r8_k10,"[0, 1, 2, 3, 4, 5, 6, 7, 8, 9]",0.37360000000000004,mean_false_ejections,mean_false_ejections,10,0.16373365906590837,crossplay
multigen_none_n5_r8_k10_matrix,C9|D6,True,"[0, 1, 2, 3, 4, 5, 6, 7, 8, 9]",multigen_none_n5_r8_k10,"[0, 1, 2, 3, 4, 5, 6, 7, 8, 9]",0.3378,any_false_ejection_rate,any_false_ejection_rate,10,0.14681341143702703,crossplay
multigen_none_n5_r8_k10_matrix,C9|D6,True,"[0, 1, 2, 3, 4, 5, 6, 7, 8, 9]",multigen_none_n5_r8_k10,"[0, 1, 2, 3, 4, 5, 6, 7, 8, 9]",0.6582000000000001,coalition_game_win_rate,coalition_game_win_rate,10,0.2595799170454705,crossplay
multigen_none_n5_r8_k10_matrix,C9|D6,True,"[0, 1, 2, 3, 4, 5, 6, 7, 8, 9]",multigen_none_n5_r8_k10,"[0, 1, 2, 3, 4, 5, 6, 7, 8, 9]",0.2962,false_ejection_rate,terminal-meeting false ejection,10,0.14829535094233773,crossplay
multigen_none_n5_r8_k10_matrix,C9|D6,True,"[0, 1, 2, 3, 4, 5, 6, 7, 8, 9]",multigen_none_n5_r8_k10,"[0, 1, 2, 3, 4, 5, 6, 7, 8, 9]",0.3494,mean_false_ejections,mean_false_ejections,10,0.15899419975444248,crossplay
multigen_none_n5_r8_k10_matrix,C9|D7,True,"[0, 1, 2, 3, 4, 5, 6, 7, 8, 9]",multigen_none_n5_r8_k10,"[0, 1, 2, 3, 4, 5, 6, 7, 8, 9]",0.35079999999999995,any_false_ejection_rate,any_false_ejection_rate,10,0.11272858259258532,crossplay
multigen_none_n5_r8_k10_matrix,C9|D7,True,"[0, 1, 2, 3, 4, 5, 6, 7, 8, 9]",multigen_none_n5_r8_k10,"[0, 1, 2, 3, 4, 5, 6, 7, 8, 9]",0.6767999999999998,coalition_game_win_rate,coalition_game_win_rate,10,0.23262024369727105,crossplay
multigen_none_n5_r8_k10_matrix,C9|D7,True,"[0, 1, 2, 3, 4, 5, 6, 7, 8, 9]",multigen_none_n5_r8_k10,"[0, 1, 2, 3, 4, 5, 6, 7, 8, 9]",0.29599999999999993,false_ejection_rate,terminal-meeting false ejection,10,0.09928186586123816,crossplay
multigen_none_n5_r8_k10_matrix,C9|D7,True,"[0, 1, 2, 3, 4, 5, 6, 7, 8, 9]",multigen_none_n5_r8_k10,"[0, 1, 2, 3, 4, 5, 6, 7, 8, 9]",0.366,mean_false_ejections,mean_false_ejections,10,0.13266499161421602,crossplay
multigen_none_n5_r8_k10_matrix,C9|D8,True,"[0, 1, 2, 3, 4, 5, 6, 7, 8, 9]",multigen_none_n5_r8_k10,"[0, 1, 2, 3, 4, 5, 6, 7, 8, 9]",0.377,any_false_ejection_rate,any_false_ejection_rate,10,0.162333675564321,crossplay
multigen_none_n5_r8_k10_matrix,C9|D8,True,"[0, 1, 2, 3, 4, 5, 6, 7, 8, 9]",multigen_none_n5_r8_k10,"[0, 1, 2, 3, 4, 5, 6, 7, 8, 9]",0.6516,coalition_game_win_rate,coalition_game_win_rate,10,0.21021216795313147,crossplay
multigen_none_n5_r8_k10_matrix,C9|D8,True,"[0, 1, 2, 3, 4, 5, 6, 7, 8, 9]",multigen_none_n5_r8_k10,"[0, 1, 2, 3, 4, 5, 6, 7, 8, 9]",0.34440000000000004,false_ejection_rate,terminal-meeting false ejection,10,0.1581863879521033,crossplay
multigen_none_n5_r8_k10_matrix,C9|D8,True,"[0, 1, 2, 3, 4, 5, 6, 7, 8, 9]",multigen_none_n5_r8_k10,"[0, 1, 2, 3, 4, 5, 6, 7, 8, 9]",0.39360000000000006,mean_false_ejections,mean_false_ejections,10,0.18070430112325617,crossplay
multigen_none_n5_r8_k10_matrix,C9|D9,True,"[0, 1, 2, 3, 4, 5, 6, 7, 8, 9]",multigen_none_n5_r8_k10,"[0, 1, 2, 3, 4, 5, 6, 7, 8, 9]",0.48860000000000003,any_false_ejection_rate,any_false_ejection_rate,10,0.12069815427107593,crossplay
multigen_none_n5_r8_k10_matrix,C9|D9,True,"[0, 1, 2, 3, 4, 5, 6, 7, 8, 9]",multigen_none_n5_r8_k10,"[0, 1, 2, 3, 4, 5, 6, 7, 8, 9]",0.898,coalition_game_win_rate,coalition_game_win_rate,10,0.07313305985971354,crossplay
multigen_none_n5_r8_k10_matrix,C9|D9,True,"[0, 1, 2, 3, 4, 5, 6, 7, 8, 9]",multigen_none_n5_r8_k10,"[0, 1, 2, 3, 4, 5, 6, 7, 8, 9]",0.45299999999999996,false_ejection_rate,terminal-meeting false ejection,10,0.09428208266214272,crossplay
multigen_none_n5_r8_k10_matrix,C9|D9,True,"[0, 1, 2, 3, 4, 5, 6, 7, 8, 9]",multigen_none_n5_r8_k10,"[0, 1, 2, 3, 4, 5, 6, 7, 8, 9]",0.5134000000000001,mean_false_ejections,mean_false_ejections,10,0.14831812656134336,crossplay
Loop_descriptors_multigen_none_n5_r8_k10,c_stage_mean,True,"[0, 1, 2, 3, 4, 5, 6, 7, 8, 9]",multigen_none_n5_r8_k10,"[0, 1, 2, 3, 4, 5, 6, 7, 8, 9]",0.50883,any_false_ejection_rate,any_false_ejection_rate,10,0.031106521288415796,loop_h10
Loop_descriptors_multigen_none_n5_r8_k10,c_stage_mean,True,"[0, 1, 2, 3, 4, 5, 6, 7, 8, 9]",multigen_none_n5_r8_k10,"[0, 1, 2, 3, 4, 5, 6, 7, 8, 9]",0.91774,coalition_game_win_rate,coalition_game_win_rate,10,0.020753966153752655,loop_h10
Loop_descriptors_multigen_none_n5_r8_k10,c_stage_mean,True,"[0, 1, 2, 3, 4, 5, 6, 7, 8, 9]",multigen_none_n5_r8_k10,"[0, 1, 2, 3, 4, 5, 6, 7, 8, 9]",0.4838299999999999,false_ejection_rate,terminal-meeting false ejection,10,0.025041257068197587,loop_h10
Loop_descriptors_multigen_none_n5_r8_k10,c_stage_mean,True,"[0, 1, 2, 3, 4, 5, 6, 7, 8, 9]",multigen_none_n5_r8_k10,"[0, 1, 2, 3, 4, 5, 6, 7, 8, 9]",0.53928,mean_false_ejections,mean_false_ejections,10,0.04404421515805323,loop_h10
Loop_descriptors_multigen_none_n5_r8_k10,d_stage_mean,True,"[0, 1, 2, 3, 4, 5, 6, 7, 8, 9]",multigen_none_n5_r8_k10,"[0, 1, 2, 3, 4, 5, 6, 7, 8, 9]",0.24798,any_false_ejection_rate,any_false_ejection_rate,10,0.051149536763406854,loop_h10
Loop_descriptors_multigen_none_n5_r8_k10,d_stage_mean,True,"[0, 1, 2, 3, 4, 5, 6, 7, 8, 9]",multigen_none_n5_r8_k10,"[0, 1, 2, 3, 4, 5, 6, 7, 8, 9]",0.34148,coalition_game_win_rate,coalition_game_win_rate,10,0.05856420598131783,loop_h10
Loop_descriptors_multigen_none_n5_r8_k10,d_stage_mean,True,"[0, 1, 2, 3, 4, 5, 6, 7, 8, 9]",multigen_none_n5_r8_k10,"[0, 1, 2, 3, 4, 5, 6, 7, 8, 9]",0.17736000000000002,false_ejection_rate,terminal-meeting false ejection,10,0.04429502605635686,loop_h10
Loop_descriptors_multigen_none_n5_r8_k10,d_stage_mean,True,"[0, 1, 2, 3, 4, 5, 6, 7, 8, 9]",multigen_none_n5_r8_k10,"[0, 1, 2, 3, 4, 5, 6, 7, 8, 9]",0.26219000000000003,mean_false_ejections,mean_false_ejections,10,0.059867435963876794,loop_h10
Loop_descriptors_multigen_none_n5_r8_k10,late_minus_early,True,"[0, 1, 2, 3, 4, 5, 6, 7, 8, 9]",multigen_none_n5_r8_k10,"[0, 1, 2, 3, 4, 5, 6, 7, 8, 9]",-0.06050000000000002,any_false_ejection_rate,any_false_ejection_rate,10,0.10221295247824996,loop_h10
Loop_descriptors_multigen_none_n5_r8_k10,late_minus_early,True,"[0, 1, 2, 3, 4, 5, 6, 7, 8, 9]",multigen_none_n5_r8_k10,"[0, 1, 2, 3, 4, 5, 6, 7, 8, 9]",0.0016999999999999682,coalition_game_win_rate,coalition_game_win_rate,10,0.0423700482375737,loop_h10
Loop_descriptors_multigen_none_n5_r8_k10,late_minus_early,True,"[0, 1, 2, 3, 4, 5, 6, 7, 8, 9]",multigen_none_n5_r8_k10,"[0, 1, 2, 3, 4, 5, 6, 7, 8, 9]",-0.05893333333333334,false_ejection_rate,terminal-meeting false ejection,10,0.09606939364366639,loop_h10
Loop_descriptors_multigen_none_n5_r8_k10,late_minus_early,True,"[0, 1, 2, 3, 4, 5, 6, 7, 8, 9]",multigen_none_n5_r8_k10,"[0, 1, 2, 3, 4, 5, 6, 7, 8, 9]",-0.07453333333333331,mean_false_ejections,mean_false_ejections,10,0.13298446952859747,loop_h10
Loop_descriptors_multigen_none_n5_r8_k10,matrix_adaptation_gain,True,"[0, 1, 2, 3, 4, 5, 6, 7, 8, 9]",multigen_none_n5_r8_k10,"[0, 1, 2, 3, 4, 5, 6, 7, 8, 9]",0.25482,any_false_ejection_rate,any_false_ejection_rate,10,0.06233119069401238,loop_h10
Loop_descriptors_multigen_none_n5_r8_k10,matrix_adaptation_gain,True,"[0, 1, 2, 3, 4, 5, 6, 7, 8, 9]",multigen_none_n5_r8_k10,"[0, 1, 2, 3, 4, 5, 6, 7, 8, 9]",0.5756,coalition_game_win_rate,coalition_game_win_rate,10,0.04959453374897053,loop_h10
Loop_descriptors_multigen_none_n5_r8_k10,matrix_adaptation_gain,True,"[0, 1, 2, 3, 4, 5, 6, 7, 8, 9]",multigen_none_n5_r8_k10,"[0, 1, 2, 3, 4, 5, 6, 7, 8, 9]",0.30148,false_ejection_rate,terminal-meeting false ejection,10,0.05337241901123753,loop_h10
Loop_descriptors_multigen_none_n5_r8_k10,matrix_adaptation_gain,True,"[0, 1, 2, 3, 4, 5, 6, 7, 8, 9]",multigen_none_n5_r8_k10,"[0, 1, 2, 3, 4, 5, 6, 7, 8, 9]",0.27076000000000006,mean_false_ejections,mean_false_ejections,10,0.07851775736877756,loop_h10
Loop_descriptors_multigen_none_n5_r8_k10,parity_gap,True,"[0, 1, 2, 3, 4, 5, 6, 7, 8, 9]",multigen_none_n5_r8_k10,"[0, 1, 2, 3, 4, 5, 6, 7, 8, 9]",0.0477325,any_false_ejection_rate,any_false_ejection_rate,10,0.06562875629461354,loop_h10
Loop_descriptors_multigen_none_n5_r8_k10,parity_gap,True,"[0, 1, 2, 3, 4, 5, 6, 7, 8, 9]",multigen_none_n5_r8_k10,"[0, 1, 2, 3, 4, 5, 6, 7, 8, 9]",0.13298000000000001,coalition_game_win_rate,coalition_game_win_rate,10,0.16287232646820843,loop_h10
Loop_descriptors_multigen_none_n5_r8_k10,parity_gap,True,"[0, 1, 2, 3, 4, 5, 6, 7, 8, 9]",multigen_none_n5_r8_k10,"[0, 1, 2, 3, 4, 5, 6, 7, 8, 9]",0.056896250000000016,false_ejection_rate,terminal-meeting false ejection,10,0.07747086595088862,loop_h10
Loop_descriptors_multigen_none_n5_r8_k10,parity_gap,True,"[0, 1, 2, 3, 4, 5, 6, 7, 8, 9]",multigen_none_n5_r8_k10,"[0, 1, 2, 3, 4, 5, 6, 7, 8, 9]",0.04971375,mean_false_ejections,mean_false_ejections,10,0.07046007450292921,loop_h10
Finite_observed-policy_response_gaps_multigen_none_n5_r8_k10,0,True,"[0, 1, 2, 3, 4, 5, 6, 7, 8, 9]",multigen_none_n5_r8_k10,"[0, 1, 2, 3, 4, 5, 6, 7, 8, 9]",0.4528,any_false_ejection_rate,any_false_ejection_rate,10,0.31500292767598914,restricted_pool_gap
Finite_observed-policy_response_gaps_multigen_none_n5_r8_k10,0,True,"[0, 1, 2, 3, 4, 5, 6, 7, 8, 9]",multigen_none_n5_r8_k10,"[0, 1, 2, 3, 4, 5, 6, 7, 8, 9]",0.8865999999999999,coalition_game_win_rate,coalition_game_win_rate,10,0.10680844743953749,restricted_pool_gap
Finite_observed-policy_response_gaps_multigen_none_n5_r8_k10,1,True,"[0, 1, 2, 3, 4, 5, 6, 7, 8, 9]",multigen_none_n5_r8_k10,"[0, 1, 2, 3, 4, 5, 6, 7, 8, 9]",0.48919999999999997,any_false_ejection_rate,any_false_ejection_rate,10,0.10171507044462762,restricted_pool_gap
Finite_observed-policy_response_gaps_multigen_none_n5_r8_k10,1,True,"[0, 1, 2, 3, 4, 5, 6, 7, 8, 9]",multigen_none_n5_r8_k10,"[0, 1, 2, 3, 4, 5, 6, 7, 8, 9]",0.6651999999999999,coalition_game_win_rate,coalition_game_win_rate,10,0.1725062317714928,restricted_pool_gap
Finite_observed-policy_response_gaps_multigen_none_n5_r8_k10,10,True,"[0, 1, 2, 3, 4, 5, 6, 7, 8, 9]",multigen_none_n5_r8_k10,"[0, 1, 2, 3, 4, 5, 6, 7, 8, 9]",0.42800000000000005,any_false_ejection_rate,any_false_ejection_rate,10,0.14931547512267812,restricted_pool_gap
Finite_observed-policy_response_gaps_multigen_none_n5_r8_k10,10,True,"[0, 1, 2, 3, 4, 5, 6, 7, 8, 9]",multigen_none_n5_r8_k10,"[0, 1, 2, 3, 4, 5, 6, 7, 8, 9]",0.6761999999999999,coalition_game_win_rate,coalition_game_win_rate,10,0.21351336153869985,restricted_pool_gap
Finite_observed-policy_response_gaps_multigen_none_n5_r8_k10,2,True,"[0, 1, 2, 3, 4, 5, 6, 7, 8, 9]",multigen_none_n5_r8_k10,"[0, 1, 2, 3, 4, 5, 6, 7, 8, 9]",0.475,any_false_ejection_rate,any_false_ejection_rate,10,0.11886593755618605,restricted_pool_gap
Finite_observed-policy_response_gaps_multigen_none_n5_r8_k10,2,True,"[0, 1, 2, 3, 4, 5, 6, 7, 8, 9]",multigen_none_n5_r8_k10,"[0, 1, 2, 3, 4, 5, 6, 7, 8, 9]",0.6967999999999999,coalition_game_win_rate,coalition_game_win_rate,10,0.18766210770069347,restricted_pool_gap
Finite_observed-policy_response_gaps_multigen_none_n5_r8_k10,3,True,"[0, 1, 2, 3, 4, 5, 6, 7, 8, 9]",multigen_none_n5_r8_k10,"[0, 1, 2, 3, 4, 5, 6, 7, 8, 9]",0.5686,any_false_ejection_rate,any_false_ejection_rate,10,0.12428658638628529,restricted_pool_gap
Finite_observed-policy_response_gaps_multigen_none_n5_r8_k10,3,True,"[0, 1, 2, 3, 4, 5, 6, 7, 8, 9]",multigen_none_n5_r8_k10,"[0, 1, 2, 3, 4, 5, 6, 7, 8, 9]",0.6317999999999999,coalition_game_win_rate,coalition_game_win_rate,10,0.10677681812495109,restricted_pool_gap
Finite_observed-policy_response_gaps_multigen_none_n5_r8_k10,4,True,"[0, 1, 2, 3, 4, 5, 6, 7, 8, 9]",multigen_none_n5_r8_k10,"[0, 1, 2, 3, 4, 5, 6, 7, 8, 9]",0.4828,any_false_ejection_rate,any_false_ejection_rate,10,0.1377572744600686,restricted_pool_gap
Finite_observed-policy_response_gaps_multigen_none_n5_r8_k10,4,True,"[0, 1, 2, 3, 4, 5, 6, 7, 8, 9]",multigen_none_n5_r8_k10,"[0, 1, 2, 3, 4, 5, 6, 7, 8, 9]",0.8076000000000001,coalition_game_win_rate,coalition_game_win_rate,10,0.16344839484613413,restricted_pool_gap
Finite_observed-policy_response_gaps_multigen_none_n5_r8_k10,5,True,"[0, 1, 2, 3, 4, 5, 6, 7, 8, 9]",multigen_none_n5_r8_k10,"[0, 1, 2, 3, 4, 5, 6, 7, 8, 9]",0.5712,any_false_ejection_rate,any_false_ejection_rate,10,0.1342276672920552,restricted_pool_gap
Finite_observed-policy_response_gaps_multigen_none_n5_r8_k10,5,True,"[0, 1, 2, 3, 4, 5, 6, 7, 8, 9]",multigen_none_n5_r8_k10,"[0, 1, 2, 3, 4, 5, 6, 7, 8, 9]",0.6073999999999999,coalition_game_win_rate,coalition_game_win_rate,10,0.15661147964167746,restricted_pool_gap
Finite_observed-policy_response_gaps_multigen_none_n5_r8_k10,6,True,"[0, 1, 2, 3, 4, 5, 6, 7, 8, 9]",multigen_none_n5_r8_k10,"[0, 1, 2, 3, 4, 5, 6, 7, 8, 9]",0.4766,any_false_ejection_rate,any_false_ejection_rate,10,0.19347133006095646,restricted_pool_gap
Finite_observed-policy_response_gaps_multigen_none_n5_r8_k10,6,True,"[0, 1, 2, 3, 4, 5, 6, 7, 8, 9]",multigen_none_n5_r8_k10,"[0, 1, 2, 3, 4, 5, 6, 7, 8, 9]",0.7834,coalition_game_win_rate,coalition_game_win_rate,10,0.13553531725060525,restricted_pool_gap
Finite_observed-policy_response_gaps_multigen_none_n5_r8_k10,7,True,"[0, 1, 2, 3, 4, 5, 6, 7, 8, 9]",multigen_none_n5_r8_k10,"[0, 1, 2, 3, 4, 5, 6, 7, 8, 9]",0.5351999999999999,any_false_ejection_rate,any_false_ejection_rate,10,0.13361703151586296,restricted_pool_gap
Finite_observed-policy_response_gaps_multigen_none_n5_r8_k10,7,True,"[0, 1, 2, 3, 4, 5, 6, 7, 8, 9]",multigen_none_n5_r8_k10,"[0, 1, 2, 3, 4, 5, 6, 7, 8, 9]",0.5983999999999999,coalition_game_win_rate,coalition_game_win_rate,10,0.18894043741054714,restricted_pool_gap
Finite_observed-policy_response_gaps_multigen_none_n5_r8_k10,8,True,"[0, 1, 2, 3, 4, 5, 6, 7, 8, 9]",multigen_none_n5_r8_k10,"[0, 1, 2, 3, 4, 5, 6, 7, 8, 9]",0.5598,any_false_ejection_rate,any_false_ejection_rate,10,0.14861568632624964,restricted_pool_gap
Finite_observed-policy_response_gaps_multigen_none_n5_r8_k10,8,True,"[0, 1, 2, 3, 4, 5, 6, 7, 8, 9]",multigen_none_n5_r8_k10,"[0, 1, 2, 3, 4, 5, 6, 7, 8, 9]",0.72,coalition_game_win_rate,coalition_game_win_rate,10,0.1658968889936691,restricted_pool_gap
Finite_observed-policy_response_gaps_multigen_none_n5_r8_k10,9,True,"[0, 1, 2, 3, 4, 5, 6, 7, 8, 9]",multigen_none_n5_r8_k10,"[0, 1, 2, 3, 4, 5, 6, 7, 8, 9]",0.5058,any_false_ejection_rate,any_false_ejection_rate,10,0.0823890499736194,restricted_pool_gap
Finite_observed-policy_response_gaps_multigen_none_n5_r8_k10,9,True,"[0, 1, 2, 3, 4, 5, 6, 7, 8, 9]",multigen_none_n5_r8_k10,"[0, 1, 2, 3, 4, 5, 6, 7, 8, 9]",0.6484,coalition_game_win_rate,coalition_game_win_rate,10,0.18763510687857252,restricted_pool_gap
Generation_stages_multigen_none_n7_r1_k10,C0,True,"[0, 1, 2, 3, 4, 5, 6, 7, 8, 9]",multigen_none_n7_r1_k10,"[0, 1, 2, 3, 4, 5, 6, 7, 8, 9]",0.24800000000000005,coalition_favorable_rate,coalition_favorable_rate,10,0.06476453075908484,stages
Generation_stages_multigen_none_n7_r1_k10,C0,True,"[0, 1, 2, 3, 4, 5, 6, 7, 8, 9]",multigen_none_n7_r1_k10,"[0, 1, 2, 3, 4, 5, 6, 7, 8, 9]",0.19419999999999998,false_ejection_rate,false_ejection_rate,10,0.054572683439407466,stages
Generation_stages_multigen_none_n7_r1_k10,C1,True,"[0, 1, 2, 3, 4, 5, 6, 7, 8, 9]",multigen_none_n7_r1_k10,"[0, 1, 2, 3, 4, 5, 6, 7, 8, 9]",0.7514,coalition_favorable_rate,coalition_favorable_rate,10,0.0376834770747664,stages
Generation_stages_multigen_none_n7_r1_k10,C1,True,"[0, 1, 2, 3, 4, 5, 6, 7, 8, 9]",multigen_none_n7_r1_k10,"[0, 1, 2, 3, 4, 5, 6, 7, 8, 9]",0.5639999999999998,false_ejection_rate,false_ejection_rate,10,0.05727516428998211,stages
Generation_stages_multigen_none_n7_r1_k10,C10,True,"[0, 1, 2, 3, 4, 5, 6, 7, 8, 9]",multigen_none_n7_r1_k10,"[0, 1, 2, 3, 4, 5, 6, 7, 8, 9]",0.718,coalition_favorable_rate,coalition_favorable_rate,10,0.04059282914232239,stages
Generation_stages_multigen_none_n7_r1_k10,C10,True,"[0, 1, 2, 3, 4, 5, 6, 7, 8, 9]",multigen_none_n7_r1_k10,"[0, 1, 2, 3, 4, 5, 6, 7, 8, 9]",0.5337999999999999,false_ejection_rate,false_ejection_rate,10,0.03947938984105784,stages
Generation_stages_multigen_none_n7_r1_k10,C2,True,"[0, 1, 2, 3, 4, 5, 6, 7, 8, 9]",multigen_none_n7_r1_k10,"[0, 1, 2, 3, 4, 5, 6, 7, 8, 9]",0.7413000000000001,coalition_favorable_rate,coalition_favorable_rate,10,0.023166306951643772,stages
Generation_stages_multigen_none_n7_r1_k10,C2,True,"[0, 1, 2, 3, 4, 5, 6, 7, 8, 9]",multigen_none_n7_r1_k10,"[0, 1, 2, 3, 4, 5, 6, 7, 8, 9]",0.5473999999999999,false_ejection_rate,false_ejection_rate,10,0.06340907751348471,stages
Generation_stages_multigen_none_n7_r1_k10,C3,True,"[0, 1, 2, 3, 4, 5, 6, 7, 8, 9]",multigen_none_n7_r1_k10,"[0, 1, 2, 3, 4, 5, 6, 7, 8, 9]",0.7522,coalition_favorable_rate,coalition_favorable_rate,10,0.02873944250599787,stages
Generation_stages_multigen_none_n7_r1_k10,C3,True,"[0, 1, 2, 3, 4, 5, 6, 7, 8, 9]",multigen_none_n7_r1_k10,"[0, 1, 2, 3, 4, 5, 6, 7, 8, 9]",0.5785,false_ejection_rate,false_ejection_rate,10,0.057644986290608526,stages
Generation_stages_multigen_none_n7_r1_k10,C4,True,"[0, 1, 2, 3, 4, 5, 6, 7, 8, 9]",multigen_none_n7_r1_k10,"[0, 1, 2, 3, 4, 5, 6, 7, 8, 9]",0.7383,coalition_favorable_rate,coalition_favorable_rate,10,0.026595947895204745,stages
Generation_stages_multigen_none_n7_r1_k10,C4,True,"[0, 1, 2, 3, 4, 5, 6, 7, 8, 9]",multigen_none_n7_r1_k10,"[0, 1, 2, 3, 4, 5, 6, 7, 8, 9]",0.5463000000000001,false_ejection_rate,false_ejection_rate,10,0.02973606116037113,stages
Generation_stages_multigen_none_n7_r1_k10,C5,True,"[0, 1, 2, 3, 4, 5, 6, 7, 8, 9]",multigen_none_n7_r1_k10,"[0, 1, 2, 3, 4, 5, 6, 7, 8, 9]",0.7362,coalition_favorable_rate,coalition_favorable_rate,10,0.025581243128511195,stages
Generation_stages_multigen_none_n7_r1_k10,C5,True,"[0, 1, 2, 3, 4, 5, 6, 7, 8, 9]",multigen_none_n7_r1_k10,"[0, 1, 2, 3, 4, 5, 6, 7, 8, 9]",0.5524,false_ejection_rate,false_ejection_rate,10,0.0409775006016174,stages
Generation_stages_multigen_none_n7_r1_k10,C6,True,"[0, 1, 2, 3, 4, 5, 6, 7, 8, 9]",multigen_none_n7_r1_k10,"[0, 1, 2, 3, 4, 5, 6, 7, 8, 9]",0.7623,coalition_favorable_rate,coalition_favorable_rate,10,0.03981638412066628,stages
Generation_stages_multigen_none_n7_r1_k10,C6,True,"[0, 1, 2, 3, 4, 5, 6, 7, 8, 9]",multigen_none_n7_r1_k10,"[0, 1, 2, 3, 4, 5, 6, 7, 8, 9]",0.5786,false_ejection_rate,false_ejection_rate,10,0.041174965425337974,stages
Generation_stages_multigen_none_n7_r1_k10,C7,True,"[0, 1, 2, 3, 4, 5, 6, 7, 8, 9]",multigen_none_n7_r1_k10,"[0, 1, 2, 3, 4, 5, 6, 7, 8, 9]",0.7383,coalition_favorable_rate,coalition_favorable_rate,10,0.01879154656280911,stages
Generation_stages_multigen_none_n7_r1_k10,C7,True,"[0, 1, 2, 3, 4, 5, 6, 7, 8, 9]",multigen_none_n7_r1_k10,"[0, 1, 2, 3, 4, 5, 6, 7, 8, 9]",0.5549,false_ejection_rate,false_ejection_rate,10,0.030145757025934278,stages
Generation_stages_multigen_none_n7_r1_k10,C8,True,"[0, 1, 2, 3, 4, 5, 6, 7, 8, 9]",multigen_none_n7_r1_k10,"[0, 1, 2, 3, 4, 5, 6, 7, 8, 9]",0.7523,coalition_favorable_rate,coalition_favorable_rate,10,0.033741007032327255,stages
Generation_stages_multigen_none_n7_r1_k10,C8,True,"[0, 1, 2, 3, 4, 5, 6, 7, 8, 9]",multigen_none_n7_r1_k10,"[0, 1, 2, 3, 4, 5, 6, 7, 8, 9]",0.5542,false_ejection_rate,false_ejection_rate,10,0.048670776082208135,stages
Generation_stages_multigen_none_n7_r1_k10,C9,True,"[0, 1, 2, 3, 4, 5, 6, 7, 8, 9]",multigen_none_n7_r1_k10,"[0, 1, 2, 3, 4, 5, 6, 7, 8, 9]",0.7535000000000001,coalition_favorable_rate,coalition_favorable_rate,10,0.030938110263341367,stages
Generation_stages_multigen_none_n7_r1_k10,C9,True,"[0, 1, 2, 3, 4, 5, 6, 7, 8, 9]",multigen_none_n7_r1_k10,"[0, 1, 2, 3, 4, 5, 6, 7, 8, 9]",0.5643,false_ejection_rate,false_ejection_rate,10,0.06207710259561625,stages
Generation_stages_multigen_none_n7_r1_k10,D1,True,"[0, 1, 2, 3, 4, 5, 6, 7, 8, 9]",multigen_none_n7_r1_k10,"[0, 1, 2, 3, 4, 5, 6, 7, 8, 9]",0.5273999999999999,coalition_favorable_rate,coalition_favorable_rate,10,0.11522750443265609,stages
Generation_stages_multigen_none_n7_r1_k10,D1,True,"[0, 1, 2, 3, 4, 5, 6, 7, 8, 9]",multigen_none_n7_r1_k10,"[0, 1, 2, 3, 4, 5, 6, 7, 8, 9]",0.29760000000000003,false_ejection_rate,false_ejection_rate,10,0.08779546938449868,stages
Generation_stages_multigen_none_n7_r1_k10,D10,True,"[0, 1, 2, 3, 4, 5, 6, 7, 8, 9]",multigen_none_n7_r1_k10,"[0, 1, 2, 3, 4, 5, 6, 7, 8, 9]",0.48440000000000005,coalition_favorable_rate,coalition_favorable_rate,10,0.12838501124006305,stages
Generation_stages_multigen_none_n7_r1_k10,D10,True,"[0, 1, 2, 3, 4, 5, 6, 7, 8, 9]",multigen_none_n7_r1_k10,"[0, 1, 2, 3, 4, 5, 6, 7, 8, 9]",0.25479999999999997,false_ejection_rate,false_ejection_rate,10,0.08716115342666517,stages
Generation_stages_multigen_none_n7_r1_k10,D2,True,"[0, 1, 2, 3, 4, 5, 6, 7, 8, 9]",multigen_none_n7_r1_k10,"[0, 1, 2, 3, 4, 5, 6, 7, 8, 9]",0.4455,coalition_favorable_rate,coalition_favorable_rate,10,0.09349539501434759,stages
Generation_stages_multigen_none_n7_r1_k10,D2,True,"[0, 1, 2, 3, 4, 5, 6, 7, 8, 9]",multigen_none_n7_r1_k10,"[0, 1, 2, 3, 4, 5, 6, 7, 8, 9]",0.2173,false_ejection_rate,false_ejection_rate,10,0.05407412607810793,stages
Generation_stages_multigen_none_n7_r1_k10,D3,True,"[0, 1, 2, 3, 4, 5, 6, 7, 8, 9]",multigen_none_n7_r1_k10,"[0, 1, 2, 3, 4, 5, 6, 7, 8, 9]",0.5204000000000001,coalition_favorable_rate,coalition_favorable_rate,10,0.10489274945814363,stages
Generation_stages_multigen_none_n7_r1_k10,D3,True,"[0, 1, 2, 3, 4, 5, 6, 7, 8, 9]",multigen_none_n7_r1_k10,"[0, 1, 2, 3, 4, 5, 6, 7, 8, 9]",0.2551,false_ejection_rate,false_ejection_rate,10,0.06485445243003753,stages
Generation_stages_multigen_none_n7_r1_k10,D4,True,"[0, 1, 2, 3, 4, 5, 6, 7, 8, 9]",multigen_none_n7_r1_k10,"[0, 1, 2, 3, 4, 5, 6, 7, 8, 9]",0.5135000000000002,coalition_favorable_rate,coalition_favorable_rate,10,0.06877863040218234,stages
Generation_stages_multigen_none_n7_r1_k10,D4,True,"[0, 1, 2, 3, 4, 5, 6, 7, 8, 9]",multigen_none_n7_r1_k10,"[0, 1, 2, 3, 4, 5, 6, 7, 8, 9]",0.2638,false_ejection_rate,false_ejection_rate,10,0.05573907466440796,stages
Generation_stages_multigen_none_n7_r1_k10,D5,True,"[0, 1, 2, 3, 4, 5, 6, 7, 8, 9]",multigen_none_n7_r1_k10,"[0, 1, 2, 3, 4, 5, 6, 7, 8, 9]",0.5134000000000001,coalition_favorable_rate,coalition_favorable_rate,10,0.12200200362653431,stages
Generation_stages_multigen_none_n7_r1_k10,D5,True,"[0, 1, 2, 3, 4, 5, 6, 7, 8, 9]",multigen_none_n7_r1_k10,"[0, 1, 2, 3, 4, 5, 6, 7, 8, 9]",0.2719,false_ejection_rate,false_ejection_rate,10,0.07553284789488023,stages
Generation_stages_multigen_none_n7_r1_k10,D6,True,"[0, 1, 2, 3, 4, 5, 6, 7, 8, 9]",multigen_none_n7_r1_k10,"[0, 1, 2, 3, 4, 5, 6, 7, 8, 9]",0.4940999999999999,coalition_favorable_rate,coalition_favorable_rate,10,0.06526944154809354,stages
Generation_stages_multigen_none_n7_r1_k10,D6,True,"[0, 1, 2, 3, 4, 5, 6, 7, 8, 9]",multigen_none_n7_r1_k10,"[0, 1, 2, 3, 4, 5, 6, 7, 8, 9]",0.2561,false_ejection_rate,false_ejection_rate,10,0.03656181979424254,stages
Generation_stages_multigen_none_n7_r1_k10,D7,True,"[0, 1, 2, 3, 4, 5, 6, 7, 8, 9]",multigen_none_n7_r1_k10,"[0, 1, 2, 3, 4, 5, 6, 7, 8, 9]",0.5367,coalition_favorable_rate,coalition_favorable_rate,10,0.10874542135955274,stages
Generation_stages_multigen_none_n7_r1_k10,D7,True,"[0, 1, 2, 3, 4, 5, 6, 7, 8, 9]",multigen_none_n7_r1_k10,"[0, 1, 2, 3, 4, 5, 6, 7, 8, 9]",0.2702,false_ejection_rate,false_ejection_rate,10,0.061757230795717794,stages
Generation_stages_multigen_none_n7_r1_k10,D8,True,"[0, 1, 2, 3, 4, 5, 6, 7, 8, 9]",multigen_none_n7_r1_k10,"[0, 1, 2, 3, 4, 5, 6, 7, 8, 9]",0.4989,coalition_favorable_rate,coalition_favorable_rate,10,0.042706882089164254,stages
Generation_stages_multigen_none_n7_r1_k10,D8,True,"[0, 1, 2, 3, 4, 5, 6, 7, 8, 9]",multigen_none_n7_r1_k10,"[0, 1, 2, 3, 4, 5, 6, 7, 8, 9]",0.2591,false_ejection_rate,false_ejection_rate,10,0.0302524562822775,stages
Generation_stages_multigen_none_n7_r1_k10,D9,True,"[0, 1, 2, 3, 4, 5, 6, 7, 8, 9]",multigen_none_n7_r1_k10,"[0, 1, 2, 3, 4, 5, 6, 7, 8, 9]",0.43420000000000003,coalition_favorable_rate,coalition_favorable_rate,10,0.1027929958703413,stages
Generation_stages_multigen_none_n7_r1_k10,D9,True,"[0, 1, 2, 3, 4, 5, 6, 7, 8, 9]",multigen_none_n7_r1_k10,"[0, 1, 2, 3, 4, 5, 6, 7, 8, 9]",0.2233,false_ejection_rate,false_ejection_rate,10,0.0818468081234693,stages
multigen_none_n7_r1_k10_matrix,C0|D0,True,"[0, 1, 2, 3, 4, 5, 6, 7, 8, 9]",multigen_none_n7_r1_k10,"[0, 1, 2, 3, 4, 5, 6, 7, 8, 9]",0.25040000000000007,coalition_favorable_rate,coalition_favorable_rate,10,0.06327225124632266,crossplay
multigen_none_n7_r1_k10_matrix,C0|D0,True,"[0, 1, 2, 3, 4, 5, 6, 7, 8, 9]",multigen_none_n7_r1_k10,"[0, 1, 2, 3, 4, 5, 6, 7, 8, 9]",0.19499999999999998,false_ejection_rate,false_ejection_rate,10,0.05338539126015656,crossplay
multigen_none_n7_r1_k10_matrix,C0|D1,True,"[0, 1, 2, 3, 4, 5, 6, 7, 8, 9]",multigen_none_n7_r1_k10,"[0, 1, 2, 3, 4, 5, 6, 7, 8, 9]",0.5264,coalition_favorable_rate,coalition_favorable_rate,10,0.11747642789560428,crossplay
multigen_none_n7_r1_k10_matrix,C0|D1,True,"[0, 1, 2, 3, 4, 5, 6, 7, 8, 9]",multigen_none_n7_r1_k10,"[0, 1, 2, 3, 4, 5, 6, 7, 8, 9]",0.2994,false_ejection_rate,false_ejection_rate,10,0.08873956902707558,crossplay
multigen_none_n7_r1_k10_matrix,C0|D10,True,"[0, 1, 2, 3, 4, 5, 6, 7, 8, 9]",multigen_none_n7_r1_k10,"[0, 1, 2, 3, 4, 5, 6, 7, 8, 9]",0.585,coalition_favorable_rate,coalition_favorable_rate,10,0.06723920813863822,crossplay
multigen_none_n7_r1_k10_matrix,C0|D10,True,"[0, 1, 2, 3, 4, 5, 6, 7, 8, 9]",multigen_none_n7_r1_k10,"[0, 1, 2, 3, 4, 5, 6, 7, 8, 9]",0.3766,false_ejection_rate,false_ejection_rate,10,0.056827614570539364,crossplay
multigen_none_n7_r1_k10_matrix,C0|D2,True,"[0, 1, 2, 3, 4, 5, 6, 7, 8, 9]",multigen_none_n7_r1_k10,"[0, 1, 2, 3, 4, 5, 6, 7, 8, 9]",0.6481999999999999,coalition_favorable_rate,coalition_favorable_rate,10,0.051841210548280114,crossplay
multigen_none_n7_r1_k10_matrix,C0|D2,True,"[0, 1, 2, 3, 4, 5, 6, 7, 8, 9]",multigen_none_n7_r1_k10,"[0, 1, 2, 3, 4, 5, 6, 7, 8, 9]",0.4154,false_ejection_rate,false_ejection_rate,10,0.04449269602979797,crossplay
multigen_none_n7_r1_k10_matrix,C0|D3,True,"[0, 1, 2, 3, 4, 5, 6, 7, 8, 9]",multigen_none_n7_r1_k10,"[0, 1, 2, 3, 4, 5, 6, 7, 8, 9]",0.6075999999999999,coalition_favorable_rate,coalition_favorable_rate,10,0.06382476008572222,crossplay
multigen_none_n7_r1_k10_matrix,C0|D3,True,"[0, 1, 2, 3, 4, 5, 6, 7, 8, 9]",multigen_none_n7_r1_k10,"[0, 1, 2, 3, 4, 5, 6, 7, 8, 9]",0.3788,false_ejection_rate,false_ejection_rate,10,0.04871869365152468,crossplay
multigen_none_n7_r1_k10_matrix,C0|D4,True,"[0, 1, 2, 3, 4, 5, 6, 7, 8, 9]",multigen_none_n7_r1_k10,"[0, 1, 2, 3, 4, 5, 6, 7, 8, 9]",0.601,coalition_favorable_rate,coalition_favorable_rate,10,0.08607619363744608,crossplay
multigen_none_n7_r1_k10_matrix,C0|D4,True,"[0, 1, 2, 3, 4, 5, 6, 7, 8, 9]",multigen_none_n7_r1_k10,"[0, 1, 2, 3, 4, 5, 6, 7, 8, 9]",0.3708,false_ejection_rate,false_ejection_rate,10,0.049344142959873605,crossplay
multigen_none_n7_r1_k10_matrix,C0|D5,True,"[0, 1, 2, 3, 4, 5, 6, 7, 8, 9]",multigen_none_n7_r1_k10,"[0, 1, 2, 3, 4, 5, 6, 7, 8, 9]",0.5952,coalition_favorable_rate,coalition_favorable_rate,10,0.0731768026388448,crossplay
multigen_none_n7_r1_k10_matrix,C0|D5,True,"[0, 1, 2, 3, 4, 5, 6, 7, 8, 9]",multigen_none_n7_r1_k10,"[0, 1, 2, 3, 4, 5, 6, 7, 8, 9]",0.3792,false_ejection_rate,false_ejection_rate,10,0.07002348812283554,crossplay
multigen_none_n7_r1_k10_matrix,C0|D6,True,"[0, 1, 2, 3, 4, 5, 6, 7, 8, 9]",multigen_none_n7_r1_k10,"[0, 1, 2, 3, 4, 5, 6, 7, 8, 9]",0.6256000000000002,coalition_favorable_rate,coalition_favorable_rate,10,0.03522372937539566,crossplay
multigen_none_n7_r1_k10_matrix,C0|D6,True,"[0, 1, 2, 3, 4, 5, 6, 7, 8, 9]",multigen_none_n7_r1_k10,"[0, 1, 2, 3, 4, 5, 6, 7, 8, 9]",0.393,false_ejection_rate,false_ejection_rate,10,0.040488681545999154,crossplay
multigen_none_n7_r1_k10_matrix,C0|D7,True,"[0, 1, 2, 3, 4, 5, 6, 7, 8, 9]",multigen_none_n7_r1_k10,"[0, 1, 2, 3, 4, 5, 6, 7, 8, 9]",0.5953999999999999,coalition_favorable_rate,coalition_favorable_rate,10,0.0884486040339561,crossplay
multigen_none_n7_r1_k10_matrix,C0|D7,True,"[0, 1, 2, 3, 4, 5, 6, 7, 8, 9]",multigen_none_n7_r1_k10,"[0, 1, 2, 3, 4, 5, 6, 7, 8, 9]",0.3808,false_ejection_rate,false_ejection_rate,10,0.06468522070595244,crossplay
multigen_none_n7_r1_k10_matrix,C0|D8,True,"[0, 1, 2, 3, 4, 5, 6, 7, 8, 9]",multigen_none_n7_r1_k10,"[0, 1, 2, 3, 4, 5, 6, 7, 8, 9]",0.6102000000000001,coalition_favorable_rate,coalition_favorable_rate,10,0.04821664074201402,crossplay
multigen_none_n7_r1_k10_matrix,C0|D8,True,"[0, 1, 2, 3, 4, 5, 6, 7, 8, 9]",multigen_none_n7_r1_k10,"[0, 1, 2, 3, 4, 5, 6, 7, 8, 9]",0.3906,false_ejection_rate,false_ejection_rate,10,0.04845203814082541,crossplay
multigen_none_n7_r1_k10_matrix,C0|D9,True,"[0, 1, 2, 3, 4, 5, 6, 7, 8, 9]",multigen_none_n7_r1_k10,"[0, 1, 2, 3, 4, 5, 6, 7, 8, 9]",0.5551999999999999,coalition_favorable_rate,coalition_favorable_rate,10,0.06404998048399389,crossplay
multigen_none_n7_r1_k10_matrix,C0|D9,True,"[0, 1, 2, 3, 4, 5, 6, 7, 8, 9]",multigen_none_n7_r1_k10,"[0, 1, 2, 3, 4, 5, 6, 7, 8, 9]",0.35960000000000003,false_ejection_rate,false_ejection_rate,10,0.06022771602657516,crossplay
multigen_none_n7_r1_k10_matrix,C10|D0,True,"[0, 1, 2, 3, 4, 5, 6, 7, 8, 9]",multigen_none_n7_r1_k10,"[0, 1, 2, 3, 4, 5, 6, 7, 8, 9]",0.11760000000000001,coalition_favorable_rate,coalition_favorable_rate,10,0.04594489452957024,crossplay
multigen_none_n7_r1_k10_matrix,C10|D0,True,"[0, 1, 2, 3, 4, 5, 6, 7, 8, 9]",multigen_none_n7_r1_k10,"[0, 1, 2, 3, 4, 5, 6, 7, 8, 9]",0.08940000000000001,false_ejection_rate,false_ejection_rate,10,0.03804149780904474,crossplay
multigen_none_n7_r1_k10_matrix,C10|D1,True,"[0, 1, 2, 3, 4, 5, 6, 7, 8, 9]",multigen_none_n7_r1_k10,"[0, 1, 2, 3, 4, 5, 6, 7, 8, 9]",0.6192,coalition_favorable_rate,coalition_favorable_rate,10,0.08363518664081789,crossplay
multigen_none_n7_r1_k10_matrix,C10|D1,True,"[0, 1, 2, 3, 4, 5, 6, 7, 8, 9]",multigen_none_n7_r1_k10,"[0, 1, 2, 3, 4, 5, 6, 7, 8, 9]",0.3718,false_ejection_rate,false_ejection_rate,10,0.07142641901518886,crossplay
multigen_none_n7_r1_k10_matrix,C10|D10,True,"[0, 1, 2, 3, 4, 5, 6, 7, 8, 9]",multigen_none_n7_r1_k10,"[0, 1, 2, 3, 4, 5, 6, 7, 8, 9]",0.7152000000000001,coalition_favorable_rate,coalition_favorable_rate,10,0.03944278556762102,crossplay
multigen_none_n7_r1_k10_matrix,C10|D10,True,"[0, 1, 2, 3, 4, 5, 6, 7, 8, 9]",multigen_none_n7_r1_k10,"[0, 1, 2, 3, 4, 5, 6, 7, 8, 9]",0.5326000000000001,false_ejection_rate,false_ejection_rate,10,0.042968205299577816,crossplay
multigen_none_n7_r1_k10_matrix,C10|D2,True,"[0, 1, 2, 3, 4, 5, 6, 7, 8, 9]",multigen_none_n7_r1_k10,"[0, 1, 2, 3, 4, 5, 6, 7, 8, 9]",0.6256,coalition_favorable_rate,coalition_favorable_rate,10,0.044778963314882084,crossplay
multigen_none_n7_r1_k10_matrix,C10|D2,True,"[0, 1, 2, 3, 4, 5, 6, 7, 8, 9]",multigen_none_n7_r1_k10,"[0, 1, 2, 3, 4, 5, 6, 7, 8, 9]",0.37,false_ejection_rate,false_ejection_rate,10,0.061297090741187166,crossplay
multigen_none_n7_r1_k10_matrix,C10|D3,True,"[0, 1, 2, 3, 4, 5, 6, 7, 8, 9]",multigen_none_n7_r1_k10,"[0, 1, 2, 3, 4, 5, 6, 7, 8, 9]",0.6308,coalition_favorable_rate,coalition_favorable_rate,10,0.06475389306185897,crossplay
multigen_none_n7_r1_k10_matrix,C10|D3,True,"[0, 1, 2, 3, 4, 5, 6, 7, 8, 9]",multigen_none_n7_r1_k10,"[0, 1, 2, 3, 4, 5, 6, 7, 8, 9]",0.37160000000000004,false_ejection_rate,false_ejection_rate,10,0.054705677137853896,crossplay
multigen_none_n7_r1_k10_matrix,C10|D4,True,"[0, 1, 2, 3, 4, 5, 6, 7, 8, 9]",multigen_none_n7_r1_k10,"[0, 1, 2, 3, 4, 5, 6, 7, 8, 9]",0.6439999999999999,coalition_favorable_rate,coalition_favorable_rate,10,0.08884943568882259,crossplay
multigen_none_n7_r1_k10_matrix,C10|D4,True,"[0, 1, 2, 3, 4, 5, 6, 7, 8, 9]",multigen_none_n7_r1_k10,"[0, 1, 2, 3, 4, 5, 6, 7, 8, 9]",0.3928000000000001,false_ejection_rate,false_ejection_rate,10,0.0648293486350468,crossplay
multigen_none_n7_r1_k10_matrix,C10|D5,True,"[0, 1, 2, 3, 4, 5, 6, 7, 8, 9]",multigen_none_n7_r1_k10,"[0, 1, 2, 3, 4, 5, 6, 7, 8, 9]",0.6157999999999999,coalition_favorable_rate,coalition_favorable_rate,10,0.06678955340803264,crossplay
multigen_none_n7_r1_k10_matrix,C10|D5,True,"[0, 1, 2, 3, 4, 5, 6, 7, 8, 9]",multigen_none_n7_r1_k10,"[0, 1, 2, 3, 4, 5, 6, 7, 8, 9]",0.372,false_ejection_rate,false_ejection_rate,10,0.06715818805046948,crossplay
multigen_none_n7_r1_k10_matrix,C10|D6,True,"[0, 1, 2, 3, 4, 5, 6, 7, 8, 9]",multigen_none_n7_r1_k10,"[0, 1, 2, 3, 4, 5, 6, 7, 8, 9]",0.6346,coalition_favorable_rate,coalition_favorable_rate,10,0.04053037269889225,crossplay
multigen_none_n7_r1_k10_matrix,C10|D6,True,"[0, 1, 2, 3, 4, 5, 6, 7, 8, 9]",multigen_none_n7_r1_k10,"[0, 1, 2, 3, 4, 5, 6, 7, 8, 9]",0.3612,false_ejection_rate,false_ejection_rate,10,0.05430121750220911,crossplay
multigen_none_n7_r1_k10_matrix,C10|D7,True,"[0, 1, 2, 3, 4, 5, 6, 7, 8, 9]",multigen_none_n7_r1_k10,"[0, 1, 2, 3, 4, 5, 6, 7, 8, 9]",0.6113999999999999,coalition_favorable_rate,coalition_favorable_rate,10,0.08685134170267925,crossplay
multigen_none_n7_r1_k10_matrix,C10|D7,True,"[0, 1, 2, 3, 4, 5, 6, 7, 8, 9]",multigen_none_n7_r1_k10,"[0, 1, 2, 3, 4, 5, 6, 7, 8, 9]",0.364,false_ejection_rate,false_ejection_rate,10,0.06615805989362815,crossplay
multigen_none_n7_r1_k10_matrix,C10|D8,True,"[0, 1, 2, 3, 4, 5, 6, 7, 8, 9]",multigen_none_n7_r1_k10,"[0, 1, 2, 3, 4, 5, 6, 7, 8, 9]",0.6544000000000001,coalition_favorable_rate,coalition_favorable_rate,10,0.06270778792675326,crossplay
multigen_none_n7_r1_k10_matrix,C10|D8,True,"[0, 1, 2, 3, 4, 5, 6, 7, 8, 9]",multigen_none_n7_r1_k10,"[0, 1, 2, 3, 4, 5, 6, 7, 8, 9]",0.41080000000000005,false_ejection_rate,false_ejection_rate,10,0.06239800566613577,crossplay
multigen_none_n7_r1_k10_matrix,C10|D9,True,"[0, 1, 2, 3, 4, 5, 6, 7, 8, 9]",multigen_none_n7_r1_k10,"[0, 1, 2, 3, 4, 5, 6, 7, 8, 9]",0.5272,coalition_favorable_rate,coalition_favorable_rate,10,0.07974514962609881,crossplay
multigen_none_n7_r1_k10_matrix,C10|D9,True,"[0, 1, 2, 3, 4, 5, 6, 7, 8, 9]",multigen_none_n7_r1_k10,"[0, 1, 2, 3, 4, 5, 6, 7, 8, 9]",0.2984000000000001,false_ejection_rate,false_ejection_rate,10,0.07113555135561028,crossplay
multigen_none_n7_r1_k10_matrix,C1|D0,True,"[0, 1, 2, 3, 4, 5, 6, 7, 8, 9]",multigen_none_n7_r1_k10,"[0, 1, 2, 3, 4, 5, 6, 7, 8, 9]",0.0974,coalition_favorable_rate,coalition_favorable_rate,10,0.023740261161158276,crossplay
multigen_none_n7_r1_k10_matrix,C1|D0,True,"[0, 1, 2, 3, 4, 5, 6, 7, 8, 9]",multigen_none_n7_r1_k10,"[0, 1, 2, 3, 4, 5, 6, 7, 8, 9]",0.0692,false_ejection_rate,false_ejection_rate,10,0.020681714951457323,crossplay
multigen_none_n7_r1_k10_matrix,C1|D1,True,"[0, 1, 2, 3, 4, 5, 6, 7, 8, 9]",multigen_none_n7_r1_k10,"[0, 1, 2, 3, 4, 5, 6, 7, 8, 9]",0.7478,coalition_favorable_rate,coalition_favorable_rate,10,0.03423383641305128,crossplay
multigen_none_n7_r1_k10_matrix,C1|D1,True,"[0, 1, 2, 3, 4, 5, 6, 7, 8, 9]",multigen_none_n7_r1_k10,"[0, 1, 2, 3, 4, 5, 6, 7, 8, 9]",0.5631999999999999,false_ejection_rate,false_ejection_rate,10,0.06216251103179291,crossplay
multigen_none_n7_r1_k10_matrix,C1|D10,True,"[0, 1, 2, 3, 4, 5, 6, 7, 8, 9]",multigen_none_n7_r1_k10,"[0, 1, 2, 3, 4, 5, 6, 7, 8, 9]",0.5700000000000001,coalition_favorable_rate,coalition_favorable_rate,10,0.1093292682171105,crossplay
multigen_none_n7_r1_k10_matrix,C1|D10,True,"[0, 1, 2, 3, 4, 5, 6, 7, 8, 9]",multigen_none_n7_r1_k10,"[0, 1, 2, 3, 4, 5, 6, 7, 8, 9]",0.33899999999999997,false_ejection_rate,false_ejection_rate,10,0.077346263286887,crossplay
multigen_none_n7_r1_k10_matrix,C1|D2,True,"[0, 1, 2, 3, 4, 5, 6, 7, 8, 9]",multigen_none_n7_r1_k10,"[0, 1, 2, 3, 4, 5, 6, 7, 8, 9]",0.43979999999999997,coalition_favorable_rate,coalition_favorable_rate,10,0.10418125231217626,crossplay
multigen_none_n7_r1_k10_matrix,C1|D2,True,"[0, 1, 2, 3, 4, 5, 6, 7, 8, 9]",multigen_none_n7_r1_k10,"[0, 1, 2, 3, 4, 5, 6, 7, 8, 9]",0.21380000000000005,false_ejection_rate,false_ejection_rate,10,0.06217144753734538,crossplay
multigen_none_n7_r1_k10_matrix,C1|D3,True,"[0, 1, 2, 3, 4, 5, 6, 7, 8, 9]",multigen_none_n7_r1_k10,"[0, 1, 2, 3, 4, 5, 6, 7, 8, 9]",0.643,coalition_favorable_rate,coalition_favorable_rate,10,0.06260457917224051,crossplay
multigen_none_n7_r1_k10_matrix,C1|D3,True,"[0, 1, 2, 3, 4, 5, 6, 7, 8, 9]",multigen_none_n7_r1_k10,"[0, 1, 2, 3, 4, 5, 6, 7, 8, 9]",0.418,false_ejection_rate,false_ejection_rate,10,0.06333684200807264,crossplay
multigen_none_n7_r1_k10_matrix,C1|D4,True,"[0, 1, 2, 3, 4, 5, 6, 7, 8, 9]",multigen_none_n7_r1_k10,"[0, 1, 2, 3, 4, 5, 6, 7, 8, 9]",0.6005999999999999,coalition_favorable_rate,coalition_favorable_rate,10,0.07958252181087111,crossplay
multigen_none_n7_r1_k10_matrix,C1|D4,True,"[0, 1, 2, 3, 4, 5, 6, 7, 8, 9]",multigen_none_n7_r1_k10,"[0, 1, 2, 3, 4, 5, 6, 7, 8, 9]",0.3692,false_ejection_rate,false_ejection_rate,10,0.06097139584355201,crossplay
multigen_none_n7_r1_k10_matrix,C1|D5,True,"[0, 1, 2, 3, 4, 5, 6, 7, 8, 9]",multigen_none_n7_r1_k10,"[0, 1, 2, 3, 4, 5, 6, 7, 8, 9]",0.6264,coalition_favorable_rate,coalition_favorable_rate,10,0.06592790675342944,crossplay
multigen_none_n7_r1_k10_matrix,C1|D5,True,"[0, 1, 2, 3, 4, 5, 6, 7, 8, 9]",multigen_none_n7_r1_k10,"[0, 1, 2, 3, 4, 5, 6, 7, 8, 9]",0.3922,false_ejection_rate,false_ejection_rate,10,0.06127859876552879,crossplay
multigen_none_n7_r1_k10_matrix,C1|D6,True,"[0, 1, 2, 3, 4, 5, 6, 7, 8, 9]",multigen_none_n7_r1_k10,"[0, 1, 2, 3, 4, 5, 6, 7, 8, 9]",0.5714,coalition_favorable_rate,coalition_favorable_rate,10,0.05857606640561959,crossplay
multigen_none_n7_r1_k10_matrix,C1|D6,True,"[0, 1, 2, 3, 4, 5, 6, 7, 8, 9]",multigen_none_n7_r1_k10,"[0, 1, 2, 3, 4, 5, 6, 7, 8, 9]",0.34940000000000004,false_ejection_rate,false_ejection_rate,10,0.053707437928920874,crossplay
multigen_none_n7_r1_k10_matrix,C1|D7,True,"[0, 1, 2, 3, 4, 5, 6, 7, 8, 9]",multigen_none_n7_r1_k10,"[0, 1, 2, 3, 4, 5, 6, 7, 8, 9]",0.6186,coalition_favorable_rate,coalition_favorable_rate,10,0.07243725254008157,crossplay
multigen_none_n7_r1_k10_matrix,C1|D7,True,"[0, 1, 2, 3, 4, 5, 6, 7, 8, 9]",multigen_none_n7_r1_k10,"[0, 1, 2, 3, 4, 5, 6, 7, 8, 9]",0.37859999999999994,false_ejection_rate,false_ejection_rate,10,0.07282887095406906,crossplay
multigen_none_n7_r1_k10_matrix,C1|D8,True,"[0, 1, 2, 3, 4, 5, 6, 7, 8, 9]",multigen_none_n7_r1_k10,"[0, 1, 2, 3, 4, 5, 6, 7, 8, 9]",0.6092,coalition_favorable_rate,coalition_favorable_rate,10,0.05763640824648563,crossplay
multigen_none_n7_r1_k10_matrix,C1|D8,True,"[0, 1, 2, 3, 4, 5, 6, 7, 8, 9]",multigen_none_n7_r1_k10,"[0, 1, 2, 3, 4, 5, 6, 7, 8, 9]",0.3562,false_ejection_rate,false_ejection_rate,10,0.05618580287265142,crossplay
multigen_none_n7_r1_k10_matrix,C1|D9,True,"[0, 1, 2, 3, 4, 5, 6, 7, 8, 9]",multigen_none_n7_r1_k10,"[0, 1, 2, 3, 4, 5, 6, 7, 8, 9]",0.5516000000000001,coalition_favorable_rate,coalition_favorable_rate,10,0.09257213403611261,crossplay
multigen_none_n7_r1_k10_matrix,C1|D9,True,"[0, 1, 2, 3, 4, 5, 6, 7, 8, 9]",multigen_none_n7_r1_k10,"[0, 1, 2, 3, 4, 5, 6, 7, 8, 9]",0.3364,false_ejection_rate,false_ejection_rate,10,0.06783509416224023,crossplay
multigen_none_n7_r1_k10_matrix,C2|D0,True,"[0, 1, 2, 3, 4, 5, 6, 7, 8, 9]",multigen_none_n7_r1_k10,"[0, 1, 2, 3, 4, 5, 6, 7, 8, 9]",0.11440000000000002,coalition_favorable_rate,coalition_favorable_rate,10,0.03922357567699417,crossplay
multigen_none_n7_r1_k10_matrix,C2|D0,True,"[0, 1, 2, 3, 4, 5, 6, 7, 8, 9]",multigen_none_n7_r1_k10,"[0, 1, 2, 3, 4, 5, 6, 7, 8, 9]",0.0806,false_ejection_rate,false_ejection_rate,10,0.0339417802191406,crossplay
multigen_none_n7_r1_k10_matrix,C2|D1,True,"[0, 1, 2, 3, 4, 5, 6, 7, 8, 9]",multigen_none_n7_r1_k10,"[0, 1, 2, 3, 4, 5, 6, 7, 8, 9]",0.6102000000000001,coalition_favorable_rate,coalition_favorable_rate,10,0.08164666421708715,crossplay
multigen_none_n7_r1_k10_matrix,C2|D1,True,"[0, 1, 2, 3, 4, 5, 6, 7, 8, 9]",multigen_none_n7_r1_k10,"[0, 1, 2, 3, 4, 5, 6, 7, 8, 9]",0.3492,false_ejection_rate,false_ejection_rate,10,0.048736935571380445,crossplay
multigen_none_n7_r1_k10_matrix,C2|D10,True,"[0, 1, 2, 3, 4, 5, 6, 7, 8, 9]",multigen_none_n7_r1_k10,"[0, 1, 2, 3, 4, 5, 6, 7, 8, 9]",0.6192,coalition_favorable_rate,coalition_favorable_rate,10,0.06736434929215566,crossplay
multigen_none_n7_r1_k10_matrix,C2|D10,True,"[0, 1, 2, 3, 4, 5, 6, 7, 8, 9]",multigen_none_n7_r1_k10,"[0, 1, 2, 3, 4, 5, 6, 7, 8, 9]",0.3744,false_ejection_rate,false_ejection_rate,10,0.05190418523052302,crossplay
multigen_none_n7_r1_k10_matrix,C2|D2,True,"[0, 1, 2, 3, 4, 5, 6, 7, 8, 9]",multigen_none_n7_r1_k10,"[0, 1, 2, 3, 4, 5, 6, 7, 8, 9]",0.7402,coalition_favorable_rate,coalition_favorable_rate,10,0.02014282337045465,crossplay
multigen_none_n7_r1_k10_matrix,C2|D2,True,"[0, 1, 2, 3, 4, 5, 6, 7, 8, 9]",multigen_none_n7_r1_k10,"[0, 1, 2, 3, 4, 5, 6, 7, 8, 9]",0.5476,false_ejection_rate,false_ejection_rate,10,0.06944094213390574,crossplay
multigen_none_n7_r1_k10_matrix,C2|D3,True,"[0, 1, 2, 3, 4, 5, 6, 7, 8, 9]",multigen_none_n7_r1_k10,"[0, 1, 2, 3, 4, 5, 6, 7, 8, 9]",0.5226,coalition_favorable_rate,coalition_favorable_rate,10,0.10388904337481086,crossplay
multigen_none_n7_r1_k10_matrix,C2|D3,True,"[0, 1, 2, 3, 4, 5, 6, 7, 8, 9]",multigen_none_n7_r1_k10,"[0, 1, 2, 3, 4, 5, 6, 7, 8, 9]",0.25060000000000004,false_ejection_rate,false_ejection_rate,10,0.06503366649496073,crossplay
multigen_none_n7_r1_k10_matrix,C2|D4,True,"[0, 1, 2, 3, 4, 5, 6, 7, 8, 9]",multigen_none_n7_r1_k10,"[0, 1, 2, 3, 4, 5, 6, 7, 8, 9]",0.6696000000000001,coalition_favorable_rate,coalition_favorable_rate,10,0.0715901917552646,crossplay
multigen_none_n7_r1_k10_matrix,C2|D4,True,"[0, 1, 2, 3, 4, 5, 6, 7, 8, 9]",multigen_none_n7_r1_k10,"[0, 1, 2, 3, 4, 5, 6, 7, 8, 9]",0.4295999999999999,false_ejection_rate,false_ejection_rate,10,0.05946278014205376,crossplay
multigen_none_n7_r1_k10_matrix,C2|D5,True,"[0, 1, 2, 3, 4, 5, 6, 7, 8, 9]",multigen_none_n7_r1_k10,"[0, 1, 2, 3, 4, 5, 6, 7, 8, 9]",0.6202000000000001,coalition_favorable_rate,coalition_favorable_rate,10,0.09712511976254593,crossplay
multigen_none_n7_r1_k10_matrix,C2|D5,True,"[0, 1, 2, 3, 4, 5, 6, 7, 8, 9]",multigen_none_n7_r1_k10,"[0, 1, 2, 3, 4, 5, 6, 7, 8, 9]",0.3588,false_ejection_rate,false_ejection_rate,10,0.06968628113034715,crossplay
multigen_none_n7_r1_k10_matrix,C2|D6,True,"[0, 1, 2, 3, 4, 5, 6, 7, 8, 9]",multigen_none_n7_r1_k10,"[0, 1, 2, 3, 4, 5, 6, 7, 8, 9]",0.6346,coalition_favorable_rate,coalition_favorable_rate,10,0.040672677151457164,crossplay
multigen_none_n7_r1_k10_matrix,C2|D6,True,"[0, 1, 2, 3, 4, 5, 6, 7, 8, 9]",multigen_none_n7_r1_k10,"[0, 1, 2, 3, 4, 5, 6, 7, 8, 9]",0.3826,false_ejection_rate,false_ejection_rate,10,0.05538591878808186,crossplay
multigen_none_n7_r1_k10_matrix,C2|D7,True,"[0, 1, 2, 3, 4, 5, 6, 7, 8, 9]",multigen_none_n7_r1_k10,"[0, 1, 2, 3, 4, 5, 6, 7, 8, 9]",0.6402,coalition_favorable_rate,coalition_favorable_rate,10,0.0636828949649049,crossplay
multigen_none_n7_r1_k10_matrix,C2|D7,True,"[0, 1, 2, 3, 4, 5, 6, 7, 8, 9]",multigen_none_n7_r1_k10,"[0, 1, 2, 3, 4, 5, 6, 7, 8, 9]",0.4086,false_ejection_rate,false_ejection_rate,10,0.04748847813475976,crossplay
multigen_none_n7_r1_k10_matrix,C2|D8,True,"[0, 1, 2, 3, 4, 5, 6, 7, 8, 9]",multigen_none_n7_r1_k10,"[0, 1, 2, 3, 4, 5, 6, 7, 8, 9]",0.6618,coalition_favorable_rate,coalition_favorable_rate,10,0.031290041014141644,crossplay
multigen_none_n7_r1_k10_matrix,C2|D8,True,"[0, 1, 2, 3, 4, 5, 6, 7, 8, 9]",multigen_none_n7_r1_k10,"[0, 1, 2, 3, 4, 5, 6, 7, 8, 9]",0.4022,false_ejection_rate,false_ejection_rate,10,0.050185876720669355,crossplay
multigen_none_n7_r1_k10_matrix,C2|D9,True,"[0, 1, 2, 3, 4, 5, 6, 7, 8, 9]",multigen_none_n7_r1_k10,"[0, 1, 2, 3, 4, 5, 6, 7, 8, 9]",0.5934,coalition_favorable_rate,coalition_favorable_rate,10,0.08652835116628281,crossplay
multigen_none_n7_r1_k10_matrix,C2|D9,True,"[0, 1, 2, 3, 4, 5, 6, 7, 8, 9]",multigen_none_n7_r1_k10,"[0, 1, 2, 3, 4, 5, 6, 7, 8, 9]",0.35660000000000003,false_ejection_rate,false_ejection_rate,10,0.06868964016987328,crossplay
multigen_none_n7_r1_k10_matrix,C3|D0,True,"[0, 1, 2, 3, 4, 5, 6, 7, 8, 9]",multigen_none_n7_r1_k10,"[0, 1, 2, 3, 4, 5, 6, 7, 8, 9]",0.11499999999999999,coalition_favorable_rate,coalition_favorable_rate,10,0.022651956010709344,crossplay
multigen_none_n7_r1_k10_matrix,C3|D0,True,"[0, 1, 2, 3, 4, 5, 6, 7, 8, 9]",multigen_none_n7_r1_k10,"[0, 1, 2, 3, 4, 5, 6, 7, 8, 9]",0.0818,false_ejection_rate,false_ejection_rate,10,0.01919374898241612,crossplay
multigen_none_n7_r1_k10_matrix,C3|D1,True,"[0, 1, 2, 3, 4, 5, 6, 7, 8, 9]",multigen_none_n7_r1_k10,"[0, 1, 2, 3, 4, 5, 6, 7, 8, 9]",0.6110000000000001,coalition_favorable_rate,coalition_favorable_rate,10,0.13285999314232175,crossplay
multigen_none_n7_r1_k10_matrix,C3|D1,True,"[0, 1, 2, 3, 4, 5, 6, 7, 8, 9]",multigen_none_n7_r1_k10,"[0, 1, 2, 3, 4, 5, 6, 7, 8, 9]",0.3668,false_ejection_rate,false_ejection_rate,10,0.11457050231189528,crossplay
multigen_none_n7_r1_k10_matrix,C3|D10,True,"[0, 1, 2, 3, 4, 5, 6, 7, 8, 9]",multigen_none_n7_r1_k10,"[0, 1, 2, 3, 4, 5, 6, 7, 8, 9]",0.5718,coalition_favorable_rate,coalition_favorable_rate,10,0.08520537280920468,crossplay
multigen_none_n7_r1_k10_matrix,C3|D10,True,"[0, 1, 2, 3, 4, 5, 6, 7, 8, 9]",multigen_none_n7_r1_k10,"[0, 1, 2, 3, 4, 5, 6, 7, 8, 9]",0.33659999999999995,false_ejection_rate,false_ejection_rate,10,0.06680685260926124,crossplay
multigen_none_n7_r1_k10_matrix,C3|D2,True,"[0, 1, 2, 3, 4, 5, 6, 7, 8, 9]",multigen_none_n7_r1_k10,"[0, 1, 2, 3, 4, 5, 6, 7, 8, 9]",0.5555999999999999,coalition_favorable_rate,coalition_favorable_rate,10,0.09578587230554063,crossplay
multigen_none_n7_r1_k10_matrix,C3|D2,True,"[0, 1, 2, 3, 4, 5, 6, 7, 8, 9]",multigen_none_n7_r1_k10,"[0, 1, 2, 3, 4, 5, 6, 7, 8, 9]",0.3186,false_ejection_rate,false_ejection_rate,10,0.06641987654309513,crossplay
multigen_none_n7_r1_k10_matrix,C3|D3,True,"[0, 1, 2, 3, 4, 5, 6, 7, 8, 9]",multigen_none_n7_r1_k10,"[0, 1, 2, 3, 4, 5, 6, 7, 8, 9]",0.7489999999999999,coalition_favorable_rate,coalition_favorable_rate,10,0.0288482620312251,crossplay
multigen_none_n7_r1_k10_matrix,C3|D3,True,"[0, 1, 2, 3, 4, 5, 6, 7, 8, 9]",multigen_none_n7_r1_k10,"[0, 1, 2, 3, 4, 5, 6, 7, 8, 9]",0.5772,false_ejection_rate,false_ejection_rate,10,0.05370040347458605,crossplay
multigen_none_n7_r1_k10_matrix,C3|D4,True,"[0, 1, 2, 3, 4, 5, 6, 7, 8, 9]",multigen_none_n7_r1_k10,"[0, 1, 2, 3, 4, 5, 6, 7, 8, 9]",0.5086,coalition_favorable_rate,coalition_favorable_rate,10,0.07503510289635555,crossplay
multigen_none_n7_r1_k10_matrix,C3|D4,True,"[0, 1, 2, 3, 4, 5, 6, 7, 8, 9]",multigen_none_n7_r1_k10,"[0, 1, 2, 3, 4, 5, 6, 7, 8, 9]",0.25780000000000003,false_ejection_rate,false_ejection_rate,10,0.06212138654816605,crossplay
multigen_none_n7_r1_k10_matrix,C3|D5,True,"[0, 1, 2, 3, 4, 5, 6, 7, 8, 9]",multigen_none_n7_r1_k10,"[0, 1, 2, 3, 4, 5, 6, 7, 8, 9]",0.6544000000000001,coalition_favorable_rate,coalition_favorable_rate,10,0.051964090164907766,crossplay
multigen_none_n7_r1_k10_matrix,C3|D5,True,"[0, 1, 2, 3, 4, 5, 6, 7, 8, 9]",multigen_none_n7_r1_k10,"[0, 1, 2, 3, 4, 5, 6, 7, 8, 9]",0.4152,false_ejection_rate,false_ejection_rate,10,0.07134392444739465,crossplay
multigen_none_n7_r1_k10_matrix,C3|D6,True,"[0, 1, 2, 3, 4, 5, 6, 7, 8, 9]",multigen_none_n7_r1_k10,"[0, 1, 2, 3, 4, 5, 6, 7, 8, 9]",0.5816,coalition_favorable_rate,coalition_favorable_rate,10,0.08113527798272052,crossplay
multigen_none_n7_r1_k10_matrix,C3|D6,True,"[0, 1, 2, 3, 4, 5, 6, 7, 8, 9]",multigen_none_n7_r1_k10,"[0, 1, 2, 3, 4, 5, 6, 7, 8, 9]",0.34700000000000003,false_ejection_rate,false_ejection_rate,10,0.07272016379397273,crossplay
multigen_none_n7_r1_k10_matrix,C3|D7,True,"[0, 1, 2, 3, 4, 5, 6, 7, 8, 9]",multigen_none_n7_r1_k10,"[0, 1, 2, 3, 4, 5, 6, 7, 8, 9]",0.6442,coalition_favorable_rate,coalition_favorable_rate,10,0.07425152448865201,crossplay
multigen_none_n7_r1_k10_matrix,C3|D7,True,"[0, 1, 2, 3, 4, 5, 6, 7, 8, 9]",multigen_none_n7_r1_k10,"[0, 1, 2, 3, 4, 5, 6, 7, 8, 9]",0.38639999999999997,false_ejection_rate,false_ejection_rate,10,0.07109180293426552,crossplay
multigen_none_n7_r1_k10_matrix,C3|D8,True,"[0, 1, 2, 3, 4, 5, 6, 7, 8, 9]",multigen_none_n7_r1_k10,"[0, 1, 2, 3, 4, 5, 6, 7, 8, 9]",0.5800000000000001,coalition_favorable_rate,coalition_favorable_rate,10,0.06414566755959959,crossplay
multigen_none_n7_r1_k10_matrix,C3|D8,True,"[0, 1, 2, 3, 4, 5, 6, 7, 8, 9]",multigen_none_n7_r1_k10,"[0, 1, 2, 3, 4, 5, 6, 7, 8, 9]",0.34479999999999994,false_ejection_rate,false_ejection_rate,10,0.049398155611093196,crossplay
multigen_none_n7_r1_k10_matrix,C3|D9,True,"[0, 1, 2, 3, 4, 5, 6, 7, 8, 9]",multigen_none_n7_r1_k10,"[0, 1, 2, 3, 4, 5, 6, 7, 8, 9]",0.6072,coalition_favorable_rate,coalition_favorable_rate,10,0.11115234790342687,crossplay
multigen_none_n7_r1_k10_matrix,C3|D9,True,"[0, 1, 2, 3, 4, 5, 6, 7, 8, 9]",multigen_none_n7_r1_k10,"[0, 1, 2, 3, 4, 5, 6, 7, 8, 9]",0.3784,false_ejection_rate,false_ejection_rate,10,0.07948612737103528,crossplay
multigen_none_n7_r1_k10_matrix,C4|D0,True,"[0, 1, 2, 3, 4, 5, 6, 7, 8, 9]",multigen_none_n7_r1_k10,"[0, 1, 2, 3, 4, 5, 6, 7, 8, 9]",0.11000000000000001,coalition_favorable_rate,coalition_favorable_rate,10,0.025957229778575713,crossplay
multigen_none_n7_r1_k10_matrix,C4|D0,True,"[0, 1, 2, 3, 4, 5, 6, 7, 8, 9]",multigen_none_n7_r1_k10,"[0, 1, 2, 3, 4, 5, 6, 7, 8, 9]",0.07880000000000001,false_ejection_rate,false_ejection_rate,10,0.024003703417968193,crossplay
multigen_none_n7_r1_k10_matrix,C4|D1,True,"[0, 1, 2, 3, 4, 5, 6, 7, 8, 9]",multigen_none_n7_r1_k10,"[0, 1, 2, 3, 4, 5, 6, 7, 8, 9]",0.6262000000000001,coalition_favorable_rate,coalition_favorable_rate,10,0.07046795962232293,crossplay
multigen_none_n7_r1_k10_matrix,C4|D1,True,"[0, 1, 2, 3, 4, 5, 6, 7, 8, 9]",multigen_none_n7_r1_k10,"[0, 1, 2, 3, 4, 5, 6, 7, 8, 9]",0.37,false_ejection_rate,false_ejection_rate,10,0.04325634186002223,crossplay
multigen_none_n7_r1_k10_matrix,C4|D10,True,"[0, 1, 2, 3, 4, 5, 6, 7, 8, 9]",multigen_none_n7_r1_k10,"[0, 1, 2, 3, 4, 5, 6, 7, 8, 9]",0.6315999999999999,coalition_favorable_rate,coalition_favorable_rate,10,0.06812928885582176,crossplay
multigen_none_n7_r1_k10_matrix,C4|D10,True,"[0, 1, 2, 3, 4, 5, 6, 7, 8, 9]",multigen_none_n7_r1_k10,"[0, 1, 2, 3, 4, 5, 6, 7, 8, 9]",0.372,false_ejection_rate,false_ejection_rate,10,0.05241713036360877,crossplay
multigen_none_n7_r1_k10_matrix,C4|D2,True,"[0, 1, 2, 3, 4, 5, 6, 7, 8, 9]",multigen_none_n7_r1_k10,"[0, 1, 2, 3, 4, 5, 6, 7, 8, 9]",0.628,coalition_favorable_rate,coalition_favorable_rate,10,0.05172577264338888,crossplay
multigen_none_n7_r1_k10_matrix,C4|D2,True,"[0, 1, 2, 3, 4, 5, 6, 7, 8, 9]",multigen_none_n7_r1_k10,"[0, 1, 2, 3, 4, 5, 6, 7, 8, 9]",0.4095999999999999,false_ejection_rate,false_ejection_rate,10,0.06451046426743494,crossplay
multigen_none_n7_r1_k10_matrix,C4|D3,True,"[0, 1, 2, 3, 4, 5, 6, 7, 8, 9]",multigen_none_n7_r1_k10,"[0, 1, 2, 3, 4, 5, 6, 7, 8, 9]",0.592,coalition_favorable_rate,coalition_favorable_rate,10,0.06661331198291623,crossplay
multigen_none_n7_r1_k10_matrix,C4|D3,True,"[0, 1, 2, 3, 4, 5, 6, 7, 8, 9]",multigen_none_n7_r1_k10,"[0, 1, 2, 3, 4, 5, 6, 7, 8, 9]",0.34219999999999995,false_ejection_rate,false_ejection_rate,10,0.05930298849505347,crossplay
multigen_none_n7_r1_k10_matrix,C4|D4,True,"[0, 1, 2, 3, 4, 5, 6, 7, 8, 9]",multigen_none_n7_r1_k10,"[0, 1, 2, 3, 4, 5, 6, 7, 8, 9]",0.7455999999999999,coalition_favorable_rate,coalition_favorable_rate,10,0.03687576741197697,crossplay
multigen_none_n7_r1_k10_matrix,C4|D4,True,"[0, 1, 2, 3, 4, 5, 6, 7, 8, 9]",multigen_none_n7_r1_k10,"[0, 1, 2, 3, 4, 5, 6, 7, 8, 9]",0.55,false_ejection_rate,false_ejection_rate,10,0.03483293460696834,crossplay
multigen_none_n7_r1_k10_matrix,C4|D5,True,"[0, 1, 2, 3, 4, 5, 6, 7, 8, 9]",multigen_none_n7_r1_k10,"[0, 1, 2, 3, 4, 5, 6, 7, 8, 9]",0.51,coalition_favorable_rate,coalition_favorable_rate,10,0.12263042943014683,crossplay
multigen_none_n7_r1_k10_matrix,C4|D5,True,"[0, 1, 2, 3, 4, 5, 6, 7, 8, 9]",multigen_none_n7_r1_k10,"[0, 1, 2, 3, 4, 5, 6, 7, 8, 9]",0.27399999999999997,false_ejection_rate,false_ejection_rate,10,0.07511176857042962,crossplay
multigen_none_n7_r1_k10_matrix,C4|D6,True,"[0, 1, 2, 3, 4, 5, 6, 7, 8, 9]",multigen_none_n7_r1_k10,"[0, 1, 2, 3, 4, 5, 6, 7, 8, 9]",0.6814,coalition_favorable_rate,coalition_favorable_rate,10,0.03358637289801392,crossplay
multigen_none_n7_r1_k10_matrix,C4|D6,True,"[0, 1, 2, 3, 4, 5, 6, 7, 8, 9]",multigen_none_n7_r1_k10,"[0, 1, 2, 3, 4, 5, 6, 7, 8, 9]",0.4184,false_ejection_rate,false_ejection_rate,10,0.033820440893374264,crossplay
multigen_none_n7_r1_k10_matrix,C4|D7,True,"[0, 1, 2, 3, 4, 5, 6, 7, 8, 9]",multigen_none_n7_r1_k10,"[0, 1, 2, 3, 4, 5, 6, 7, 8, 9]",0.5944,coalition_favorable_rate,coalition_favorable_rate,10,0.1037980946089303,crossplay
multigen_none_n7_r1_k10_matrix,C4|D7,True,"[0, 1, 2, 3, 4, 5, 6, 7, 8, 9]",multigen_none_n7_r1_k10,"[0, 1, 2, 3, 4, 5, 6, 7, 8, 9]",0.36300000000000004,false_ejection_rate,false_ejection_rate,10,0.06958448102845922,crossplay
multigen_none_n7_r1_k10_matrix,C4|D8,True,"[0, 1, 2, 3, 4, 5, 6, 7, 8, 9]",multigen_none_n7_r1_k10,"[0, 1, 2, 3, 4, 5, 6, 7, 8, 9]",0.6464,coalition_favorable_rate,coalition_favorable_rate,10,0.05511845829161447,crossplay
multigen_none_n7_r1_k10_matrix,C4|D8,True,"[0, 1, 2, 3, 4, 5, 6, 7, 8, 9]",multigen_none_n7_r1_k10,"[0, 1, 2, 3, 4, 5, 6, 7, 8, 9]",0.374,false_ejection_rate,false_ejection_rate,10,0.046274543037542075,crossplay
multigen_none_n7_r1_k10_matrix,C4|D9,True,"[0, 1, 2, 3, 4, 5, 6, 7, 8, 9]",multigen_none_n7_r1_k10,"[0, 1, 2, 3, 4, 5, 6, 7, 8, 9]",0.5548,coalition_favorable_rate,coalition_favorable_rate,10,0.12220274592295834,crossplay
multigen_none_n7_r1_k10_matrix,C4|D9,True,"[0, 1, 2, 3, 4, 5, 6, 7, 8, 9]",multigen_none_n7_r1_k10,"[0, 1, 2, 3, 4, 5, 6, 7, 8, 9]",0.3384,false_ejection_rate,false_ejection_rate,10,0.08068484643626983,crossplay
multigen_none_n7_r1_k10_matrix,C5|D0,True,"[0, 1, 2, 3, 4, 5, 6, 7, 8, 9]",multigen_none_n7_r1_k10,"[0, 1, 2, 3, 4, 5, 6, 7, 8, 9]",0.0954,coalition_favorable_rate,coalition_favorable_rate,10,0.022091727964205166,crossplay
multigen_none_n7_r1_k10_matrix,C5|D0,True,"[0, 1, 2, 3, 4, 5, 6, 7, 8, 9]",multigen_none_n7_r1_k10,"[0, 1, 2, 3, 4, 5, 6, 7, 8, 9]",0.06720000000000001,false_ejection_rate,false_ejection_rate,10,0.0197810234540301,crossplay
multigen_none_n7_r1_k10_matrix,C5|D1,True,"[0, 1, 2, 3, 4, 5, 6, 7, 8, 9]",multigen_none_n7_r1_k10,"[0, 1, 2, 3, 4, 5, 6, 7, 8, 9]",0.6218,coalition_favorable_rate,coalition_favorable_rate,10,0.10675184099375314,crossplay
multigen_none_n7_r1_k10_matrix,C5|D1,True,"[0, 1, 2, 3, 4, 5, 6, 7, 8, 9]",multigen_none_n7_r1_k10,"[0, 1, 2, 3, 4, 5, 6, 7, 8, 9]",0.3716,false_ejection_rate,false_ejection_rate,10,0.09256253141645501,crossplay
multigen_none_n7_r1_k10_matrix,C5|D10,True,"[0, 1, 2, 3, 4, 5, 6, 7, 8, 9]",multigen_none_n7_r1_k10,"[0, 1, 2, 3, 4, 5, 6, 7, 8, 9]",0.5618000000000001,coalition_favorable_rate,coalition_favorable_rate,10,0.11226338079118525,crossplay
multigen_none_n7_r1_k10_matrix,C5|D10,True,"[0, 1, 2, 3, 4, 5, 6, 7, 8, 9]",multigen_none_n7_r1_k10,"[0, 1, 2, 3, 4, 5, 6, 7, 8, 9]",0.33199999999999996,false_ejection_rate,false_ejection_rate,10,0.0784233525311321,crossplay
multigen_none_n7_r1_k10_matrix,C5|D2,True,"[0, 1, 2, 3, 4, 5, 6, 7, 8, 9]",multigen_none_n7_r1_k10,"[0, 1, 2, 3, 4, 5, 6, 7, 8, 9]",0.5784,coalition_favorable_rate,coalition_favorable_rate,10,0.06785474682486603,crossplay
multigen_none_n7_r1_k10_matrix,C5|D2,True,"[0, 1, 2, 3, 4, 5, 6, 7, 8, 9]",multigen_none_n7_r1_k10,"[0, 1, 2, 3, 4, 5, 6, 7, 8, 9]",0.3434,false_ejection_rate,false_ejection_rate,10,0.0537570667189182,crossplay
multigen_none_n7_r1_k10_matrix,C5|D3,True,"[0, 1, 2, 3, 4, 5, 6, 7, 8, 9]",multigen_none_n7_r1_k10,"[0, 1, 2, 3, 4, 5, 6, 7, 8, 9]",0.6334,coalition_favorable_rate,coalition_favorable_rate,10,0.06873491753751428,crossplay
multigen_none_n7_r1_k10_matrix,C5|D3,True,"[0, 1, 2, 3, 4, 5, 6, 7, 8, 9]",multigen_none_n7_r1_k10,"[0, 1, 2, 3, 4, 5, 6, 7, 8, 9]",0.4062,false_ejection_rate,false_ejection_rate,10,0.05817559625822497,crossplay
multigen_none_n7_r1_k10_matrix,C5|D4,True,"[0, 1, 2, 3, 4, 5, 6, 7, 8, 9]",multigen_none_n7_r1_k10,"[0, 1, 2, 3, 4, 5, 6, 7, 8, 9]",0.5715999999999999,coalition_favorable_rate,coalition_favorable_rate,10,0.0744986204197396,crossplay
multigen_none_n7_r1_k10_matrix,C5|D4,True,"[0, 1, 2, 3, 4, 5, 6, 7, 8, 9]",multigen_none_n7_r1_k10,"[0, 1, 2, 3, 4, 5, 6, 7, 8, 9]",0.3316,false_ejection_rate,false_ejection_rate,10,0.05126662332031111,crossplay
multigen_none_n7_r1_k10_matrix,C5|D5,True,"[0, 1, 2, 3, 4, 5, 6, 7, 8, 9]",multigen_none_n7_r1_k10,"[0, 1, 2, 3, 4, 5, 6, 7, 8, 9]",0.728,coalition_favorable_rate,coalition_favorable_rate,10,0.027808871486152305,crossplay
multigen_none_n7_r1_k10_matrix,C5|D5,True,"[0, 1, 2, 3, 4, 5, 6, 7, 8, 9]",multigen_none_n7_r1_k10,"[0, 1, 2, 3, 4, 5, 6, 7, 8, 9]",0.5504,false_ejection_rate,false_ejection_rate,10,0.03968542973602946,crossplay
multigen_none_n7_r1_k10_matrix,C5|D6,True,"[0, 1, 2, 3, 4, 5, 6, 7, 8, 9]",multigen_none_n7_r1_k10,"[0, 1, 2, 3, 4, 5, 6, 7, 8, 9]",0.5006,coalition_favorable_rate,coalition_favorable_rate,10,0.07734511404521079,crossplay
multigen_none_n7_r1_k10_matrix,C5|D6,True,"[0, 1, 2, 3, 4, 5, 6, 7, 8, 9]",multigen_none_n7_r1_k10,"[0, 1, 2, 3, 4, 5, 6, 7, 8, 9]",0.2586,false_ejection_rate,false_ejection_rate,10,0.046809780554447754,crossplay
multigen_none_n7_r1_k10_matrix,C5|D7,True,"[0, 1, 2, 3, 4, 5, 6, 7, 8, 9]",multigen_none_n7_r1_k10,"[0, 1, 2, 3, 4, 5, 6, 7, 8, 9]",0.6626000000000001,coalition_favorable_rate,coalition_favorable_rate,10,0.06565262117133379,crossplay
multigen_none_n7_r1_k10_matrix,C5|D7,True,"[0, 1, 2, 3, 4, 5, 6, 7, 8, 9]",multigen_none_n7_r1_k10,"[0, 1, 2, 3, 4, 5, 6, 7, 8, 9]",0.41980000000000006,false_ejection_rate,false_ejection_rate,10,0.0673659986772094,crossplay
multigen_none_n7_r1_k10_matrix,C5|D8,True,"[0, 1, 2, 3, 4, 5, 6, 7, 8, 9]",multigen_none_n7_r1_k10,"[0, 1, 2, 3, 4, 5, 6, 7, 8, 9]",0.569,coalition_favorable_rate,coalition_favorable_rate,10,0.05504947269905903,crossplay
multigen_none_n7_r1_k10_matrix,C5|D8,True,"[0, 1, 2, 3, 4, 5, 6, 7, 8, 9]",multigen_none_n7_r1_k10,"[0, 1, 2, 3, 4, 5, 6, 7, 8, 9]",0.3484,false_ejection_rate,false_ejection_rate,10,0.045370572939835006,crossplay
multigen_none_n7_r1_k10_matrix,C5|D9,True,"[0, 1, 2, 3, 4, 5, 6, 7, 8, 9]",multigen_none_n7_r1_k10,"[0, 1, 2, 3, 4, 5, 6, 7, 8, 9]",0.6157999999999999,coalition_favorable_rate,coalition_favorable_rate,10,0.0735599528729231,crossplay
multigen_none_n7_r1_k10_matrix,C5|D9,True,"[0, 1, 2, 3, 4, 5, 6, 7, 8, 9]",multigen_none_n7_r1_k10,"[0, 1, 2, 3, 4, 5, 6, 7, 8, 9]",0.36719999999999997,false_ejection_rate,false_ejection_rate,10,0.053359993336664586,crossplay
multigen_none_n7_r1_k10_matrix,C6|D0,True,"[0, 1, 2, 3, 4, 5, 6, 7, 8, 9]",multigen_none_n7_r1_k10,"[0, 1, 2, 3, 4, 5, 6, 7, 8, 9]",0.11860000000000001,coalition_favorable_rate,coalition_favorable_rate,10,0.03403331700946393,crossplay
multigen_none_n7_r1_k10_matrix,C6|D0,True,"[0, 1, 2, 3, 4, 5, 6, 7, 8, 9]",multigen_none_n7_r1_k10,"[0, 1, 2, 3, 4, 5, 6, 7, 8, 9]",0.08420000000000001,false_ejection_rate,false_ejection_rate,10,0.03067318771247039,crossplay
multigen_none_n7_r1_k10_matrix,C6|D1,True,"[0, 1, 2, 3, 4, 5, 6, 7, 8, 9]",multigen_none_n7_r1_k10,"[0, 1, 2, 3, 4, 5, 6, 7, 8, 9]",0.6314,coalition_favorable_rate,coalition_favorable_rate,10,0.0765364110879405,crossplay
multigen_none_n7_r1_k10_matrix,C6|D1,True,"[0, 1, 2, 3, 4, 5, 6, 7, 8, 9]",multigen_none_n7_r1_k10,"[0, 1, 2, 3, 4, 5, 6, 7, 8, 9]",0.3786,false_ejection_rate,false_ejection_rate,10,0.07962160510816144,crossplay
multigen_none_n7_r1_k10_matrix,C6|D10,True,"[0, 1, 2, 3, 4, 5, 6, 7, 8, 9]",multigen_none_n7_r1_k10,"[0, 1, 2, 3, 4, 5, 6, 7, 8, 9]",0.6464000000000001,coalition_favorable_rate,coalition_favorable_rate,10,0.08131584511438508,crossplay
multigen_none_n7_r1_k10_matrix,C6|D10,True,"[0, 1, 2, 3, 4, 5, 6, 7, 8, 9]",multigen_none_n7_r1_k10,"[0, 1, 2, 3, 4, 5, 6, 7, 8, 9]",0.38939999999999997,false_ejection_rate,false_ejection_rate,10,0.06799379056616535,crossplay
multigen_none_n7_r1_k10_matrix,C6|D2,True,"[0, 1, 2, 3, 4, 5, 6, 7, 8, 9]",multigen_none_n7_r1_k10,"[0, 1, 2, 3, 4, 5, 6, 7, 8, 9]",0.6182000000000001,coalition_favorable_rate,coalition_favorable_rate,10,0.061791405371441246,crossplay
multigen_none_n7_r1_k10_matrix,C6|D2,True,"[0, 1, 2, 3, 4, 5, 6, 7, 8, 9]",multigen_none_n7_r1_k10,"[0, 1, 2, 3, 4, 5, 6, 7, 8, 9]",0.36639999999999995,false_ejection_rate,false_ejection_rate,10,0.0669845753389042,crossplay
multigen_none_n7_r1_k10_matrix,C6|D3,True,"[0, 1, 2, 3, 4, 5, 6, 7, 8, 9]",multigen_none_n7_r1_k10,"[0, 1, 2, 3, 4, 5, 6, 7, 8, 9]",0.6132000000000001,coalition_favorable_rate,coalition_favorable_rate,10,0.09015147746370486,crossplay
multigen_none_n7_r1_k10_matrix,C6|D3,True,"[0, 1, 2, 3, 4, 5, 6, 7, 8, 9]",multigen_none_n7_r1_k10,"[0, 1, 2, 3, 4, 5, 6, 7, 8, 9]",0.36619999999999997,false_ejection_rate,false_ejection_rate,10,0.08543457535837973,crossplay
multigen_none_n7_r1_k10_matrix,C6|D4,True,"[0, 1, 2, 3, 4, 5, 6, 7, 8, 9]",multigen_none_n7_r1_k10,"[0, 1, 2, 3, 4, 5, 6, 7, 8, 9]",0.673,coalition_favorable_rate,coalition_favorable_rate,10,0.06430655746759682,crossplay
multigen_none_n7_r1_k10_matrix,C6|D4,True,"[0, 1, 2, 3, 4, 5, 6, 7, 8, 9]",multigen_none_n7_r1_k10,"[0, 1, 2, 3, 4, 5, 6, 7, 8, 9]",0.4126,false_ejection_rate,false_ejection_rate,10,0.04727273115773099,crossplay
multigen_none_n7_r1_k10_matrix,C6|D5,True,"[0, 1, 2, 3, 4, 5, 6, 7, 8, 9]",multigen_none_n7_r1_k10,"[0, 1, 2, 3, 4, 5, 6, 7, 8, 9]",0.5902,coalition_favorable_rate,coalition_favorable_rate,10,0.0781704689906759,crossplay
multigen_none_n7_r1_k10_matrix,C6|D5,True,"[0, 1, 2, 3, 4, 5, 6, 7, 8, 9]",multigen_none_n7_r1_k10,"[0, 1, 2, 3, 4, 5, 6, 7, 8, 9]",0.35439999999999994,false_ejection_rate,false_ejection_rate,10,0.057656453816261256,crossplay
multigen_none_n7_r1_k10_matrix,C6|D6,True,"[0, 1, 2, 3, 4, 5, 6, 7, 8, 9]",multigen_none_n7_r1_k10,"[0, 1, 2, 3, 4, 5, 6, 7, 8, 9]",0.7504,coalition_favorable_rate,coalition_favorable_rate,10,0.04877886609770442,crossplay
multigen_none_n7_r1_k10_matrix,C6|D6,True,"[0, 1, 2, 3, 4, 5, 6, 7, 8, 9]",multigen_none_n7_r1_k10,"[0, 1, 2, 3, 4, 5, 6, 7, 8, 9]",0.5722000000000002,false_ejection_rate,false_ejection_rate,10,0.04962481458123771,crossplay
multigen_none_n7_r1_k10_matrix,C6|D7,True,"[0, 1, 2, 3, 4, 5, 6, 7, 8, 9]",multigen_none_n7_r1_k10,"[0, 1, 2, 3, 4, 5, 6, 7, 8, 9]",0.5402,coalition_favorable_rate,coalition_favorable_rate,10,0.104394337862634,crossplay
multigen_none_n7_r1_k10_matrix,C6|D7,True,"[0, 1, 2, 3, 4, 5, 6, 7, 8, 9]",multigen_none_n7_r1_k10,"[0, 1, 2, 3, 4, 5, 6, 7, 8, 9]",0.2742,false_ejection_rate,false_ejection_rate,10,0.06423879063480431,crossplay
multigen_none_n7_r1_k10_matrix,C6|D8,True,"[0, 1, 2, 3, 4, 5, 6, 7, 8, 9]",multigen_none_n7_r1_k10,"[0, 1, 2, 3, 4, 5, 6, 7, 8, 9]",0.6792,coalition_favorable_rate,coalition_favorable_rate,10,0.0618543091106477,crossplay
multigen_none_n7_r1_k10_matrix,C6|D8,True,"[0, 1, 2, 3, 4, 5, 6, 7, 8, 9]",multigen_none_n7_r1_k10,"[0, 1, 2, 3, 4, 5, 6, 7, 8, 9]",0.4082,false_ejection_rate,false_ejection_rate,10,0.07782287581424885,crossplay
multigen_none_n7_r1_k10_matrix,C6|D9,True,"[0, 1, 2, 3, 4, 5, 6, 7, 8, 9]",multigen_none_n7_r1_k10,"[0, 1, 2, 3, 4, 5, 6, 7, 8, 9]",0.5488000000000001,coalition_favorable_rate,coalition_favorable_rate,10,0.08931442585980535,crossplay
multigen_none_n7_r1_k10_matrix,C6|D9,True,"[0, 1, 2, 3, 4, 5, 6, 7, 8, 9]",multigen_none_n7_r1_k10,"[0, 1, 2, 3, 4, 5, 6, 7, 8, 9]",0.3176,false_ejection_rate,false_ejection_rate,10,0.06550860842498318,crossplay
multigen_none_n7_r1_k10_matrix,C7|D0,True,"[0, 1, 2, 3, 4, 5, 6, 7, 8, 9]",multigen_none_n7_r1_k10,"[0, 1, 2, 3, 4, 5, 6, 7, 8, 9]",0.13400000000000004,coalition_favorable_rate,coalition_favorable_rate,10,0.03614784456460256,crossplay
multigen_none_n7_r1_k10_matrix,C7|D0,True,"[0, 1, 2, 3, 4, 5, 6, 7, 8, 9]",multigen_none_n7_r1_k10,"[0, 1, 2, 3, 4, 5, 6, 7, 8, 9]",0.101,false_ejection_rate,false_ejection_rate,10,0.028971250116854353,crossplay
multigen_none_n7_r1_k10_matrix,C7|D1,True,"[0, 1, 2, 3, 4, 5, 6, 7, 8, 9]",multigen_none_n7_r1_k10,"[0, 1, 2, 3, 4, 5, 6, 7, 8, 9]",0.606,coalition_favorable_rate,coalition_favorable_rate,10,0.12563792774830732,crossplay
multigen_none_n7_r1_k10_matrix,C7|D1,True,"[0, 1, 2, 3, 4, 5, 6, 7, 8, 9]",multigen_none_n7_r1_k10,"[0, 1, 2, 3, 4, 5, 6, 7, 8, 9]",0.3738,false_ejection_rate,false_ejection_rate,10,0.10007308440446022,crossplay
multigen_none_n7_r1_k10_matrix,C7|D10,True,"[0, 1, 2, 3, 4, 5, 6, 7, 8, 9]",multigen_none_n7_r1_k10,"[0, 1, 2, 3, 4, 5, 6, 7, 8, 9]",0.5793999999999999,coalition_favorable_rate,coalition_favorable_rate,10,0.08674893531207044,crossplay
multigen_none_n7_r1_k10_matrix,C7|D10,True,"[0, 1, 2, 3, 4, 5, 6, 7, 8, 9]",multigen_none_n7_r1_k10,"[0, 1, 2, 3, 4, 5, 6, 7, 8, 9]",0.325,false_ejection_rate,false_ejection_rate,10,0.0745609370470445,crossplay
multigen_none_n7_r1_k10_matrix,C7|D2,True,"[0, 1, 2, 3, 4, 5, 6, 7, 8, 9]",multigen_none_n7_r1_k10,"[0, 1, 2, 3, 4, 5, 6, 7, 8, 9]",0.5938,coalition_favorable_rate,coalition_favorable_rate,10,0.04802267982711687,crossplay
multigen_none_n7_r1_k10_matrix,C7|D2,True,"[0, 1, 2, 3, 4, 5, 6, 7, 8, 9]",multigen_none_n7_r1_k10,"[0, 1, 2, 3, 4, 5, 6, 7, 8, 9]",0.3524,false_ejection_rate,false_ejection_rate,10,0.06262267959773041,crossplay
multigen_none_n7_r1_k10_matrix,C7|D3,True,"[0, 1, 2, 3, 4, 5, 6, 7, 8, 9]",multigen_none_n7_r1_k10,"[0, 1, 2, 3, 4, 5, 6, 7, 8, 9]",0.6552,coalition_favorable_rate,coalition_favorable_rate,10,0.05839482473263837,crossplay
multigen_none_n7_r1_k10_matrix,C7|D3,True,"[0, 1, 2, 3, 4, 5, 6, 7, 8, 9]",multigen_none_n7_r1_k10,"[0, 1, 2, 3, 4, 5, 6, 7, 8, 9]",0.4024,false_ejection_rate,false_ejection_rate,10,0.05456738952891186,crossplay
multigen_none_n7_r1_k10_matrix,C7|D4,True,"[0, 1, 2, 3, 4, 5, 6, 7, 8, 9]",multigen_none_n7_r1_k10,"[0, 1, 2, 3, 4, 5, 6, 7, 8, 9]",0.5902000000000001,coalition_favorable_rate,coalition_favorable_rate,10,0.06388496606314267,crossplay
multigen_none_n7_r1_k10_matrix,C7|D4,True,"[0, 1, 2, 3, 4, 5, 6, 7, 8, 9]",multigen_none_n7_r1_k10,"[0, 1, 2, 3, 4, 5, 6, 7, 8, 9]",0.3572,false_ejection_rate,false_ejection_rate,10,0.06081081775108402,crossplay
multigen_none_n7_r1_k10_matrix,C7|D5,True,"[0, 1, 2, 3, 4, 5, 6, 7, 8, 9]",multigen_none_n7_r1_k10,"[0, 1, 2, 3, 4, 5, 6, 7, 8, 9]",0.6548,coalition_favorable_rate,coalition_favorable_rate,10,0.057674951235349985,crossplay
multigen_none_n7_r1_k10_matrix,C7|D5,True,"[0, 1, 2, 3, 4, 5, 6, 7, 8, 9]",multigen_none_n7_r1_k10,"[0, 1, 2, 3, 4, 5, 6, 7, 8, 9]",0.41640000000000005,false_ejection_rate,false_ejection_rate,10,0.0759169136476041,crossplay
multigen_none_n7_r1_k10_matrix,C7|D6,True,"[0, 1, 2, 3, 4, 5, 6, 7, 8, 9]",multigen_none_n7_r1_k10,"[0, 1, 2, 3, 4, 5, 6, 7, 8, 9]",0.5424,coalition_favorable_rate,coalition_favorable_rate,10,0.07960904471226872,crossplay
multigen_none_n7_r1_k10_matrix,C7|D6,True,"[0, 1, 2, 3, 4, 5, 6, 7, 8, 9]",multigen_none_n7_r1_k10,"[0, 1, 2, 3, 4, 5, 6, 7, 8, 9]",0.304,false_ejection_rate,false_ejection_rate,10,0.06397221619144082,crossplay
multigen_none_n7_r1_k10_matrix,C7|D7,True,"[0, 1, 2, 3, 4, 5, 6, 7, 8, 9]",multigen_none_n7_r1_k10,"[0, 1, 2, 3, 4, 5, 6, 7, 8, 9]",0.7485999999999999,coalition_favorable_rate,coalition_favorable_rate,10,0.0194833262047321,crossplay
multigen_none_n7_r1_k10_matrix,C7|D7,True,"[0, 1, 2, 3, 4, 5, 6, 7, 8, 9]",multigen_none_n7_r1_k10,"[0, 1, 2, 3, 4, 5, 6, 7, 8, 9]",0.5632,false_ejection_rate,false_ejection_rate,10,0.03855385843206876,crossplay
multigen_none_n7_r1_k10_matrix,C7|D8,True,"[0, 1, 2, 3, 4, 5, 6, 7, 8, 9]",multigen_none_n7_r1_k10,"[0, 1, 2, 3, 4, 5, 6, 7, 8, 9]",0.5012000000000001,coalition_favorable_rate,coalition_favorable_rate,10,0.04555046041967572,crossplay
multigen_none_n7_r1_k10_matrix,C7|D8,True,"[0, 1, 2, 3, 4, 5, 6, 7, 8, 9]",multigen_none_n7_r1_k10,"[0, 1, 2, 3, 4, 5, 6, 7, 8, 9]",0.2586,false_ejection_rate,false_ejection_rate,10,0.02948521286641454,crossplay
multigen_none_n7_r1_k10_matrix,C7|D9,True,"[0, 1, 2, 3, 4, 5, 6, 7, 8, 9]",multigen_none_n7_r1_k10,"[0, 1, 2, 3, 4, 5, 6, 7, 8, 9]",0.615,coalition_favorable_rate,coalition_favorable_rate,10,0.075825823804002,crossplay
multigen_none_n7_r1_k10_matrix,C7|D9,True,"[0, 1, 2, 3, 4, 5, 6, 7, 8, 9]",multigen_none_n7_r1_k10,"[0, 1, 2, 3, 4, 5, 6, 7, 8, 9]",0.38520000000000004,false_ejection_rate,false_ejection_rate,10,0.05518614963114487,crossplay
multigen_none_n7_r1_k10_matrix,C8|D0,True,"[0, 1, 2, 3, 4, 5, 6, 7, 8, 9]",multigen_none_n7_r1_k10,"[0, 1, 2, 3, 4, 5, 6, 7, 8, 9]",0.10400000000000001,coalition_favorable_rate,coalition_favorable_rate,10,0.02453115932396547,crossplay
multigen_none_n7_r1_k10_matrix,C8|D0,True,"[0, 1, 2, 3, 4, 5, 6, 7, 8, 9]",multigen_none_n7_r1_k10,"[0, 1, 2, 3, 4, 5, 6, 7, 8, 9]",0.0744,false_ejection_rate,false_ejection_rate,10,0.01880425483766905,crossplay
multigen_none_n7_r1_k10_matrix,C8|D1,True,"[0, 1, 2, 3, 4, 5, 6, 7, 8, 9]",multigen_none_n7_r1_k10,"[0, 1, 2, 3, 4, 5, 6, 7, 8, 9]",0.6459999999999999,coalition_favorable_rate,coalition_favorable_rate,10,0.06547603463184916,crossplay
multigen_none_n7_r1_k10_matrix,C8|D1,True,"[0, 1, 2, 3, 4, 5, 6, 7, 8, 9]",multigen_none_n7_r1_k10,"[0, 1, 2, 3, 4, 5, 6, 7, 8, 9]",0.40519999999999995,false_ejection_rate,false_ejection_rate,10,0.06297936169889308,crossplay
multigen_none_n7_r1_k10_matrix,C8|D10,True,"[0, 1, 2, 3, 4, 5, 6, 7, 8, 9]",multigen_none_n7_r1_k10,"[0, 1, 2, 3, 4, 5, 6, 7, 8, 9]",0.6444000000000001,coalition_favorable_rate,coalition_favorable_rate,10,0.07992663302471001,crossplay
multigen_none_n7_r1_k10_matrix,C8|D10,True,"[0, 1, 2, 3, 4, 5, 6, 7, 8, 9]",multigen_none_n7_r1_k10,"[0, 1, 2, 3, 4, 5, 6, 7, 8, 9]",0.41620000000000007,false_ejection_rate,false_ejection_rate,10,0.07061287260675476,crossplay
multigen_none_n7_r1_k10_matrix,C8|D2,True,"[0, 1, 2, 3, 4, 5, 6, 7, 8, 9]",multigen_none_n7_r1_k10,"[0, 1, 2, 3, 4, 5, 6, 7, 8, 9]",0.6315999999999999,coalition_favorable_rate,coalition_favorable_rate,10,0.060997632012325775,crossplay
multigen_none_n7_r1_k10_matrix,C8|D2,True,"[0, 1, 2, 3, 4, 5, 6, 7, 8, 9]",multigen_none_n7_r1_k10,"[0, 1, 2, 3, 4, 5, 6, 7, 8, 9]",0.3826,false_ejection_rate,false_ejection_rate,10,0.06465670026291853,crossplay
multigen_none_n7_r1_k10_matrix,C8|D3,True,"[0, 1, 2, 3, 4, 5, 6, 7, 8, 9]",multigen_none_n7_r1_k10,"[0, 1, 2, 3, 4, 5, 6, 7, 8, 9]",0.6220000000000001,coalition_favorable_rate,coalition_favorable_rate,10,0.0725473025763957,crossplay
multigen_none_n7_r1_k10_matrix,C8|D3,True,"[0, 1, 2, 3, 4, 5, 6, 7, 8, 9]",multigen_none_n7_r1_k10,"[0, 1, 2, 3, 4, 5, 6, 7, 8, 9]",0.3802,false_ejection_rate,false_ejection_rate,10,0.06814657405589482,crossplay
multigen_none_n7_r1_k10_matrix,C8|D4,True,"[0, 1, 2, 3, 4, 5, 6, 7, 8, 9]",multigen_none_n7_r1_k10,"[0, 1, 2, 3, 4, 5, 6, 7, 8, 9]",0.6516,coalition_favorable_rate,coalition_favorable_rate,10,0.07112305455257731,crossplay
multigen_none_n7_r1_k10_matrix,C8|D4,True,"[0, 1, 2, 3, 4, 5, 6, 7, 8, 9]",multigen_none_n7_r1_k10,"[0, 1, 2, 3, 4, 5, 6, 7, 8, 9]",0.3718,false_ejection_rate,false_ejection_rate,10,0.05753028188122611,crossplay
multigen_none_n7_r1_k10_matrix,C8|D5,True,"[0, 1, 2, 3, 4, 5, 6, 7, 8, 9]",multigen_none_n7_r1_k10,"[0, 1, 2, 3, 4, 5, 6, 7, 8, 9]",0.6004,coalition_favorable_rate,coalition_favorable_rate,10,0.07525246396851956,crossplay
multigen_none_n7_r1_k10_matrix,C8|D5,True,"[0, 1, 2, 3, 4, 5, 6, 7, 8, 9]",multigen_none_n7_r1_k10,"[0, 1, 2, 3, 4, 5, 6, 7, 8, 9]",0.3714,false_ejection_rate,false_ejection_rate,10,0.07912325125327503,crossplay
multigen_none_n7_r1_k10_matrix,C8|D6,True,"[0, 1, 2, 3, 4, 5, 6, 7, 8, 9]",multigen_none_n7_r1_k10,"[0, 1, 2, 3, 4, 5, 6, 7, 8, 9]",0.6634,coalition_favorable_rate,coalition_favorable_rate,10,0.023590016720826803,crossplay
multigen_none_n7_r1_k10_matrix,C8|D6,True,"[0, 1, 2, 3, 4, 5, 6, 7, 8, 9]",multigen_none_n7_r1_k10,"[0, 1, 2, 3, 4, 5, 6, 7, 8, 9]",0.3856,false_ejection_rate,false_ejection_rate,10,0.04635898570455955,crossplay
multigen_none_n7_r1_k10_matrix,C8|D7,True,"[0, 1, 2, 3, 4, 5, 6, 7, 8, 9]",multigen_none_n7_r1_k10,"[0, 1, 2, 3, 4, 5, 6, 7, 8, 9]",0.5862,coalition_favorable_rate,coalition_favorable_rate,10,0.10750689900342832,crossplay
multigen_none_n7_r1_k10_matrix,C8|D7,True,"[0, 1, 2, 3, 4, 5, 6, 7, 8, 9]",multigen_none_n7_r1_k10,"[0, 1, 2, 3, 4, 5, 6, 7, 8, 9]",0.3518,false_ejection_rate,false_ejection_rate,10,0.07740485198688202,crossplay
multigen_none_n7_r1_k10_matrix,C8|D8,True,"[0, 1, 2, 3, 4, 5, 6, 7, 8, 9]",multigen_none_n7_r1_k10,"[0, 1, 2, 3, 4, 5, 6, 7, 8, 9]",0.7516,coalition_favorable_rate,coalition_favorable_rate,10,0.0368395922284104,crossplay
multigen_none_n7_r1_k10_matrix,C8|D8,True,"[0, 1, 2, 3, 4, 5, 6, 7, 8, 9]",multigen_none_n7_r1_k10,"[0, 1, 2, 3, 4, 5, 6, 7, 8, 9]",0.5524,false_ejection_rate,false_ejection_rate,10,0.05037459677257972,crossplay
multigen_none_n7_r1_k10_matrix,C8|D9,True,"[0, 1, 2, 3, 4, 5, 6, 7, 8, 9]",multigen_none_n7_r1_k10,"[0, 1, 2, 3, 4, 5, 6, 7, 8, 9]",0.4384,coalition_favorable_rate,coalition_favorable_rate,10,0.10300722736239865,crossplay
multigen_none_n7_r1_k10_matrix,C8|D9,True,"[0, 1, 2, 3, 4, 5, 6, 7, 8, 9]",multigen_none_n7_r1_k10,"[0, 1, 2, 3, 4, 5, 6, 7, 8, 9]",0.23139999999999997,false_ejection_rate,false_ejection_rate,10,0.08521893373345307,crossplay
multigen_none_n7_r1_k10_matrix,C9|D0,True,"[0, 1, 2, 3, 4, 5, 6, 7, 8, 9]",multigen_none_n7_r1_k10,"[0, 1, 2, 3, 4, 5, 6, 7, 8, 9]",0.11380000000000001,coalition_favorable_rate,coalition_favorable_rate,10,0.037410040244713866,crossplay
multigen_none_n7_r1_k10_matrix,C9|D0,True,"[0, 1, 2, 3, 4, 5, 6, 7, 8, 9]",multigen_none_n7_r1_k10,"[0, 1, 2, 3, 4, 5, 6, 7, 8, 9]",0.0788,false_ejection_rate,false_ejection_rate,10,0.02665332999833229,crossplay
multigen_none_n7_r1_k10_matrix,C9|D1,True,"[0, 1, 2, 3, 4, 5, 6, 7, 8, 9]",multigen_none_n7_r1_k10,"[0, 1, 2, 3, 4, 5, 6, 7, 8, 9]",0.6122000000000001,coalition_favorable_rate,coalition_favorable_rate,10,0.10528036642962237,crossplay
multigen_none_n7_r1_k10_matrix,C9|D1,True,"[0, 1, 2, 3, 4, 5, 6, 7, 8, 9]",multigen_none_n7_r1_k10,"[0, 1, 2, 3, 4, 5, 6, 7, 8, 9]",0.36760000000000004,false_ejection_rate,false_ejection_rate,10,0.08517589643398732,crossplay
multigen_none_n7_r1_k10_matrix,C9|D10,True,"[0, 1, 2, 3, 4, 5, 6, 7, 8, 9]",multigen_none_n7_r1_k10,"[0, 1, 2, 3, 4, 5, 6, 7, 8, 9]",0.48339999999999994,coalition_favorable_rate,coalition_favorable_rate,10,0.12632251492817018,crossplay
multigen_none_n7_r1_k10_matrix,C9|D10,True,"[0, 1, 2, 3, 4, 5, 6, 7, 8, 9]",multigen_none_n7_r1_k10,"[0, 1, 2, 3, 4, 5, 6, 7, 8, 9]",0.2528,false_ejection_rate,false_ejection_rate,10,0.08377854405779826,crossplay
multigen_none_n7_r1_k10_matrix,C9|D2,True,"[0, 1, 2, 3, 4, 5, 6, 7, 8, 9]",multigen_none_n7_r1_k10,"[0, 1, 2, 3, 4, 5, 6, 7, 8, 9]",0.5920000000000001,coalition_favorable_rate,coalition_favorable_rate,10,0.07559541432300419,crossplay
multigen_none_n7_r1_k10_matrix,C9|D2,True,"[0, 1, 2, 3, 4, 5, 6, 7, 8, 9]",multigen_none_n7_r1_k10,"[0, 1, 2, 3, 4, 5, 6, 7, 8, 9]",0.33959999999999996,false_ejection_rate,false_ejection_rate,10,0.07001460165168723,crossplay
multigen_none_n7_r1_k10_matrix,C9|D3,True,"[0, 1, 2, 3, 4, 5, 6, 7, 8, 9]",multigen_none_n7_r1_k10,"[0, 1, 2, 3, 4, 5, 6, 7, 8, 9]",0.6344000000000001,coalition_favorable_rate,coalition_favorable_rate,10,0.08494599591635985,crossplay
multigen_none_n7_r1_k10_matrix,C9|D3,True,"[0, 1, 2, 3, 4, 5, 6, 7, 8, 9]",multigen_none_n7_r1_k10,"[0, 1, 2, 3, 4, 5, 6, 7, 8, 9]",0.3988,false_ejection_rate,false_ejection_rate,10,0.07341934350019755,crossplay
multigen_none_n7_r1_k10_matrix,C9|D4,True,"[0, 1, 2, 3, 4, 5, 6, 7, 8, 9]",multigen_none_n7_r1_k10,"[0, 1, 2, 3, 4, 5, 6, 7, 8, 9]",0.5923999999999999,coalition_favorable_rate,coalition_favorable_rate,10,0.08918295801328863,crossplay
multigen_none_n7_r1_k10_matrix,C9|D4,True,"[0, 1, 2, 3, 4, 5, 6, 7, 8, 9]",multigen_none_n7_r1_k10,"[0, 1, 2, 3, 4, 5, 6, 7, 8, 9]",0.355,false_ejection_rate,false_ejection_rate,10,0.05297588549938967,crossplay
multigen_none_n7_r1_k10_matrix,C9|D5,True,"[0, 1, 2, 3, 4, 5, 6, 7, 8, 9]",multigen_none_n7_r1_k10,"[0, 1, 2, 3, 4, 5, 6, 7, 8, 9]",0.6332000000000001,coalition_favorable_rate,coalition_favorable_rate,10,0.09159427444502802,crossplay
multigen_none_n7_r1_k10_matrix,C9|D5,True,"[0, 1, 2, 3, 4, 5, 6, 7, 8, 9]",multigen_none_n7_r1_k10,"[0, 1, 2, 3, 4, 5, 6, 7, 8, 9]",0.3776,false_ejection_rate,false_ejection_rate,10,0.08293933525977486,crossplay
multigen_none_n7_r1_k10_matrix,C9|D6,True,"[0, 1, 2, 3, 4, 5, 6, 7, 8, 9]",multigen_none_n7_r1_k10,"[0, 1, 2, 3, 4, 5, 6, 7, 8, 9]",0.6012,coalition_favorable_rate,coalition_favorable_rate,10,0.05355122158581758,crossplay
multigen_none_n7_r1_k10_matrix,C9|D6,True,"[0, 1, 2, 3, 4, 5, 6, 7, 8, 9]",multigen_none_n7_r1_k10,"[0, 1, 2, 3, 4, 5, 6, 7, 8, 9]",0.35400000000000004,false_ejection_rate,false_ejection_rate,10,0.041333333333333326,crossplay
multigen_none_n7_r1_k10_matrix,C9|D7,True,"[0, 1, 2, 3, 4, 5, 6, 7, 8, 9]",multigen_none_n7_r1_k10,"[0, 1, 2, 3, 4, 5, 6, 7, 8, 9]",0.6604,coalition_favorable_rate,coalition_favorable_rate,10,0.06228821896813411,crossplay
multigen_none_n7_r1_k10_matrix,C9|D7,True,"[0, 1, 2, 3, 4, 5, 6, 7, 8, 9]",multigen_none_n7_r1_k10,"[0, 1, 2, 3, 4, 5, 6, 7, 8, 9]",0.426,false_ejection_rate,false_ejection_rate,10,0.05231528351150253,crossplay
multigen_none_n7_r1_k10_matrix,C9|D8,True,"[0, 1, 2, 3, 4, 5, 6, 7, 8, 9]",multigen_none_n7_r1_k10,"[0, 1, 2, 3, 4, 5, 6, 7, 8, 9]",0.5882,coalition_favorable_rate,coalition_favorable_rate,10,0.06878274977541,crossplay
multigen_none_n7_r1_k10_matrix,C9|D8,True,"[0, 1, 2, 3, 4, 5, 6, 7, 8, 9]",multigen_none_n7_r1_k10,"[0, 1, 2, 3, 4, 5, 6, 7, 8, 9]",0.338,false_ejection_rate,false_ejection_rate,10,0.033744135292916706,crossplay
multigen_none_n7_r1_k10_matrix,C9|D9,True,"[0, 1, 2, 3, 4, 5, 6, 7, 8, 9]",multigen_none_n7_r1_k10,"[0, 1, 2, 3, 4, 5, 6, 7, 8, 9]",0.7586,coalition_favorable_rate,coalition_favorable_rate,10,0.04039856983167159,crossplay
multigen_none_n7_r1_k10_matrix,C9|D9,True,"[0, 1, 2, 3, 4, 5, 6, 7, 8, 9]",multigen_none_n7_r1_k10,"[0, 1, 2, 3, 4, 5, 6, 7, 8, 9]",0.5660000000000001,false_ejection_rate,false_ejection_rate,10,0.06747509828735998,crossplay
Loop_descriptors_multigen_none_n7_r1_k10,c_stage_mean,True,"[0, 1, 2, 3, 4, 5, 6, 7, 8, 9]",multigen_none_n7_r1_k10,"[0, 1, 2, 3, 4, 5, 6, 7, 8, 9]",0.7443799999999999,coalition_favorable_rate,coalition_favorable_rate,10,0.010323629852592222,loop_h10
Loop_descriptors_multigen_none_n7_r1_k10,c_stage_mean,True,"[0, 1, 2, 3, 4, 5, 6, 7, 8, 9]",multigen_none_n7_r1_k10,"[0, 1, 2, 3, 4, 5, 6, 7, 8, 9]",0.5574399999999999,false_ejection_rate,false_ejection_rate,10,0.0155259066652411,loop_h10
Loop_descriptors_multigen_none_n7_r1_k10,d_stage_mean,True,"[0, 1, 2, 3, 4, 5, 6, 7, 8, 9]",multigen_none_n7_r1_k10,"[0, 1, 2, 3, 4, 5, 6, 7, 8, 9]",0.49684999999999996,coalition_favorable_rate,coalition_favorable_rate,10,0.030840782883851826,loop_h10
Loop_descriptors_multigen_none_n7_r1_k10,d_stage_mean,True,"[0, 1, 2, 3, 4, 5, 6, 7, 8, 9]",multigen_none_n7_r1_k10,"[0, 1, 2, 3, 4, 5, 6, 7, 8, 9]",0.25692,false_ejection_rate,false_ejection_rate,10,0.022585728040315892,loop_h10
Loop_descriptors_multigen_none_n7_r1_k10,late_minus_early,True,"[0, 1, 2, 3, 4, 5, 6, 7, 8, 9]",multigen_none_n7_r1_k10,"[0, 1, 2, 3, 4, 5, 6, 7, 8, 9]",-0.00703333333333338,coalition_favorable_rate,coalition_favorable_rate,10,0.03614526589905767,loop_h10
Loop_descriptors_multigen_none_n7_r1_k10,late_minus_early,True,"[0, 1, 2, 3, 4, 5, 6, 7, 8, 9]",multigen_none_n7_r1_k10,"[0, 1, 2, 3, 4, 5, 6, 7, 8, 9]",-0.012533333333333351,false_ejection_rate,false_ejection_rate,10,0.06784608579737443,loop_h10
Loop_descriptors_multigen_none_n7_r1_k10,matrix_adaptation_gain,True,"[0, 1, 2, 3, 4, 5, 6, 7, 8, 9]",multigen_none_n7_r1_k10,"[0, 1, 2, 3, 4, 5, 6, 7, 8, 9]",0.24638,coalition_favorable_rate,coalition_favorable_rate,10,0.036058156728633085,loop_h10
Loop_descriptors_multigen_none_n7_r1_k10,matrix_adaptation_gain,True,"[0, 1, 2, 3, 4, 5, 6, 7, 8, 9]",multigen_none_n7_r1_k10,"[0, 1, 2, 3, 4, 5, 6, 7, 8, 9]",0.30035999999999996,false_ejection_rate,false_ejection_rate,10,0.03224459300065325,loop_h10
Loop_descriptors_multigen_none_n7_r1_k10,parity_gap,True,"[0, 1, 2, 3, 4, 5, 6, 7, 8, 9]",multigen_none_n7_r1_k10,"[0, 1, 2, 3, 4, 5, 6, 7, 8, 9]",0.04028625000000001,coalition_favorable_rate,coalition_favorable_rate,10,0.03562593636683656,loop_h10
Loop_descriptors_multigen_none_n7_r1_k10,parity_gap,True,"[0, 1, 2, 3, 4, 5, 6, 7, 8, 9]",multigen_none_n7_r1_k10,"[0, 1, 2, 3, 4, 5, 6, 7, 8, 9]",0.032775,false_ejection_rate,false_ejection_rate,10,0.034533807409068966,loop_h10
Finite_observed-policy_response_gaps_multigen_none_n7_r1_k10,0,True,"[0, 1, 2, 3, 4, 5, 6, 7, 8, 9]",multigen_none_n7_r1_k10,"[0, 1, 2, 3, 4, 5, 6, 7, 8, 9]",0.0005999999999999992,false_ejection_rate,false_ejection_rate,10,0.0018973665961010246,restricted_pool_gap
Finite_observed-policy_response_gaps_multigen_none_n7_r1_k10,1,True,"[0, 1, 2, 3, 4, 5, 6, 7, 8, 9]",multigen_none_n7_r1_k10,"[0, 1, 2, 3, 4, 5, 6, 7, 8, 9]",0.49400000000000005,false_ejection_rate,false_ejection_rate,10,0.05724799850940932,restricted_pool_gap
Finite_observed-policy_response_gaps_multigen_none_n7_r1_k10,10,True,"[0, 1, 2, 3, 4, 5, 6, 7, 8, 9]",multigen_none_n7_r1_k10,"[0, 1, 2, 3, 4, 5, 6, 7, 8, 9]",0.44320000000000004,false_ejection_rate,false_ejection_rate,10,0.050633322361201355,restricted_pool_gap
Finite_observed-policy_response_gaps_multigen_none_n7_r1_k10,2,True,"[0, 1, 2, 3, 4, 5, 6, 7, 8, 9]",multigen_none_n7_r1_k10,"[0, 1, 2, 3, 4, 5, 6, 7, 8, 9]",0.46699999999999997,false_ejection_rate,false_ejection_rate,10,0.08253349488406375,restricted_pool_gap
Finite_observed-policy_response_gaps_multigen_none_n7_r1_k10,3,True,"[0, 1, 2, 3, 4, 5, 6, 7, 8, 9]",multigen_none_n7_r1_k10,"[0, 1, 2, 3, 4, 5, 6, 7, 8, 9]",0.49539999999999995,false_ejection_rate,false_ejection_rate,10,0.057061759913662365,restricted_pool_gap
Finite_observed-policy_response_gaps_multigen_none_n7_r1_k10,4,True,"[0, 1, 2, 3, 4, 5, 6, 7, 8, 9]",multigen_none_n7_r1_k10,"[0, 1, 2, 3, 4, 5, 6, 7, 8, 9]",0.47119999999999995,false_ejection_rate,false_ejection_rate,10,0.041901471732307106,restricted_pool_gap
Finite_observed-policy_response_gaps_multigen_none_n7_r1_k10,5,True,"[0, 1, 2, 3, 4, 5, 6, 7, 8, 9]",multigen_none_n7_r1_k10,"[0, 1, 2, 3, 4, 5, 6, 7, 8, 9]",0.48419999999999996,false_ejection_rate,false_ejection_rate,10,0.044316538172058884,restricted_pool_gap
Finite_observed-policy_response_gaps_multigen_none_n7_r1_k10,6,True,"[0, 1, 2, 3, 4, 5, 6, 7, 8, 9]",multigen_none_n7_r1_k10,"[0, 1, 2, 3, 4, 5, 6, 7, 8, 9]",0.488,false_ejection_rate,false_ejection_rate,10,0.060192284481577124,restricted_pool_gap
Finite_observed-policy_response_gaps_multigen_none_n7_r1_k10,7,True,"[0, 1, 2, 3, 4, 5, 6, 7, 8, 9]",multigen_none_n7_r1_k10,"[0, 1, 2, 3, 4, 5, 6, 7, 8, 9]",0.4636,false_ejection_rate,false_ejection_rate,10,0.05205808721461484,restricted_pool_gap
Finite_observed-policy_response_gaps_multigen_none_n7_r1_k10,8,True,"[0, 1, 2, 3, 4, 5, 6, 7, 8, 9]",multigen_none_n7_r1_k10,"[0, 1, 2, 3, 4, 5, 6, 7, 8, 9]",0.4854,false_ejection_rate,false_ejection_rate,10,0.04169785499412541,restricted_pool_gap
Finite_observed-policy_response_gaps_multigen_none_n7_r1_k10,9,True,"[0, 1, 2, 3, 4, 5, 6, 7, 8, 9]",multigen_none_n7_r1_k10,"[0, 1, 2, 3, 4, 5, 6, 7, 8, 9]",0.48719999999999997,false_ejection_rate,false_ejection_rate,10,0.07595437226826818,restricted_pool_gap
Generation_stages_multigen_none_n7_r8_k10,C0,True,"[0, 1, 2, 3, 4, 5, 6, 7, 8, 9]",multigen_none_n7_r8_k10,"[0, 1, 2, 3, 4, 5, 6, 7, 8, 9]",0.9733,any_false_ejection_rate,any_false_ejection_rate,10,0.008895067297228412,stages
Generation_stages_multigen_none_n7_r8_k10,C0,True,"[0, 1, 2, 3, 4, 5, 6, 7, 8, 9]",multigen_none_n7_r8_k10,"[0, 1, 2, 3, 4, 5, 6, 7, 8, 9]",0.9673999999999999,coalition_game_win_rate,coalition_game_win_rate,10,0.008921883209278192,stages
Generation_stages_multigen_none_n7_r8_k10,C0,True,"[0, 1, 2, 3, 4, 5, 6, 7, 8, 9]",multigen_none_n7_r8_k10,"[0, 1, 2, 3, 4, 5, 6, 7, 8, 9]",0.9650000000000001,false_ejection_rate,terminal-meeting false ejection,10,0.009533566430716737,stages
Generation_stages_multigen_none_n7_r8_k10,C0,True,"[0, 1, 2, 3, 4, 5, 6, 7, 8, 9]",multigen_none_n7_r8_k10,"[0, 1, 2, 3, 4, 5, 6, 7, 8, 9]",2.9000000000000004,mean_false_ejections,mean_false_ejections,10,0.047541794478355784,stages
Generation_stages_multigen_none_n7_r8_k10,C1,True,"[0, 1, 2, 3, 4, 5, 6, 7, 8, 9]",multigen_none_n7_r8_k10,"[0, 1, 2, 3, 4, 5, 6, 7, 8, 9]",0.8457000000000001,any_false_ejection_rate,any_false_ejection_rate,10,0.015114746294779675,stages
Generation_stages_multigen_none_n7_r8_k10,C1,True,"[0, 1, 2, 3, 4, 5, 6, 7, 8, 9]",multigen_none_n7_r8_k10,"[0, 1, 2, 3, 4, 5, 6, 7, 8, 9]",0.8539,coalition_game_win_rate,coalition_game_win_rate,10,0.027081974324877668,stages
Generation_stages_multigen_none_n7_r8_k10,C1,True,"[0, 1, 2, 3, 4, 5, 6, 7, 8, 9]",multigen_none_n7_r8_k10,"[0, 1, 2, 3, 4, 5, 6, 7, 8, 9]",0.5115999999999999,false_ejection_rate,terminal-meeting false ejection,10,0.03844534359899056,stages
Generation_stages_multigen_none_n7_r8_k10,C1,True,"[0, 1, 2, 3, 4, 5, 6, 7, 8, 9]",multigen_none_n7_r8_k10,"[0, 1, 2, 3, 4, 5, 6, 7, 8, 9]",1.2080000000000002,mean_false_ejections,mean_false_ejections,10,0.04617358552246082,stages
Generation_stages_multigen_none_n7_r8_k10,C10,True,"[0, 1, 2, 3, 4, 5, 6, 7, 8, 9]",multigen_none_n7_r8_k10,"[0, 1, 2, 3, 4, 5, 6, 7, 8, 9]",0.841,any_false_ejection_rate,any_false_ejection_rate,10,0.034756294393965534,stages
Generation_stages_multigen_none_n7_r8_k10,C10,True,"[0, 1, 2, 3, 4, 5, 6, 7, 8, 9]",multigen_none_n7_r8_k10,"[0, 1, 2, 3, 4, 5, 6, 7, 8, 9]",0.8032,coalition_game_win_rate,coalition_game_win_rate,10,0.0304878846611422,stages
Generation_stages_multigen_none_n7_r8_k10,C10,True,"[0, 1, 2, 3, 4, 5, 6, 7, 8, 9]",multigen_none_n7_r8_k10,"[0, 1, 2, 3, 4, 5, 6, 7, 8, 9]",0.5002,false_ejection_rate,terminal-meeting false ejection,10,0.06499367490593047,stages
Generation_stages_multigen_none_n7_r8_k10,C10,True,"[0, 1, 2, 3, 4, 5, 6, 7, 8, 9]",multigen_none_n7_r8_k10,"[0, 1, 2, 3, 4, 5, 6, 7, 8, 9]",1.2271,mean_false_ejections,mean_false_ejections,10,0.12854782940386214,stages
Generation_stages_multigen_none_n7_r8_k10,C2,True,"[0, 1, 2, 3, 4, 5, 6, 7, 8, 9]",multigen_none_n7_r8_k10,"[0, 1, 2, 3, 4, 5, 6, 7, 8, 9]",0.8496,any_false_ejection_rate,any_false_ejection_rate,10,0.02969174969583304,stages
Generation_stages_multigen_none_n7_r8_k10,C2,True,"[0, 1, 2, 3, 4, 5, 6, 7, 8, 9]",multigen_none_n7_r8_k10,"[0, 1, 2, 3, 4, 5, 6, 7, 8, 9]",0.78,coalition_game_win_rate,coalition_game_win_rate,10,0.052366231697747956,stages
Generation_stages_multigen_none_n7_r8_k10,C2,True,"[0, 1, 2, 3, 4, 5, 6, 7, 8, 9]",multigen_none_n7_r8_k10,"[0, 1, 2, 3, 4, 5, 6, 7, 8, 9]",0.4582,false_ejection_rate,terminal-meeting false ejection,10,0.0462380314844345,stages
Generation_stages_multigen_none_n7_r8_k10,C2,True,"[0, 1, 2, 3, 4, 5, 6, 7, 8, 9]",multigen_none_n7_r8_k10,"[0, 1, 2, 3, 4, 5, 6, 7, 8, 9]",1.2635,mean_false_ejections,mean_false_ejections,10,0.18523273648755145,stages
Generation_stages_multigen_none_n7_r8_k10,C3,True,"[0, 1, 2, 3, 4, 5, 6, 7, 8, 9]",multigen_none_n7_r8_k10,"[0, 1, 2, 3, 4, 5, 6, 7, 8, 9]",0.8438000000000001,any_false_ejection_rate,any_false_ejection_rate,10,0.0266408208081758,stages
Generation_stages_multigen_none_n7_r8_k10,C3,True,"[0, 1, 2, 3, 4, 5, 6, 7, 8, 9]",multigen_none_n7_r8_k10,"[0, 1, 2, 3, 4, 5, 6, 7, 8, 9]",0.8154,coalition_game_win_rate,coalition_game_win_rate,10,0.030945112699746296,stages
Generation_stages_multigen_none_n7_r8_k10,C3,True,"[0, 1, 2, 3, 4, 5, 6, 7, 8, 9]",multigen_none_n7_r8_k10,"[0, 1, 2, 3, 4, 5, 6, 7, 8, 9]",0.46749999999999997,false_ejection_rate,terminal-meeting false ejection,10,0.06340390804639376,stages
Generation_stages_multigen_none_n7_r8_k10,C3,True,"[0, 1, 2, 3, 4, 5, 6, 7, 8, 9]",multigen_none_n7_r8_k10,"[0, 1, 2, 3, 4, 5, 6, 7, 8, 9]",1.1891,mean_false_ejections,mean_false_ejections,10,0.0883634539840991,stages
Generation_stages_multigen_none_n7_r8_k10,C4,True,"[0, 1, 2, 3, 4, 5, 6, 7, 8, 9]",multigen_none_n7_r8_k10,"[0, 1, 2, 3, 4, 5, 6, 7, 8, 9]",0.8498999999999999,any_false_ejection_rate,any_false_ejection_rate,10,0.032996464457069725,stages
Generation_stages_multigen_none_n7_r8_k10,C4,True,"[0, 1, 2, 3, 4, 5, 6, 7, 8, 9]",multigen_none_n7_r8_k10,"[0, 1, 2, 3, 4, 5, 6, 7, 8, 9]",0.8204,coalition_game_win_rate,coalition_game_win_rate,10,0.033931958059884734,stages
Generation_stages_multigen_none_n7_r8_k10,C4,True,"[0, 1, 2, 3, 4, 5, 6, 7, 8, 9]",multigen_none_n7_r8_k10,"[0, 1, 2, 3, 4, 5, 6, 7, 8, 9]",0.46370000000000006,false_ejection_rate,terminal-meeting false ejection,10,0.0381198402701562,stages
Generation_stages_multigen_none_n7_r8_k10,C4,True,"[0, 1, 2, 3, 4, 5, 6, 7, 8, 9]",multigen_none_n7_r8_k10,"[0, 1, 2, 3, 4, 5, 6, 7, 8, 9]",1.1976,mean_false_ejections,mean_false_ejections,10,0.09042393979963985,stages
Generation_stages_multigen_none_n7_r8_k10,C5,True,"[0, 1, 2, 3, 4, 5, 6, 7, 8, 9]",multigen_none_n7_r8_k10,"[0, 1, 2, 3, 4, 5, 6, 7, 8, 9]",0.8371000000000001,any_false_ejection_rate,any_false_ejection_rate,10,0.020074583156043078,stages
Generation_stages_multigen_none_n7_r8_k10,C5,True,"[0, 1, 2, 3, 4, 5, 6, 7, 8, 9]",multigen_none_n7_r8_k10,"[0, 1, 2, 3, 4, 5, 6, 7, 8, 9]",0.812,coalition_game_win_rate,coalition_game_win_rate,10,0.0456532827102523,stages
Generation_stages_multigen_none_n7_r8_k10,C5,True,"[0, 1, 2, 3, 4, 5, 6, 7, 8, 9]",multigen_none_n7_r8_k10,"[0, 1, 2, 3, 4, 5, 6, 7, 8, 9]",0.4747,false_ejection_rate,terminal-meeting false ejection,10,0.036295239969511776,stages
Generation_stages_multigen_none_n7_r8_k10,C5,True,"[0, 1, 2, 3, 4, 5, 6, 7, 8, 9]",multigen_none_n7_r8_k10,"[0, 1, 2, 3, 4, 5, 6, 7, 8, 9]",1.2011,mean_false_ejections,mean_false_ejections,10,0.07751050108067793,stages
Generation_stages_multigen_none_n7_r8_k10,C6,True,"[0, 1, 2, 3, 4, 5, 6, 7, 8, 9]",multigen_none_n7_r8_k10,"[0, 1, 2, 3, 4, 5, 6, 7, 8, 9]",0.8612,any_false_ejection_rate,any_false_ejection_rate,10,0.030440470137995963,stages
Generation_stages_multigen_none_n7_r8_k10,C6,True,"[0, 1, 2, 3, 4, 5, 6, 7, 8, 9]",multigen_none_n7_r8_k10,"[0, 1, 2, 3, 4, 5, 6, 7, 8, 9]",0.7870000000000001,coalition_game_win_rate,coalition_game_win_rate,10,0.07831560082980488,stages
Generation_stages_multigen_none_n7_r8_k10,C6,True,"[0, 1, 2, 3, 4, 5, 6, 7, 8, 9]",multigen_none_n7_r8_k10,"[0, 1, 2, 3, 4, 5, 6, 7, 8, 9]",0.47729999999999995,false_ejection_rate,terminal-meeting false ejection,10,0.07106812068556322,stages
Generation_stages_multigen_none_n7_r8_k10,C6,True,"[0, 1, 2, 3, 4, 5, 6, 7, 8, 9]",multigen_none_n7_r8_k10,"[0, 1, 2, 3, 4, 5, 6, 7, 8, 9]",1.2987,mean_false_ejections,mean_false_ejections,10,0.12307545111299274,stages
Generation_stages_multigen_none_n7_r8_k10,C7,True,"[0, 1, 2, 3, 4, 5, 6, 7, 8, 9]",multigen_none_n7_r8_k10,"[0, 1, 2, 3, 4, 5, 6, 7, 8, 9]",0.8352,any_false_ejection_rate,any_false_ejection_rate,10,0.025441872747281956,stages
Generation_stages_multigen_none_n7_r8_k10,C7,True,"[0, 1, 2, 3, 4, 5, 6, 7, 8, 9]",multigen_none_n7_r8_k10,"[0, 1, 2, 3, 4, 5, 6, 7, 8, 9]",0.8080999999999999,coalition_game_win_rate,coalition_game_win_rate,10,0.0450393654978003,stages
Generation_stages_multigen_none_n7_r8_k10,C7,True,"[0, 1, 2, 3, 4, 5, 6, 7, 8, 9]",multigen_none_n7_r8_k10,"[0, 1, 2, 3, 4, 5, 6, 7, 8, 9]",0.4591,false_ejection_rate,terminal-meeting false ejection,10,0.05288866713305519,stages
Generation_stages_multigen_none_n7_r8_k10,C7,True,"[0, 1, 2, 3, 4, 5, 6, 7, 8, 9]",multigen_none_n7_r8_k10,"[0, 1, 2, 3, 4, 5, 6, 7, 8, 9]",1.1823,mean_false_ejections,mean_false_ejections,10,0.08401461513067564,stages
Generation_stages_multigen_none_n7_r8_k10,C8,True,"[0, 1, 2, 3, 4, 5, 6, 7, 8, 9]",multigen_none_n7_r8_k10,"[0, 1, 2, 3, 4, 5, 6, 7, 8, 9]",0.8585999999999998,any_false_ejection_rate,any_false_ejection_rate,10,0.029844783649929724,stages
Generation_stages_multigen_none_n7_r8_k10,C8,True,"[0, 1, 2, 3, 4, 5, 6, 7, 8, 9]",multigen_none_n7_r8_k10,"[0, 1, 2, 3, 4, 5, 6, 7, 8, 9]",0.7905999999999999,coalition_game_win_rate,coalition_game_win_rate,10,0.0825687592252663,stages
Generation_stages_multigen_none_n7_r8_k10,C8,True,"[0, 1, 2, 3, 4, 5, 6, 7, 8, 9]",multigen_none_n7_r8_k10,"[0, 1, 2, 3, 4, 5, 6, 7, 8, 9]",0.4962,false_ejection_rate,terminal-meeting false ejection,10,0.04249130630036115,stages
Generation_stages_multigen_none_n7_r8_k10,C8,True,"[0, 1, 2, 3, 4, 5, 6, 7, 8, 9]",multigen_none_n7_r8_k10,"[0, 1, 2, 3, 4, 5, 6, 7, 8, 9]",1.3104,mean_false_ejections,mean_false_ejections,10,0.17705629989733018,stages
Generation_stages_multigen_none_n7_r8_k10,C9,True,"[0, 1, 2, 3, 4, 5, 6, 7, 8, 9]",multigen_none_n7_r8_k10,"[0, 1, 2, 3, 4, 5, 6, 7, 8, 9]",0.8385999999999999,any_false_ejection_rate,any_false_ejection_rate,10,0.03178818788306261,stages
Generation_stages_multigen_none_n7_r8_k10,C9,True,"[0, 1, 2, 3, 4, 5, 6, 7, 8, 9]",multigen_none_n7_r8_k10,"[0, 1, 2, 3, 4, 5, 6, 7, 8, 9]",0.7739999999999999,coalition_game_win_rate,coalition_game_win_rate,10,0.07266360849833979,stages
Generation_stages_multigen_none_n7_r8_k10,C9,True,"[0, 1, 2, 3, 4, 5, 6, 7, 8, 9]",multigen_none_n7_r8_k10,"[0, 1, 2, 3, 4, 5, 6, 7, 8, 9]",0.44799999999999995,false_ejection_rate,terminal-meeting false ejection,10,0.04818944098266987,stages
Generation_stages_multigen_none_n7_r8_k10,C9,True,"[0, 1, 2, 3, 4, 5, 6, 7, 8, 9]",multigen_none_n7_r8_k10,"[0, 1, 2, 3, 4, 5, 6, 7, 8, 9]",1.2083,mean_false_ejections,mean_false_ejections,10,0.10491165595659784,stages
Generation_stages_multigen_none_n7_r8_k10,D1,True,"[0, 1, 2, 3, 4, 5, 6, 7, 8, 9]",multigen_none_n7_r8_k10,"[0, 1, 2, 3, 4, 5, 6, 7, 8, 9]",0.8362,any_false_ejection_rate,any_false_ejection_rate,10,0.03930168218056603,stages
Generation_stages_multigen_none_n7_r8_k10,D1,True,"[0, 1, 2, 3, 4, 5, 6, 7, 8, 9]",multigen_none_n7_r8_k10,"[0, 1, 2, 3, 4, 5, 6, 7, 8, 9]",0.356,coalition_game_win_rate,coalition_game_win_rate,10,0.1050089943237668,stages
Generation_stages_multigen_none_n7_r8_k10,D1,True,"[0, 1, 2, 3, 4, 5, 6, 7, 8, 9]",multigen_none_n7_r8_k10,"[0, 1, 2, 3, 4, 5, 6, 7, 8, 9]",0.3497,false_ejection_rate,terminal-meeting false ejection,10,0.10015770897273293,stages
Generation_stages_multigen_none_n7_r8_k10,D1,True,"[0, 1, 2, 3, 4, 5, 6, 7, 8, 9]",multigen_none_n7_r8_k10,"[0, 1, 2, 3, 4, 5, 6, 7, 8, 9]",1.6413,mean_false_ejections,mean_false_ejections,10,0.15608121105515693,stages
Generation_stages_multigen_none_n7_r8_k10,D10,True,"[0, 1, 2, 3, 4, 5, 6, 7, 8, 9]",multigen_none_n7_r8_k10,"[0, 1, 2, 3, 4, 5, 6, 7, 8, 9]",0.6199,any_false_ejection_rate,any_false_ejection_rate,10,0.1101881723840328,stages
Generation_stages_multigen_none_n7_r8_k10,D10,True,"[0, 1, 2, 3, 4, 5, 6, 7, 8, 9]",multigen_none_n7_r8_k10,"[0, 1, 2, 3, 4, 5, 6, 7, 8, 9]",0.3115,coalition_game_win_rate,coalition_game_win_rate,10,0.1441698458223648,stages
Generation_stages_multigen_none_n7_r8_k10,D10,True,"[0, 1, 2, 3, 4, 5, 6, 7, 8, 9]",multigen_none_n7_r8_k10,"[0, 1, 2, 3, 4, 5, 6, 7, 8, 9]",0.19000000000000003,false_ejection_rate,terminal-meeting false ejection,10,0.11379025539220053,stages
Generation_stages_multigen_none_n7_r8_k10,D10,True,"[0, 1, 2, 3, 4, 5, 6, 7, 8, 9]",multigen_none_n7_r8_k10,"[0, 1, 2, 3, 4, 5, 6, 7, 8, 9]",0.8952,mean_false_ejections,mean_false_ejections,10,0.3217251414898541,stages
Generation_stages_multigen_none_n7_r8_k10,D2,True,"[0, 1, 2, 3, 4, 5, 6, 7, 8, 9]",multigen_none_n7_r8_k10,"[0, 1, 2, 3, 4, 5, 6, 7, 8, 9]",0.6254,any_false_ejection_rate,any_false_ejection_rate,10,0.13383837682485208,stages
Generation_stages_multigen_none_n7_r8_k10,D2,True,"[0, 1, 2, 3, 4, 5, 6, 7, 8, 9]",multigen_none_n7_r8_k10,"[0, 1, 2, 3, 4, 5, 6, 7, 8, 9]",0.3557,coalition_game_win_rate,coalition_game_win_rate,10,0.11079014196017423,stages
Generation_stages_multigen_none_n7_r8_k10,D2,True,"[0, 1, 2, 3, 4, 5, 6, 7, 8, 9]",multigen_none_n7_r8_k10,"[0, 1, 2, 3, 4, 5, 6, 7, 8, 9]",0.1985,false_ejection_rate,terminal-meeting false ejection,10,0.10037512972179248,stages
Generation_stages_multigen_none_n7_r8_k10,D2,True,"[0, 1, 2, 3, 4, 5, 6, 7, 8, 9]",multigen_none_n7_r8_k10,"[0, 1, 2, 3, 4, 5, 6, 7, 8, 9]",0.882,mean_false_ejections,mean_false_ejections,10,0.34723383091705406,stages
Generation_stages_multigen_none_n7_r8_k10,D3,True,"[0, 1, 2, 3, 4, 5, 6, 7, 8, 9]",multigen_none_n7_r8_k10,"[0, 1, 2, 3, 4, 5, 6, 7, 8, 9]",0.5747,any_false_ejection_rate,any_false_ejection_rate,10,0.11529869422022475,stages
Generation_stages_multigen_none_n7_r8_k10,D3,True,"[0, 1, 2, 3, 4, 5, 6, 7, 8, 9]",multigen_none_n7_r8_k10,"[0, 1, 2, 3, 4, 5, 6, 7, 8, 9]",0.2761,coalition_game_win_rate,coalition_game_win_rate,10,0.10250143630429988,stages
Generation_stages_multigen_none_n7_r8_k10,D3,True,"[0, 1, 2, 3, 4, 5, 6, 7, 8, 9]",multigen_none_n7_r8_k10,"[0, 1, 2, 3, 4, 5, 6, 7, 8, 9]",0.1396,false_ejection_rate,terminal-meeting false ejection,10,0.05662194313554105,stages
Generation_stages_multigen_none_n7_r8_k10,D3,True,"[0, 1, 2, 3, 4, 5, 6, 7, 8, 9]",multigen_none_n7_r8_k10,"[0, 1, 2, 3, 4, 5, 6, 7, 8, 9]",0.7496,mean_false_ejections,mean_false_ejections,10,0.2255606348634442,stages
Generation_stages_multigen_none_n7_r8_k10,D4,True,"[0, 1, 2, 3, 4, 5, 6, 7, 8, 9]",multigen_none_n7_r8_k10,"[0, 1, 2, 3, 4, 5, 6, 7, 8, 9]",0.5967,any_false_ejection_rate,any_false_ejection_rate,10,0.051207746809768286,stages
Generation_stages_multigen_none_n7_r8_k10,D4,True,"[0, 1, 2, 3, 4, 5, 6, 7, 8, 9]",multigen_none_n7_r8_k10,"[0, 1, 2, 3, 4, 5, 6, 7, 8, 9]",0.24630000000000002,coalition_game_win_rate,coalition_game_win_rate,10,0.07298257021752219,stages
Generation_stages_multigen_none_n7_r8_k10,D4,True,"[0, 1, 2, 3, 4, 5, 6, 7, 8, 9]",multigen_none_n7_r8_k10,"[0, 1, 2, 3, 4, 5, 6, 7, 8, 9]",0.13529999999999998,false_ejection_rate,terminal-meeting false ejection,10,0.042897940898524875,stages
Generation_stages_multigen_none_n7_r8_k10,D4,True,"[0, 1, 2, 3, 4, 5, 6, 7, 8, 9]",multigen_none_n7_r8_k10,"[0, 1, 2, 3, 4, 5, 6, 7, 8, 9]",0.7718,mean_false_ejections,mean_false_ejections,10,0.11362100744727331,stages
Generation_stages_multigen_none_n7_r8_k10,D5,True,"[0, 1, 2, 3, 4, 5, 6, 7, 8, 9]",multigen_none_n7_r8_k10,"[0, 1, 2, 3, 4, 5, 6, 7, 8, 9]",0.6276,any_false_ejection_rate,any_false_ejection_rate,10,0.1125257501394434,stages
Generation_stages_multigen_none_n7_r8_k10,D5,True,"[0, 1, 2, 3, 4, 5, 6, 7, 8, 9]",multigen_none_n7_r8_k10,"[0, 1, 2, 3, 4, 5, 6, 7, 8, 9]",0.3155,coalition_game_win_rate,coalition_game_win_rate,10,0.07937568897338783,stages
Generation_stages_multigen_none_n7_r8_k10,D5,True,"[0, 1, 2, 3, 4, 5, 6, 7, 8, 9]",multigen_none_n7_r8_k10,"[0, 1, 2, 3, 4, 5, 6, 7, 8, 9]",0.16930000000000003,false_ejection_rate,terminal-meeting false ejection,10,0.04994897396343592,stages
Generation_stages_multigen_none_n7_r8_k10,D5,True,"[0, 1, 2, 3, 4, 5, 6, 7, 8, 9]",multigen_none_n7_r8_k10,"[0, 1, 2, 3, 4, 5, 6, 7, 8, 9]",0.8503999999999999,mean_false_ejections,mean_false_ejections,10,0.22584271813218446,stages
Generation_stages_multigen_none_n7_r8_k10,D6,True,"[0, 1, 2, 3, 4, 5, 6, 7, 8, 9]",multigen_none_n7_r8_k10,"[0, 1, 2, 3, 4, 5, 6, 7, 8, 9]",0.5814,any_false_ejection_rate,any_false_ejection_rate,10,0.12579807453039793,stages
Generation_stages_multigen_none_n7_r8_k10,D6,True,"[0, 1, 2, 3, 4, 5, 6, 7, 8, 9]",multigen_none_n7_r8_k10,"[0, 1, 2, 3, 4, 5, 6, 7, 8, 9]",0.2433,coalition_game_win_rate,coalition_game_win_rate,10,0.10800005144031698,stages
Generation_stages_multigen_none_n7_r8_k10,D6,True,"[0, 1, 2, 3, 4, 5, 6, 7, 8, 9]",multigen_none_n7_r8_k10,"[0, 1, 2, 3, 4, 5, 6, 7, 8, 9]",0.14099999999999996,false_ejection_rate,terminal-meeting false ejection,10,0.07805553578489272,stages
Generation_stages_multigen_none_n7_r8_k10,D6,True,"[0, 1, 2, 3, 4, 5, 6, 7, 8, 9]",multigen_none_n7_r8_k10,"[0, 1, 2, 3, 4, 5, 6, 7, 8, 9]",0.7489000000000001,mean_false_ejections,mean_false_ejections,10,0.21668997310545876,stages
Generation_stages_multigen_none_n7_r8_k10,D7,True,"[0, 1, 2, 3, 4, 5, 6, 7, 8, 9]",multigen_none_n7_r8_k10,"[0, 1, 2, 3, 4, 5, 6, 7, 8, 9]",0.6206000000000002,any_false_ejection_rate,any_false_ejection_rate,10,0.10014567167659096,stages
Generation_stages_multigen_none_n7_r8_k10,D7,True,"[0, 1, 2, 3, 4, 5, 6, 7, 8, 9]",multigen_none_n7_r8_k10,"[0, 1, 2, 3, 4, 5, 6, 7, 8, 9]",0.32789999999999997,coalition_game_win_rate,coalition_game_win_rate,10,0.1785674164628649,stages
Generation_stages_multigen_none_n7_r8_k10,D7,True,"[0, 1, 2, 3, 4, 5, 6, 7, 8, 9]",multigen_none_n7_r8_k10,"[0, 1, 2, 3, 4, 5, 6, 7, 8, 9]",0.1957,false_ejection_rate,terminal-meeting false ejection,10,0.12767236714862515,stages
Generation_stages_multigen_none_n7_r8_k10,D7,True,"[0, 1, 2, 3, 4, 5, 6, 7, 8, 9]",multigen_none_n7_r8_k10,"[0, 1, 2, 3, 4, 5, 6, 7, 8, 9]",0.837,mean_false_ejections,mean_false_ejections,10,0.1957498403575339,stages
Generation_stages_multigen_none_n7_r8_k10,D8,True,"[0, 1, 2, 3, 4, 5, 6, 7, 8, 9]",multigen_none_n7_r8_k10,"[0, 1, 2, 3, 4, 5, 6, 7, 8, 9]",0.6249,any_false_ejection_rate,any_false_ejection_rate,10,0.1294444969003232,stages
Generation_stages_multigen_none_n7_r8_k10,D8,True,"[0, 1, 2, 3, 4, 5, 6, 7, 8, 9]",multigen_none_n7_r8_k10,"[0, 1, 2, 3, 4, 5, 6, 7, 8, 9]",0.2958,coalition_game_win_rate,coalition_game_win_rate,10,0.1146781002051685,stages
Generation_stages_multigen_none_n7_r8_k10,D8,True,"[0, 1, 2, 3, 4, 5, 6, 7, 8, 9]",multigen_none_n7_r8_k10,"[0, 1, 2, 3, 4, 5, 6, 7, 8, 9]",0.1708,false_ejection_rate,terminal-meeting false ejection,10,0.08801489772886306,stages
Generation_stages_multigen_none_n7_r8_k10,D8,True,"[0, 1, 2, 3, 4, 5, 6, 7, 8, 9]",multigen_none_n7_r8_k10,"[0, 1, 2, 3, 4, 5, 6, 7, 8, 9]",0.8913,mean_false_ejections,mean_false_ejections,10,0.36867994249755437,stages
Generation_stages_multigen_none_n7_r8_k10,D9,True,"[0, 1, 2, 3, 4, 5, 6, 7, 8, 9]",multigen_none_n7_r8_k10,"[0, 1, 2, 3, 4, 5, 6, 7, 8, 9]",0.6026,any_false_ejection_rate,any_false_ejection_rate,10,0.09116919557735617,stages
Generation_stages_multigen_none_n7_r8_k10,D9,True,"[0, 1, 2, 3, 4, 5, 6, 7, 8, 9]",multigen_none_n7_r8_k10,"[0, 1, 2, 3, 4, 5, 6, 7, 8, 9]",0.3013,coalition_game_win_rate,coalition_game_win_rate,10,0.0802856705078116,stages
Generation_stages_multigen_none_n7_r8_k10,D9,True,"[0, 1, 2, 3, 4, 5, 6, 7, 8, 9]",multigen_none_n7_r8_k10,"[0, 1, 2, 3, 4, 5, 6, 7, 8, 9]",0.1576,false_ejection_rate,terminal-meeting false ejection,10,0.055367860713594494,stages
Generation_stages_multigen_none_n7_r8_k10,D9,True,"[0, 1, 2, 3, 4, 5, 6, 7, 8, 9]",multigen_none_n7_r8_k10,"[0, 1, 2, 3, 4, 5, 6, 7, 8, 9]",0.7946000000000001,mean_false_ejections,mean_false_ejections,10,0.18648634147185034,stages
multigen_none_n7_r8_k10_matrix,C0|D0,True,"[0, 1, 2, 3, 4, 5, 6, 7, 8, 9]",multigen_none_n7_r8_k10,"[0, 1, 2, 3, 4, 5, 6, 7, 8, 9]",0.9708,any_false_ejection_rate,any_false_ejection_rate,10,0.011083521301664227,crossplay
multigen_none_n7_r8_k10_matrix,C0|D0,True,"[0, 1, 2, 3, 4, 5, 6, 7, 8, 9]",multigen_none_n7_r8_k10,"[0, 1, 2, 3, 4, 5, 6, 7, 8, 9]",0.9658,coalition_game_win_rate,coalition_game_win_rate,10,0.010932113753117981,crossplay
multigen_none_n7_r8_k10_matrix,C0|D0,True,"[0, 1, 2, 3, 4, 5, 6, 7, 8, 9]",multigen_none_n7_r8_k10,"[0, 1, 2, 3, 4, 5, 6, 7, 8, 9]",0.9635999999999999,false_ejection_rate,terminal-meeting false ejection,10,0.011423173328322055,crossplay
multigen_none_n7_r8_k10_matrix,C0|D0,True,"[0, 1, 2, 3, 4, 5, 6, 7, 8, 9]",multigen_none_n7_r8_k10,"[0, 1, 2, 3, 4, 5, 6, 7, 8, 9]",2.8912,mean_false_ejections,mean_false_ejections,10,0.048306429293740114,crossplay
multigen_none_n7_r8_k10_matrix,C0|D1,True,"[0, 1, 2, 3, 4, 5, 6, 7, 8, 9]",multigen_none_n7_r8_k10,"[0, 1, 2, 3, 4, 5, 6, 7, 8, 9]",0.8337999999999999,any_false_ejection_rate,any_false_ejection_rate,10,0.034518272133916415,crossplay
multigen_none_n7_r8_k10_matrix,C0|D1,True,"[0, 1, 2, 3, 4, 5, 6, 7, 8, 9]",multigen_none_n7_r8_k10,"[0, 1, 2, 3, 4, 5, 6, 7, 8, 9]",0.3524,coalition_game_win_rate,coalition_game_win_rate,10,0.10725172881279506,crossplay
multigen_none_n7_r8_k10_matrix,C0|D1,True,"[0, 1, 2, 3, 4, 5, 6, 7, 8, 9]",multigen_none_n7_r8_k10,"[0, 1, 2, 3, 4, 5, 6, 7, 8, 9]",0.34459999999999996,false_ejection_rate,terminal-meeting false ejection,10,0.10323672903682207,crossplay
multigen_none_n7_r8_k10_matrix,C0|D1,True,"[0, 1, 2, 3, 4, 5, 6, 7, 8, 9]",multigen_none_n7_r8_k10,"[0, 1, 2, 3, 4, 5, 6, 7, 8, 9]",1.6248,mean_false_ejections,mean_false_ejections,10,0.150298074209589,crossplay
multigen_none_n7_r8_k10_matrix,C0|D10,True,"[0, 1, 2, 3, 4, 5, 6, 7, 8, 9]",multigen_none_n7_r8_k10,"[0, 1, 2, 3, 4, 5, 6, 7, 8, 9]",0.8240000000000001,any_false_ejection_rate,any_false_ejection_rate,10,0.0518202019808234,crossplay
multigen_none_n7_r8_k10_matrix,C0|D10,True,"[0, 1, 2, 3, 4, 5, 6, 7, 8, 9]",multigen_none_n7_r8_k10,"[0, 1, 2, 3, 4, 5, 6, 7, 8, 9]",0.3502,coalition_game_win_rate,coalition_game_win_rate,10,0.0976863461401962,crossplay
multigen_none_n7_r8_k10_matrix,C0|D10,True,"[0, 1, 2, 3, 4, 5, 6, 7, 8, 9]",multigen_none_n7_r8_k10,"[0, 1, 2, 3, 4, 5, 6, 7, 8, 9]",0.3452,false_ejection_rate,terminal-meeting false ejection,10,0.09714227824290629,crossplay
multigen_none_n7_r8_k10_matrix,C0|D10,True,"[0, 1, 2, 3, 4, 5, 6, 7, 8, 9]",multigen_none_n7_r8_k10,"[0, 1, 2, 3, 4, 5, 6, 7, 8, 9]",1.5916000000000001,mean_false_ejections,mean_false_ejections,10,0.303530046105635,crossplay
multigen_none_n7_r8_k10_matrix,C0|D2,True,"[0, 1, 2, 3, 4, 5, 6, 7, 8, 9]",multigen_none_n7_r8_k10,"[0, 1, 2, 3, 4, 5, 6, 7, 8, 9]",0.7969999999999999,any_false_ejection_rate,any_false_ejection_rate,10,0.07043515536371815,crossplay
multigen_none_n7_r8_k10_matrix,C0|D2,True,"[0, 1, 2, 3, 4, 5, 6, 7, 8, 9]",multigen_none_n7_r8_k10,"[0, 1, 2, 3, 4, 5, 6, 7, 8, 9]",0.2912,coalition_game_win_rate,coalition_game_win_rate,10,0.08601395235657991,crossplay
multigen_none_n7_r8_k10_matrix,C0|D2,True,"[0, 1, 2, 3, 4, 5, 6, 7, 8, 9]",multigen_none_n7_r8_k10,"[0, 1, 2, 3, 4, 5, 6, 7, 8, 9]",0.28740000000000004,false_ejection_rate,terminal-meeting false ejection,10,0.0875394514236613,crossplay
multigen_none_n7_r8_k10_matrix,C0|D2,True,"[0, 1, 2, 3, 4, 5, 6, 7, 8, 9]",multigen_none_n7_r8_k10,"[0, 1, 2, 3, 4, 5, 6, 7, 8, 9]",1.5688,mean_false_ejections,mean_false_ejections,10,0.32864597636024356,crossplay
multigen_none_n7_r8_k10_matrix,C0|D3,True,"[0, 1, 2, 3, 4, 5, 6, 7, 8, 9]",multigen_none_n7_r8_k10,"[0, 1, 2, 3, 4, 5, 6, 7, 8, 9]",0.7998000000000001,any_false_ejection_rate,any_false_ejection_rate,10,0.05006173965992171,crossplay
multigen_none_n7_r8_k10_matrix,C0|D3,True,"[0, 1, 2, 3, 4, 5, 6, 7, 8, 9]",multigen_none_n7_r8_k10,"[0, 1, 2, 3, 4, 5, 6, 7, 8, 9]",0.2924,coalition_game_win_rate,coalition_game_win_rate,10,0.07556483603134759,crossplay
multigen_none_n7_r8_k10_matrix,C0|D3,True,"[0, 1, 2, 3, 4, 5, 6, 7, 8, 9]",multigen_none_n7_r8_k10,"[0, 1, 2, 3, 4, 5, 6, 7, 8, 9]",0.2884,false_ejection_rate,terminal-meeting false ejection,10,0.07603975568375036,crossplay
multigen_none_n7_r8_k10_matrix,C0|D3,True,"[0, 1, 2, 3, 4, 5, 6, 7, 8, 9]",multigen_none_n7_r8_k10,"[0, 1, 2, 3, 4, 5, 6, 7, 8, 9]",1.4958,mean_false_ejections,mean_false_ejections,10,0.1895572619436026,crossplay
multigen_none_n7_r8_k10_matrix,C0|D4,True,"[0, 1, 2, 3, 4, 5, 6, 7, 8, 9]",multigen_none_n7_r8_k10,"[0, 1, 2, 3, 4, 5, 6, 7, 8, 9]",0.8038000000000001,any_false_ejection_rate,any_false_ejection_rate,10,0.04846487846311434,crossplay
multigen_none_n7_r8_k10_matrix,C0|D4,True,"[0, 1, 2, 3, 4, 5, 6, 7, 8, 9]",multigen_none_n7_r8_k10,"[0, 1, 2, 3, 4, 5, 6, 7, 8, 9]",0.27240000000000003,coalition_game_win_rate,coalition_game_win_rate,10,0.0830999398315065,crossplay
multigen_none_n7_r8_k10_matrix,C0|D4,True,"[0, 1, 2, 3, 4, 5, 6, 7, 8, 9]",multigen_none_n7_r8_k10,"[0, 1, 2, 3, 4, 5, 6, 7, 8, 9]",0.26799999999999996,false_ejection_rate,terminal-meeting false ejection,10,0.07812241106821469,crossplay
multigen_none_n7_r8_k10_matrix,C0|D4,True,"[0, 1, 2, 3, 4, 5, 6, 7, 8, 9]",multigen_none_n7_r8_k10,"[0, 1, 2, 3, 4, 5, 6, 7, 8, 9]",1.4644000000000001,mean_false_ejections,mean_false_ejections,10,0.17947280821586567,crossplay
multigen_none_n7_r8_k10_matrix,C0|D5,True,"[0, 1, 2, 3, 4, 5, 6, 7, 8, 9]",multigen_none_n7_r8_k10,"[0, 1, 2, 3, 4, 5, 6, 7, 8, 9]",0.827,any_false_ejection_rate,any_false_ejection_rate,10,0.061153722517748484,crossplay
multigen_none_n7_r8_k10_matrix,C0|D5,True,"[0, 1, 2, 3, 4, 5, 6, 7, 8, 9]",multigen_none_n7_r8_k10,"[0, 1, 2, 3, 4, 5, 6, 7, 8, 9]",0.3372,coalition_game_win_rate,coalition_game_win_rate,10,0.11498096460815686,crossplay
multigen_none_n7_r8_k10_matrix,C0|D5,True,"[0, 1, 2, 3, 4, 5, 6, 7, 8, 9]",multigen_none_n7_r8_k10,"[0, 1, 2, 3, 4, 5, 6, 7, 8, 9]",0.3346,false_ejection_rate,terminal-meeting false ejection,10,0.11161461473401331,crossplay
multigen_none_n7_r8_k10_matrix,C0|D5,True,"[0, 1, 2, 3, 4, 5, 6, 7, 8, 9]",multigen_none_n7_r8_k10,"[0, 1, 2, 3, 4, 5, 6, 7, 8, 9]",1.591,mean_false_ejections,mean_false_ejections,10,0.1868528833066271,crossplay
multigen_none_n7_r8_k10_matrix,C0|D6,True,"[0, 1, 2, 3, 4, 5, 6, 7, 8, 9]",multigen_none_n7_r8_k10,"[0, 1, 2, 3, 4, 5, 6, 7, 8, 9]",0.7998000000000001,any_false_ejection_rate,any_false_ejection_rate,10,0.07606108656132182,crossplay
multigen_none_n7_r8_k10_matrix,C0|D6,True,"[0, 1, 2, 3, 4, 5, 6, 7, 8, 9]",multigen_none_n7_r8_k10,"[0, 1, 2, 3, 4, 5, 6, 7, 8, 9]",0.2618,coalition_game_win_rate,coalition_game_win_rate,10,0.1081211254925594,crossplay
multigen_none_n7_r8_k10_matrix,C0|D6,True,"[0, 1, 2, 3, 4, 5, 6, 7, 8, 9]",multigen_none_n7_r8_k10,"[0, 1, 2, 3, 4, 5, 6, 7, 8, 9]",0.25920000000000004,false_ejection_rate,terminal-meeting false ejection,10,0.10871450889575154,crossplay
multigen_none_n7_r8_k10_matrix,C0|D6,True,"[0, 1, 2, 3, 4, 5, 6, 7, 8, 9]",multigen_none_n7_r8_k10,"[0, 1, 2, 3, 4, 5, 6, 7, 8, 9]",1.4697999999999998,mean_false_ejections,mean_false_ejections,10,0.32900719343706347,crossplay
multigen_none_n7_r8_k10_matrix,C0|D7,True,"[0, 1, 2, 3, 4, 5, 6, 7, 8, 9]",multigen_none_n7_r8_k10,"[0, 1, 2, 3, 4, 5, 6, 7, 8, 9]",0.8203999999999999,any_false_ejection_rate,any_false_ejection_rate,10,0.061498328793914765,crossplay
multigen_none_n7_r8_k10_matrix,C0|D7,True,"[0, 1, 2, 3, 4, 5, 6, 7, 8, 9]",multigen_none_n7_r8_k10,"[0, 1, 2, 3, 4, 5, 6, 7, 8, 9]",0.3702,coalition_game_win_rate,coalition_game_win_rate,10,0.13753205686917747,crossplay
multigen_none_n7_r8_k10_matrix,C0|D7,True,"[0, 1, 2, 3, 4, 5, 6, 7, 8, 9]",multigen_none_n7_r8_k10,"[0, 1, 2, 3, 4, 5, 6, 7, 8, 9]",0.35819999999999996,false_ejection_rate,terminal-meeting false ejection,10,0.13162049823471858,crossplay
multigen_none_n7_r8_k10_matrix,C0|D7,True,"[0, 1, 2, 3, 4, 5, 6, 7, 8, 9]",multigen_none_n7_r8_k10,"[0, 1, 2, 3, 4, 5, 6, 7, 8, 9]",1.5799999999999998,mean_false_ejections,mean_false_ejections,10,0.2887136220470997,crossplay
multigen_none_n7_r8_k10_matrix,C0|D8,True,"[0, 1, 2, 3, 4, 5, 6, 7, 8, 9]",multigen_none_n7_r8_k10,"[0, 1, 2, 3, 4, 5, 6, 7, 8, 9]",0.8082,any_false_ejection_rate,any_false_ejection_rate,10,0.06784590383115746,crossplay
multigen_none_n7_r8_k10_matrix,C0|D8,True,"[0, 1, 2, 3, 4, 5, 6, 7, 8, 9]",multigen_none_n7_r8_k10,"[0, 1, 2, 3, 4, 5, 6, 7, 8, 9]",0.28700000000000003,coalition_game_win_rate,coalition_game_win_rate,10,0.09154112615528487,crossplay
multigen_none_n7_r8_k10_matrix,C0|D8,True,"[0, 1, 2, 3, 4, 5, 6, 7, 8, 9]",multigen_none_n7_r8_k10,"[0, 1, 2, 3, 4, 5, 6, 7, 8, 9]",0.28179999999999994,false_ejection_rate,terminal-meeting false ejection,10,0.09165854509476401,crossplay
multigen_none_n7_r8_k10_matrix,C0|D8,True,"[0, 1, 2, 3, 4, 5, 6, 7, 8, 9]",multigen_none_n7_r8_k10,"[0, 1, 2, 3, 4, 5, 6, 7, 8, 9]",1.5801999999999998,mean_false_ejections,mean_false_ejections,10,0.37292531274893215,crossplay
multigen_none_n7_r8_k10_matrix,C0|D9,True,"[0, 1, 2, 3, 4, 5, 6, 7, 8, 9]",multigen_none_n7_r8_k10,"[0, 1, 2, 3, 4, 5, 6, 7, 8, 9]",0.7958,any_false_ejection_rate,any_false_ejection_rate,10,0.05312835610314159,crossplay
multigen_none_n7_r8_k10_matrix,C0|D9,True,"[0, 1, 2, 3, 4, 5, 6, 7, 8, 9]",multigen_none_n7_r8_k10,"[0, 1, 2, 3, 4, 5, 6, 7, 8, 9]",0.2528,coalition_game_win_rate,coalition_game_win_rate,10,0.10460167833792683,crossplay
multigen_none_n7_r8_k10_matrix,C0|D9,True,"[0, 1, 2, 3, 4, 5, 6, 7, 8, 9]",multigen_none_n7_r8_k10,"[0, 1, 2, 3, 4, 5, 6, 7, 8, 9]",0.2476,false_ejection_rate,terminal-meeting false ejection,10,0.1013192972735204,crossplay
multigen_none_n7_r8_k10_matrix,C0|D9,True,"[0, 1, 2, 3, 4, 5, 6, 7, 8, 9]",multigen_none_n7_r8_k10,"[0, 1, 2, 3, 4, 5, 6, 7, 8, 9]",1.4242000000000001,mean_false_ejections,mean_false_ejections,10,0.17606425594714628,crossplay
multigen_none_n7_r8_k10_matrix,C10|D0,True,"[0, 1, 2, 3, 4, 5, 6, 7, 8, 9]",multigen_none_n7_r8_k10,"[0, 1, 2, 3, 4, 5, 6, 7, 8, 9]",0.2352,any_false_ejection_rate,any_false_ejection_rate,10,0.0550167651215922,crossplay
multigen_none_n7_r8_k10_matrix,C10|D0,True,"[0, 1, 2, 3, 4, 5, 6, 7, 8, 9]",multigen_none_n7_r8_k10,"[0, 1, 2, 3, 4, 5, 6, 7, 8, 9]",0.18039999999999998,coalition_game_win_rate,coalition_game_win_rate,10,0.046712358583617296,crossplay
multigen_none_n7_r8_k10_matrix,C10|D0,True,"[0, 1, 2, 3, 4, 5, 6, 7, 8, 9]",multigen_none_n7_r8_k10,"[0, 1, 2, 3, 4, 5, 6, 7, 8, 9]",0.0256,false_ejection_rate,terminal-meeting false ejection,10,0.009651712571122056,crossplay
multigen_none_n7_r8_k10_matrix,C10|D0,True,"[0, 1, 2, 3, 4, 5, 6, 7, 8, 9]",multigen_none_n7_r8_k10,"[0, 1, 2, 3, 4, 5, 6, 7, 8, 9]",0.261,mean_false_ejections,mean_false_ejections,10,0.06205553068735203,crossplay
multigen_none_n7_r8_k10_matrix,C10|D1,True,"[0, 1, 2, 3, 4, 5, 6, 7, 8, 9]",multigen_none_n7_r8_k10,"[0, 1, 2, 3, 4, 5, 6, 7, 8, 9]",0.7922,any_false_ejection_rate,any_false_ejection_rate,10,0.03804617078118521,crossplay
multigen_none_n7_r8_k10_matrix,C10|D1,True,"[0, 1, 2, 3, 4, 5, 6, 7, 8, 9]",multigen_none_n7_r8_k10,"[0, 1, 2, 3, 4, 5, 6, 7, 8, 9]",0.7888,coalition_game_win_rate,coalition_game_win_rate,10,0.07435171671036099,crossplay
multigen_none_n7_r8_k10_matrix,C10|D1,True,"[0, 1, 2, 3, 4, 5, 6, 7, 8, 9]",multigen_none_n7_r8_k10,"[0, 1, 2, 3, 4, 5, 6, 7, 8, 9]",0.449,false_ejection_rate,terminal-meeting false ejection,10,0.05117508074140078,crossplay
multigen_none_n7_r8_k10_matrix,C10|D1,True,"[0, 1, 2, 3, 4, 5, 6, 7, 8, 9]",multigen_none_n7_r8_k10,"[0, 1, 2, 3, 4, 5, 6, 7, 8, 9]",1.089,mean_false_ejections,mean_false_ejections,10,0.07752418977325722,crossplay
multigen_none_n7_r8_k10_matrix,C10|D10,True,"[0, 1, 2, 3, 4, 5, 6, 7, 8, 9]",multigen_none_n7_r8_k10,"[0, 1, 2, 3, 4, 5, 6, 7, 8, 9]",0.8380000000000001,any_false_ejection_rate,any_false_ejection_rate,10,0.04311225657126598,crossplay
multigen_none_n7_r8_k10_matrix,C10|D10,True,"[0, 1, 2, 3, 4, 5, 6, 7, 8, 9]",multigen_none_n7_r8_k10,"[0, 1, 2, 3, 4, 5, 6, 7, 8, 9]",0.7968,coalition_game_win_rate,coalition_game_win_rate,10,0.03689263702511202,crossplay
multigen_none_n7_r8_k10_matrix,C10|D10,True,"[0, 1, 2, 3, 4, 5, 6, 7, 8, 9]",multigen_none_n7_r8_k10,"[0, 1, 2, 3, 4, 5, 6, 7, 8, 9]",0.4943999999999999,false_ejection_rate,terminal-meeting false ejection,10,0.078223611098781,crossplay
multigen_none_n7_r8_k10_matrix,C10|D10,True,"[0, 1, 2, 3, 4, 5, 6, 7, 8, 9]",multigen_none_n7_r8_k10,"[0, 1, 2, 3, 4, 5, 6, 7, 8, 9]",1.2218,mean_false_ejections,mean_false_ejections,10,0.14571646745954583,crossplay
multigen_none_n7_r8_k10_matrix,C10|D2,True,"[0, 1, 2, 3, 4, 5, 6, 7, 8, 9]",multigen_none_n7_r8_k10,"[0, 1, 2, 3, 4, 5, 6, 7, 8, 9]",0.7152000000000001,any_false_ejection_rate,any_false_ejection_rate,10,0.10741073813481902,crossplay
multigen_none_n7_r8_k10_matrix,C10|D2,True,"[0, 1, 2, 3, 4, 5, 6, 7, 8, 9]",multigen_none_n7_r8_k10,"[0, 1, 2, 3, 4, 5, 6, 7, 8, 9]",0.5187999999999999,coalition_game_win_rate,coalition_game_win_rate,10,0.15951091916647378,crossplay
multigen_none_n7_r8_k10_matrix,C10|D2,True,"[0, 1, 2, 3, 4, 5, 6, 7, 8, 9]",multigen_none_n7_r8_k10,"[0, 1, 2, 3, 4, 5, 6, 7, 8, 9]",0.2874,false_ejection_rate,terminal-meeting false ejection,10,0.09899966329909074,crossplay
multigen_none_n7_r8_k10_matrix,C10|D2,True,"[0, 1, 2, 3, 4, 5, 6, 7, 8, 9]",multigen_none_n7_r8_k10,"[0, 1, 2, 3, 4, 5, 6, 7, 8, 9]",1.026,mean_false_ejections,mean_false_ejections,10,0.3050318744728892,crossplay
multigen_none_n7_r8_k10_matrix,C10|D3,True,"[0, 1, 2, 3, 4, 5, 6, 7, 8, 9]",multigen_none_n7_r8_k10,"[0, 1, 2, 3, 4, 5, 6, 7, 8, 9]",0.6842,any_false_ejection_rate,any_false_ejection_rate,10,0.06943870198479615,crossplay
multigen_none_n7_r8_k10_matrix,C10|D3,True,"[0, 1, 2, 3, 4, 5, 6, 7, 8, 9]",multigen_none_n7_r8_k10,"[0, 1, 2, 3, 4, 5, 6, 7, 8, 9]",0.5396,coalition_game_win_rate,coalition_game_win_rate,10,0.1192040267776219,crossplay
multigen_none_n7_r8_k10_matrix,C10|D3,True,"[0, 1, 2, 3, 4, 5, 6, 7, 8, 9]",multigen_none_n7_r8_k10,"[0, 1, 2, 3, 4, 5, 6, 7, 8, 9]",0.2822,false_ejection_rate,terminal-meeting false ejection,10,0.07530353392917376,crossplay
multigen_none_n7_r8_k10_matrix,C10|D3,True,"[0, 1, 2, 3, 4, 5, 6, 7, 8, 9]",multigen_none_n7_r8_k10,"[0, 1, 2, 3, 4, 5, 6, 7, 8, 9]",0.9123999999999999,mean_false_ejections,mean_false_ejections,10,0.1634864588344314,crossplay
multigen_none_n7_r8_k10_matrix,C10|D4,True,"[0, 1, 2, 3, 4, 5, 6, 7, 8, 9]",multigen_none_n7_r8_k10,"[0, 1, 2, 3, 4, 5, 6, 7, 8, 9]",0.7294,any_false_ejection_rate,any_false_ejection_rate,10,0.08636897591149266,crossplay
multigen_none_n7_r8_k10_matrix,C10|D4,True,"[0, 1, 2, 3, 4, 5, 6, 7, 8, 9]",multigen_none_n7_r8_k10,"[0, 1, 2, 3, 4, 5, 6, 7, 8, 9]",0.5888,coalition_game_win_rate,coalition_game_win_rate,10,0.13566036021378292,crossplay
multigen_none_n7_r8_k10_matrix,C10|D4,True,"[0, 1, 2, 3, 4, 5, 6, 7, 8, 9]",multigen_none_n7_r8_k10,"[0, 1, 2, 3, 4, 5, 6, 7, 8, 9]",0.31320000000000003,false_ejection_rate,terminal-meeting false ejection,10,0.09764880382723021,crossplay
multigen_none_n7_r8_k10_matrix,C10|D4,True,"[0, 1, 2, 3, 4, 5, 6, 7, 8, 9]",multigen_none_n7_r8_k10,"[0, 1, 2, 3, 4, 5, 6, 7, 8, 9]",0.9858,mean_false_ejections,mean_false_ejections,10,0.17586724791412664,crossplay
multigen_none_n7_r8_k10_matrix,C10|D5,True,"[0, 1, 2, 3, 4, 5, 6, 7, 8, 9]",multigen_none_n7_r8_k10,"[0, 1, 2, 3, 4, 5, 6, 7, 8, 9]",0.7022,any_false_ejection_rate,any_false_ejection_rate,10,0.0962055669444919,crossplay
multigen_none_n7_r8_k10_matrix,C10|D5,True,"[0, 1, 2, 3, 4, 5, 6, 7, 8, 9]",multigen_none_n7_r8_k10,"[0, 1, 2, 3, 4, 5, 6, 7, 8, 9]",0.5404,coalition_game_win_rate,coalition_game_win_rate,10,0.132312088974851,crossplay
multigen_none_n7_r8_k10_matrix,C10|D5,True,"[0, 1, 2, 3, 4, 5, 6, 7, 8, 9]",multigen_none_n7_r8_k10,"[0, 1, 2, 3, 4, 5, 6, 7, 8, 9]",0.2912,false_ejection_rate,terminal-meeting false ejection,10,0.08100589827633267,crossplay
multigen_none_n7_r8_k10_matrix,C10|D5,True,"[0, 1, 2, 3, 4, 5, 6, 7, 8, 9]",multigen_none_n7_r8_k10,"[0, 1, 2, 3, 4, 5, 6, 7, 8, 9]",0.9720000000000002,mean_false_ejections,mean_false_ejections,10,0.21287659440258916,crossplay
multigen_none_n7_r8_k10_matrix,C10|D6,True,"[0, 1, 2, 3, 4, 5, 6, 7, 8, 9]",multigen_none_n7_r8_k10,"[0, 1, 2, 3, 4, 5, 6, 7, 8, 9]",0.7484,any_false_ejection_rate,any_false_ejection_rate,10,0.08521241432769967,crossplay
multigen_none_n7_r8_k10_matrix,C10|D6,True,"[0, 1, 2, 3, 4, 5, 6, 7, 8, 9]",multigen_none_n7_r8_k10,"[0, 1, 2, 3, 4, 5, 6, 7, 8, 9]",0.598,coalition_game_win_rate,coalition_game_win_rate,10,0.13959942693292118,crossplay
multigen_none_n7_r8_k10_matrix,C10|D6,True,"[0, 1, 2, 3, 4, 5, 6, 7, 8, 9]",multigen_none_n7_r8_k10,"[0, 1, 2, 3, 4, 5, 6, 7, 8, 9]",0.33259999999999995,false_ejection_rate,terminal-meeting false ejection,10,0.09708667376227399,crossplay
multigen_none_n7_r8_k10_matrix,C10|D6,True,"[0, 1, 2, 3, 4, 5, 6, 7, 8, 9]",multigen_none_n7_r8_k10,"[0, 1, 2, 3, 4, 5, 6, 7, 8, 9]",1.0352000000000001,mean_false_ejections,mean_false_ejections,10,0.1742493743014431,crossplay
multigen_none_n7_r8_k10_matrix,C10|D7,True,"[0, 1, 2, 3, 4, 5, 6, 7, 8, 9]",multigen_none_n7_r8_k10,"[0, 1, 2, 3, 4, 5, 6, 7, 8, 9]",0.6986,any_false_ejection_rate,any_false_ejection_rate,10,0.09849557237651739,crossplay
multigen_none_n7_r8_k10_matrix,C10|D7,True,"[0, 1, 2, 3, 4, 5, 6, 7, 8, 9]",multigen_none_n7_r8_k10,"[0, 1, 2, 3, 4, 5, 6, 7, 8, 9]",0.5068,coalition_game_win_rate,coalition_game_win_rate,10,0.14496957535213303,crossplay
multigen_none_n7_r8_k10_matrix,C10|D7,True,"[0, 1, 2, 3, 4, 5, 6, 7, 8, 9]",multigen_none_n7_r8_k10,"[0, 1, 2, 3, 4, 5, 6, 7, 8, 9]",0.2776,false_ejection_rate,terminal-meeting false ejection,10,0.10331741812922392,crossplay
multigen_none_n7_r8_k10_matrix,C10|D7,True,"[0, 1, 2, 3, 4, 5, 6, 7, 8, 9]",multigen_none_n7_r8_k10,"[0, 1, 2, 3, 4, 5, 6, 7, 8, 9]",0.9882000000000002,mean_false_ejections,mean_false_ejections,10,0.262491396684412,crossplay
multigen_none_n7_r8_k10_matrix,C10|D8,True,"[0, 1, 2, 3, 4, 5, 6, 7, 8, 9]",multigen_none_n7_r8_k10,"[0, 1, 2, 3, 4, 5, 6, 7, 8, 9]",0.7581999999999999,any_false_ejection_rate,any_false_ejection_rate,10,0.08920612833955599,crossplay
multigen_none_n7_r8_k10_matrix,C10|D8,True,"[0, 1, 2, 3, 4, 5, 6, 7, 8, 9]",multigen_none_n7_r8_k10,"[0, 1, 2, 3, 4, 5, 6, 7, 8, 9]",0.6288,coalition_game_win_rate,coalition_game_win_rate,10,0.12140364263251922,crossplay
multigen_none_n7_r8_k10_matrix,C10|D8,True,"[0, 1, 2, 3, 4, 5, 6, 7, 8, 9]",multigen_none_n7_r8_k10,"[0, 1, 2, 3, 4, 5, 6, 7, 8, 9]",0.34839999999999993,false_ejection_rate,terminal-meeting false ejection,10,0.07536459528334391,crossplay
multigen_none_n7_r8_k10_matrix,C10|D8,True,"[0, 1, 2, 3, 4, 5, 6, 7, 8, 9]",multigen_none_n7_r8_k10,"[0, 1, 2, 3, 4, 5, 6, 7, 8, 9]",1.1012,mean_false_ejections,mean_false_ejections,10,0.3176709688411021,crossplay
multigen_none_n7_r8_k10_matrix,C10|D9,True,"[0, 1, 2, 3, 4, 5, 6, 7, 8, 9]",multigen_none_n7_r8_k10,"[0, 1, 2, 3, 4, 5, 6, 7, 8, 9]",0.6696,any_false_ejection_rate,any_false_ejection_rate,10,0.07229445960022723,crossplay
multigen_none_n7_r8_k10_matrix,C10|D9,True,"[0, 1, 2, 3, 4, 5, 6, 7, 8, 9]",multigen_none_n7_r8_k10,"[0, 1, 2, 3, 4, 5, 6, 7, 8, 9]",0.4276,coalition_game_win_rate,coalition_game_win_rate,10,0.1131952099496951,crossplay
multigen_none_n7_r8_k10_matrix,C10|D9,True,"[0, 1, 2, 3, 4, 5, 6, 7, 8, 9]",multigen_none_n7_r8_k10,"[0, 1, 2, 3, 4, 5, 6, 7, 8, 9]",0.21960000000000002,false_ejection_rate,terminal-meeting false ejection,10,0.05351469164838964,crossplay
multigen_none_n7_r8_k10_matrix,C10|D9,True,"[0, 1, 2, 3, 4, 5, 6, 7, 8, 9]",multigen_none_n7_r8_k10,"[0, 1, 2, 3, 4, 5, 6, 7, 8, 9]",0.9172,mean_false_ejections,mean_false_ejections,10,0.15833635084843908,crossplay
multigen_none_n7_r8_k10_matrix,C1|D0,True,"[0, 1, 2, 3, 4, 5, 6, 7, 8, 9]",multigen_none_n7_r8_k10,"[0, 1, 2, 3, 4, 5, 6, 7, 8, 9]",0.27759999999999996,any_false_ejection_rate,any_false_ejection_rate,10,0.08456319136204199,crossplay
multigen_none_n7_r8_k10_matrix,C1|D0,True,"[0, 1, 2, 3, 4, 5, 6, 7, 8, 9]",multigen_none_n7_r8_k10,"[0, 1, 2, 3, 4, 5, 6, 7, 8, 9]",0.20539999999999997,coalition_game_win_rate,coalition_game_win_rate,10,0.06310520316635282,crossplay
multigen_none_n7_r8_k10_matrix,C1|D0,True,"[0, 1, 2, 3, 4, 5, 6, 7, 8, 9]",multigen_none_n7_r8_k10,"[0, 1, 2, 3, 4, 5, 6, 7, 8, 9]",0.0412,false_ejection_rate,terminal-meeting false ejection,10,0.026719946773067414,crossplay
multigen_none_n7_r8_k10_matrix,C1|D0,True,"[0, 1, 2, 3, 4, 5, 6, 7, 8, 9]",multigen_none_n7_r8_k10,"[0, 1, 2, 3, 4, 5, 6, 7, 8, 9]",0.3236,mean_false_ejections,mean_false_ejections,10,0.11801619474556117,crossplay
multigen_none_n7_r8_k10_matrix,C1|D1,True,"[0, 1, 2, 3, 4, 5, 6, 7, 8, 9]",multigen_none_n7_r8_k10,"[0, 1, 2, 3, 4, 5, 6, 7, 8, 9]",0.8479999999999999,any_false_ejection_rate,any_false_ejection_rate,10,0.017358955421722066,crossplay
multigen_none_n7_r8_k10_matrix,C1|D1,True,"[0, 1, 2, 3, 4, 5, 6, 7, 8, 9]",multigen_none_n7_r8_k10,"[0, 1, 2, 3, 4, 5, 6, 7, 8, 9]",0.8562,coalition_game_win_rate,coalition_game_win_rate,10,0.03114767692425517,crossplay
multigen_none_n7_r8_k10_matrix,C1|D1,True,"[0, 1, 2, 3, 4, 5, 6, 7, 8, 9]",multigen_none_n7_r8_k10,"[0, 1, 2, 3, 4, 5, 6, 7, 8, 9]",0.5096,false_ejection_rate,terminal-meeting false ejection,10,0.04928646422249781,crossplay
multigen_none_n7_r8_k10_matrix,C1|D1,True,"[0, 1, 2, 3, 4, 5, 6, 7, 8, 9]",multigen_none_n7_r8_k10,"[0, 1, 2, 3, 4, 5, 6, 7, 8, 9]",1.2046,mean_false_ejections,mean_false_ejections,10,0.05736472009093318,crossplay
multigen_none_n7_r8_k10_matrix,C1|D10,True,"[0, 1, 2, 3, 4, 5, 6, 7, 8, 9]",multigen_none_n7_r8_k10,"[0, 1, 2, 3, 4, 5, 6, 7, 8, 9]",0.7116,any_false_ejection_rate,any_false_ejection_rate,10,0.08351606631860323,crossplay
multigen_none_n7_r8_k10_matrix,C1|D10,True,"[0, 1, 2, 3, 4, 5, 6, 7, 8, 9]",multigen_none_n7_r8_k10,"[0, 1, 2, 3, 4, 5, 6, 7, 8, 9]",0.5572,coalition_game_win_rate,coalition_game_win_rate,10,0.1016407617269983,crossplay
multigen_none_n7_r8_k10_matrix,C1|D10,True,"[0, 1, 2, 3, 4, 5, 6, 7, 8, 9]",multigen_none_n7_r8_k10,"[0, 1, 2, 3, 4, 5, 6, 7, 8, 9]",0.33419999999999994,false_ejection_rate,terminal-meeting false ejection,10,0.09696482752925298,crossplay
multigen_none_n7_r8_k10_matrix,C1|D10,True,"[0, 1, 2, 3, 4, 5, 6, 7, 8, 9]",multigen_none_n7_r8_k10,"[0, 1, 2, 3, 4, 5, 6, 7, 8, 9]",1.0404,mean_false_ejections,mean_false_ejections,10,0.2561697353969304,crossplay
multigen_none_n7_r8_k10_matrix,C1|D2,True,"[0, 1, 2, 3, 4, 5, 6, 7, 8, 9]",multigen_none_n7_r8_k10,"[0, 1, 2, 3, 4, 5, 6, 7, 8, 9]",0.6170000000000001,any_false_ejection_rate,any_false_ejection_rate,10,0.13830160278656692,crossplay
multigen_none_n7_r8_k10_matrix,C1|D2,True,"[0, 1, 2, 3, 4, 5, 6, 7, 8, 9]",multigen_none_n7_r8_k10,"[0, 1, 2, 3, 4, 5, 6, 7, 8, 9]",0.3512,coalition_game_win_rate,coalition_game_win_rate,10,0.11530519888057474,crossplay
multigen_none_n7_r8_k10_matrix,C1|D2,True,"[0, 1, 2, 3, 4, 5, 6, 7, 8, 9]",multigen_none_n7_r8_k10,"[0, 1, 2, 3, 4, 5, 6, 7, 8, 9]",0.1956,false_ejection_rate,terminal-meeting false ejection,10,0.10491393298000667,crossplay
multigen_none_n7_r8_k10_matrix,C1|D2,True,"[0, 1, 2, 3, 4, 5, 6, 7, 8, 9]",multigen_none_n7_r8_k10,"[0, 1, 2, 3, 4, 5, 6, 7, 8, 9]",0.8638,mean_false_ejections,mean_false_ejections,10,0.3482214493361628,crossplay
multigen_none_n7_r8_k10_matrix,C1|D3,True,"[0, 1, 2, 3, 4, 5, 6, 7, 8, 9]",multigen_none_n7_r8_k10,"[0, 1, 2, 3, 4, 5, 6, 7, 8, 9]",0.7190000000000001,any_false_ejection_rate,any_false_ejection_rate,10,0.06813874733871242,crossplay
multigen_none_n7_r8_k10_matrix,C1|D3,True,"[0, 1, 2, 3, 4, 5, 6, 7, 8, 9]",multigen_none_n7_r8_k10,"[0, 1, 2, 3, 4, 5, 6, 7, 8, 9]",0.5884,coalition_game_win_rate,coalition_game_win_rate,10,0.08640884728364849,crossplay
multigen_none_n7_r8_k10_matrix,C1|D3,True,"[0, 1, 2, 3, 4, 5, 6, 7, 8, 9]",multigen_none_n7_r8_k10,"[0, 1, 2, 3, 4, 5, 6, 7, 8, 9]",0.3216,false_ejection_rate,terminal-meeting false ejection,10,0.0673155091919966,crossplay
multigen_none_n7_r8_k10_matrix,C1|D3,True,"[0, 1, 2, 3, 4, 5, 6, 7, 8, 9]",multigen_none_n7_r8_k10,"[0, 1, 2, 3, 4, 5, 6, 7, 8, 9]",0.9743999999999999,mean_false_ejections,mean_false_ejections,10,0.1413358490342143,crossplay
multigen_none_n7_r8_k10_matrix,C1|D4,True,"[0, 1, 2, 3, 4, 5, 6, 7, 8, 9]",multigen_none_n7_r8_k10,"[0, 1, 2, 3, 4, 5, 6, 7, 8, 9]",0.6796,any_false_ejection_rate,any_false_ejection_rate,10,0.06760539097504643,crossplay
multigen_none_n7_r8_k10_matrix,C1|D4,True,"[0, 1, 2, 3, 4, 5, 6, 7, 8, 9]",multigen_none_n7_r8_k10,"[0, 1, 2, 3, 4, 5, 6, 7, 8, 9]",0.4805999999999999,coalition_game_win_rate,coalition_game_win_rate,10,0.13366641728987544,crossplay
multigen_none_n7_r8_k10_matrix,C1|D4,True,"[0, 1, 2, 3, 4, 5, 6, 7, 8, 9]",multigen_none_n7_r8_k10,"[0, 1, 2, 3, 4, 5, 6, 7, 8, 9]",0.25300000000000006,false_ejection_rate,terminal-meeting false ejection,10,0.08069834088890689,crossplay
multigen_none_n7_r8_k10_matrix,C1|D4,True,"[0, 1, 2, 3, 4, 5, 6, 7, 8, 9]",multigen_none_n7_r8_k10,"[0, 1, 2, 3, 4, 5, 6, 7, 8, 9]",0.905,mean_false_ejections,mean_false_ejections,10,0.14370417143871952,crossplay
multigen_none_n7_r8_k10_matrix,C1|D5,True,"[0, 1, 2, 3, 4, 5, 6, 7, 8, 9]",multigen_none_n7_r8_k10,"[0, 1, 2, 3, 4, 5, 6, 7, 8, 9]",0.7452,any_false_ejection_rate,any_false_ejection_rate,10,0.06754225015170545,crossplay
multigen_none_n7_r8_k10_matrix,C1|D5,True,"[0, 1, 2, 3, 4, 5, 6, 7, 8, 9]",multigen_none_n7_r8_k10,"[0, 1, 2, 3, 4, 5, 6, 7, 8, 9]",0.6178000000000001,coalition_game_win_rate,coalition_game_win_rate,10,0.11479624461530864,crossplay
multigen_none_n7_r8_k10_matrix,C1|D5,True,"[0, 1, 2, 3, 4, 5, 6, 7, 8, 9]",multigen_none_n7_r8_k10,"[0, 1, 2, 3, 4, 5, 6, 7, 8, 9]",0.33259999999999995,false_ejection_rate,terminal-meeting false ejection,10,0.06218288439041012,crossplay
multigen_none_n7_r8_k10_matrix,C1|D5,True,"[0, 1, 2, 3, 4, 5, 6, 7, 8, 9]",multigen_none_n7_r8_k10,"[0, 1, 2, 3, 4, 5, 6, 7, 8, 9]",1.003,mean_false_ejections,mean_false_ejections,10,0.10946841249115356,crossplay
multigen_none_n7_r8_k10_matrix,C1|D6,True,"[0, 1, 2, 3, 4, 5, 6, 7, 8, 9]",multigen_none_n7_r8_k10,"[0, 1, 2, 3, 4, 5, 6, 7, 8, 9]",0.6886,any_false_ejection_rate,any_false_ejection_rate,10,0.10624520904231138,crossplay
multigen_none_n7_r8_k10_matrix,C1|D6,True,"[0, 1, 2, 3, 4, 5, 6, 7, 8, 9]",multigen_none_n7_r8_k10,"[0, 1, 2, 3, 4, 5, 6, 7, 8, 9]",0.4539999999999999,coalition_game_win_rate,coalition_game_win_rate,10,0.12380989010934824,crossplay
multigen_none_n7_r8_k10_matrix,C1|D6,True,"[0, 1, 2, 3, 4, 5, 6, 7, 8, 9]",multigen_none_n7_r8_k10,"[0, 1, 2, 3, 4, 5, 6, 7, 8, 9]",0.25680000000000003,false_ejection_rate,terminal-meeting false ejection,10,0.07923635529225205,crossplay
multigen_none_n7_r8_k10_matrix,C1|D6,True,"[0, 1, 2, 3, 4, 5, 6, 7, 8, 9]",multigen_none_n7_r8_k10,"[0, 1, 2, 3, 4, 5, 6, 7, 8, 9]",0.9461999999999999,mean_false_ejections,mean_false_ejections,10,0.1825728469527833,crossplay
multigen_none_n7_r8_k10_matrix,C1|D7,True,"[0, 1, 2, 3, 4, 5, 6, 7, 8, 9]",multigen_none_n7_r8_k10,"[0, 1, 2, 3, 4, 5, 6, 7, 8, 9]",0.7528,any_false_ejection_rate,any_false_ejection_rate,10,0.07217386415224467,crossplay
multigen_none_n7_r8_k10_matrix,C1|D7,True,"[0, 1, 2, 3, 4, 5, 6, 7, 8, 9]",multigen_none_n7_r8_k10,"[0, 1, 2, 3, 4, 5, 6, 7, 8, 9]",0.6264000000000001,coalition_game_win_rate,coalition_game_win_rate,10,0.14626551199787324,crossplay
multigen_none_n7_r8_k10_matrix,C1|D7,True,"[0, 1, 2, 3, 4, 5, 6, 7, 8, 9]",multigen_none_n7_r8_k10,"[0, 1, 2, 3, 4, 5, 6, 7, 8, 9]",0.3528,false_ejection_rate,terminal-meeting false ejection,10,0.10038680745551734,crossplay
multigen_none_n7_r8_k10_matrix,C1|D7,True,"[0, 1, 2, 3, 4, 5, 6, 7, 8, 9]",multigen_none_n7_r8_k10,"[0, 1, 2, 3, 4, 5, 6, 7, 8, 9]",1.0576,mean_false_ejections,mean_false_ejections,10,0.17754573745626473,crossplay
multigen_none_n7_r8_k10_matrix,C1|D8,True,"[0, 1, 2, 3, 4, 5, 6, 7, 8, 9]",multigen_none_n7_r8_k10,"[0, 1, 2, 3, 4, 5, 6, 7, 8, 9]",0.7262000000000001,any_false_ejection_rate,any_false_ejection_rate,10,0.11789807273893646,crossplay
multigen_none_n7_r8_k10_matrix,C1|D8,True,"[0, 1, 2, 3, 4, 5, 6, 7, 8, 9]",multigen_none_n7_r8_k10,"[0, 1, 2, 3, 4, 5, 6, 7, 8, 9]",0.522,coalition_game_win_rate,coalition_game_win_rate,10,0.14978206390174584,crossplay
multigen_none_n7_r8_k10_matrix,C1|D8,True,"[0, 1, 2, 3, 4, 5, 6, 7, 8, 9]",multigen_none_n7_r8_k10,"[0, 1, 2, 3, 4, 5, 6, 7, 8, 9]",0.2992,false_ejection_rate,terminal-meeting false ejection,10,0.11255497422247594,crossplay
multigen_none_n7_r8_k10_matrix,C1|D8,True,"[0, 1, 2, 3, 4, 5, 6, 7, 8, 9]",multigen_none_n7_r8_k10,"[0, 1, 2, 3, 4, 5, 6, 7, 8, 9]",1.0690000000000002,mean_false_ejections,mean_false_ejections,10,0.38063017922037307,crossplay
multigen_none_n7_r8_k10_matrix,C1|D9,True,"[0, 1, 2, 3, 4, 5, 6, 7, 8, 9]",multigen_none_n7_r8_k10,"[0, 1, 2, 3, 4, 5, 6, 7, 8, 9]",0.7196,any_false_ejection_rate,any_false_ejection_rate,10,0.06691155024026536,crossplay
multigen_none_n7_r8_k10_matrix,C1|D9,True,"[0, 1, 2, 3, 4, 5, 6, 7, 8, 9]",multigen_none_n7_r8_k10,"[0, 1, 2, 3, 4, 5, 6, 7, 8, 9]",0.5254000000000001,coalition_game_win_rate,coalition_game_win_rate,10,0.17407546256341436,crossplay
multigen_none_n7_r8_k10_matrix,C1|D9,True,"[0, 1, 2, 3, 4, 5, 6, 7, 8, 9]",multigen_none_n7_r8_k10,"[0, 1, 2, 3, 4, 5, 6, 7, 8, 9]",0.2886,false_ejection_rate,terminal-meeting false ejection,10,0.08683598844309247,crossplay
multigen_none_n7_r8_k10_matrix,C1|D9,True,"[0, 1, 2, 3, 4, 5, 6, 7, 8, 9]",multigen_none_n7_r8_k10,"[0, 1, 2, 3, 4, 5, 6, 7, 8, 9]",0.9884000000000001,mean_false_ejections,mean_false_ejections,10,0.14746992160361985,crossplay
multigen_none_n7_r8_k10_matrix,C2|D0,True,"[0, 1, 2, 3, 4, 5, 6, 7, 8, 9]",multigen_none_n7_r8_k10,"[0, 1, 2, 3, 4, 5, 6, 7, 8, 9]",0.22840000000000002,any_false_ejection_rate,any_false_ejection_rate,10,0.04577044169912863,crossplay
multigen_none_n7_r8_k10_matrix,C2|D0,True,"[0, 1, 2, 3, 4, 5, 6, 7, 8, 9]",multigen_none_n7_r8_k10,"[0, 1, 2, 3, 4, 5, 6, 7, 8, 9]",0.1814,coalition_game_win_rate,coalition_game_win_rate,10,0.038041497809044734,crossplay
multigen_none_n7_r8_k10_matrix,C2|D0,True,"[0, 1, 2, 3, 4, 5, 6, 7, 8, 9]",multigen_none_n7_r8_k10,"[0, 1, 2, 3, 4, 5, 6, 7, 8, 9]",0.0262,false_ejection_rate,terminal-meeting false ejection,10,0.011252654007931736,crossplay
multigen_none_n7_r8_k10_matrix,C2|D0,True,"[0, 1, 2, 3, 4, 5, 6, 7, 8, 9]",multigen_none_n7_r8_k10,"[0, 1, 2, 3, 4, 5, 6, 7, 8, 9]",0.2564000000000001,mean_false_ejections,mean_false_ejections,10,0.05719984459963351,crossplay
multigen_none_n7_r8_k10_matrix,C2|D1,True,"[0, 1, 2, 3, 4, 5, 6, 7, 8, 9]",multigen_none_n7_r8_k10,"[0, 1, 2, 3, 4, 5, 6, 7, 8, 9]",0.7863999999999999,any_false_ejection_rate,any_false_ejection_rate,10,0.06361551173521543,crossplay
multigen_none_n7_r8_k10_matrix,C2|D1,True,"[0, 1, 2, 3, 4, 5, 6, 7, 8, 9]",multigen_none_n7_r8_k10,"[0, 1, 2, 3, 4, 5, 6, 7, 8, 9]",0.7466,coalition_game_win_rate,coalition_game_win_rate,10,0.1211098674757759,crossplay
multigen_none_n7_r8_k10_matrix,C2|D1,True,"[0, 1, 2, 3, 4, 5, 6, 7, 8, 9]",multigen_none_n7_r8_k10,"[0, 1, 2, 3, 4, 5, 6, 7, 8, 9]",0.4326,false_ejection_rate,terminal-meeting false ejection,10,0.09130680880051241,crossplay
multigen_none_n7_r8_k10_matrix,C2|D1,True,"[0, 1, 2, 3, 4, 5, 6, 7, 8, 9]",multigen_none_n7_r8_k10,"[0, 1, 2, 3, 4, 5, 6, 7, 8, 9]",1.0962,mean_false_ejections,mean_false_ejections,10,0.1266191138809619,crossplay
multigen_none_n7_r8_k10_matrix,C2|D10,True,"[0, 1, 2, 3, 4, 5, 6, 7, 8, 9]",multigen_none_n7_r8_k10,"[0, 1, 2, 3, 4, 5, 6, 7, 8, 9]",0.7322,any_false_ejection_rate,any_false_ejection_rate,10,0.08846066294624343,crossplay
multigen_none_n7_r8_k10_matrix,C2|D10,True,"[0, 1, 2, 3, 4, 5, 6, 7, 8, 9]",multigen_none_n7_r8_k10,"[0, 1, 2, 3, 4, 5, 6, 7, 8, 9]",0.5666,coalition_game_win_rate,coalition_game_win_rate,10,0.17709018418120565,crossplay
multigen_none_n7_r8_k10_matrix,C2|D10,True,"[0, 1, 2, 3, 4, 5, 6, 7, 8, 9]",multigen_none_n7_r8_k10,"[0, 1, 2, 3, 4, 5, 6, 7, 8, 9]",0.35300000000000004,false_ejection_rate,terminal-meeting false ejection,10,0.13514847801995816,crossplay
multigen_none_n7_r8_k10_matrix,C2|D10,True,"[0, 1, 2, 3, 4, 5, 6, 7, 8, 9]",multigen_none_n7_r8_k10,"[0, 1, 2, 3, 4, 5, 6, 7, 8, 9]",1.049,mean_false_ejections,mean_false_ejections,10,0.19252070595710538,crossplay
multigen_none_n7_r8_k10_matrix,C2|D2,True,"[0, 1, 2, 3, 4, 5, 6, 7, 8, 9]",multigen_none_n7_r8_k10,"[0, 1, 2, 3, 4, 5, 6, 7, 8, 9]",0.8501999999999998,any_false_ejection_rate,any_false_ejection_rate,10,0.03200624938976763,crossplay
multigen_none_n7_r8_k10_matrix,C2|D2,True,"[0, 1, 2, 3, 4, 5, 6, 7, 8, 9]",multigen_none_n7_r8_k10,"[0, 1, 2, 3, 4, 5, 6, 7, 8, 9]",0.7799999999999999,coalition_game_win_rate,coalition_game_win_rate,10,0.05748816303282694,crossplay
multigen_none_n7_r8_k10_matrix,C2|D2,True,"[0, 1, 2, 3, 4, 5, 6, 7, 8, 9]",multigen_none_n7_r8_k10,"[0, 1, 2, 3, 4, 5, 6, 7, 8, 9]",0.45899999999999996,false_ejection_rate,terminal-meeting false ejection,10,0.0496319789383149,crossplay
multigen_none_n7_r8_k10_matrix,C2|D2,True,"[0, 1, 2, 3, 4, 5, 6, 7, 8, 9]",multigen_none_n7_r8_k10,"[0, 1, 2, 3, 4, 5, 6, 7, 8, 9]",1.2653999999999999,mean_false_ejections,mean_false_ejections,10,0.1794040752664839,crossplay
multigen_none_n7_r8_k10_matrix,C2|D3,True,"[0, 1, 2, 3, 4, 5, 6, 7, 8, 9]",multigen_none_n7_r8_k10,"[0, 1, 2, 3, 4, 5, 6, 7, 8, 9]",0.5758,any_false_ejection_rate,any_false_ejection_rate,10,0.11769055470455847,crossplay
multigen_none_n7_r8_k10_matrix,C2|D3,True,"[0, 1, 2, 3, 4, 5, 6, 7, 8, 9]",multigen_none_n7_r8_k10,"[0, 1, 2, 3, 4, 5, 6, 7, 8, 9]",0.2812,coalition_game_win_rate,coalition_game_win_rate,10,0.10032923579672855,crossplay
multigen_none_n7_r8_k10_matrix,C2|D3,True,"[0, 1, 2, 3, 4, 5, 6, 7, 8, 9]",multigen_none_n7_r8_k10,"[0, 1, 2, 3, 4, 5, 6, 7, 8, 9]",0.1432,false_ejection_rate,terminal-meeting false ejection,10,0.05936852888713197,crossplay
multigen_none_n7_r8_k10_matrix,C2|D3,True,"[0, 1, 2, 3, 4, 5, 6, 7, 8, 9]",multigen_none_n7_r8_k10,"[0, 1, 2, 3, 4, 5, 6, 7, 8, 9]",0.7596,mean_false_ejections,mean_false_ejections,10,0.23941558475216734,crossplay
multigen_none_n7_r8_k10_matrix,C2|D4,True,"[0, 1, 2, 3, 4, 5, 6, 7, 8, 9]",multigen_none_n7_r8_k10,"[0, 1, 2, 3, 4, 5, 6, 7, 8, 9]",0.7788,any_false_ejection_rate,any_false_ejection_rate,10,0.06321884388552373,crossplay
multigen_none_n7_r8_k10_matrix,C2|D4,True,"[0, 1, 2, 3, 4, 5, 6, 7, 8, 9]",multigen_none_n7_r8_k10,"[0, 1, 2, 3, 4, 5, 6, 7, 8, 9]",0.7001999999999999,coalition_game_win_rate,coalition_game_win_rate,10,0.13325147487197114,crossplay
multigen_none_n7_r8_k10_matrix,C2|D4,True,"[0, 1, 2, 3, 4, 5, 6, 7, 8, 9]",multigen_none_n7_r8_k10,"[0, 1, 2, 3, 4, 5, 6, 7, 8, 9]",0.3704,false_ejection_rate,terminal-meeting false ejection,10,0.07889120497382594,crossplay
multigen_none_n7_r8_k10_matrix,C2|D4,True,"[0, 1, 2, 3, 4, 5, 6, 7, 8, 9]",multigen_none_n7_r8_k10,"[0, 1, 2, 3, 4, 5, 6, 7, 8, 9]",1.0602,mean_false_ejections,mean_false_ejections,10,0.12213453420079204,crossplay
multigen_none_n7_r8_k10_matrix,C2|D5,True,"[0, 1, 2, 3, 4, 5, 6, 7, 8, 9]",multigen_none_n7_r8_k10,"[0, 1, 2, 3, 4, 5, 6, 7, 8, 9]",0.6714,any_false_ejection_rate,any_false_ejection_rate,10,0.11604615939836661,crossplay
multigen_none_n7_r8_k10_matrix,C2|D5,True,"[0, 1, 2, 3, 4, 5, 6, 7, 8, 9]",multigen_none_n7_r8_k10,"[0, 1, 2, 3, 4, 5, 6, 7, 8, 9]",0.4668,coalition_game_win_rate,coalition_game_win_rate,10,0.1777793888815886,crossplay
multigen_none_n7_r8_k10_matrix,C2|D5,True,"[0, 1, 2, 3, 4, 5, 6, 7, 8, 9]",multigen_none_n7_r8_k10,"[0, 1, 2, 3, 4, 5, 6, 7, 8, 9]",0.24560000000000004,false_ejection_rate,terminal-meeting false ejection,10,0.09768338878460577,crossplay
multigen_none_n7_r8_k10_matrix,C2|D5,True,"[0, 1, 2, 3, 4, 5, 6, 7, 8, 9]",multigen_none_n7_r8_k10,"[0, 1, 2, 3, 4, 5, 6, 7, 8, 9]",0.901,mean_false_ejections,mean_false_ejections,10,0.22951397924019065,crossplay
multigen_none_n7_r8_k10_matrix,C2|D6,True,"[0, 1, 2, 3, 4, 5, 6, 7, 8, 9]",multigen_none_n7_r8_k10,"[0, 1, 2, 3, 4, 5, 6, 7, 8, 9]",0.7504000000000001,any_false_ejection_rate,any_false_ejection_rate,10,0.09946881141566158,crossplay
multigen_none_n7_r8_k10_matrix,C2|D6,True,"[0, 1, 2, 3, 4, 5, 6, 7, 8, 9]",multigen_none_n7_r8_k10,"[0, 1, 2, 3, 4, 5, 6, 7, 8, 9]",0.5616000000000001,coalition_game_win_rate,coalition_game_win_rate,10,0.2043500265068085,crossplay
multigen_none_n7_r8_k10_matrix,C2|D6,True,"[0, 1, 2, 3, 4, 5, 6, 7, 8, 9]",multigen_none_n7_r8_k10,"[0, 1, 2, 3, 4, 5, 6, 7, 8, 9]",0.30180000000000007,false_ejection_rate,terminal-meeting false ejection,10,0.10945704383201862,crossplay
multigen_none_n7_r8_k10_matrix,C2|D6,True,"[0, 1, 2, 3, 4, 5, 6, 7, 8, 9]",multigen_none_n7_r8_k10,"[0, 1, 2, 3, 4, 5, 6, 7, 8, 9]",1.0442,mean_false_ejections,mean_false_ejections,10,0.196234440289047,crossplay
multigen_none_n7_r8_k10_matrix,C2|D7,True,"[0, 1, 2, 3, 4, 5, 6, 7, 8, 9]",multigen_none_n7_r8_k10,"[0, 1, 2, 3, 4, 5, 6, 7, 8, 9]",0.7171999999999998,any_false_ejection_rate,any_false_ejection_rate,10,0.10612026720241102,crossplay
multigen_none_n7_r8_k10_matrix,C2|D7,True,"[0, 1, 2, 3, 4, 5, 6, 7, 8, 9]",multigen_none_n7_r8_k10,"[0, 1, 2, 3, 4, 5, 6, 7, 8, 9]",0.5422,coalition_game_win_rate,coalition_game_win_rate,10,0.21026639188314322,crossplay
multigen_none_n7_r8_k10_matrix,C2|D7,True,"[0, 1, 2, 3, 4, 5, 6, 7, 8, 9]",multigen_none_n7_r8_k10,"[0, 1, 2, 3, 4, 5, 6, 7, 8, 9]",0.29660000000000003,false_ejection_rate,terminal-meeting false ejection,10,0.12024807690769947,crossplay
multigen_none_n7_r8_k10_matrix,C2|D7,True,"[0, 1, 2, 3, 4, 5, 6, 7, 8, 9]",multigen_none_n7_r8_k10,"[0, 1, 2, 3, 4, 5, 6, 7, 8, 9]",0.9885999999999999,mean_false_ejections,mean_false_ejections,10,0.2109239989506489,crossplay
multigen_none_n7_r8_k10_matrix,C2|D8,True,"[0, 1, 2, 3, 4, 5, 6, 7, 8, 9]",multigen_none_n7_r8_k10,"[0, 1, 2, 3, 4, 5, 6, 7, 8, 9]",0.7390000000000001,any_false_ejection_rate,any_false_ejection_rate,10,0.10303073974952007,crossplay
multigen_none_n7_r8_k10_matrix,C2|D8,True,"[0, 1, 2, 3, 4, 5, 6, 7, 8, 9]",multigen_none_n7_r8_k10,"[0, 1, 2, 3, 4, 5, 6, 7, 8, 9]",0.5466,coalition_game_win_rate,coalition_game_win_rate,10,0.14156600345186457,crossplay
multigen_none_n7_r8_k10_matrix,C2|D8,True,"[0, 1, 2, 3, 4, 5, 6, 7, 8, 9]",multigen_none_n7_r8_k10,"[0, 1, 2, 3, 4, 5, 6, 7, 8, 9]",0.30920000000000003,false_ejection_rate,terminal-meeting false ejection,10,0.07166713178143644,crossplay
multigen_none_n7_r8_k10_matrix,C2|D8,True,"[0, 1, 2, 3, 4, 5, 6, 7, 8, 9]",multigen_none_n7_r8_k10,"[0, 1, 2, 3, 4, 5, 6, 7, 8, 9]",1.091,mean_false_ejections,mean_false_ejections,10,0.3256818488443387,crossplay
multigen_none_n7_r8_k10_matrix,C2|D9,True,"[0, 1, 2, 3, 4, 5, 6, 7, 8, 9]",multigen_none_n7_r8_k10,"[0, 1, 2, 3, 4, 5, 6, 7, 8, 9]",0.7182,any_false_ejection_rate,any_false_ejection_rate,10,0.10932296698823679,crossplay
multigen_none_n7_r8_k10_matrix,C2|D9,True,"[0, 1, 2, 3, 4, 5, 6, 7, 8, 9]",multigen_none_n7_r8_k10,"[0, 1, 2, 3, 4, 5, 6, 7, 8, 9]",0.504,coalition_game_win_rate,coalition_game_win_rate,10,0.16919154168509068,crossplay
multigen_none_n7_r8_k10_matrix,C2|D9,True,"[0, 1, 2, 3, 4, 5, 6, 7, 8, 9]",multigen_none_n7_r8_k10,"[0, 1, 2, 3, 4, 5, 6, 7, 8, 9]",0.278,false_ejection_rate,terminal-meeting false ejection,10,0.10309003616041443,crossplay
multigen_none_n7_r8_k10_matrix,C2|D9,True,"[0, 1, 2, 3, 4, 5, 6, 7, 8, 9]",multigen_none_n7_r8_k10,"[0, 1, 2, 3, 4, 5, 6, 7, 8, 9]",1.0116,mean_false_ejections,mean_false_ejections,10,0.2505368458153633,crossplay
multigen_none_n7_r8_k10_matrix,C3|D0,True,"[0, 1, 2, 3, 4, 5, 6, 7, 8, 9]",multigen_none_n7_r8_k10,"[0, 1, 2, 3, 4, 5, 6, 7, 8, 9]",0.2562,any_false_ejection_rate,any_false_ejection_rate,10,0.023427429317883858,crossplay
multigen_none_n7_r8_k10_matrix,C3|D0,True,"[0, 1, 2, 3, 4, 5, 6, 7, 8, 9]",multigen_none_n7_r8_k10,"[0, 1, 2, 3, 4, 5, 6, 7, 8, 9]",0.2032,coalition_game_win_rate,coalition_game_win_rate,10,0.03360158726409612,crossplay
multigen_none_n7_r8_k10_matrix,C3|D0,True,"[0, 1, 2, 3, 4, 5, 6, 7, 8, 9]",multigen_none_n7_r8_k10,"[0, 1, 2, 3, 4, 5, 6, 7, 8, 9]",0.029200000000000004,false_ejection_rate,terminal-meeting false ejection,10,0.009199033765685514,crossplay
multigen_none_n7_r8_k10_matrix,C3|D0,True,"[0, 1, 2, 3, 4, 5, 6, 7, 8, 9]",multigen_none_n7_r8_k10,"[0, 1, 2, 3, 4, 5, 6, 7, 8, 9]",0.2874,mean_false_ejections,mean_false_ejections,10,0.036999099088130954,crossplay
multigen_none_n7_r8_k10_matrix,C3|D1,True,"[0, 1, 2, 3, 4, 5, 6, 7, 8, 9]",multigen_none_n7_r8_k10,"[0, 1, 2, 3, 4, 5, 6, 7, 8, 9]",0.813,any_false_ejection_rate,any_false_ejection_rate,10,0.035191539387251065,crossplay
multigen_none_n7_r8_k10_matrix,C3|D1,True,"[0, 1, 2, 3, 4, 5, 6, 7, 8, 9]",multigen_none_n7_r8_k10,"[0, 1, 2, 3, 4, 5, 6, 7, 8, 9]",0.8116,coalition_game_win_rate,coalition_game_win_rate,10,0.024272526764957,crossplay
multigen_none_n7_r8_k10_matrix,C3|D1,True,"[0, 1, 2, 3, 4, 5, 6, 7, 8, 9]",multigen_none_n7_r8_k10,"[0, 1, 2, 3, 4, 5, 6, 7, 8, 9]",0.4596,false_ejection_rate,terminal-meeting false ejection,10,0.027805674880418844,crossplay
multigen_none_n7_r8_k10_matrix,C3|D1,True,"[0, 1, 2, 3, 4, 5, 6, 7, 8, 9]",multigen_none_n7_r8_k10,"[0, 1, 2, 3, 4, 5, 6, 7, 8, 9]",1.1230000000000002,mean_false_ejections,mean_false_ejections,10,0.06129165250396387,crossplay
multigen_none_n7_r8_k10_matrix,C3|D10,True,"[0, 1, 2, 3, 4, 5, 6, 7, 8, 9]",multigen_none_n7_r8_k10,"[0, 1, 2, 3, 4, 5, 6, 7, 8, 9]",0.7134,any_false_ejection_rate,any_false_ejection_rate,10,0.10455854287856584,crossplay
multigen_none_n7_r8_k10_matrix,C3|D10,True,"[0, 1, 2, 3, 4, 5, 6, 7, 8, 9]",multigen_none_n7_r8_k10,"[0, 1, 2, 3, 4, 5, 6, 7, 8, 9]",0.5306,coalition_game_win_rate,coalition_game_win_rate,10,0.12764899790702106,crossplay
multigen_none_n7_r8_k10_matrix,C3|D10,True,"[0, 1, 2, 3, 4, 5, 6, 7, 8, 9]",multigen_none_n7_r8_k10,"[0, 1, 2, 3, 4, 5, 6, 7, 8, 9]",0.3168,false_ejection_rate,terminal-meeting false ejection,10,0.10783608960928721,crossplay
multigen_none_n7_r8_k10_matrix,C3|D10,True,"[0, 1, 2, 3, 4, 5, 6, 7, 8, 9]",multigen_none_n7_r8_k10,"[0, 1, 2, 3, 4, 5, 6, 7, 8, 9]",1.0412000000000001,mean_false_ejections,mean_false_ejections,10,0.3747760220006967,crossplay
multigen_none_n7_r8_k10_matrix,C3|D2,True,"[0, 1, 2, 3, 4, 5, 6, 7, 8, 9]",multigen_none_n7_r8_k10,"[0, 1, 2, 3, 4, 5, 6, 7, 8, 9]",0.6512,any_false_ejection_rate,any_false_ejection_rate,10,0.13252488235967025,crossplay
multigen_none_n7_r8_k10_matrix,C3|D2,True,"[0, 1, 2, 3, 4, 5, 6, 7, 8, 9]",multigen_none_n7_r8_k10,"[0, 1, 2, 3, 4, 5, 6, 7, 8, 9]",0.3454,coalition_game_win_rate,coalition_game_win_rate,10,0.15581769975055965,crossplay
multigen_none_n7_r8_k10_matrix,C3|D2,True,"[0, 1, 2, 3, 4, 5, 6, 7, 8, 9]",multigen_none_n7_r8_k10,"[0, 1, 2, 3, 4, 5, 6, 7, 8, 9]",0.2096,false_ejection_rate,terminal-meeting false ejection,10,0.11745372611278783,crossplay
multigen_none_n7_r8_k10_matrix,C3|D2,True,"[0, 1, 2, 3, 4, 5, 6, 7, 8, 9]",multigen_none_n7_r8_k10,"[0, 1, 2, 3, 4, 5, 6, 7, 8, 9]",0.9502,mean_false_ejections,mean_false_ejections,10,0.3657497019061594,crossplay
multigen_none_n7_r8_k10_matrix,C3|D3,True,"[0, 1, 2, 3, 4, 5, 6, 7, 8, 9]",multigen_none_n7_r8_k10,"[0, 1, 2, 3, 4, 5, 6, 7, 8, 9]",0.843,any_false_ejection_rate,any_false_ejection_rate,10,0.0277168220079832,crossplay
multigen_none_n7_r8_k10_matrix,C3|D3,True,"[0, 1, 2, 3, 4, 5, 6, 7, 8, 9]",multigen_none_n7_r8_k10,"[0, 1, 2, 3, 4, 5, 6, 7, 8, 9]",0.8131999999999999,coalition_game_win_rate,coalition_game_win_rate,10,0.03101540835706591,crossplay
multigen_none_n7_r8_k10_matrix,C3|D3,True,"[0, 1, 2, 3, 4, 5, 6, 7, 8, 9]",multigen_none_n7_r8_k10,"[0, 1, 2, 3, 4, 5, 6, 7, 8, 9]",0.4692,false_ejection_rate,terminal-meeting false ejection,10,0.057921019021115676,crossplay
multigen_none_n7_r8_k10_matrix,C3|D3,True,"[0, 1, 2, 3, 4, 5, 6, 7, 8, 9]",multigen_none_n7_r8_k10,"[0, 1, 2, 3, 4, 5, 6, 7, 8, 9]",1.1865999999999999,mean_false_ejections,mean_false_ejections,10,0.08764093411947033,crossplay
multigen_none_n7_r8_k10_matrix,C3|D4,True,"[0, 1, 2, 3, 4, 5, 6, 7, 8, 9]",multigen_none_n7_r8_k10,"[0, 1, 2, 3, 4, 5, 6, 7, 8, 9]",0.602,any_false_ejection_rate,any_false_ejection_rate,10,0.05227278875710043,crossplay
multigen_none_n7_r8_k10_matrix,C3|D4,True,"[0, 1, 2, 3, 4, 5, 6, 7, 8, 9]",multigen_none_n7_r8_k10,"[0, 1, 2, 3, 4, 5, 6, 7, 8, 9]",0.2502,coalition_game_win_rate,coalition_game_win_rate,10,0.07397567167657217,crossplay
multigen_none_n7_r8_k10_matrix,C3|D4,True,"[0, 1, 2, 3, 4, 5, 6, 7, 8, 9]",multigen_none_n7_r8_k10,"[0, 1, 2, 3, 4, 5, 6, 7, 8, 9]",0.137,false_ejection_rate,terminal-meeting false ejection,10,0.04230313883809989,crossplay
multigen_none_n7_r8_k10_matrix,C3|D4,True,"[0, 1, 2, 3, 4, 5, 6, 7, 8, 9]",multigen_none_n7_r8_k10,"[0, 1, 2, 3, 4, 5, 6, 7, 8, 9]",0.7734,mean_false_ejections,mean_false_ejections,10,0.11100370364191557,crossplay
multigen_none_n7_r8_k10_matrix,C3|D5,True,"[0, 1, 2, 3, 4, 5, 6, 7, 8, 9]",multigen_none_n7_r8_k10,"[0, 1, 2, 3, 4, 5, 6, 7, 8, 9]",0.7678,any_false_ejection_rate,any_false_ejection_rate,10,0.04992839316906205,crossplay
multigen_none_n7_r8_k10_matrix,C3|D5,True,"[0, 1, 2, 3, 4, 5, 6, 7, 8, 9]",multigen_none_n7_r8_k10,"[0, 1, 2, 3, 4, 5, 6, 7, 8, 9]",0.667,coalition_game_win_rate,coalition_game_win_rate,10,0.1472873231325614,crossplay
multigen_none_n7_r8_k10_matrix,C3|D5,True,"[0, 1, 2, 3, 4, 5, 6, 7, 8, 9]",multigen_none_n7_r8_k10,"[0, 1, 2, 3, 4, 5, 6, 7, 8, 9]",0.36560000000000004,false_ejection_rate,terminal-meeting false ejection,10,0.07156535474655316,crossplay
multigen_none_n7_r8_k10_matrix,C3|D5,True,"[0, 1, 2, 3, 4, 5, 6, 7, 8, 9]",multigen_none_n7_r8_k10,"[0, 1, 2, 3, 4, 5, 6, 7, 8, 9]",1.052,mean_false_ejections,mean_false_ejections,10,0.0881614680256882,crossplay
multigen_none_n7_r8_k10_matrix,C3|D6,True,"[0, 1, 2, 3, 4, 5, 6, 7, 8, 9]",multigen_none_n7_r8_k10,"[0, 1, 2, 3, 4, 5, 6, 7, 8, 9]",0.6434,any_false_ejection_rate,any_false_ejection_rate,10,0.12602310193858193,crossplay
multigen_none_n7_r8_k10_matrix,C3|D6,True,"[0, 1, 2, 3, 4, 5, 6, 7, 8, 9]",multigen_none_n7_r8_k10,"[0, 1, 2, 3, 4, 5, 6, 7, 8, 9]",0.382,coalition_game_win_rate,coalition_game_win_rate,10,0.15343185240794474,crossplay
multigen_none_n7_r8_k10_matrix,C3|D6,True,"[0, 1, 2, 3, 4, 5, 6, 7, 8, 9]",multigen_none_n7_r8_k10,"[0, 1, 2, 3, 4, 5, 6, 7, 8, 9]",0.21480000000000002,false_ejection_rate,terminal-meeting false ejection,10,0.09278984618779985,crossplay
multigen_none_n7_r8_k10_matrix,C3|D6,True,"[0, 1, 2, 3, 4, 5, 6, 7, 8, 9]",multigen_none_n7_r8_k10,"[0, 1, 2, 3, 4, 5, 6, 7, 8, 9]",0.8777999999999999,mean_false_ejections,mean_false_ejections,10,0.25807742163071057,crossplay
multigen_none_n7_r8_k10_matrix,C3|D7,True,"[0, 1, 2, 3, 4, 5, 6, 7, 8, 9]",multigen_none_n7_r8_k10,"[0, 1, 2, 3, 4, 5, 6, 7, 8, 9]",0.767,any_false_ejection_rate,any_false_ejection_rate,10,0.05029910535983715,crossplay
multigen_none_n7_r8_k10_matrix,C3|D7,True,"[0, 1, 2, 3, 4, 5, 6, 7, 8, 9]",multigen_none_n7_r8_k10,"[0, 1, 2, 3, 4, 5, 6, 7, 8, 9]",0.6493999999999999,coalition_game_win_rate,coalition_game_win_rate,10,0.12046594724005803,crossplay
multigen_none_n7_r8_k10_matrix,C3|D7,True,"[0, 1, 2, 3, 4, 5, 6, 7, 8, 9]",multigen_none_n7_r8_k10,"[0, 1, 2, 3, 4, 5, 6, 7, 8, 9]",0.36540000000000006,false_ejection_rate,terminal-meeting false ejection,10,0.08012795323037328,crossplay
multigen_none_n7_r8_k10_matrix,C3|D7,True,"[0, 1, 2, 3, 4, 5, 6, 7, 8, 9]",multigen_none_n7_r8_k10,"[0, 1, 2, 3, 4, 5, 6, 7, 8, 9]",1.0734,mean_false_ejections,mean_false_ejections,10,0.1906038358014398,crossplay
multigen_none_n7_r8_k10_matrix,C3|D8,True,"[0, 1, 2, 3, 4, 5, 6, 7, 8, 9]",multigen_none_n7_r8_k10,"[0, 1, 2, 3, 4, 5, 6, 7, 8, 9]",0.6832000000000001,any_false_ejection_rate,any_false_ejection_rate,10,0.12466916218536161,crossplay
multigen_none_n7_r8_k10_matrix,C3|D8,True,"[0, 1, 2, 3, 4, 5, 6, 7, 8, 9]",multigen_none_n7_r8_k10,"[0, 1, 2, 3, 4, 5, 6, 7, 8, 9]",0.4673999999999999,coalition_game_win_rate,coalition_game_win_rate,10,0.1617049439222218,crossplay
multigen_none_n7_r8_k10_matrix,C3|D8,True,"[0, 1, 2, 3, 4, 5, 6, 7, 8, 9]",multigen_none_n7_r8_k10,"[0, 1, 2, 3, 4, 5, 6, 7, 8, 9]",0.2664,false_ejection_rate,terminal-meeting false ejection,10,0.1149214224299949,crossplay
multigen_none_n7_r8_k10_matrix,C3|D8,True,"[0, 1, 2, 3, 4, 5, 6, 7, 8, 9]",multigen_none_n7_r8_k10,"[0, 1, 2, 3, 4, 5, 6, 7, 8, 9]",0.9847999999999999,mean_false_ejections,mean_false_ejections,10,0.36561205912521233,crossplay
multigen_none_n7_r8_k10_matrix,C3|D9,True,"[0, 1, 2, 3, 4, 5, 6, 7, 8, 9]",multigen_none_n7_r8_k10,"[0, 1, 2, 3, 4, 5, 6, 7, 8, 9]",0.7003999999999999,any_false_ejection_rate,any_false_ejection_rate,10,0.0878675771323593,crossplay
multigen_none_n7_r8_k10_matrix,C3|D9,True,"[0, 1, 2, 3, 4, 5, 6, 7, 8, 9]",multigen_none_n7_r8_k10,"[0, 1, 2, 3, 4, 5, 6, 7, 8, 9]",0.507,coalition_game_win_rate,coalition_game_win_rate,10,0.1987186732823846,crossplay
multigen_none_n7_r8_k10_matrix,C3|D9,True,"[0, 1, 2, 3, 4, 5, 6, 7, 8, 9]",multigen_none_n7_r8_k10,"[0, 1, 2, 3, 4, 5, 6, 7, 8, 9]",0.2768,false_ejection_rate,terminal-meeting false ejection,10,0.07941004694341615,crossplay
multigen_none_n7_r8_k10_matrix,C3|D9,True,"[0, 1, 2, 3, 4, 5, 6, 7, 8, 9]",multigen_none_n7_r8_k10,"[0, 1, 2, 3, 4, 5, 6, 7, 8, 9]",0.9460000000000001,mean_false_ejections,mean_false_ejections,10,0.15458618595750684,crossplay
multigen_none_n7_r8_k10_matrix,C4|D0,True,"[0, 1, 2, 3, 4, 5, 6, 7, 8, 9]",multigen_none_n7_r8_k10,"[0, 1, 2, 3, 4, 5, 6, 7, 8, 9]",0.24760000000000004,any_false_ejection_rate,any_false_ejection_rate,10,0.049717423728731384,crossplay
multigen_none_n7_r8_k10_matrix,C4|D0,True,"[0, 1, 2, 3, 4, 5, 6, 7, 8, 9]",multigen_none_n7_r8_k10,"[0, 1, 2, 3, 4, 5, 6, 7, 8, 9]",0.18139999999999998,coalition_game_win_rate,coalition_game_win_rate,10,0.03820471175130104,crossplay
multigen_none_n7_r8_k10_matrix,C4|D0,True,"[0, 1, 2, 3, 4, 5, 6, 7, 8, 9]",multigen_none_n7_r8_k10,"[0, 1, 2, 3, 4, 5, 6, 7, 8, 9]",0.030600000000000006,false_ejection_rate,terminal-meeting false ejection,10,0.01670794887338226,crossplay
multigen_none_n7_r8_k10_matrix,C4|D0,True,"[0, 1, 2, 3, 4, 5, 6, 7, 8, 9]",multigen_none_n7_r8_k10,"[0, 1, 2, 3, 4, 5, 6, 7, 8, 9]",0.2854,mean_false_ejections,mean_false_ejections,10,0.07473835843944006,crossplay
multigen_none_n7_r8_k10_matrix,C4|D1,True,"[0, 1, 2, 3, 4, 5, 6, 7, 8, 9]",multigen_none_n7_r8_k10,"[0, 1, 2, 3, 4, 5, 6, 7, 8, 9]",0.8012,any_false_ejection_rate,any_false_ejection_rate,10,0.05189048296385591,crossplay
multigen_none_n7_r8_k10_matrix,C4|D1,True,"[0, 1, 2, 3, 4, 5, 6, 7, 8, 9]",multigen_none_n7_r8_k10,"[0, 1, 2, 3, 4, 5, 6, 7, 8, 9]",0.7424,coalition_game_win_rate,coalition_game_win_rate,10,0.1238199409537001,crossplay
multigen_none_n7_r8_k10_matrix,C4|D1,True,"[0, 1, 2, 3, 4, 5, 6, 7, 8, 9]",multigen_none_n7_r8_k10,"[0, 1, 2, 3, 4, 5, 6, 7, 8, 9]",0.4354,false_ejection_rate,terminal-meeting false ejection,10,0.08646669236699694,crossplay
multigen_none_n7_r8_k10_matrix,C4|D1,True,"[0, 1, 2, 3, 4, 5, 6, 7, 8, 9]",multigen_none_n7_r8_k10,"[0, 1, 2, 3, 4, 5, 6, 7, 8, 9]",1.1243999999999998,mean_false_ejections,mean_false_ejections,10,0.09253852050782839,crossplay
multigen_none_n7_r8_k10_matrix,C4|D10,True,"[0, 1, 2, 3, 4, 5, 6, 7, 8, 9]",multigen_none_n7_r8_k10,"[0, 1, 2, 3, 4, 5, 6, 7, 8, 9]",0.776,any_false_ejection_rate,any_false_ejection_rate,10,0.10648317550987417,crossplay
multigen_none_n7_r8_k10_matrix,C4|D10,True,"[0, 1, 2, 3, 4, 5, 6, 7, 8, 9]",multigen_none_n7_r8_k10,"[0, 1, 2, 3, 4, 5, 6, 7, 8, 9]",0.6043999999999999,coalition_game_win_rate,coalition_game_win_rate,10,0.16057341692267194,crossplay
multigen_none_n7_r8_k10_matrix,C4|D10,True,"[0, 1, 2, 3, 4, 5, 6, 7, 8, 9]",multigen_none_n7_r8_k10,"[0, 1, 2, 3, 4, 5, 6, 7, 8, 9]",0.38360000000000005,false_ejection_rate,terminal-meeting false ejection,10,0.1336556105153174,crossplay
multigen_none_n7_r8_k10_matrix,C4|D10,True,"[0, 1, 2, 3, 4, 5, 6, 7, 8, 9]",multigen_none_n7_r8_k10,"[0, 1, 2, 3, 4, 5, 6, 7, 8, 9]",1.1367999999999998,mean_false_ejections,mean_false_ejections,10,0.23603050650286708,crossplay
multigen_none_n7_r8_k10_matrix,C4|D2,True,"[0, 1, 2, 3, 4, 5, 6, 7, 8, 9]",multigen_none_n7_r8_k10,"[0, 1, 2, 3, 4, 5, 6, 7, 8, 9]",0.7684000000000001,any_false_ejection_rate,any_false_ejection_rate,10,0.05422422582819111,crossplay
multigen_none_n7_r8_k10_matrix,C4|D2,True,"[0, 1, 2, 3, 4, 5, 6, 7, 8, 9]",multigen_none_n7_r8_k10,"[0, 1, 2, 3, 4, 5, 6, 7, 8, 9]",0.6198,coalition_game_win_rate,coalition_game_win_rate,10,0.11801111058803836,crossplay
multigen_none_n7_r8_k10_matrix,C4|D2,True,"[0, 1, 2, 3, 4, 5, 6, 7, 8, 9]",multigen_none_n7_r8_k10,"[0, 1, 2, 3, 4, 5, 6, 7, 8, 9]",0.3362,false_ejection_rate,terminal-meeting false ejection,10,0.058828942234621595,crossplay
multigen_none_n7_r8_k10_matrix,C4|D2,True,"[0, 1, 2, 3, 4, 5, 6, 7, 8, 9]",multigen_none_n7_r8_k10,"[0, 1, 2, 3, 4, 5, 6, 7, 8, 9]",1.1106,mean_false_ejections,mean_false_ejections,10,0.20331923448388034,crossplay
multigen_none_n7_r8_k10_matrix,C4|D3,True,"[0, 1, 2, 3, 4, 5, 6, 7, 8, 9]",multigen_none_n7_r8_k10,"[0, 1, 2, 3, 4, 5, 6, 7, 8, 9]",0.6297999999999999,any_false_ejection_rate,any_false_ejection_rate,10,0.10595365863328071,crossplay
multigen_none_n7_r8_k10_matrix,C4|D3,True,"[0, 1, 2, 3, 4, 5, 6, 7, 8, 9]",multigen_none_n7_r8_k10,"[0, 1, 2, 3, 4, 5, 6, 7, 8, 9]",0.35819999999999996,coalition_game_win_rate,coalition_game_win_rate,10,0.13853663775333946,crossplay
multigen_none_n7_r8_k10_matrix,C4|D3,True,"[0, 1, 2, 3, 4, 5, 6, 7, 8, 9]",multigen_none_n7_r8_k10,"[0, 1, 2, 3, 4, 5, 6, 7, 8, 9]",0.2096,false_ejection_rate,terminal-meeting false ejection,10,0.08168666421828663,crossplay
multigen_none_n7_r8_k10_matrix,C4|D3,True,"[0, 1, 2, 3, 4, 5, 6, 7, 8, 9]",multigen_none_n7_r8_k10,"[0, 1, 2, 3, 4, 5, 6, 7, 8, 9]",0.8800000000000001,mean_false_ejections,mean_false_ejections,10,0.22733626586573857,crossplay
multigen_none_n7_r8_k10_matrix,C4|D4,True,"[0, 1, 2, 3, 4, 5, 6, 7, 8, 9]",multigen_none_n7_r8_k10,"[0, 1, 2, 3, 4, 5, 6, 7, 8, 9]",0.8528,any_false_ejection_rate,any_false_ejection_rate,10,0.026852684533704752,crossplay
multigen_none_n7_r8_k10_matrix,C4|D4,True,"[0, 1, 2, 3, 4, 5, 6, 7, 8, 9]",multigen_none_n7_r8_k10,"[0, 1, 2, 3, 4, 5, 6, 7, 8, 9]",0.8215999999999999,coalition_game_win_rate,coalition_game_win_rate,10,0.030707219563700847,crossplay
multigen_none_n7_r8_k10_matrix,C4|D4,True,"[0, 1, 2, 3, 4, 5, 6, 7, 8, 9]",multigen_none_n7_r8_k10,"[0, 1, 2, 3, 4, 5, 6, 7, 8, 9]",0.4702,false_ejection_rate,terminal-meeting false ejection,10,0.040038314982859445,crossplay
multigen_none_n7_r8_k10_matrix,C4|D4,True,"[0, 1, 2, 3, 4, 5, 6, 7, 8, 9]",multigen_none_n7_r8_k10,"[0, 1, 2, 3, 4, 5, 6, 7, 8, 9]",1.2076,mean_false_ejections,mean_false_ejections,10,0.09011498827115892,crossplay
multigen_none_n7_r8_k10_matrix,C4|D5,True,"[0, 1, 2, 3, 4, 5, 6, 7, 8, 9]",multigen_none_n7_r8_k10,"[0, 1, 2, 3, 4, 5, 6, 7, 8, 9]",0.6324000000000001,any_false_ejection_rate,any_false_ejection_rate,10,0.11072608846458304,crossplay
multigen_none_n7_r8_k10_matrix,C4|D5,True,"[0, 1, 2, 3, 4, 5, 6, 7, 8, 9]",multigen_none_n7_r8_k10,"[0, 1, 2, 3, 4, 5, 6, 7, 8, 9]",0.3132,coalition_game_win_rate,coalition_game_win_rate,10,0.08575002429542902,crossplay
multigen_none_n7_r8_k10_matrix,C4|D5,True,"[0, 1, 2, 3, 4, 5, 6, 7, 8, 9]",multigen_none_n7_r8_k10,"[0, 1, 2, 3, 4, 5, 6, 7, 8, 9]",0.1728,false_ejection_rate,terminal-meeting false ejection,10,0.05225748218623286,crossplay
multigen_none_n7_r8_k10_matrix,C4|D5,True,"[0, 1, 2, 3, 4, 5, 6, 7, 8, 9]",multigen_none_n7_r8_k10,"[0, 1, 2, 3, 4, 5, 6, 7, 8, 9]",0.8576,mean_false_ejections,mean_false_ejections,10,0.2215617295473205,crossplay
multigen_none_n7_r8_k10_matrix,C4|D6,True,"[0, 1, 2, 3, 4, 5, 6, 7, 8, 9]",multigen_none_n7_r8_k10,"[0, 1, 2, 3, 4, 5, 6, 7, 8, 9]",0.7656,any_false_ejection_rate,any_false_ejection_rate,10,0.08637798073326068,crossplay
multigen_none_n7_r8_k10_matrix,C4|D6,True,"[0, 1, 2, 3, 4, 5, 6, 7, 8, 9]",multigen_none_n7_r8_k10,"[0, 1, 2, 3, 4, 5, 6, 7, 8, 9]",0.5900000000000001,coalition_game_win_rate,coalition_game_win_rate,10,0.17177763403759977,crossplay
multigen_none_n7_r8_k10_matrix,C4|D6,True,"[0, 1, 2, 3, 4, 5, 6, 7, 8, 9]",multigen_none_n7_r8_k10,"[0, 1, 2, 3, 4, 5, 6, 7, 8, 9]",0.3356,false_ejection_rate,terminal-meeting false ejection,10,0.09840415528715125,crossplay
multigen_none_n7_r8_k10_matrix,C4|D6,True,"[0, 1, 2, 3, 4, 5, 6, 7, 8, 9]",multigen_none_n7_r8_k10,"[0, 1, 2, 3, 4, 5, 6, 7, 8, 9]",1.0646,mean_false_ejections,mean_false_ejections,10,0.16267226766313514,crossplay
multigen_none_n7_r8_k10_matrix,C4|D7,True,"[0, 1, 2, 3, 4, 5, 6, 7, 8, 9]",multigen_none_n7_r8_k10,"[0, 1, 2, 3, 4, 5, 6, 7, 8, 9]",0.6910000000000001,any_false_ejection_rate,any_false_ejection_rate,10,0.12870379429786313,crossplay
multigen_none_n7_r8_k10_matrix,C4|D7,True,"[0, 1, 2, 3, 4, 5, 6, 7, 8, 9]",multigen_none_n7_r8_k10,"[0, 1, 2, 3, 4, 5, 6, 7, 8, 9]",0.47359999999999997,coalition_game_win_rate,coalition_game_win_rate,10,0.2374696237884379,crossplay
multigen_none_n7_r8_k10_matrix,C4|D7,True,"[0, 1, 2, 3, 4, 5, 6, 7, 8, 9]",multigen_none_n7_r8_k10,"[0, 1, 2, 3, 4, 5, 6, 7, 8, 9]",0.2766,false_ejection_rate,terminal-meeting false ejection,10,0.14689996596323637,crossplay
multigen_none_n7_r8_k10_matrix,C4|D7,True,"[0, 1, 2, 3, 4, 5, 6, 7, 8, 9]",multigen_none_n7_r8_k10,"[0, 1, 2, 3, 4, 5, 6, 7, 8, 9]",0.9789999999999999,mean_false_ejections,mean_false_ejections,10,0.24118273385777664,crossplay
multigen_none_n7_r8_k10_matrix,C4|D8,True,"[0, 1, 2, 3, 4, 5, 6, 7, 8, 9]",multigen_none_n7_r8_k10,"[0, 1, 2, 3, 4, 5, 6, 7, 8, 9]",0.7657999999999999,any_false_ejection_rate,any_false_ejection_rate,10,0.10725027842491702,crossplay
multigen_none_n7_r8_k10_matrix,C4|D8,True,"[0, 1, 2, 3, 4, 5, 6, 7, 8, 9]",multigen_none_n7_r8_k10,"[0, 1, 2, 3, 4, 5, 6, 7, 8, 9]",0.6063999999999999,coalition_game_win_rate,coalition_game_win_rate,10,0.16874912345451357,crossplay
multigen_none_n7_r8_k10_matrix,C4|D8,True,"[0, 1, 2, 3, 4, 5, 6, 7, 8, 9]",multigen_none_n7_r8_k10,"[0, 1, 2, 3, 4, 5, 6, 7, 8, 9]",0.3438,false_ejection_rate,terminal-meeting false ejection,10,0.1076473666912273,crossplay
multigen_none_n7_r8_k10_matrix,C4|D8,True,"[0, 1, 2, 3, 4, 5, 6, 7, 8, 9]",multigen_none_n7_r8_k10,"[0, 1, 2, 3, 4, 5, 6, 7, 8, 9]",1.1436,mean_false_ejections,mean_false_ejections,10,0.33207870553028035,crossplay
multigen_none_n7_r8_k10_matrix,C4|D9,True,"[0, 1, 2, 3, 4, 5, 6, 7, 8, 9]",multigen_none_n7_r8_k10,"[0, 1, 2, 3, 4, 5, 6, 7, 8, 9]",0.6868000000000001,any_false_ejection_rate,any_false_ejection_rate,10,0.10111028082687186,crossplay
multigen_none_n7_r8_k10_matrix,C4|D9,True,"[0, 1, 2, 3, 4, 5, 6, 7, 8, 9]",multigen_none_n7_r8_k10,"[0, 1, 2, 3, 4, 5, 6, 7, 8, 9]",0.4178,coalition_game_win_rate,coalition_game_win_rate,10,0.14252781404967166,crossplay
multigen_none_n7_r8_k10_matrix,C4|D9,True,"[0, 1, 2, 3, 4, 5, 6, 7, 8, 9]",multigen_none_n7_r8_k10,"[0, 1, 2, 3, 4, 5, 6, 7, 8, 9]",0.23640000000000003,false_ejection_rate,terminal-meeting false ejection,10,0.08253645659141581,crossplay
multigen_none_n7_r8_k10_matrix,C4|D9,True,"[0, 1, 2, 3, 4, 5, 6, 7, 8, 9]",multigen_none_n7_r8_k10,"[0, 1, 2, 3, 4, 5, 6, 7, 8, 9]",0.9587999999999999,mean_false_ejections,mean_false_ejections,10,0.2103081337255198,crossplay
multigen_none_n7_r8_k10_matrix,C5|D0,True,"[0, 1, 2, 3, 4, 5, 6, 7, 8, 9]",multigen_none_n7_r8_k10,"[0, 1, 2, 3, 4, 5, 6, 7, 8, 9]",0.2486,any_false_ejection_rate,any_false_ejection_rate,10,0.05607970518229686,crossplay
multigen_none_n7_r8_k10_matrix,C5|D0,True,"[0, 1, 2, 3, 4, 5, 6, 7, 8, 9]",multigen_none_n7_r8_k10,"[0, 1, 2, 3, 4, 5, 6, 7, 8, 9]",0.1966,coalition_game_win_rate,coalition_game_win_rate,10,0.04411147494952105,crossplay
multigen_none_n7_r8_k10_matrix,C5|D0,True,"[0, 1, 2, 3, 4, 5, 6, 7, 8, 9]",multigen_none_n7_r8_k10,"[0, 1, 2, 3, 4, 5, 6, 7, 8, 9]",0.024,false_ejection_rate,terminal-meeting false ejection,10,0.009333333333333332,crossplay
multigen_none_n7_r8_k10_matrix,C5|D0,True,"[0, 1, 2, 3, 4, 5, 6, 7, 8, 9]",multigen_none_n7_r8_k10,"[0, 1, 2, 3, 4, 5, 6, 7, 8, 9]",0.273,mean_false_ejections,mean_false_ejections,10,0.06922587826977872,crossplay
multigen_none_n7_r8_k10_matrix,C5|D1,True,"[0, 1, 2, 3, 4, 5, 6, 7, 8, 9]",multigen_none_n7_r8_k10,"[0, 1, 2, 3, 4, 5, 6, 7, 8, 9]",0.7994000000000001,any_false_ejection_rate,any_false_ejection_rate,10,0.0459859882041379,crossplay
multigen_none_n7_r8_k10_matrix,C5|D1,True,"[0, 1, 2, 3, 4, 5, 6, 7, 8, 9]",multigen_none_n7_r8_k10,"[0, 1, 2, 3, 4, 5, 6, 7, 8, 9]",0.7958000000000001,coalition_game_win_rate,coalition_game_win_rate,10,0.06526833501442761,crossplay
multigen_none_n7_r8_k10_matrix,C5|D1,True,"[0, 1, 2, 3, 4, 5, 6, 7, 8, 9]",multigen_none_n7_r8_k10,"[0, 1, 2, 3, 4, 5, 6, 7, 8, 9]",0.45999999999999996,false_ejection_rate,terminal-meeting false ejection,10,0.042226900325634975,crossplay
multigen_none_n7_r8_k10_matrix,C5|D1,True,"[0, 1, 2, 3, 4, 5, 6, 7, 8, 9]",multigen_none_n7_r8_k10,"[0, 1, 2, 3, 4, 5, 6, 7, 8, 9]",1.1074000000000002,mean_false_ejections,mean_false_ejections,10,0.08133907083588085,crossplay
multigen_none_n7_r8_k10_matrix,C5|D10,True,"[0, 1, 2, 3, 4, 5, 6, 7, 8, 9]",multigen_none_n7_r8_k10,"[0, 1, 2, 3, 4, 5, 6, 7, 8, 9]",0.7026,any_false_ejection_rate,any_false_ejection_rate,10,0.08692806732516771,crossplay
multigen_none_n7_r8_k10_matrix,C5|D10,True,"[0, 1, 2, 3, 4, 5, 6, 7, 8, 9]",multigen_none_n7_r8_k10,"[0, 1, 2, 3, 4, 5, 6, 7, 8, 9]",0.5084000000000001,coalition_game_win_rate,coalition_game_win_rate,10,0.15931464325527506,crossplay
multigen_none_n7_r8_k10_matrix,C5|D10,True,"[0, 1, 2, 3, 4, 5, 6, 7, 8, 9]",multigen_none_n7_r8_k10,"[0, 1, 2, 3, 4, 5, 6, 7, 8, 9]",0.3168,false_ejection_rate,terminal-meeting false ejection,10,0.1255997169140476,crossplay
multigen_none_n7_r8_k10_matrix,C5|D10,True,"[0, 1, 2, 3, 4, 5, 6, 7, 8, 9]",multigen_none_n7_r8_k10,"[0, 1, 2, 3, 4, 5, 6, 7, 8, 9]",0.9843999999999999,mean_false_ejections,mean_false_ejections,10,0.2161086146671005,crossplay
multigen_none_n7_r8_k10_matrix,C5|D2,True,"[0, 1, 2, 3, 4, 5, 6, 7, 8, 9]",multigen_none_n7_r8_k10,"[0, 1, 2, 3, 4, 5, 6, 7, 8, 9]",0.6689999999999999,any_false_ejection_rate,any_false_ejection_rate,10,0.13336083049798061,crossplay
multigen_none_n7_r8_k10_matrix,C5|D2,True,"[0, 1, 2, 3, 4, 5, 6, 7, 8, 9]",multigen_none_n7_r8_k10,"[0, 1, 2, 3, 4, 5, 6, 7, 8, 9]",0.39519999999999994,coalition_game_win_rate,coalition_game_win_rate,10,0.16740423464708942,crossplay
multigen_none_n7_r8_k10_matrix,C5|D2,True,"[0, 1, 2, 3, 4, 5, 6, 7, 8, 9]",multigen_none_n7_r8_k10,"[0, 1, 2, 3, 4, 5, 6, 7, 8, 9]",0.23479999999999998,false_ejection_rate,terminal-meeting false ejection,10,0.10952097718905016,crossplay
multigen_none_n7_r8_k10_matrix,C5|D2,True,"[0, 1, 2, 3, 4, 5, 6, 7, 8, 9]",multigen_none_n7_r8_k10,"[0, 1, 2, 3, 4, 5, 6, 7, 8, 9]",0.9612,mean_false_ejections,mean_false_ejections,10,0.344159136317941,crossplay
multigen_none_n7_r8_k10_matrix,C5|D3,True,"[0, 1, 2, 3, 4, 5, 6, 7, 8, 9]",multigen_none_n7_r8_k10,"[0, 1, 2, 3, 4, 5, 6, 7, 8, 9]",0.7468,any_false_ejection_rate,any_false_ejection_rate,10,0.03452792750481526,crossplay
multigen_none_n7_r8_k10_matrix,C5|D3,True,"[0, 1, 2, 3, 4, 5, 6, 7, 8, 9]",multigen_none_n7_r8_k10,"[0, 1, 2, 3, 4, 5, 6, 7, 8, 9]",0.6512,coalition_game_win_rate,coalition_game_win_rate,10,0.08153635862471281,crossplay
multigen_none_n7_r8_k10_matrix,C5|D3,True,"[0, 1, 2, 3, 4, 5, 6, 7, 8, 9]",multigen_none_n7_r8_k10,"[0, 1, 2, 3, 4, 5, 6, 7, 8, 9]",0.36,false_ejection_rate,terminal-meeting false ejection,10,0.0435124503255486,crossplay
multigen_none_n7_r8_k10_matrix,C5|D3,True,"[0, 1, 2, 3, 4, 5, 6, 7, 8, 9]",multigen_none_n7_r8_k10,"[0, 1, 2, 3, 4, 5, 6, 7, 8, 9]",1.0124,mean_false_ejections,mean_false_ejections,10,0.09808748929173156,crossplay
multigen_none_n7_r8_k10_matrix,C5|D4,True,"[0, 1, 2, 3, 4, 5, 6, 7, 8, 9]",multigen_none_n7_r8_k10,"[0, 1, 2, 3, 4, 5, 6, 7, 8, 9]",0.6378,any_false_ejection_rate,any_false_ejection_rate,10,0.05717380907762263,crossplay
multigen_none_n7_r8_k10_matrix,C5|D4,True,"[0, 1, 2, 3, 4, 5, 6, 7, 8, 9]",multigen_none_n7_r8_k10,"[0, 1, 2, 3, 4, 5, 6, 7, 8, 9]",0.36439999999999995,coalition_game_win_rate,coalition_game_win_rate,10,0.12628644688432195,crossplay
multigen_none_n7_r8_k10_matrix,C5|D4,True,"[0, 1, 2, 3, 4, 5, 6, 7, 8, 9]",multigen_none_n7_r8_k10,"[0, 1, 2, 3, 4, 5, 6, 7, 8, 9]",0.1948,false_ejection_rate,terminal-meeting false ejection,10,0.06680119759405516,crossplay
multigen_none_n7_r8_k10_matrix,C5|D4,True,"[0, 1, 2, 3, 4, 5, 6, 7, 8, 9]",multigen_none_n7_r8_k10,"[0, 1, 2, 3, 4, 5, 6, 7, 8, 9]",0.85,mean_false_ejections,mean_false_ejections,10,0.1307992524613365,crossplay
multigen_none_n7_r8_k10_matrix,C5|D5,True,"[0, 1, 2, 3, 4, 5, 6, 7, 8, 9]",multigen_none_n7_r8_k10,"[0, 1, 2, 3, 4, 5, 6, 7, 8, 9]",0.8328,any_false_ejection_rate,any_false_ejection_rate,10,0.02294340863951997,crossplay
multigen_none_n7_r8_k10_matrix,C5|D5,True,"[0, 1, 2, 3, 4, 5, 6, 7, 8, 9]",multigen_none_n7_r8_k10,"[0, 1, 2, 3, 4, 5, 6, 7, 8, 9]",0.8082,coalition_game_win_rate,coalition_game_win_rate,10,0.050784512074712955,crossplay
multigen_none_n7_r8_k10_matrix,C5|D5,True,"[0, 1, 2, 3, 4, 5, 6, 7, 8, 9]",multigen_none_n7_r8_k10,"[0, 1, 2, 3, 4, 5, 6, 7, 8, 9]",0.4704,false_ejection_rate,terminal-meeting false ejection,10,0.032163471343884656,crossplay
multigen_none_n7_r8_k10_matrix,C5|D5,True,"[0, 1, 2, 3, 4, 5, 6, 7, 8, 9]",multigen_none_n7_r8_k10,"[0, 1, 2, 3, 4, 5, 6, 7, 8, 9]",1.1972,mean_false_ejections,mean_false_ejections,10,0.08711269839823713,crossplay
multigen_none_n7_r8_k10_matrix,C5|D6,True,"[0, 1, 2, 3, 4, 5, 6, 7, 8, 9]",multigen_none_n7_r8_k10,"[0, 1, 2, 3, 4, 5, 6, 7, 8, 9]",0.5884,any_false_ejection_rate,any_false_ejection_rate,10,0.12391323129064502,crossplay
multigen_none_n7_r8_k10_matrix,C5|D6,True,"[0, 1, 2, 3, 4, 5, 6, 7, 8, 9]",multigen_none_n7_r8_k10,"[0, 1, 2, 3, 4, 5, 6, 7, 8, 9]",0.24620000000000003,coalition_game_win_rate,coalition_game_win_rate,10,0.11004827223642462,crossplay
multigen_none_n7_r8_k10_matrix,C5|D6,True,"[0, 1, 2, 3, 4, 5, 6, 7, 8, 9]",multigen_none_n7_r8_k10,"[0, 1, 2, 3, 4, 5, 6, 7, 8, 9]",0.14200000000000002,false_ejection_rate,terminal-meeting false ejection,10,0.0764664051143449,crossplay
multigen_none_n7_r8_k10_matrix,C5|D6,True,"[0, 1, 2, 3, 4, 5, 6, 7, 8, 9]",multigen_none_n7_r8_k10,"[0, 1, 2, 3, 4, 5, 6, 7, 8, 9]",0.7558,mean_false_ejections,mean_false_ejections,10,0.2167588521837113,crossplay
multigen_none_n7_r8_k10_matrix,C5|D7,True,"[0, 1, 2, 3, 4, 5, 6, 7, 8, 9]",multigen_none_n7_r8_k10,"[0, 1, 2, 3, 4, 5, 6, 7, 8, 9]",0.7726,any_false_ejection_rate,any_false_ejection_rate,10,0.06682015663954503,crossplay
multigen_none_n7_r8_k10_matrix,C5|D7,True,"[0, 1, 2, 3, 4, 5, 6, 7, 8, 9]",multigen_none_n7_r8_k10,"[0, 1, 2, 3, 4, 5, 6, 7, 8, 9]",0.6706000000000001,coalition_game_win_rate,coalition_game_win_rate,10,0.1326718591948655,crossplay
multigen_none_n7_r8_k10_matrix,C5|D7,True,"[0, 1, 2, 3, 4, 5, 6, 7, 8, 9]",multigen_none_n7_r8_k10,"[0, 1, 2, 3, 4, 5, 6, 7, 8, 9]",0.37800000000000006,false_ejection_rate,terminal-meeting false ejection,10,0.07457732750493128,crossplay
multigen_none_n7_r8_k10_matrix,C5|D7,True,"[0, 1, 2, 3, 4, 5, 6, 7, 8, 9]",multigen_none_n7_r8_k10,"[0, 1, 2, 3, 4, 5, 6, 7, 8, 9]",1.0756000000000001,mean_false_ejections,mean_false_ejections,10,0.18195432882396004,crossplay
multigen_none_n7_r8_k10_matrix,C5|D8,True,"[0, 1, 2, 3, 4, 5, 6, 7, 8, 9]",multigen_none_n7_r8_k10,"[0, 1, 2, 3, 4, 5, 6, 7, 8, 9]",0.6904,any_false_ejection_rate,any_false_ejection_rate,10,0.1266027909118384,crossplay
multigen_none_n7_r8_k10_matrix,C5|D8,True,"[0, 1, 2, 3, 4, 5, 6, 7, 8, 9]",multigen_none_n7_r8_k10,"[0, 1, 2, 3, 4, 5, 6, 7, 8, 9]",0.4306,coalition_game_win_rate,coalition_game_win_rate,10,0.16837537428812643,crossplay
multigen_none_n7_r8_k10_matrix,C5|D8,True,"[0, 1, 2, 3, 4, 5, 6, 7, 8, 9]",multigen_none_n7_r8_k10,"[0, 1, 2, 3, 4, 5, 6, 7, 8, 9]",0.2612,false_ejection_rate,terminal-meeting false ejection,10,0.12479743587109471,crossplay
multigen_none_n7_r8_k10_matrix,C5|D8,True,"[0, 1, 2, 3, 4, 5, 6, 7, 8, 9]",multigen_none_n7_r8_k10,"[0, 1, 2, 3, 4, 5, 6, 7, 8, 9]",1.0028,mean_false_ejections,mean_false_ejections,10,0.36639408049560823,crossplay
multigen_none_n7_r8_k10_matrix,C5|D9,True,"[0, 1, 2, 3, 4, 5, 6, 7, 8, 9]",multigen_none_n7_r8_k10,"[0, 1, 2, 3, 4, 5, 6, 7, 8, 9]",0.7278,any_false_ejection_rate,any_false_ejection_rate,10,0.06460443741209528,crossplay
multigen_none_n7_r8_k10_matrix,C5|D9,True,"[0, 1, 2, 3, 4, 5, 6, 7, 8, 9]",multigen_none_n7_r8_k10,"[0, 1, 2, 3, 4, 5, 6, 7, 8, 9]",0.5624,coalition_game_win_rate,coalition_game_win_rate,10,0.20811492551526,crossplay
multigen_none_n7_r8_k10_matrix,C5|D9,True,"[0, 1, 2, 3, 4, 5, 6, 7, 8, 9]",multigen_none_n7_r8_k10,"[0, 1, 2, 3, 4, 5, 6, 7, 8, 9]",0.3032,false_ejection_rate,terminal-meeting false ejection,10,0.08869523349337576,crossplay
multigen_none_n7_r8_k10_matrix,C5|D9,True,"[0, 1, 2, 3, 4, 5, 6, 7, 8, 9]",multigen_none_n7_r8_k10,"[0, 1, 2, 3, 4, 5, 6, 7, 8, 9]",0.9868,mean_false_ejections,mean_false_ejections,10,0.1019463911409652,crossplay
multigen_none_n7_r8_k10_matrix,C6|D0,True,"[0, 1, 2, 3, 4, 5, 6, 7, 8, 9]",multigen_none_n7_r8_k10,"[0, 1, 2, 3, 4, 5, 6, 7, 8, 9]",0.29639999999999994,any_false_ejection_rate,any_false_ejection_rate,10,0.03431617694324354,crossplay
multigen_none_n7_r8_k10_matrix,C6|D0,True,"[0, 1, 2, 3, 4, 5, 6, 7, 8, 9]",multigen_none_n7_r8_k10,"[0, 1, 2, 3, 4, 5, 6, 7, 8, 9]",0.24219999999999997,coalition_game_win_rate,coalition_game_win_rate,10,0.018748629579548242,crossplay
multigen_none_n7_r8_k10_matrix,C6|D0,True,"[0, 1, 2, 3, 4, 5, 6, 7, 8, 9]",multigen_none_n7_r8_k10,"[0, 1, 2, 3, 4, 5, 6, 7, 8, 9]",0.03760000000000001,false_ejection_rate,terminal-meeting false ejection,10,0.01593877173575318,crossplay
multigen_none_n7_r8_k10_matrix,C6|D0,True,"[0, 1, 2, 3, 4, 5, 6, 7, 8, 9]",multigen_none_n7_r8_k10,"[0, 1, 2, 3, 4, 5, 6, 7, 8, 9]",0.3338,mean_false_ejections,mean_false_ejections,10,0.04964272353527755,crossplay
multigen_none_n7_r8_k10_matrix,C6|D1,True,"[0, 1, 2, 3, 4, 5, 6, 7, 8, 9]",multigen_none_n7_r8_k10,"[0, 1, 2, 3, 4, 5, 6, 7, 8, 9]",0.797,any_false_ejection_rate,any_false_ejection_rate,10,0.05307646475709466,crossplay
multigen_none_n7_r8_k10_matrix,C6|D1,True,"[0, 1, 2, 3, 4, 5, 6, 7, 8, 9]",multigen_none_n7_r8_k10,"[0, 1, 2, 3, 4, 5, 6, 7, 8, 9]",0.7582,coalition_game_win_rate,coalition_game_win_rate,10,0.13758052187719014,crossplay
multigen_none_n7_r8_k10_matrix,C6|D1,True,"[0, 1, 2, 3, 4, 5, 6, 7, 8, 9]",multigen_none_n7_r8_k10,"[0, 1, 2, 3, 4, 5, 6, 7, 8, 9]",0.4372,false_ejection_rate,terminal-meeting false ejection,10,0.08020640040960987,crossplay
multigen_none_n7_r8_k10_matrix,C6|D1,True,"[0, 1, 2, 3, 4, 5, 6, 7, 8, 9]",multigen_none_n7_r8_k10,"[0, 1, 2, 3, 4, 5, 6, 7, 8, 9]",1.1081999999999999,mean_false_ejections,mean_false_ejections,10,0.09349723703582545,crossplay
multigen_none_n7_r8_k10_matrix,C6|D10,True,"[0, 1, 2, 3, 4, 5, 6, 7, 8, 9]",multigen_none_n7_r8_k10,"[0, 1, 2, 3, 4, 5, 6, 7, 8, 9]",0.782,any_false_ejection_rate,any_false_ejection_rate,10,0.0773448267321236,crossplay
multigen_none_n7_r8_k10_matrix,C6|D10,True,"[0, 1, 2, 3, 4, 5, 6, 7, 8, 9]",multigen_none_n7_r8_k10,"[0, 1, 2, 3, 4, 5, 6, 7, 8, 9]",0.7005999999999999,coalition_game_win_rate,coalition_game_win_rate,10,0.052145522871628734,crossplay
multigen_none_n7_r8_k10_matrix,C6|D10,True,"[0, 1, 2, 3, 4, 5, 6, 7, 8, 9]",multigen_none_n7_r8_k10,"[0, 1, 2, 3, 4, 5, 6, 7, 8, 9]",0.41600000000000004,false_ejection_rate,terminal-meeting false ejection,10,0.07392488680335525,crossplay
multigen_none_n7_r8_k10_matrix,C6|D10,True,"[0, 1, 2, 3, 4, 5, 6, 7, 8, 9]",multigen_none_n7_r8_k10,"[0, 1, 2, 3, 4, 5, 6, 7, 8, 9]",1.1066000000000003,mean_false_ejections,mean_false_ejections,10,0.17440705898048456,crossplay
multigen_none_n7_r8_k10_matrix,C6|D2,True,"[0, 1, 2, 3, 4, 5, 6, 7, 8, 9]",multigen_none_n7_r8_k10,"[0, 1, 2, 3, 4, 5, 6, 7, 8, 9]",0.7576,any_false_ejection_rate,any_false_ejection_rate,10,0.09598518404189031,crossplay
multigen_none_n7_r8_k10_matrix,C6|D2,True,"[0, 1, 2, 3, 4, 5, 6, 7, 8, 9]",multigen_none_n7_r8_k10,"[0, 1, 2, 3, 4, 5, 6, 7, 8, 9]",0.5758,coalition_game_win_rate,coalition_game_win_rate,10,0.13261958963726117,crossplay
multigen_none_n7_r8_k10_matrix,C6|D2,True,"[0, 1, 2, 3, 4, 5, 6, 7, 8, 9]",multigen_none_n7_r8_k10,"[0, 1, 2, 3, 4, 5, 6, 7, 8, 9]",0.332,false_ejection_rate,terminal-meeting false ejection,10,0.09418657606639659,crossplay
multigen_none_n7_r8_k10_matrix,C6|D2,True,"[0, 1, 2, 3, 4, 5, 6, 7, 8, 9]",multigen_none_n7_r8_k10,"[0, 1, 2, 3, 4, 5, 6, 7, 8, 9]",1.1474,mean_false_ejections,mean_false_ejections,10,0.341380270210346,crossplay
multigen_none_n7_r8_k10_matrix,C6|D3,True,"[0, 1, 2, 3, 4, 5, 6, 7, 8, 9]",multigen_none_n7_r8_k10,"[0, 1, 2, 3, 4, 5, 6, 7, 8, 9]",0.655,any_false_ejection_rate,any_false_ejection_rate,10,0.07431614150969416,crossplay
multigen_none_n7_r8_k10_matrix,C6|D3,True,"[0, 1, 2, 3, 4, 5, 6, 7, 8, 9]",multigen_none_n7_r8_k10,"[0, 1, 2, 3, 4, 5, 6, 7, 8, 9]",0.4640000000000001,coalition_game_win_rate,coalition_game_win_rate,10,0.12913042502317829,crossplay
multigen_none_n7_r8_k10_matrix,C6|D3,True,"[0, 1, 2, 3, 4, 5, 6, 7, 8, 9]",multigen_none_n7_r8_k10,"[0, 1, 2, 3, 4, 5, 6, 7, 8, 9]",0.23700000000000002,false_ejection_rate,terminal-meeting false ejection,10,0.0545547635154092,crossplay
multigen_none_n7_r8_k10_matrix,C6|D3,True,"[0, 1, 2, 3, 4, 5, 6, 7, 8, 9]",multigen_none_n7_r8_k10,"[0, 1, 2, 3, 4, 5, 6, 7, 8, 9]",0.8804000000000001,mean_false_ejections,mean_false_ejections,10,0.15845868722022013,crossplay
multigen_none_n7_r8_k10_matrix,C6|D4,True,"[0, 1, 2, 3, 4, 5, 6, 7, 8, 9]",multigen_none_n7_r8_k10,"[0, 1, 2, 3, 4, 5, 6, 7, 8, 9]",0.7758,any_false_ejection_rate,any_false_ejection_rate,10,0.04648966432325459,crossplay
multigen_none_n7_r8_k10_matrix,C6|D4,True,"[0, 1, 2, 3, 4, 5, 6, 7, 8, 9]",multigen_none_n7_r8_k10,"[0, 1, 2, 3, 4, 5, 6, 7, 8, 9]",0.6824,coalition_game_win_rate,coalition_game_win_rate,10,0.05778734963448123,crossplay
multigen_none_n7_r8_k10_matrix,C6|D4,True,"[0, 1, 2, 3, 4, 5, 6, 7, 8, 9]",multigen_none_n7_r8_k10,"[0, 1, 2, 3, 4, 5, 6, 7, 8, 9]",0.3584,false_ejection_rate,terminal-meeting false ejection,10,0.04613795737905083,crossplay
multigen_none_n7_r8_k10_matrix,C6|D4,True,"[0, 1, 2, 3, 4, 5, 6, 7, 8, 9]",multigen_none_n7_r8_k10,"[0, 1, 2, 3, 4, 5, 6, 7, 8, 9]",1.0559999999999998,mean_false_ejections,mean_false_ejections,10,0.1266982416785823,crossplay
multigen_none_n7_r8_k10_matrix,C6|D5,True,"[0, 1, 2, 3, 4, 5, 6, 7, 8, 9]",multigen_none_n7_r8_k10,"[0, 1, 2, 3, 4, 5, 6, 7, 8, 9]",0.6816,any_false_ejection_rate,any_false_ejection_rate,10,0.09990128460969191,crossplay
multigen_none_n7_r8_k10_matrix,C6|D5,True,"[0, 1, 2, 3, 4, 5, 6, 7, 8, 9]",multigen_none_n7_r8_k10,"[0, 1, 2, 3, 4, 5, 6, 7, 8, 9]",0.4518,coalition_game_win_rate,coalition_game_win_rate,10,0.16064716340823176,crossplay
multigen_none_n7_r8_k10_matrix,C6|D5,True,"[0, 1, 2, 3, 4, 5, 6, 7, 8, 9]",multigen_none_n7_r8_k10,"[0, 1, 2, 3, 4, 5, 6, 7, 8, 9]",0.236,false_ejection_rate,terminal-meeting false ejection,10,0.05473978849469957,crossplay
multigen_none_n7_r8_k10_matrix,C6|D5,True,"[0, 1, 2, 3, 4, 5, 6, 7, 8, 9]",multigen_none_n7_r8_k10,"[0, 1, 2, 3, 4, 5, 6, 7, 8, 9]",0.9566000000000001,mean_false_ejections,mean_false_ejections,10,0.2610407375615283,crossplay
multigen_none_n7_r8_k10_matrix,C6|D6,True,"[0, 1, 2, 3, 4, 5, 6, 7, 8, 9]",multigen_none_n7_r8_k10,"[0, 1, 2, 3, 4, 5, 6, 7, 8, 9]",0.8628,any_false_ejection_rate,any_false_ejection_rate,10,0.03447640094647675,crossplay
multigen_none_n7_r8_k10_matrix,C6|D6,True,"[0, 1, 2, 3, 4, 5, 6, 7, 8, 9]",multigen_none_n7_r8_k10,"[0, 1, 2, 3, 4, 5, 6, 7, 8, 9]",0.791,coalition_game_win_rate,coalition_game_win_rate,10,0.08048326258021325,crossplay
multigen_none_n7_r8_k10_matrix,C6|D6,True,"[0, 1, 2, 3, 4, 5, 6, 7, 8, 9]",multigen_none_n7_r8_k10,"[0, 1, 2, 3, 4, 5, 6, 7, 8, 9]",0.47800000000000004,false_ejection_rate,terminal-meeting false ejection,10,0.08235424835563872,crossplay
multigen_none_n7_r8_k10_matrix,C6|D6,True,"[0, 1, 2, 3, 4, 5, 6, 7, 8, 9]",multigen_none_n7_r8_k10,"[0, 1, 2, 3, 4, 5, 6, 7, 8, 9]",1.2993999999999999,mean_false_ejections,mean_false_ejections,10,0.12659313655258814,crossplay
multigen_none_n7_r8_k10_matrix,C6|D7,True,"[0, 1, 2, 3, 4, 5, 6, 7, 8, 9]",multigen_none_n7_r8_k10,"[0, 1, 2, 3, 4, 5, 6, 7, 8, 9]",0.6222,any_false_ejection_rate,any_false_ejection_rate,10,0.10154998769079196,crossplay
multigen_none_n7_r8_k10_matrix,C6|D7,True,"[0, 1, 2, 3, 4, 5, 6, 7, 8, 9]",multigen_none_n7_r8_k10,"[0, 1, 2, 3, 4, 5, 6, 7, 8, 9]",0.3314,coalition_game_win_rate,coalition_game_win_rate,10,0.1827689494659552,crossplay
multigen_none_n7_r8_k10_matrix,C6|D7,True,"[0, 1, 2, 3, 4, 5, 6, 7, 8, 9]",multigen_none_n7_r8_k10,"[0, 1, 2, 3, 4, 5, 6, 7, 8, 9]",0.20259999999999997,false_ejection_rate,terminal-meeting false ejection,10,0.1280730694217606,crossplay
multigen_none_n7_r8_k10_matrix,C6|D7,True,"[0, 1, 2, 3, 4, 5, 6, 7, 8, 9]",multigen_none_n7_r8_k10,"[0, 1, 2, 3, 4, 5, 6, 7, 8, 9]",0.8446,mean_false_ejections,mean_false_ejections,10,0.2024780920933862,crossplay
multigen_none_n7_r8_k10_matrix,C6|D8,True,"[0, 1, 2, 3, 4, 5, 6, 7, 8, 9]",multigen_none_n7_r8_k10,"[0, 1, 2, 3, 4, 5, 6, 7, 8, 9]",0.7692000000000001,any_false_ejection_rate,any_false_ejection_rate,10,0.06663465898297805,crossplay
multigen_none_n7_r8_k10_matrix,C6|D8,True,"[0, 1, 2, 3, 4, 5, 6, 7, 8, 9]",multigen_none_n7_r8_k10,"[0, 1, 2, 3, 4, 5, 6, 7, 8, 9]",0.6414000000000002,coalition_game_win_rate,coalition_game_win_rate,10,0.14408037880140223,crossplay
multigen_none_n7_r8_k10_matrix,C6|D8,True,"[0, 1, 2, 3, 4, 5, 6, 7, 8, 9]",multigen_none_n7_r8_k10,"[0, 1, 2, 3, 4, 5, 6, 7, 8, 9]",0.34900000000000003,false_ejection_rate,terminal-meeting false ejection,10,0.09064828244986835,crossplay
multigen_none_n7_r8_k10_matrix,C6|D8,True,"[0, 1, 2, 3, 4, 5, 6, 7, 8, 9]",multigen_none_n7_r8_k10,"[0, 1, 2, 3, 4, 5, 6, 7, 8, 9]",1.1172,mean_false_ejections,mean_false_ejections,10,0.2853071639089663,crossplay
multigen_none_n7_r8_k10_matrix,C6|D9,True,"[0, 1, 2, 3, 4, 5, 6, 7, 8, 9]",multigen_none_n7_r8_k10,"[0, 1, 2, 3, 4, 5, 6, 7, 8, 9]",0.666,any_false_ejection_rate,any_false_ejection_rate,10,0.09692608867929556,crossplay
multigen_none_n7_r8_k10_matrix,C6|D9,True,"[0, 1, 2, 3, 4, 5, 6, 7, 8, 9]",multigen_none_n7_r8_k10,"[0, 1, 2, 3, 4, 5, 6, 7, 8, 9]",0.3774,coalition_game_win_rate,coalition_game_win_rate,10,0.14234246652976676,crossplay
multigen_none_n7_r8_k10_matrix,C6|D9,True,"[0, 1, 2, 3, 4, 5, 6, 7, 8, 9]",multigen_none_n7_r8_k10,"[0, 1, 2, 3, 4, 5, 6, 7, 8, 9]",0.20700000000000002,false_ejection_rate,terminal-meeting false ejection,10,0.07778174593052023,crossplay
multigen_none_n7_r8_k10_matrix,C6|D9,True,"[0, 1, 2, 3, 4, 5, 6, 7, 8, 9]",multigen_none_n7_r8_k10,"[0, 1, 2, 3, 4, 5, 6, 7, 8, 9]",0.9252,mean_false_ejections,mean_false_ejections,10,0.21177178492162002,crossplay
multigen_none_n7_r8_k10_matrix,C7|D0,True,"[0, 1, 2, 3, 4, 5, 6, 7, 8, 9]",multigen_none_n7_r8_k10,"[0, 1, 2, 3, 4, 5, 6, 7, 8, 9]",0.23440000000000003,any_false_ejection_rate,any_false_ejection_rate,10,0.06200215050033884,crossplay
multigen_none_n7_r8_k10_matrix,C7|D0,True,"[0, 1, 2, 3, 4, 5, 6, 7, 8, 9]",multigen_none_n7_r8_k10,"[0, 1, 2, 3, 4, 5, 6, 7, 8, 9]",0.1814,coalition_game_win_rate,coalition_game_win_rate,10,0.04469203259841488,crossplay
multigen_none_n7_r8_k10_matrix,C7|D0,True,"[0, 1, 2, 3, 4, 5, 6, 7, 8, 9]",multigen_none_n7_r8_k10,"[0, 1, 2, 3, 4, 5, 6, 7, 8, 9]",0.024200000000000003,false_ejection_rate,terminal-meeting false ejection,10,0.012594531441154223,crossplay
multigen_none_n7_r8_k10_matrix,C7|D0,True,"[0, 1, 2, 3, 4, 5, 6, 7, 8, 9]",multigen_none_n7_r8_k10,"[0, 1, 2, 3, 4, 5, 6, 7, 8, 9]",0.26060000000000005,mean_false_ejections,mean_false_ejections,10,0.07805439698626138,crossplay
multigen_none_n7_r8_k10_matrix,C7|D1,True,"[0, 1, 2, 3, 4, 5, 6, 7, 8, 9]",multigen_none_n7_r8_k10,"[0, 1, 2, 3, 4, 5, 6, 7, 8, 9]",0.8074,any_false_ejection_rate,any_false_ejection_rate,10,0.03381058348439959,crossplay
multigen_none_n7_r8_k10_matrix,C7|D1,True,"[0, 1, 2, 3, 4, 5, 6, 7, 8, 9]",multigen_none_n7_r8_k10,"[0, 1, 2, 3, 4, 5, 6, 7, 8, 9]",0.7816,coalition_game_win_rate,coalition_game_win_rate,10,0.08645512644654967,crossplay
multigen_none_n7_r8_k10_matrix,C7|D1,True,"[0, 1, 2, 3, 4, 5, 6, 7, 8, 9]",multigen_none_n7_r8_k10,"[0, 1, 2, 3, 4, 5, 6, 7, 8, 9]",0.4638,false_ejection_rate,terminal-meeting false ejection,10,0.05708823579921407,crossplay
multigen_none_n7_r8_k10_matrix,C7|D1,True,"[0, 1, 2, 3, 4, 5, 6, 7, 8, 9]",multigen_none_n7_r8_k10,"[0, 1, 2, 3, 4, 5, 6, 7, 8, 9]",1.1442,mean_false_ejections,mean_false_ejections,10,0.06494065667121703,crossplay
multigen_none_n7_r8_k10_matrix,C7|D10,True,"[0, 1, 2, 3, 4, 5, 6, 7, 8, 9]",multigen_none_n7_r8_k10,"[0, 1, 2, 3, 4, 5, 6, 7, 8, 9]",0.6849999999999999,any_false_ejection_rate,any_false_ejection_rate,10,0.09768543619416584,crossplay
multigen_none_n7_r8_k10_matrix,C7|D10,True,"[0, 1, 2, 3, 4, 5, 6, 7, 8, 9]",multigen_none_n7_r8_k10,"[0, 1, 2, 3, 4, 5, 6, 7, 8, 9]",0.43600000000000005,coalition_game_win_rate,coalition_game_win_rate,10,0.14447452678202097,crossplay
multigen_none_n7_r8_k10_matrix,C7|D10,True,"[0, 1, 2, 3, 4, 5, 6, 7, 8, 9]",multigen_none_n7_r8_k10,"[0, 1, 2, 3, 4, 5, 6, 7, 8, 9]",0.27680000000000005,false_ejection_rate,terminal-meeting false ejection,10,0.12752411536646707,crossplay
multigen_none_n7_r8_k10_matrix,C7|D10,True,"[0, 1, 2, 3, 4, 5, 6, 7, 8, 9]",multigen_none_n7_r8_k10,"[0, 1, 2, 3, 4, 5, 6, 7, 8, 9]",0.9747999999999999,mean_false_ejections,mean_false_ejections,10,0.26078548016840714,crossplay
multigen_none_n7_r8_k10_matrix,C7|D2,True,"[0, 1, 2, 3, 4, 5, 6, 7, 8, 9]",multigen_none_n7_r8_k10,"[0, 1, 2, 3, 4, 5, 6, 7, 8, 9]",0.6836,any_false_ejection_rate,any_false_ejection_rate,10,0.1284464436599507,crossplay
multigen_none_n7_r8_k10_matrix,C7|D2,True,"[0, 1, 2, 3, 4, 5, 6, 7, 8, 9]",multigen_none_n7_r8_k10,"[0, 1, 2, 3, 4, 5, 6, 7, 8, 9]",0.47539999999999993,coalition_game_win_rate,coalition_game_win_rate,10,0.13988264922982965,crossplay
multigen_none_n7_r8_k10_matrix,C7|D2,True,"[0, 1, 2, 3, 4, 5, 6, 7, 8, 9]",multigen_none_n7_r8_k10,"[0, 1, 2, 3, 4, 5, 6, 7, 8, 9]",0.26080000000000003,false_ejection_rate,terminal-meeting false ejection,10,0.09803038077838705,crossplay
multigen_none_n7_r8_k10_matrix,C7|D2,True,"[0, 1, 2, 3, 4, 5, 6, 7, 8, 9]",multigen_none_n7_r8_k10,"[0, 1, 2, 3, 4, 5, 6, 7, 8, 9]",0.9815999999999999,mean_false_ejections,mean_false_ejections,10,0.3194506395534545,crossplay
multigen_none_n7_r8_k10_matrix,C7|D3,True,"[0, 1, 2, 3, 4, 5, 6, 7, 8, 9]",multigen_none_n7_r8_k10,"[0, 1, 2, 3, 4, 5, 6, 7, 8, 9]",0.6786000000000001,any_false_ejection_rate,any_false_ejection_rate,10,0.10180613384707665,crossplay
multigen_none_n7_r8_k10_matrix,C7|D3,True,"[0, 1, 2, 3, 4, 5, 6, 7, 8, 9]",multigen_none_n7_r8_k10,"[0, 1, 2, 3, 4, 5, 6, 7, 8, 9]",0.5035999999999999,coalition_game_win_rate,coalition_game_win_rate,10,0.1548326695357138,crossplay
multigen_none_n7_r8_k10_matrix,C7|D3,True,"[0, 1, 2, 3, 4, 5, 6, 7, 8, 9]",multigen_none_n7_r8_k10,"[0, 1, 2, 3, 4, 5, 6, 7, 8, 9]",0.2712,false_ejection_rate,terminal-meeting false ejection,10,0.10005864946786626,crossplay
multigen_none_n7_r8_k10_matrix,C7|D3,True,"[0, 1, 2, 3, 4, 5, 6, 7, 8, 9]",multigen_none_n7_r8_k10,"[0, 1, 2, 3, 4, 5, 6, 7, 8, 9]",0.9227999999999998,mean_false_ejections,mean_false_ejections,10,0.20371701505328962,crossplay
multigen_none_n7_r8_k10_matrix,C7|D4,True,"[0, 1, 2, 3, 4, 5, 6, 7, 8, 9]",multigen_none_n7_r8_k10,"[0, 1, 2, 3, 4, 5, 6, 7, 8, 9]",0.699,any_false_ejection_rate,any_false_ejection_rate,10,0.07280567743429539,crossplay
multigen_none_n7_r8_k10_matrix,C7|D4,True,"[0, 1, 2, 3, 4, 5, 6, 7, 8, 9]",multigen_none_n7_r8_k10,"[0, 1, 2, 3, 4, 5, 6, 7, 8, 9]",0.48599999999999993,coalition_game_win_rate,coalition_game_win_rate,10,0.19783045490745071,crossplay
multigen_none_n7_r8_k10_matrix,C7|D4,True,"[0, 1, 2, 3, 4, 5, 6, 7, 8, 9]",multigen_none_n7_r8_k10,"[0, 1, 2, 3, 4, 5, 6, 7, 8, 9]",0.2532,false_ejection_rate,terminal-meeting false ejection,10,0.10593163413783019,crossplay
multigen_none_n7_r8_k10_matrix,C7|D4,True,"[0, 1, 2, 3, 4, 5, 6, 7, 8, 9]",multigen_none_n7_r8_k10,"[0, 1, 2, 3, 4, 5, 6, 7, 8, 9]",0.9422,mean_false_ejections,mean_false_ejections,10,0.14458968766055819,crossplay
multigen_none_n7_r8_k10_matrix,C7|D5,True,"[0, 1, 2, 3, 4, 5, 6, 7, 8, 9]",multigen_none_n7_r8_k10,"[0, 1, 2, 3, 4, 5, 6, 7, 8, 9]",0.7264,any_false_ejection_rate,any_false_ejection_rate,10,0.09473612475361938,crossplay
multigen_none_n7_r8_k10_matrix,C7|D5,True,"[0, 1, 2, 3, 4, 5, 6, 7, 8, 9]",multigen_none_n7_r8_k10,"[0, 1, 2, 3, 4, 5, 6, 7, 8, 9]",0.6065999999999999,coalition_game_win_rate,coalition_game_win_rate,10,0.14244234701177252,crossplay
multigen_none_n7_r8_k10_matrix,C7|D5,True,"[0, 1, 2, 3, 4, 5, 6, 7, 8, 9]",multigen_none_n7_r8_k10,"[0, 1, 2, 3, 4, 5, 6, 7, 8, 9]",0.32620000000000005,false_ejection_rate,terminal-meeting false ejection,10,0.0976954451343562,crossplay
multigen_none_n7_r8_k10_matrix,C7|D5,True,"[0, 1, 2, 3, 4, 5, 6, 7, 8, 9]",multigen_none_n7_r8_k10,"[0, 1, 2, 3, 4, 5, 6, 7, 8, 9]",0.9823999999999999,mean_false_ejections,mean_false_ejections,10,0.19438518462063925,crossplay
multigen_none_n7_r8_k10_matrix,C7|D6,True,"[0, 1, 2, 3, 4, 5, 6, 7, 8, 9]",multigen_none_n7_r8_k10,"[0, 1, 2, 3, 4, 5, 6, 7, 8, 9]",0.6458,any_false_ejection_rate,any_false_ejection_rate,10,0.13071240696021677,crossplay
multigen_none_n7_r8_k10_matrix,C7|D6,True,"[0, 1, 2, 3, 4, 5, 6, 7, 8, 9]",multigen_none_n7_r8_k10,"[0, 1, 2, 3, 4, 5, 6, 7, 8, 9]",0.3638,coalition_game_win_rate,coalition_game_win_rate,10,0.1858827587486263,crossplay
multigen_none_n7_r8_k10_matrix,C7|D6,True,"[0, 1, 2, 3, 4, 5, 6, 7, 8, 9]",multigen_none_n7_r8_k10,"[0, 1, 2, 3, 4, 5, 6, 7, 8, 9]",0.19779999999999998,false_ejection_rate,terminal-meeting false ejection,10,0.10200849637816123,crossplay
multigen_none_n7_r8_k10_matrix,C7|D6,True,"[0, 1, 2, 3, 4, 5, 6, 7, 8, 9]",multigen_none_n7_r8_k10,"[0, 1, 2, 3, 4, 5, 6, 7, 8, 9]",0.8799999999999999,mean_false_ejections,mean_false_ejections,10,0.22852570971337116,crossplay
multigen_none_n7_r8_k10_matrix,C7|D7,True,"[0, 1, 2, 3, 4, 5, 6, 7, 8, 9]",multigen_none_n7_r8_k10,"[0, 1, 2, 3, 4, 5, 6, 7, 8, 9]",0.8343999999999999,any_false_ejection_rate,any_false_ejection_rate,10,0.041061471532866954,crossplay
multigen_none_n7_r8_k10_matrix,C7|D7,True,"[0, 1, 2, 3, 4, 5, 6, 7, 8, 9]",multigen_none_n7_r8_k10,"[0, 1, 2, 3, 4, 5, 6, 7, 8, 9]",0.8119999999999999,coalition_game_win_rate,coalition_game_win_rate,10,0.04689468105351726,crossplay
multigen_none_n7_r8_k10_matrix,C7|D7,True,"[0, 1, 2, 3, 4, 5, 6, 7, 8, 9]",multigen_none_n7_r8_k10,"[0, 1, 2, 3, 4, 5, 6, 7, 8, 9]",0.4692,false_ejection_rate,terminal-meeting false ejection,10,0.06368115018503429,crossplay
multigen_none_n7_r8_k10_matrix,C7|D7,True,"[0, 1, 2, 3, 4, 5, 6, 7, 8, 9]",multigen_none_n7_r8_k10,"[0, 1, 2, 3, 4, 5, 6, 7, 8, 9]",1.193,mean_false_ejections,mean_false_ejections,10,0.11009188081880618,crossplay
multigen_none_n7_r8_k10_matrix,C7|D8,True,"[0, 1, 2, 3, 4, 5, 6, 7, 8, 9]",multigen_none_n7_r8_k10,"[0, 1, 2, 3, 4, 5, 6, 7, 8, 9]",0.6242,any_false_ejection_rate,any_false_ejection_rate,10,0.13244520879719784,crossplay
multigen_none_n7_r8_k10_matrix,C7|D8,True,"[0, 1, 2, 3, 4, 5, 6, 7, 8, 9]",multigen_none_n7_r8_k10,"[0, 1, 2, 3, 4, 5, 6, 7, 8, 9]",0.2958,coalition_game_win_rate,coalition_game_win_rate,10,0.11331156653718592,crossplay
multigen_none_n7_r8_k10_matrix,C7|D8,True,"[0, 1, 2, 3, 4, 5, 6, 7, 8, 9]",multigen_none_n7_r8_k10,"[0, 1, 2, 3, 4, 5, 6, 7, 8, 9]",0.1742,false_ejection_rate,terminal-meeting false ejection,10,0.08697611421789574,crossplay
multigen_none_n7_r8_k10_matrix,C7|D8,True,"[0, 1, 2, 3, 4, 5, 6, 7, 8, 9]",multigen_none_n7_r8_k10,"[0, 1, 2, 3, 4, 5, 6, 7, 8, 9]",0.8946,mean_false_ejections,mean_false_ejections,10,0.36128173063260327,crossplay
multigen_none_n7_r8_k10_matrix,C7|D9,True,"[0, 1, 2, 3, 4, 5, 6, 7, 8, 9]",multigen_none_n7_r8_k10,"[0, 1, 2, 3, 4, 5, 6, 7, 8, 9]",0.7767999999999999,any_false_ejection_rate,any_false_ejection_rate,10,0.04082700631254322,crossplay
multigen_none_n7_r8_k10_matrix,C7|D9,True,"[0, 1, 2, 3, 4, 5, 6, 7, 8, 9]",multigen_none_n7_r8_k10,"[0, 1, 2, 3, 4, 5, 6, 7, 8, 9]",0.6466,coalition_game_win_rate,coalition_game_win_rate,10,0.09721933963980622,crossplay
multigen_none_n7_r8_k10_matrix,C7|D9,True,"[0, 1, 2, 3, 4, 5, 6, 7, 8, 9]",multigen_none_n7_r8_k10,"[0, 1, 2, 3, 4, 5, 6, 7, 8, 9]",0.3376,false_ejection_rate,terminal-meeting false ejection,10,0.038108616698414366,crossplay
multigen_none_n7_r8_k10_matrix,C7|D9,True,"[0, 1, 2, 3, 4, 5, 6, 7, 8, 9]",multigen_none_n7_r8_k10,"[0, 1, 2, 3, 4, 5, 6, 7, 8, 9]",1.068,mean_false_ejections,mean_false_ejections,10,0.1258853093538365,crossplay
multigen_none_n7_r8_k10_matrix,C8|D0,True,"[0, 1, 2, 3, 4, 5, 6, 7, 8, 9]",multigen_none_n7_r8_k10,"[0, 1, 2, 3, 4, 5, 6, 7, 8, 9]",0.23800000000000004,any_false_ejection_rate,any_false_ejection_rate,10,0.06093347921207921,crossplay
multigen_none_n7_r8_k10_matrix,C8|D0,True,"[0, 1, 2, 3, 4, 5, 6, 7, 8, 9]",multigen_none_n7_r8_k10,"[0, 1, 2, 3, 4, 5, 6, 7, 8, 9]",0.1954,coalition_game_win_rate,coalition_game_win_rate,10,0.053558275634012796,crossplay
multigen_none_n7_r8_k10_matrix,C8|D0,True,"[0, 1, 2, 3, 4, 5, 6, 7, 8, 9]",multigen_none_n7_r8_k10,"[0, 1, 2, 3, 4, 5, 6, 7, 8, 9]",0.024,false_ejection_rate,terminal-meeting false ejection,10,0.015972198067614587,crossplay
multigen_none_n7_r8_k10_matrix,C8|D0,True,"[0, 1, 2, 3, 4, 5, 6, 7, 8, 9]",multigen_none_n7_r8_k10,"[0, 1, 2, 3, 4, 5, 6, 7, 8, 9]",0.2604,mean_false_ejections,mean_false_ejections,10,0.07615656388140304,crossplay
multigen_none_n7_r8_k10_matrix,C8|D1,True,"[0, 1, 2, 3, 4, 5, 6, 7, 8, 9]",multigen_none_n7_r8_k10,"[0, 1, 2, 3, 4, 5, 6, 7, 8, 9]",0.7904,any_false_ejection_rate,any_false_ejection_rate,10,0.046051179258636915,crossplay
multigen_none_n7_r8_k10_matrix,C8|D1,True,"[0, 1, 2, 3, 4, 5, 6, 7, 8, 9]",multigen_none_n7_r8_k10,"[0, 1, 2, 3, 4, 5, 6, 7, 8, 9]",0.7754,coalition_game_win_rate,coalition_game_win_rate,10,0.09716903942214421,crossplay
multigen_none_n7_r8_k10_matrix,C8|D1,True,"[0, 1, 2, 3, 4, 5, 6, 7, 8, 9]",multigen_none_n7_r8_k10,"[0, 1, 2, 3, 4, 5, 6, 7, 8, 9]",0.43340000000000006,false_ejection_rate,terminal-meeting false ejection,10,0.06412522471262339,crossplay
multigen_none_n7_r8_k10_matrix,C8|D1,True,"[0, 1, 2, 3, 4, 5, 6, 7, 8, 9]",multigen_none_n7_r8_k10,"[0, 1, 2, 3, 4, 5, 6, 7, 8, 9]",1.0798,mean_false_ejections,mean_false_ejections,10,0.09368718636445907,crossplay
multigen_none_n7_r8_k10_matrix,C8|D10,True,"[0, 1, 2, 3, 4, 5, 6, 7, 8, 9]",multigen_none_n7_r8_k10,"[0, 1, 2, 3, 4, 5, 6, 7, 8, 9]",0.7784,any_false_ejection_rate,any_false_ejection_rate,10,0.05571195762331657,crossplay
multigen_none_n7_r8_k10_matrix,C8|D10,True,"[0, 1, 2, 3, 4, 5, 6, 7, 8, 9]",multigen_none_n7_r8_k10,"[0, 1, 2, 3, 4, 5, 6, 7, 8, 9]",0.7054,coalition_game_win_rate,coalition_game_win_rate,10,0.07907830156103364,crossplay
multigen_none_n7_r8_k10_matrix,C8|D10,True,"[0, 1, 2, 3, 4, 5, 6, 7, 8, 9]",multigen_none_n7_r8_k10,"[0, 1, 2, 3, 4, 5, 6, 7, 8, 9]",0.42939999999999995,false_ejection_rate,terminal-meeting false ejection,10,0.08751406236206333,crossplay
multigen_none_n7_r8_k10_matrix,C8|D10,True,"[0, 1, 2, 3, 4, 5, 6, 7, 8, 9]",multigen_none_n7_r8_k10,"[0, 1, 2, 3, 4, 5, 6, 7, 8, 9]",1.1133999999999997,mean_false_ejections,mean_false_ejections,10,0.14676678401085475,crossplay
multigen_none_n7_r8_k10_matrix,C8|D2,True,"[0, 1, 2, 3, 4, 5, 6, 7, 8, 9]",multigen_none_n7_r8_k10,"[0, 1, 2, 3, 4, 5, 6, 7, 8, 9]",0.7272,any_false_ejection_rate,any_false_ejection_rate,10,0.13048013897397057,crossplay
multigen_none_n7_r8_k10_matrix,C8|D2,True,"[0, 1, 2, 3, 4, 5, 6, 7, 8, 9]",multigen_none_n7_r8_k10,"[0, 1, 2, 3, 4, 5, 6, 7, 8, 9]",0.5366,coalition_game_win_rate,coalition_game_win_rate,10,0.16269139156356394,crossplay
multigen_none_n7_r8_k10_matrix,C8|D2,True,"[0, 1, 2, 3, 4, 5, 6, 7, 8, 9]",multigen_none_n7_r8_k10,"[0, 1, 2, 3, 4, 5, 6, 7, 8, 9]",0.298,false_ejection_rate,terminal-meeting false ejection,10,0.103146066871748,crossplay
multigen_none_n7_r8_k10_matrix,C8|D2,True,"[0, 1, 2, 3, 4, 5, 6, 7, 8, 9]",multigen_none_n7_r8_k10,"[0, 1, 2, 3, 4, 5, 6, 7, 8, 9]",1.049,mean_false_ejections,mean_false_ejections,10,0.3281141400319238,crossplay
multigen_none_n7_r8_k10_matrix,C8|D3,True,"[0, 1, 2, 3, 4, 5, 6, 7, 8, 9]",multigen_none_n7_r8_k10,"[0, 1, 2, 3, 4, 5, 6, 7, 8, 9]",0.6779999999999999,any_false_ejection_rate,any_false_ejection_rate,10,0.07052186422190874,crossplay
multigen_none_n7_r8_k10_matrix,C8|D3,True,"[0, 1, 2, 3, 4, 5, 6, 7, 8, 9]",multigen_none_n7_r8_k10,"[0, 1, 2, 3, 4, 5, 6, 7, 8, 9]",0.5142,coalition_game_win_rate,coalition_game_win_rate,10,0.14218126146265236,crossplay
multigen_none_n7_r8_k10_matrix,C8|D3,True,"[0, 1, 2, 3, 4, 5, 6, 7, 8, 9]",multigen_none_n7_r8_k10,"[0, 1, 2, 3, 4, 5, 6, 7, 8, 9]",0.2696,false_ejection_rate,terminal-meeting false ejection,10,0.06255166753261747,crossplay
multigen_none_n7_r8_k10_matrix,C8|D3,True,"[0, 1, 2, 3, 4, 5, 6, 7, 8, 9]",multigen_none_n7_r8_k10,"[0, 1, 2, 3, 4, 5, 6, 7, 8, 9]",0.9231999999999999,mean_false_ejections,mean_false_ejections,10,0.19669310556747477,crossplay
multigen_none_n7_r8_k10_matrix,C8|D4,True,"[0, 1, 2, 3, 4, 5, 6, 7, 8, 9]",multigen_none_n7_r8_k10,"[0, 1, 2, 3, 4, 5, 6, 7, 8, 9]",0.751,any_false_ejection_rate,any_false_ejection_rate,10,0.10539765968306256,crossplay
multigen_none_n7_r8_k10_matrix,C8|D4,True,"[0, 1, 2, 3, 4, 5, 6, 7, 8, 9]",multigen_none_n7_r8_k10,"[0, 1, 2, 3, 4, 5, 6, 7, 8, 9]",0.6256,coalition_game_win_rate,coalition_game_win_rate,10,0.1542488609718435,crossplay
multigen_none_n7_r8_k10_matrix,C8|D4,True,"[0, 1, 2, 3, 4, 5, 6, 7, 8, 9]",multigen_none_n7_r8_k10,"[0, 1, 2, 3, 4, 5, 6, 7, 8, 9]",0.344,false_ejection_rate,terminal-meeting false ejection,10,0.11077504733066518,crossplay
multigen_none_n7_r8_k10_matrix,C8|D4,True,"[0, 1, 2, 3, 4, 5, 6, 7, 8, 9]",multigen_none_n7_r8_k10,"[0, 1, 2, 3, 4, 5, 6, 7, 8, 9]",1.0188000000000001,mean_false_ejections,mean_false_ejections,10,0.21858982389651885,crossplay
multigen_none_n7_r8_k10_matrix,C8|D5,True,"[0, 1, 2, 3, 4, 5, 6, 7, 8, 9]",multigen_none_n7_r8_k10,"[0, 1, 2, 3, 4, 5, 6, 7, 8, 9]",0.6950000000000001,any_false_ejection_rate,any_false_ejection_rate,10,0.08152572872685312,crossplay
multigen_none_n7_r8_k10_matrix,C8|D5,True,"[0, 1, 2, 3, 4, 5, 6, 7, 8, 9]",multigen_none_n7_r8_k10,"[0, 1, 2, 3, 4, 5, 6, 7, 8, 9]",0.5008,coalition_game_win_rate,coalition_game_win_rate,10,0.1641468177509932,crossplay
multigen_none_n7_r8_k10_matrix,C8|D5,True,"[0, 1, 2, 3, 4, 5, 6, 7, 8, 9]",multigen_none_n7_r8_k10,"[0, 1, 2, 3, 4, 5, 6, 7, 8, 9]",0.26980000000000004,false_ejection_rate,terminal-meeting false ejection,10,0.07560981711685621,crossplay
multigen_none_n7_r8_k10_matrix,C8|D5,True,"[0, 1, 2, 3, 4, 5, 6, 7, 8, 9]",multigen_none_n7_r8_k10,"[0, 1, 2, 3, 4, 5, 6, 7, 8, 9]",0.9516,mean_false_ejections,mean_false_ejections,10,0.17507788742918584,crossplay
multigen_none_n7_r8_k10_matrix,C8|D6,True,"[0, 1, 2, 3, 4, 5, 6, 7, 8, 9]",multigen_none_n7_r8_k10,"[0, 1, 2, 3, 4, 5, 6, 7, 8, 9]",0.7636000000000001,any_false_ejection_rate,any_false_ejection_rate,10,0.0642412121097768,crossplay
multigen_none_n7_r8_k10_matrix,C8|D6,True,"[0, 1, 2, 3, 4, 5, 6, 7, 8, 9]",multigen_none_n7_r8_k10,"[0, 1, 2, 3, 4, 5, 6, 7, 8, 9]",0.6236,coalition_game_win_rate,coalition_game_win_rate,10,0.1430020978867093,crossplay
multigen_none_n7_r8_k10_matrix,C8|D6,True,"[0, 1, 2, 3, 4, 5, 6, 7, 8, 9]",multigen_none_n7_r8_k10,"[0, 1, 2, 3, 4, 5, 6, 7, 8, 9]",0.3552,false_ejection_rate,terminal-meeting false ejection,10,0.09144372890229027,crossplay
multigen_none_n7_r8_k10_matrix,C8|D6,True,"[0, 1, 2, 3, 4, 5, 6, 7, 8, 9]",multigen_none_n7_r8_k10,"[0, 1, 2, 3, 4, 5, 6, 7, 8, 9]",1.05,mean_false_ejections,mean_false_ejections,10,0.14858742282650378,crossplay
multigen_none_n7_r8_k10_matrix,C8|D7,True,"[0, 1, 2, 3, 4, 5, 6, 7, 8, 9]",multigen_none_n7_r8_k10,"[0, 1, 2, 3, 4, 5, 6, 7, 8, 9]",0.6712,any_false_ejection_rate,any_false_ejection_rate,10,0.101351752711918,crossplay
multigen_none_n7_r8_k10_matrix,C8|D7,True,"[0, 1, 2, 3, 4, 5, 6, 7, 8, 9]",multigen_none_n7_r8_k10,"[0, 1, 2, 3, 4, 5, 6, 7, 8, 9]",0.4574,coalition_game_win_rate,coalition_game_win_rate,10,0.1434187342481216,crossplay
multigen_none_n7_r8_k10_matrix,C8|D7,True,"[0, 1, 2, 3, 4, 5, 6, 7, 8, 9]",multigen_none_n7_r8_k10,"[0, 1, 2, 3, 4, 5, 6, 7, 8, 9]",0.26420000000000005,false_ejection_rate,terminal-meeting false ejection,10,0.11324094273323193,crossplay
multigen_none_n7_r8_k10_matrix,C8|D7,True,"[0, 1, 2, 3, 4, 5, 6, 7, 8, 9]",multigen_none_n7_r8_k10,"[0, 1, 2, 3, 4, 5, 6, 7, 8, 9]",0.9298,mean_false_ejections,mean_false_ejections,10,0.2019162642725389,crossplay
multigen_none_n7_r8_k10_matrix,C8|D8,True,"[0, 1, 2, 3, 4, 5, 6, 7, 8, 9]",multigen_none_n7_r8_k10,"[0, 1, 2, 3, 4, 5, 6, 7, 8, 9]",0.8588000000000001,any_false_ejection_rate,any_false_ejection_rate,10,0.036187167768576646,crossplay
multigen_none_n7_r8_k10_matrix,C8|D8,True,"[0, 1, 2, 3, 4, 5, 6, 7, 8, 9]",multigen_none_n7_r8_k10,"[0, 1, 2, 3, 4, 5, 6, 7, 8, 9]",0.792,coalition_game_win_rate,coalition_game_win_rate,10,0.08658970942195025,crossplay
multigen_none_n7_r8_k10_matrix,C8|D8,True,"[0, 1, 2, 3, 4, 5, 6, 7, 8, 9]",multigen_none_n7_r8_k10,"[0, 1, 2, 3, 4, 5, 6, 7, 8, 9]",0.4997999999999999,false_ejection_rate,terminal-meeting false ejection,10,0.04542588591443332,crossplay
multigen_none_n7_r8_k10_matrix,C8|D8,True,"[0, 1, 2, 3, 4, 5, 6, 7, 8, 9]",multigen_none_n7_r8_k10,"[0, 1, 2, 3, 4, 5, 6, 7, 8, 9]",1.3106,mean_false_ejections,mean_false_ejections,10,0.19068776107087268,crossplay
multigen_none_n7_r8_k10_matrix,C8|D9,True,"[0, 1, 2, 3, 4, 5, 6, 7, 8, 9]",multigen_none_n7_r8_k10,"[0, 1, 2, 3, 4, 5, 6, 7, 8, 9]",0.6048000000000001,any_false_ejection_rate,any_false_ejection_rate,10,0.08552686387588664,crossplay
multigen_none_n7_r8_k10_matrix,C8|D9,True,"[0, 1, 2, 3, 4, 5, 6, 7, 8, 9]",multigen_none_n7_r8_k10,"[0, 1, 2, 3, 4, 5, 6, 7, 8, 9]",0.3062,coalition_game_win_rate,coalition_game_win_rate,10,0.08645846787138128,crossplay
multigen_none_n7_r8_k10_matrix,C8|D9,True,"[0, 1, 2, 3, 4, 5, 6, 7, 8, 9]",multigen_none_n7_r8_k10,"[0, 1, 2, 3, 4, 5, 6, 7, 8, 9]",0.1608,false_ejection_rate,terminal-meeting false ejection,10,0.06486361760562612,crossplay
multigen_none_n7_r8_k10_matrix,C8|D9,True,"[0, 1, 2, 3, 4, 5, 6, 7, 8, 9]",multigen_none_n7_r8_k10,"[0, 1, 2, 3, 4, 5, 6, 7, 8, 9]",0.7968,mean_false_ejections,mean_false_ejections,10,0.18276931422485074,crossplay
multigen_none_n7_r8_k10_matrix,C9|D0,True,"[0, 1, 2, 3, 4, 5, 6, 7, 8, 9]",multigen_none_n7_r8_k10,"[0, 1, 2, 3, 4, 5, 6, 7, 8, 9]",0.23579999999999995,any_false_ejection_rate,any_false_ejection_rate,10,0.05154027551342735,crossplay
multigen_none_n7_r8_k10_matrix,C9|D0,True,"[0, 1, 2, 3, 4, 5, 6, 7, 8, 9]",multigen_none_n7_r8_k10,"[0, 1, 2, 3, 4, 5, 6, 7, 8, 9]",0.1974,coalition_game_win_rate,coalition_game_win_rate,10,0.048268232018815665,crossplay
multigen_none_n7_r8_k10_matrix,C9|D0,True,"[0, 1, 2, 3, 4, 5, 6, 7, 8, 9]",multigen_none_n7_r8_k10,"[0, 1, 2, 3, 4, 5, 6, 7, 8, 9]",0.0226,false_ejection_rate,terminal-meeting false ejection,10,0.011077504733066519,crossplay
multigen_none_n7_r8_k10_matrix,C9|D0,True,"[0, 1, 2, 3, 4, 5, 6, 7, 8, 9]",multigen_none_n7_r8_k10,"[0, 1, 2, 3, 4, 5, 6, 7, 8, 9]",0.256,mean_false_ejections,mean_false_ejections,10,0.057619441163551735,crossplay
multigen_none_n7_r8_k10_matrix,C9|D1,True,"[0, 1, 2, 3, 4, 5, 6, 7, 8, 9]",multigen_none_n7_r8_k10,"[0, 1, 2, 3, 4, 5, 6, 7, 8, 9]",0.8118000000000001,any_false_ejection_rate,any_false_ejection_rate,10,0.03769409031193675,crossplay
multigen_none_n7_r8_k10_matrix,C9|D1,True,"[0, 1, 2, 3, 4, 5, 6, 7, 8, 9]",multigen_none_n7_r8_k10,"[0, 1, 2, 3, 4, 5, 6, 7, 8, 9]",0.7832,coalition_game_win_rate,coalition_game_win_rate,10,0.10004976539480517,crossplay
multigen_none_n7_r8_k10_matrix,C9|D1,True,"[0, 1, 2, 3, 4, 5, 6, 7, 8, 9]",multigen_none_n7_r8_k10,"[0, 1, 2, 3, 4, 5, 6, 7, 8, 9]",0.45920000000000005,false_ejection_rate,terminal-meeting false ejection,10,0.06476761879554045,crossplay
multigen_none_n7_r8_k10_matrix,C9|D1,True,"[0, 1, 2, 3, 4, 5, 6, 7, 8, 9]",multigen_none_n7_r8_k10,"[0, 1, 2, 3, 4, 5, 6, 7, 8, 9]",1.1376000000000002,mean_false_ejections,mean_false_ejections,10,0.07253995067853604,crossplay
multigen_none_n7_r8_k10_matrix,C9|D10,True,"[0, 1, 2, 3, 4, 5, 6, 7, 8, 9]",multigen_none_n7_r8_k10,"[0, 1, 2, 3, 4, 5, 6, 7, 8, 9]",0.6232,any_false_ejection_rate,any_false_ejection_rate,10,0.11457438146849797,crossplay
multigen_none_n7_r8_k10_matrix,C9|D10,True,"[0, 1, 2, 3, 4, 5, 6, 7, 8, 9]",multigen_none_n7_r8_k10,"[0, 1, 2, 3, 4, 5, 6, 7, 8, 9]",0.3068,coalition_game_win_rate,coalition_game_win_rate,10,0.1506525067092406,crossplay
multigen_none_n7_r8_k10_matrix,C9|D10,True,"[0, 1, 2, 3, 4, 5, 6, 7, 8, 9]",multigen_none_n7_r8_k10,"[0, 1, 2, 3, 4, 5, 6, 7, 8, 9]",0.1866,false_ejection_rate,terminal-meeting false ejection,10,0.12158965599278765,crossplay
multigen_none_n7_r8_k10_matrix,C9|D10,True,"[0, 1, 2, 3, 4, 5, 6, 7, 8, 9]",multigen_none_n7_r8_k10,"[0, 1, 2, 3, 4, 5, 6, 7, 8, 9]",0.9001999999999999,mean_false_ejections,mean_false_ejections,10,0.32910174043227963,crossplay
multigen_none_n7_r8_k10_matrix,C9|D2,True,"[0, 1, 2, 3, 4, 5, 6, 7, 8, 9]",multigen_none_n7_r8_k10,"[0, 1, 2, 3, 4, 5, 6, 7, 8, 9]",0.6958,any_false_ejection_rate,any_false_ejection_rate,10,0.13786450675290657,crossplay
multigen_none_n7_r8_k10_matrix,C9|D2,True,"[0, 1, 2, 3, 4, 5, 6, 7, 8, 9]",multigen_none_n7_r8_k10,"[0, 1, 2, 3, 4, 5, 6, 7, 8, 9]",0.48660000000000003,coalition_game_win_rate,coalition_game_win_rate,10,0.18186209671677667,crossplay
multigen_none_n7_r8_k10_matrix,C9|D2,True,"[0, 1, 2, 3, 4, 5, 6, 7, 8, 9]",multigen_none_n7_r8_k10,"[0, 1, 2, 3, 4, 5, 6, 7, 8, 9]",0.26839999999999997,false_ejection_rate,terminal-meeting false ejection,10,0.11398947319818616,crossplay
multigen_none_n7_r8_k10_matrix,C9|D2,True,"[0, 1, 2, 3, 4, 5, 6, 7, 8, 9]",multigen_none_n7_r8_k10,"[0, 1, 2, 3, 4, 5, 6, 7, 8, 9]",0.9800000000000001,mean_false_ejections,mean_false_ejections,10,0.30170625891198655,crossplay
multigen_none_n7_r8_k10_matrix,C9|D3,True,"[0, 1, 2, 3, 4, 5, 6, 7, 8, 9]",multigen_none_n7_r8_k10,"[0, 1, 2, 3, 4, 5, 6, 7, 8, 9]",0.6739999999999999,any_false_ejection_rate,any_false_ejection_rate,10,0.11532755284165376,crossplay
multigen_none_n7_r8_k10_matrix,C9|D3,True,"[0, 1, 2, 3, 4, 5, 6, 7, 8, 9]",multigen_none_n7_r8_k10,"[0, 1, 2, 3, 4, 5, 6, 7, 8, 9]",0.5252000000000001,coalition_game_win_rate,coalition_game_win_rate,10,0.21008611990747456,crossplay
multigen_none_n7_r8_k10_matrix,C9|D3,True,"[0, 1, 2, 3, 4, 5, 6, 7, 8, 9]",multigen_none_n7_r8_k10,"[0, 1, 2, 3, 4, 5, 6, 7, 8, 9]",0.27280000000000004,false_ejection_rate,terminal-meeting false ejection,10,0.1173984667702266,crossplay
multigen_none_n7_r8_k10_matrix,C9|D3,True,"[0, 1, 2, 3, 4, 5, 6, 7, 8, 9]",multigen_none_n7_r8_k10,"[0, 1, 2, 3, 4, 5, 6, 7, 8, 9]",0.9057999999999999,mean_false_ejections,mean_false_ejections,10,0.19366970737716205,crossplay
multigen_none_n7_r8_k10_matrix,C9|D4,True,"[0, 1, 2, 3, 4, 5, 6, 7, 8, 9]",multigen_none_n7_r8_k10,"[0, 1, 2, 3, 4, 5, 6, 7, 8, 9]",0.6932,any_false_ejection_rate,any_false_ejection_rate,10,0.11353394010407443,crossplay
multigen_none_n7_r8_k10_matrix,C9|D4,True,"[0, 1, 2, 3, 4, 5, 6, 7, 8, 9]",multigen_none_n7_r8_k10,"[0, 1, 2, 3, 4, 5, 6, 7, 8, 9]",0.49479999999999996,coalition_game_win_rate,coalition_game_win_rate,10,0.2535493815588768,crossplay
multigen_none_n7_r8_k10_matrix,C9|D4,True,"[0, 1, 2, 3, 4, 5, 6, 7, 8, 9]",multigen_none_n7_r8_k10,"[0, 1, 2, 3, 4, 5, 6, 7, 8, 9]",0.28219999999999995,false_ejection_rate,terminal-meeting false ejection,10,0.1461215627863017,crossplay
multigen_none_n7_r8_k10_matrix,C9|D4,True,"[0, 1, 2, 3, 4, 5, 6, 7, 8, 9]",multigen_none_n7_r8_k10,"[0, 1, 2, 3, 4, 5, 6, 7, 8, 9]",0.9678000000000001,mean_false_ejections,mean_false_ejections,10,0.19402050292573605,crossplay
multigen_none_n7_r8_k10_matrix,C9|D5,True,"[0, 1, 2, 3, 4, 5, 6, 7, 8, 9]",multigen_none_n7_r8_k10,"[0, 1, 2, 3, 4, 5, 6, 7, 8, 9]",0.7337999999999999,any_false_ejection_rate,any_false_ejection_rate,10,0.08765310414735274,crossplay
multigen_none_n7_r8_k10_matrix,C9|D5,True,"[0, 1, 2, 3, 4, 5, 6, 7, 8, 9]",multigen_none_n7_r8_k10,"[0, 1, 2, 3, 4, 5, 6, 7, 8, 9]",0.635,coalition_game_win_rate,coalition_game_win_rate,10,0.12900732106701884,crossplay
multigen_none_n7_r8_k10_matrix,C9|D5,True,"[0, 1, 2, 3, 4, 5, 6, 7, 8, 9]",multigen_none_n7_r8_k10,"[0, 1, 2, 3, 4, 5, 6, 7, 8, 9]",0.332,false_ejection_rate,terminal-meeting false ejection,10,0.09160785992479029,crossplay
multigen_none_n7_r8_k10_matrix,C9|D5,True,"[0, 1, 2, 3, 4, 5, 6, 7, 8, 9]",multigen_none_n7_r8_k10,"[0, 1, 2, 3, 4, 5, 6, 7, 8, 9]",0.9898,mean_false_ejections,mean_false_ejections,10,0.18178240961227365,crossplay
multigen_none_n7_r8_k10_matrix,C9|D6,True,"[0, 1, 2, 3, 4, 5, 6, 7, 8, 9]",multigen_none_n7_r8_k10,"[0, 1, 2, 3, 4, 5, 6, 7, 8, 9]",0.6448,any_false_ejection_rate,any_false_ejection_rate,10,0.13663641941704677,crossplay
multigen_none_n7_r8_k10_matrix,C9|D6,True,"[0, 1, 2, 3, 4, 5, 6, 7, 8, 9]",multigen_none_n7_r8_k10,"[0, 1, 2, 3, 4, 5, 6, 7, 8, 9]",0.35100000000000003,coalition_game_win_rate,coalition_game_win_rate,10,0.17764696576199787,crossplay
multigen_none_n7_r8_k10_matrix,C9|D6,True,"[0, 1, 2, 3, 4, 5, 6, 7, 8, 9]",multigen_none_n7_r8_k10,"[0, 1, 2, 3, 4, 5, 6, 7, 8, 9]",0.20500000000000002,false_ejection_rate,terminal-meeting false ejection,10,0.10168469785458271,crossplay
multigen_none_n7_r8_k10_matrix,C9|D6,True,"[0, 1, 2, 3, 4, 5, 6, 7, 8, 9]",multigen_none_n7_r8_k10,"[0, 1, 2, 3, 4, 5, 6, 7, 8, 9]",0.8827999999999999,mean_false_ejections,mean_false_ejections,10,0.24530108483702684,crossplay
multigen_none_n7_r8_k10_matrix,C9|D7,True,"[0, 1, 2, 3, 4, 5, 6, 7, 8, 9]",multigen_none_n7_r8_k10,"[0, 1, 2, 3, 4, 5, 6, 7, 8, 9]",0.7954000000000001,any_false_ejection_rate,any_false_ejection_rate,10,0.05679632225965183,crossplay
multigen_none_n7_r8_k10_matrix,C9|D7,True,"[0, 1, 2, 3, 4, 5, 6, 7, 8, 9]",multigen_none_n7_r8_k10,"[0, 1, 2, 3, 4, 5, 6, 7, 8, 9]",0.744,coalition_game_win_rate,coalition_game_win_rate,10,0.06771837105082917,crossplay
multigen_none_n7_r8_k10_matrix,C9|D7,True,"[0, 1, 2, 3, 4, 5, 6, 7, 8, 9]",multigen_none_n7_r8_k10,"[0, 1, 2, 3, 4, 5, 6, 7, 8, 9]",0.4255999999999999,false_ejection_rate,terminal-meeting false ejection,10,0.06575239750592961,crossplay
multigen_none_n7_r8_k10_matrix,C9|D7,True,"[0, 1, 2, 3, 4, 5, 6, 7, 8, 9]",multigen_none_n7_r8_k10,"[0, 1, 2, 3, 4, 5, 6, 7, 8, 9]",1.089,mean_false_ejections,mean_false_ejections,10,0.12613308668051992,crossplay
multigen_none_n7_r8_k10_matrix,C9|D8,True,"[0, 1, 2, 3, 4, 5, 6, 7, 8, 9]",multigen_none_n7_r8_k10,"[0, 1, 2, 3, 4, 5, 6, 7, 8, 9]",0.6716,any_false_ejection_rate,any_false_ejection_rate,10,0.14137986655343351,crossplay
multigen_none_n7_r8_k10_matrix,C9|D8,True,"[0, 1, 2, 3, 4, 5, 6, 7, 8, 9]",multigen_none_n7_r8_k10,"[0, 1, 2, 3, 4, 5, 6, 7, 8, 9]",0.378,coalition_game_win_rate,coalition_game_win_rate,10,0.12941921547178892,crossplay
multigen_none_n7_r8_k10_matrix,C9|D8,True,"[0, 1, 2, 3, 4, 5, 6, 7, 8, 9]",multigen_none_n7_r8_k10,"[0, 1, 2, 3, 4, 5, 6, 7, 8, 9]",0.22459999999999997,false_ejection_rate,terminal-meeting false ejection,10,0.09763446568138164,crossplay
multigen_none_n7_r8_k10_matrix,C9|D8,True,"[0, 1, 2, 3, 4, 5, 6, 7, 8, 9]",multigen_none_n7_r8_k10,"[0, 1, 2, 3, 4, 5, 6, 7, 8, 9]",1.0004,mean_false_ejections,mean_false_ejections,10,0.42264016741326316,crossplay
multigen_none_n7_r8_k10_matrix,C9|D9,True,"[0, 1, 2, 3, 4, 5, 6, 7, 8, 9]",multigen_none_n7_r8_k10,"[0, 1, 2, 3, 4, 5, 6, 7, 8, 9]",0.8337999999999999,any_false_ejection_rate,any_false_ejection_rate,10,0.033525446388609874,crossplay
multigen_none_n7_r8_k10_matrix,C9|D9,True,"[0, 1, 2, 3, 4, 5, 6, 7, 8, 9]",multigen_none_n7_r8_k10,"[0, 1, 2, 3, 4, 5, 6, 7, 8, 9]",0.7694,coalition_game_win_rate,coalition_game_win_rate,10,0.07541323196598562,crossplay
multigen_none_n7_r8_k10_matrix,C9|D9,True,"[0, 1, 2, 3, 4, 5, 6, 7, 8, 9]",multigen_none_n7_r8_k10,"[0, 1, 2, 3, 4, 5, 6, 7, 8, 9]",0.45099999999999996,false_ejection_rate,terminal-meeting false ejection,10,0.058051701094799964,crossplay
multigen_none_n7_r8_k10_matrix,C9|D9,True,"[0, 1, 2, 3, 4, 5, 6, 7, 8, 9]",multigen_none_n7_r8_k10,"[0, 1, 2, 3, 4, 5, 6, 7, 8, 9]",1.2067999999999999,mean_false_ejections,mean_false_ejections,10,0.11439580411885741,crossplay
Loop_descriptors_multigen_none_n7_r8_k10,c_stage_mean,True,"[0, 1, 2, 3, 4, 5, 6, 7, 8, 9]",multigen_none_n7_r8_k10,"[0, 1, 2, 3, 4, 5, 6, 7, 8, 9]",0.8460699999999999,any_false_ejection_rate,any_false_ejection_rate,10,0.006735156518844473,loop_h10
Loop_descriptors_multigen_none_n7_r8_k10,c_stage_mean,True,"[0, 1, 2, 3, 4, 5, 6, 7, 8, 9]",multigen_none_n7_r8_k10,"[0, 1, 2, 3, 4, 5, 6, 7, 8, 9]",0.80446,coalition_game_win_rate,coalition_game_win_rate,10,0.02452464520074088,loop_h10
Loop_descriptors_multigen_none_n7_r8_k10,c_stage_mean,True,"[0, 1, 2, 3, 4, 5, 6, 7, 8, 9]",multigen_none_n7_r8_k10,"[0, 1, 2, 3, 4, 5, 6, 7, 8, 9]",0.47565,false_ejection_rate,terminal-meeting false ejection,10,0.007351832726908629,loop_h10
Loop_descriptors_multigen_none_n7_r8_k10,c_stage_mean,True,"[0, 1, 2, 3, 4, 5, 6, 7, 8, 9]",multigen_none_n7_r8_k10,"[0, 1, 2, 3, 4, 5, 6, 7, 8, 9]",1.22861,mean_false_ejections,mean_false_ejections,10,0.02516088012945667,loop_h10
Loop_descriptors_multigen_none_n7_r8_k10,d_stage_mean,True,"[0, 1, 2, 3, 4, 5, 6, 7, 8, 9]",multigen_none_n7_r8_k10,"[0, 1, 2, 3, 4, 5, 6, 7, 8, 9]",0.6310000000000001,any_false_ejection_rate,any_false_ejection_rate,10,0.02942814223758532,loop_h10
Loop_descriptors_multigen_none_n7_r8_k10,d_stage_mean,True,"[0, 1, 2, 3, 4, 5, 6, 7, 8, 9]",multigen_none_n7_r8_k10,"[0, 1, 2, 3, 4, 5, 6, 7, 8, 9]",0.30294,coalition_game_win_rate,coalition_game_win_rate,10,0.03473458730941762,loop_h10
Loop_descriptors_multigen_none_n7_r8_k10,d_stage_mean,True,"[0, 1, 2, 3, 4, 5, 6, 7, 8, 9]",multigen_none_n7_r8_k10,"[0, 1, 2, 3, 4, 5, 6, 7, 8, 9]",0.18475000000000003,false_ejection_rate,terminal-meeting false ejection,10,0.029116251666571228,loop_h10
Loop_descriptors_multigen_none_n7_r8_k10,d_stage_mean,True,"[0, 1, 2, 3, 4, 5, 6, 7, 8, 9]",multigen_none_n7_r8_k10,"[0, 1, 2, 3, 4, 5, 6, 7, 8, 9]",0.9062100000000001,mean_false_ejections,mean_false_ejections,10,0.06914351339384231,loop_h10
Loop_descriptors_multigen_none_n7_r8_k10,late_minus_early,True,"[0, 1, 2, 3, 4, 5, 6, 7, 8, 9]",multigen_none_n7_r8_k10,"[0, 1, 2, 3, 4, 5, 6, 7, 8, 9]",-0.0002999999999999892,any_false_ejection_rate,any_false_ejection_rate,10,0.01914173902338831,loop_h10
Loop_descriptors_multigen_none_n7_r8_k10,late_minus_early,True,"[0, 1, 2, 3, 4, 5, 6, 7, 8, 9]",multigen_none_n7_r8_k10,"[0, 1, 2, 3, 4, 5, 6, 7, 8, 9]",-0.027166666666666662,coalition_game_win_rate,coalition_game_win_rate,10,0.0620689083415848,loop_h10
Loop_descriptors_multigen_none_n7_r8_k10,late_minus_early,True,"[0, 1, 2, 3, 4, 5, 6, 7, 8, 9]",multigen_none_n7_r8_k10,"[0, 1, 2, 3, 4, 5, 6, 7, 8, 9]",0.0023666666666666445,false_ejection_rate,terminal-meeting false ejection,10,0.05402890173066837,loop_h10
Loop_descriptors_multigen_none_n7_r8_k10,late_minus_early,True,"[0, 1, 2, 3, 4, 5, 6, 7, 8, 9]",multigen_none_n7_r8_k10,"[0, 1, 2, 3, 4, 5, 6, 7, 8, 9]",0.02839999999999998,mean_false_ejections,mean_false_ejections,10,0.13763270139696868,loop_h10
Loop_descriptors_multigen_none_n7_r8_k10,matrix_adaptation_gain,True,"[0, 1, 2, 3, 4, 5, 6, 7, 8, 9]",multigen_none_n7_r8_k10,"[0, 1, 2, 3, 4, 5, 6, 7, 8, 9]",0.21308,any_false_ejection_rate,any_false_ejection_rate,10,0.03287352193550981,loop_h10
Loop_descriptors_multigen_none_n7_r8_k10,matrix_adaptation_gain,True,"[0, 1, 2, 3, 4, 5, 6, 7, 8, 9]",multigen_none_n7_r8_k10,"[0, 1, 2, 3, 4, 5, 6, 7, 8, 9]",0.50058,coalition_game_win_rate,coalition_game_win_rate,10,0.049817484659281826,loop_h10
Loop_descriptors_multigen_none_n7_r8_k10,matrix_adaptation_gain,True,"[0, 1, 2, 3, 4, 5, 6, 7, 8, 9]",multigen_none_n7_r8_k10,"[0, 1, 2, 3, 4, 5, 6, 7, 8, 9]",0.29114,false_ejection_rate,terminal-meeting false ejection,10,0.03274453983321325,loop_h10
Loop_descriptors_multigen_none_n7_r8_k10,matrix_adaptation_gain,True,"[0, 1, 2, 3, 4, 5, 6, 7, 8, 9]",multigen_none_n7_r8_k10,"[0, 1, 2, 3, 4, 5, 6, 7, 8, 9]",0.32218,mean_false_ejections,mean_false_ejections,10,0.05542742602318422,loop_h10
Loop_descriptors_multigen_none_n7_r8_k10,parity_gap,True,"[0, 1, 2, 3, 4, 5, 6, 7, 8, 9]",multigen_none_n7_r8_k10,"[0, 1, 2, 3, 4, 5, 6, 7, 8, 9]",0.052513749999999956,any_false_ejection_rate,any_false_ejection_rate,10,0.061018979984942205,loop_h10
Loop_descriptors_multigen_none_n7_r8_k10,parity_gap,True,"[0, 1, 2, 3, 4, 5, 6, 7, 8, 9]",multigen_none_n7_r8_k10,"[0, 1, 2, 3, 4, 5, 6, 7, 8, 9]",0.11643625000000002,coalition_game_win_rate,coalition_game_win_rate,10,0.13744213257692006,loop_h10
Loop_descriptors_multigen_none_n7_r8_k10,parity_gap,True,"[0, 1, 2, 3, 4, 5, 6, 7, 8, 9]",multigen_none_n7_r8_k10,"[0, 1, 2, 3, 4, 5, 6, 7, 8, 9]",0.06302624999999999,false_ejection_rate,terminal-meeting false ejection,10,0.07411921315475871,loop_h10
Loop_descriptors_multigen_none_n7_r8_k10,parity_gap,True,"[0, 1, 2, 3, 4, 5, 6, 7, 8, 9]",multigen_none_n7_r8_k10,"[0, 1, 2, 3, 4, 5, 6, 7, 8, 9]",0.07442375000000005,mean_false_ejections,mean_false_ejections,10,0.08769272514526374,loop_h10
Finite_observed-policy_response_gaps_multigen_none_n7_r8_k10,0,True,"[0, 1, 2, 3, 4, 5, 6, 7, 8, 9]",multigen_none_n7_r8_k10,"[0, 1, 2, 3, 4, 5, 6, 7, 8, 9]",0.2468,any_false_ejection_rate,any_false_ejection_rate,10,0.029306047915821847,restricted_pool_gap
Finite_observed-policy_response_gaps_multigen_none_n7_r8_k10,0,True,"[0, 1, 2, 3, 4, 5, 6, 7, 8, 9]",multigen_none_n7_r8_k10,"[0, 1, 2, 3, 4, 5, 6, 7, 8, 9]",0.8063999999999998,coalition_game_win_rate,coalition_game_win_rate,10,0.03555027738600955,restricted_pool_gap
Finite_observed-policy_response_gaps_multigen_none_n7_r8_k10,1,True,"[0, 1, 2, 3, 4, 5, 6, 7, 8, 9]",multigen_none_n7_r8_k10,"[0, 1, 2, 3, 4, 5, 6, 7, 8, 9]",0.582,any_false_ejection_rate,any_false_ejection_rate,10,0.08011658172105614,restricted_pool_gap
Finite_observed-policy_response_gaps_multigen_none_n7_r8_k10,1,True,"[0, 1, 2, 3, 4, 5, 6, 7, 8, 9]",multigen_none_n7_r8_k10,"[0, 1, 2, 3, 4, 5, 6, 7, 8, 9]",0.6631999999999999,coalition_game_win_rate,coalition_game_win_rate,10,0.05746651198741749,restricted_pool_gap
Finite_observed-policy_response_gaps_multigen_none_n7_r8_k10,10,True,"[0, 1, 2, 3, 4, 5, 6, 7, 8, 9]",multigen_none_n7_r8_k10,"[0, 1, 2, 3, 4, 5, 6, 7, 8, 9]",0.611,any_false_ejection_rate,any_false_ejection_rate,10,0.0582198896903417,restricted_pool_gap
Finite_observed-policy_response_gaps_multigen_none_n7_r8_k10,10,True,"[0, 1, 2, 3, 4, 5, 6, 7, 8, 9]",multigen_none_n7_r8_k10,"[0, 1, 2, 3, 4, 5, 6, 7, 8, 9]",0.6164000000000001,coalition_game_win_rate,coalition_game_win_rate,10,0.05003820762399689,restricted_pool_gap
Finite_observed-policy_response_gaps_multigen_none_n7_r8_k10,2,True,"[0, 1, 2, 3, 4, 5, 6, 7, 8, 9]",multigen_none_n7_r8_k10,"[0, 1, 2, 3, 4, 5, 6, 7, 8, 9]",0.6292,any_false_ejection_rate,any_false_ejection_rate,10,0.04694393819582388,restricted_pool_gap
Finite_observed-policy_response_gaps_multigen_none_n7_r8_k10,2,True,"[0, 1, 2, 3, 4, 5, 6, 7, 8, 9]",multigen_none_n7_r8_k10,"[0, 1, 2, 3, 4, 5, 6, 7, 8, 9]",0.6073999999999999,coalition_game_win_rate,coalition_game_win_rate,10,0.07493434163022689,restricted_pool_gap
Finite_observed-policy_response_gaps_multigen_none_n7_r8_k10,3,True,"[0, 1, 2, 3, 4, 5, 6, 7, 8, 9]",multigen_none_n7_r8_k10,"[0, 1, 2, 3, 4, 5, 6, 7, 8, 9]",0.5959999999999999,any_false_ejection_rate,any_false_ejection_rate,10,0.02988868236194651,restricted_pool_gap
Finite_observed-policy_response_gaps_multigen_none_n7_r8_k10,3,True,"[0, 1, 2, 3, 4, 5, 6, 7, 8, 9]",multigen_none_n7_r8_k10,"[0, 1, 2, 3, 4, 5, 6, 7, 8, 9]",0.6266,coalition_game_win_rate,coalition_game_win_rate,10,0.057271672268621954,restricted_pool_gap
Finite_observed-policy_response_gaps_multigen_none_n7_r8_k10,4,True,"[0, 1, 2, 3, 4, 5, 6, 7, 8, 9]",multigen_none_n7_r8_k10,"[0, 1, 2, 3, 4, 5, 6, 7, 8, 9]",0.6095999999999999,any_false_ejection_rate,any_false_ejection_rate,10,0.046080123456624704,restricted_pool_gap
Finite_observed-policy_response_gaps_multigen_none_n7_r8_k10,4,True,"[0, 1, 2, 3, 4, 5, 6, 7, 8, 9]",multigen_none_n7_r8_k10,"[0, 1, 2, 3, 4, 5, 6, 7, 8, 9]",0.6428,coalition_game_win_rate,coalition_game_win_rate,10,0.041356982481801044,restricted_pool_gap
Finite_observed-policy_response_gaps_multigen_none_n7_r8_k10,5,True,"[0, 1, 2, 3, 4, 5, 6, 7, 8, 9]",multigen_none_n7_r8_k10,"[0, 1, 2, 3, 4, 5, 6, 7, 8, 9]",0.6062000000000001,any_false_ejection_rate,any_false_ejection_rate,10,0.06910507297667162,restricted_pool_gap
Finite_observed-policy_response_gaps_multigen_none_n7_r8_k10,5,True,"[0, 1, 2, 3, 4, 5, 6, 7, 8, 9]",multigen_none_n7_r8_k10,"[0, 1, 2, 3, 4, 5, 6, 7, 8, 9]",0.6443999999999999,coalition_game_win_rate,coalition_game_win_rate,10,0.06675860327411826,restricted_pool_gap
Finite_observed-policy_response_gaps_multigen_none_n7_r8_k10,6,True,"[0, 1, 2, 3, 4, 5, 6, 7, 8, 9]",multigen_none_n7_r8_k10,"[0, 1, 2, 3, 4, 5, 6, 7, 8, 9]",0.578,any_false_ejection_rate,any_false_ejection_rate,10,0.050780573713445465,restricted_pool_gap
Finite_observed-policy_response_gaps_multigen_none_n7_r8_k10,6,True,"[0, 1, 2, 3, 4, 5, 6, 7, 8, 9]",multigen_none_n7_r8_k10,"[0, 1, 2, 3, 4, 5, 6, 7, 8, 9]",0.5824,coalition_game_win_rate,coalition_game_win_rate,10,0.11263628781761822,restricted_pool_gap
Finite_observed-policy_response_gaps_multigen_none_n7_r8_k10,7,True,"[0, 1, 2, 3, 4, 5, 6, 7, 8, 9]",multigen_none_n7_r8_k10,"[0, 1, 2, 3, 4, 5, 6, 7, 8, 9]",0.6202,any_false_ejection_rate,any_false_ejection_rate,10,0.07459788498640188,restricted_pool_gap
Finite_observed-policy_response_gaps_multigen_none_n7_r8_k10,7,True,"[0, 1, 2, 3, 4, 5, 6, 7, 8, 9]",multigen_none_n7_r8_k10,"[0, 1, 2, 3, 4, 5, 6, 7, 8, 9]",0.6357999999999999,coalition_game_win_rate,coalition_game_win_rate,10,0.07090181003801428,restricted_pool_gap
Finite_observed-policy_response_gaps_multigen_none_n7_r8_k10,8,True,"[0, 1, 2, 3, 4, 5, 6, 7, 8, 9]",multigen_none_n7_r8_k10,"[0, 1, 2, 3, 4, 5, 6, 7, 8, 9]",0.6287999999999999,any_false_ejection_rate,any_false_ejection_rate,10,0.0748165162989504,restricted_pool_gap
Finite_observed-policy_response_gaps_multigen_none_n7_r8_k10,8,True,"[0, 1, 2, 3, 4, 5, 6, 7, 8, 9]",multigen_none_n7_r8_k10,"[0, 1, 2, 3, 4, 5, 6, 7, 8, 9]",0.607,coalition_game_win_rate,coalition_game_win_rate,10,0.0994976269957117,restricted_pool_gap
Finite_observed-policy_response_gaps_multigen_none_n7_r8_k10,9,True,"[0, 1, 2, 3, 4, 5, 6, 7, 8, 9]",multigen_none_n7_r8_k10,"[0, 1, 2, 3, 4, 5, 6, 7, 8, 9]",0.6088,any_false_ejection_rate,any_false_ejection_rate,10,0.07348590189810407,restricted_pool_gap
Finite_observed-policy_response_gaps_multigen_none_n7_r8_k10,9,True,"[0, 1, 2, 3, 4, 5, 6, 7, 8, 9]",multigen_none_n7_r8_k10,"[0, 1, 2, 3, 4, 5, 6, 7, 8, 9]",0.5967999999999999,coalition_game_win_rate,coalition_game_win_rate,10,0.11836741293297087,restricted_pool_gap
Generation_stages_multigen_none_n9_r8_k3,C0,True,"[0, 1, 2, 3, 4]",multigen_none_n9_r8_k3,"[0, 1, 2, 3, 4]",0.9693999999999999,any_false_ejection_rate,any_false_ejection_rate,5,0.011104053313993058,stages
Generation_stages_multigen_none_n9_r8_k3,C0,True,"[0, 1, 2, 3, 4]",multigen_none_n9_r8_k3,"[0, 1, 2, 3, 4]",0.9561999999999999,coalition_game_win_rate,coalition_game_win_rate,5,0.013236313686219449,stages
Generation_stages_multigen_none_n9_r8_k3,C0,True,"[0, 1, 2, 3, 4]",multigen_none_n9_r8_k3,"[0, 1, 2, 3, 4]",0.9606,false_ejection_rate,terminal-meeting false ejection,5,0.01304990421420787,stages
Generation_stages_multigen_none_n9_r8_k3,C0,True,"[0, 1, 2, 3, 4]",multigen_none_n9_r8_k3,"[0, 1, 2, 3, 4]",4.8096000000000005,mean_false_ejections,mean_false_ejections,5,0.06524032495320675,stages
Generation_stages_multigen_none_n9_r8_k3,C1,True,"[0, 1, 2, 3, 4]",multigen_none_n9_r8_k3,"[0, 1, 2, 3, 4]",0.9429999999999998,any_false_ejection_rate,any_false_ejection_rate,5,0.009669539802906833,stages
Generation_stages_multigen_none_n9_r8_k3,C1,True,"[0, 1, 2, 3, 4]",multigen_none_n9_r8_k3,"[0, 1, 2, 3, 4]",0.8122,coalition_game_win_rate,coalition_game_win_rate,5,0.01889973544788388,stages
Generation_stages_multigen_none_n9_r8_k3,C1,True,"[0, 1, 2, 3, 4]",multigen_none_n9_r8_k3,"[0, 1, 2, 3, 4]",0.5492000000000001,false_ejection_rate,terminal-meeting false ejection,5,0.02282980508020161,stages
Generation_stages_multigen_none_n9_r8_k3,C1,True,"[0, 1, 2, 3, 4]",multigen_none_n9_r8_k3,"[0, 1, 2, 3, 4]",1.9972,mean_false_ejections,mean_false_ejections,5,0.07351326410927479,stages
Generation_stages_multigen_none_n9_r8_k3,C2,True,"[0, 1, 2, 3, 4]",multigen_none_n9_r8_k3,"[0, 1, 2, 3, 4]",0.9441999999999998,any_false_ejection_rate,any_false_ejection_rate,5,0.014481022063376588,stages
Generation_stages_multigen_none_n9_r8_k3,C2,True,"[0, 1, 2, 3, 4]",multigen_none_n9_r8_k3,"[0, 1, 2, 3, 4]",0.7004,coalition_game_win_rate,coalition_game_win_rate,5,0.10056739034100468,stages
Generation_stages_multigen_none_n9_r8_k3,C2,True,"[0, 1, 2, 3, 4]",multigen_none_n9_r8_k3,"[0, 1, 2, 3, 4]",0.4144,false_ejection_rate,terminal-meeting false ejection,5,0.07711549779389353,stages
Generation_stages_multigen_none_n9_r8_k3,C2,True,"[0, 1, 2, 3, 4]",multigen_none_n9_r8_k3,"[0, 1, 2, 3, 4]",2.0506,mean_false_ejections,mean_false_ejections,5,0.1050038094547051,stages
Generation_stages_multigen_none_n9_r8_k3,C3,True,"[0, 1, 2, 3, 4]",multigen_none_n9_r8_k3,"[0, 1, 2, 3, 4]",0.9437999999999999,any_false_ejection_rate,any_false_ejection_rate,5,0.015514509338035758,stages
Generation_stages_multigen_none_n9_r8_k3,C3,True,"[0, 1, 2, 3, 4]",multigen_none_n9_r8_k3,"[0, 1, 2, 3, 4]",0.742,coalition_game_win_rate,coalition_game_win_rate,5,0.04226109321823088,stages
Generation_stages_multigen_none_n9_r8_k3,C3,True,"[0, 1, 2, 3, 4]",multigen_none_n9_r8_k3,"[0, 1, 2, 3, 4]",0.4444,false_ejection_rate,terminal-meeting false ejection,5,0.05949201627109306,stages
Generation_stages_multigen_none_n9_r8_k3,C3,True,"[0, 1, 2, 3, 4]",multigen_none_n9_r8_k3,"[0, 1, 2, 3, 4]",2.0752,mean_false_ejections,mean_false_ejections,5,0.14640594250234512,stages
Generation_stages_multigen_none_n9_r8_k3,D1,True,"[0, 1, 2, 3, 4]",multigen_none_n9_r8_k3,"[0, 1, 2, 3, 4]",0.9465999999999999,any_false_ejection_rate,any_false_ejection_rate,5,0.005639148871948678,stages
Generation_stages_multigen_none_n9_r8_k3,D1,True,"[0, 1, 2, 3, 4]",multigen_none_n9_r8_k3,"[0, 1, 2, 3, 4]",0.3064,coalition_game_win_rate,coalition_game_win_rate,5,0.025065913109240626,stages
Generation_stages_multigen_none_n9_r8_k3,D1,True,"[0, 1, 2, 3, 4]",multigen_none_n9_r8_k3,"[0, 1, 2, 3, 4]",0.3574,false_ejection_rate,terminal-meeting false ejection,5,0.021477895613863103,stages
Generation_stages_multigen_none_n9_r8_k3,D1,True,"[0, 1, 2, 3, 4]",multigen_none_n9_r8_k3,"[0, 1, 2, 3, 4]",2.9542,mean_false_ejections,mean_false_ejections,5,0.11189593379564776,stages
Generation_stages_multigen_none_n9_r8_k3,D2,True,"[0, 1, 2, 3, 4]",multigen_none_n9_r8_k3,"[0, 1, 2, 3, 4]",0.9067999999999999,any_false_ejection_rate,any_false_ejection_rate,5,0.021787611158637858,stages
Generation_stages_multigen_none_n9_r8_k3,D2,True,"[0, 1, 2, 3, 4]",multigen_none_n9_r8_k3,"[0, 1, 2, 3, 4]",0.394,coalition_game_win_rate,coalition_game_win_rate,5,0.11874552623151746,stages
Generation_stages_multigen_none_n9_r8_k3,D2,True,"[0, 1, 2, 3, 4]",multigen_none_n9_r8_k3,"[0, 1, 2, 3, 4]",0.2366,false_ejection_rate,terminal-meeting false ejection,5,0.08527191800352564,stages
Generation_stages_multigen_none_n9_r8_k3,D2,True,"[0, 1, 2, 3, 4]",multigen_none_n9_r8_k3,"[0, 1, 2, 3, 4]",1.9304000000000001,mean_false_ejections,mean_false_ejections,5,0.23900794965858352,stages
Generation_stages_multigen_none_n9_r8_k3,D3,True,"[0, 1, 2, 3, 4]",multigen_none_n9_r8_k3,"[0, 1, 2, 3, 4]",0.8808,any_false_ejection_rate,any_false_ejection_rate,5,0.028577963538362935,stages
Generation_stages_multigen_none_n9_r8_k3,D3,True,"[0, 1, 2, 3, 4]",multigen_none_n9_r8_k3,"[0, 1, 2, 3, 4]",0.2908,coalition_game_win_rate,coalition_game_win_rate,5,0.13405483952472586,stages
Generation_stages_multigen_none_n9_r8_k3,D3,True,"[0, 1, 2, 3, 4]",multigen_none_n9_r8_k3,"[0, 1, 2, 3, 4]",0.1608,false_ejection_rate,terminal-meeting false ejection,5,0.07426439254447587,stages
Generation_stages_multigen_none_n9_r8_k3,D3,True,"[0, 1, 2, 3, 4]",multigen_none_n9_r8_k3,"[0, 1, 2, 3, 4]",1.576,mean_false_ejections,mean_false_ejections,5,0.29279685790663806,stages
multigen_none_n9_r8_k3_matrix,C0|D0,True,"[0, 1, 2, 3, 4]",multigen_none_n9_r8_k3,"[0, 1, 2, 3, 4]",0.9732,any_false_ejection_rate,any_false_ejection_rate,5,0.009444575162494084,crossplay
multigen_none_n9_r8_k3_matrix,C0|D0,True,"[0, 1, 2, 3, 4]",multigen_none_n9_r8_k3,"[0, 1, 2, 3, 4]",0.9591999999999998,coalition_game_win_rate,coalition_game_win_rate,5,0.014737706741552444,crossplay
multigen_none_n9_r8_k3_matrix,C0|D0,True,"[0, 1, 2, 3, 4]",multigen_none_n9_r8_k3,"[0, 1, 2, 3, 4]",0.9644,false_ejection_rate,terminal-meeting false ejection,5,0.01479188966968049,crossplay
multigen_none_n9_r8_k3_matrix,C0|D0,True,"[0, 1, 2, 3, 4]",multigen_none_n9_r8_k3,"[0, 1, 2, 3, 4]",4.8268,mean_false_ejections,mean_false_ejections,5,0.06910282193948382,crossplay
multigen_none_n9_r8_k3_matrix,C0|D1,True,"[0, 1, 2, 3, 4]",multigen_none_n9_r8_k3,"[0, 1, 2, 3, 4]",0.9512,any_false_ejection_rate,any_false_ejection_rate,5,0.009859006035092956,crossplay
multigen_none_n9_r8_k3_matrix,C0|D1,True,"[0, 1, 2, 3, 4]",multigen_none_n9_r8_k3,"[0, 1, 2, 3, 4]",0.3084,coalition_game_win_rate,coalition_game_win_rate,5,0.023891421054428725,crossplay
multigen_none_n9_r8_k3_matrix,C0|D1,True,"[0, 1, 2, 3, 4]",multigen_none_n9_r8_k3,"[0, 1, 2, 3, 4]",0.36119999999999997,false_ejection_rate,terminal-meeting false ejection,5,0.030548322376196056,crossplay
multigen_none_n9_r8_k3_matrix,C0|D1,True,"[0, 1, 2, 3, 4]",multigen_none_n9_r8_k3,"[0, 1, 2, 3, 4]",2.9732,mean_false_ejections,mean_false_ejections,5,0.10909262119868597,crossplay
multigen_none_n9_r8_k3_matrix,C0|D2,True,"[0, 1, 2, 3, 4]",multigen_none_n9_r8_k3,"[0, 1, 2, 3, 4]",0.9359999999999999,any_false_ejection_rate,any_false_ejection_rate,5,0.007615773105863864,crossplay
multigen_none_n9_r8_k3_matrix,C0|D2,True,"[0, 1, 2, 3, 4]",multigen_none_n9_r8_k3,"[0, 1, 2, 3, 4]",0.23959999999999998,coalition_game_win_rate,coalition_game_win_rate,5,0.06121111010266029,crossplay
multigen_none_n9_r8_k3_matrix,C0|D2,True,"[0, 1, 2, 3, 4]",multigen_none_n9_r8_k3,"[0, 1, 2, 3, 4]",0.2796,false_ejection_rate,terminal-meeting false ejection,5,0.06846020742007725,crossplay
multigen_none_n9_r8_k3_matrix,C0|D2,True,"[0, 1, 2, 3, 4]",multigen_none_n9_r8_k3,"[0, 1, 2, 3, 4]",2.8396,mean_false_ejections,mean_false_ejections,5,0.13513992748259115,crossplay
multigen_none_n9_r8_k3_matrix,C0|D3,True,"[0, 1, 2, 3, 4]",multigen_none_n9_r8_k3,"[0, 1, 2, 3, 4]",0.9228,any_false_ejection_rate,any_false_ejection_rate,5,0.019677398201998122,crossplay
multigen_none_n9_r8_k3_matrix,C0|D3,True,"[0, 1, 2, 3, 4]",multigen_none_n9_r8_k3,"[0, 1, 2, 3, 4]",0.1728,coalition_game_win_rate,coalition_game_win_rate,5,0.07741576066925908,crossplay
multigen_none_n9_r8_k3_matrix,C0|D3,True,"[0, 1, 2, 3, 4]",multigen_none_n9_r8_k3,"[0, 1, 2, 3, 4]",0.2036,false_ejection_rate,terminal-meeting false ejection,5,0.08297469493767362,crossplay
multigen_none_n9_r8_k3_matrix,C0|D3,True,"[0, 1, 2, 3, 4]",multigen_none_n9_r8_k3,"[0, 1, 2, 3, 4]",2.5092000000000003,mean_false_ejections,mean_false_ejections,5,0.4142646497107857,crossplay
multigen_none_n9_r8_k3_matrix,C1|D0,True,"[0, 1, 2, 3, 4]",multigen_none_n9_r8_k3,"[0, 1, 2, 3, 4]",0.41159999999999997,any_false_ejection_rate,any_false_ejection_rate,5,0.05380334562088125,crossplay
multigen_none_n9_r8_k3_matrix,C1|D0,True,"[0, 1, 2, 3, 4]",multigen_none_n9_r8_k3,"[0, 1, 2, 3, 4]",0.07239999999999999,coalition_game_win_rate,coalition_game_win_rate,5,0.020169283576765933,crossplay
multigen_none_n9_r8_k3_matrix,C1|D0,True,"[0, 1, 2, 3, 4]",multigen_none_n9_r8_k3,"[0, 1, 2, 3, 4]",0.018,false_ejection_rate,terminal-meeting false ejection,5,0.011916375287812983,crossplay
multigen_none_n9_r8_k3_matrix,C1|D0,True,"[0, 1, 2, 3, 4]",multigen_none_n9_r8_k3,"[0, 1, 2, 3, 4]",0.568,mean_false_ejections,mean_false_ejections,5,0.11383321132253098,crossplay
multigen_none_n9_r8_k3_matrix,C1|D1,True,"[0, 1, 2, 3, 4]",multigen_none_n9_r8_k3,"[0, 1, 2, 3, 4]",0.9391999999999999,any_false_ejection_rate,any_false_ejection_rate,5,0.011278297743897298,crossplay
multigen_none_n9_r8_k3_matrix,C1|D1,True,"[0, 1, 2, 3, 4]",multigen_none_n9_r8_k3,"[0, 1, 2, 3, 4]",0.8108000000000001,coalition_game_win_rate,coalition_game_win_rate,5,0.023220680437919954,crossplay
multigen_none_n9_r8_k3_matrix,C1|D1,True,"[0, 1, 2, 3, 4]",multigen_none_n9_r8_k3,"[0, 1, 2, 3, 4]",0.5428,false_ejection_rate,terminal-meeting false ejection,5,0.04314162722939412,crossplay
multigen_none_n9_r8_k3_matrix,C1|D1,True,"[0, 1, 2, 3, 4]",multigen_none_n9_r8_k3,"[0, 1, 2, 3, 4]",1.9944,mean_false_ejections,mean_false_ejections,5,0.09726664381996523,crossplay
multigen_none_n9_r8_k3_matrix,C1|D2,True,"[0, 1, 2, 3, 4]",multigen_none_n9_r8_k3,"[0, 1, 2, 3, 4]",0.9067999999999999,any_false_ejection_rate,any_false_ejection_rate,5,0.021099763031844715,crossplay
multigen_none_n9_r8_k3_matrix,C1|D2,True,"[0, 1, 2, 3, 4]",multigen_none_n9_r8_k3,"[0, 1, 2, 3, 4]",0.398,coalition_game_win_rate,coalition_game_win_rate,5,0.110227038425243,crossplay
multigen_none_n9_r8_k3_matrix,C1|D2,True,"[0, 1, 2, 3, 4]",multigen_none_n9_r8_k3,"[0, 1, 2, 3, 4]",0.23520000000000002,false_ejection_rate,terminal-meeting false ejection,5,0.08227514813113374,crossplay
multigen_none_n9_r8_k3_matrix,C1|D2,True,"[0, 1, 2, 3, 4]",multigen_none_n9_r8_k3,"[0, 1, 2, 3, 4]",1.9419999999999997,mean_false_ejections,mean_false_ejections,5,0.23387603554019804,crossplay
multigen_none_n9_r8_k3_matrix,C1|D3,True,"[0, 1, 2, 3, 4]",multigen_none_n9_r8_k3,"[0, 1, 2, 3, 4]",0.9164,any_false_ejection_rate,any_false_ejection_rate,5,0.027582603212894897,crossplay
multigen_none_n9_r8_k3_matrix,C1|D3,True,"[0, 1, 2, 3, 4]",multigen_none_n9_r8_k3,"[0, 1, 2, 3, 4]",0.47840000000000005,coalition_game_win_rate,coalition_game_win_rate,5,0.13024131448968107,crossplay
multigen_none_n9_r8_k3_matrix,C1|D3,True,"[0, 1, 2, 3, 4]",multigen_none_n9_r8_k3,"[0, 1, 2, 3, 4]",0.28759999999999997,false_ejection_rate,terminal-meeting false ejection,5,0.09214553705958851,crossplay
multigen_none_n9_r8_k3_matrix,C1|D3,True,"[0, 1, 2, 3, 4]",multigen_none_n9_r8_k3,"[0, 1, 2, 3, 4]",1.8264,mean_false_ejections,mean_false_ejections,5,0.2382242640874351,crossplay
multigen_none_n9_r8_k3_matrix,C2|D0,True,"[0, 1, 2, 3, 4]",multigen_none_n9_r8_k3,"[0, 1, 2, 3, 4]",0.3296,any_false_ejection_rate,any_false_ejection_rate,5,0.07639895287240528,crossplay
multigen_none_n9_r8_k3_matrix,C2|D0,True,"[0, 1, 2, 3, 4]",multigen_none_n9_r8_k3,"[0, 1, 2, 3, 4]",0.04240000000000001,coalition_game_win_rate,coalition_game_win_rate,5,0.009838699100999077,crossplay
multigen_none_n9_r8_k3_matrix,C2|D0,True,"[0, 1, 2, 3, 4]",multigen_none_n9_r8_k3,"[0, 1, 2, 3, 4]",0.0076,false_ejection_rate,terminal-meeting false ejection,5,0.005366563145999496,crossplay
multigen_none_n9_r8_k3_matrix,C2|D0,True,"[0, 1, 2, 3, 4]",multigen_none_n9_r8_k3,"[0, 1, 2, 3, 4]",0.434,mean_false_ejections,mean_false_ejections,5,0.13704743704279918,crossplay
multigen_none_n9_r8_k3_matrix,C2|D1,True,"[0, 1, 2, 3, 4]",multigen_none_n9_r8_k3,"[0, 1, 2, 3, 4]",0.9276,any_false_ejection_rate,any_false_ejection_rate,5,0.013667479650615868,crossplay
multigen_none_n9_r8_k3_matrix,C2|D1,True,"[0, 1, 2, 3, 4]",multigen_none_n9_r8_k3,"[0, 1, 2, 3, 4]",0.7852,coalition_game_win_rate,coalition_game_win_rate,5,0.04426285124119321,crossplay
multigen_none_n9_r8_k3_matrix,C2|D1,True,"[0, 1, 2, 3, 4]",multigen_none_n9_r8_k3,"[0, 1, 2, 3, 4]",0.5076,false_ejection_rate,terminal-meeting false ejection,5,0.03326860381801439,crossplay
multigen_none_n9_r8_k3_matrix,C2|D1,True,"[0, 1, 2, 3, 4]",multigen_none_n9_r8_k3,"[0, 1, 2, 3, 4]",1.8968,mean_false_ejections,mean_false_ejections,5,0.07670202083387362,crossplay
multigen_none_n9_r8_k3_matrix,C2|D2,True,"[0, 1, 2, 3, 4]",multigen_none_n9_r8_k3,"[0, 1, 2, 3, 4]",0.9463999999999999,any_false_ejection_rate,any_false_ejection_rate,5,0.013145341380123955,crossplay
multigen_none_n9_r8_k3_matrix,C2|D2,True,"[0, 1, 2, 3, 4]",multigen_none_n9_r8_k3,"[0, 1, 2, 3, 4]",0.7068,coalition_game_win_rate,coalition_game_win_rate,5,0.10436091222291993,crossplay
multigen_none_n9_r8_k3_matrix,C2|D2,True,"[0, 1, 2, 3, 4]",multigen_none_n9_r8_k3,"[0, 1, 2, 3, 4]",0.41200000000000003,false_ejection_rate,terminal-meeting false ejection,5,0.09065318527222306,crossplay
multigen_none_n9_r8_k3_matrix,C2|D2,True,"[0, 1, 2, 3, 4]",multigen_none_n9_r8_k3,"[0, 1, 2, 3, 4]",2.0588,mean_false_ejections,mean_false_ejections,5,0.11347775112329292,crossplay
multigen_none_n9_r8_k3_matrix,C2|D3,True,"[0, 1, 2, 3, 4]",multigen_none_n9_r8_k3,"[0, 1, 2, 3, 4]",0.8695999999999999,any_false_ejection_rate,any_false_ejection_rate,5,0.03362736980496694,crossplay
multigen_none_n9_r8_k3_matrix,C2|D3,True,"[0, 1, 2, 3, 4]",multigen_none_n9_r8_k3,"[0, 1, 2, 3, 4]",0.2888,coalition_game_win_rate,coalition_game_win_rate,5,0.1331510420537519,crossplay
multigen_none_n9_r8_k3_matrix,C2|D3,True,"[0, 1, 2, 3, 4]",multigen_none_n9_r8_k3,"[0, 1, 2, 3, 4]",0.1524,false_ejection_rate,terminal-meeting false ejection,5,0.0723657377492968,crossplay
multigen_none_n9_r8_k3_matrix,C2|D3,True,"[0, 1, 2, 3, 4]",multigen_none_n9_r8_k3,"[0, 1, 2, 3, 4]",1.5576,mean_false_ejections,mean_false_ejections,5,0.31027536157419916,crossplay
multigen_none_n9_r8_k3_matrix,C3|D0,True,"[0, 1, 2, 3, 4]",multigen_none_n9_r8_k3,"[0, 1, 2, 3, 4]",0.45280000000000004,any_false_ejection_rate,any_false_ejection_rate,5,0.09739199145720351,crossplay
multigen_none_n9_r8_k3_matrix,C3|D0,True,"[0, 1, 2, 3, 4]",multigen_none_n9_r8_k3,"[0, 1, 2, 3, 4]",0.0608,coalition_game_win_rate,coalition_game_win_rate,5,0.015594870951694345,crossplay
multigen_none_n9_r8_k3_matrix,C3|D0,True,"[0, 1, 2, 3, 4]",multigen_none_n9_r8_k3,"[0, 1, 2, 3, 4]",0.014800000000000002,false_ejection_rate,terminal-meeting false ejection,5,0.009444575162494076,crossplay
multigen_none_n9_r8_k3_matrix,C3|D0,True,"[0, 1, 2, 3, 4]",multigen_none_n9_r8_k3,"[0, 1, 2, 3, 4]",0.6315999999999999,mean_false_ejections,mean_false_ejections,5,0.17381829592997394,crossplay
multigen_none_n9_r8_k3_matrix,C3|D1,True,"[0, 1, 2, 3, 4]",multigen_none_n9_r8_k3,"[0, 1, 2, 3, 4]",0.9343999999999999,any_false_ejection_rate,any_false_ejection_rate,5,0.010899541274750941,crossplay
multigen_none_n9_r8_k3_matrix,C3|D1,True,"[0, 1, 2, 3, 4]",multigen_none_n9_r8_k3,"[0, 1, 2, 3, 4]",0.7676,coalition_game_win_rate,coalition_game_win_rate,5,0.03958282455813379,crossplay
multigen_none_n9_r8_k3_matrix,C3|D1,True,"[0, 1, 2, 3, 4]",multigen_none_n9_r8_k3,"[0, 1, 2, 3, 4]",0.5071999999999999,false_ejection_rate,terminal-meeting false ejection,5,0.06179967637455717,crossplay
multigen_none_n9_r8_k3_matrix,C3|D1,True,"[0, 1, 2, 3, 4]",multigen_none_n9_r8_k3,"[0, 1, 2, 3, 4]",1.9936,mean_false_ejections,mean_false_ejections,5,0.12700708641646732,crossplay
multigen_none_n9_r8_k3_matrix,C3|D2,True,"[0, 1, 2, 3, 4]",multigen_none_n9_r8_k3,"[0, 1, 2, 3, 4]",0.9076000000000001,any_false_ejection_rate,any_false_ejection_rate,5,0.007668115805072332,crossplay
multigen_none_n9_r8_k3_matrix,C3|D2,True,"[0, 1, 2, 3, 4]",multigen_none_n9_r8_k3,"[0, 1, 2, 3, 4]",0.37120000000000003,coalition_game_win_rate,coalition_game_win_rate,5,0.11449541475535166,crossplay
multigen_none_n9_r8_k3_matrix,C3|D2,True,"[0, 1, 2, 3, 4]",multigen_none_n9_r8_k3,"[0, 1, 2, 3, 4]",0.2488,false_ejection_rate,terminal-meeting false ejection,5,0.09078105529239018,crossplay
multigen_none_n9_r8_k3_matrix,C3|D2,True,"[0, 1, 2, 3, 4]",multigen_none_n9_r8_k3,"[0, 1, 2, 3, 4]",2.1144,mean_false_ejections,mean_false_ejections,5,0.24425150971897805,crossplay
multigen_none_n9_r8_k3_matrix,C3|D3,True,"[0, 1, 2, 3, 4]",multigen_none_n9_r8_k3,"[0, 1, 2, 3, 4]",0.9391999999999999,any_false_ejection_rate,any_false_ejection_rate,5,0.023220680437919954,crossplay
multigen_none_n9_r8_k3_matrix,C3|D3,True,"[0, 1, 2, 3, 4]",multigen_none_n9_r8_k3,"[0, 1, 2, 3, 4]",0.7308,coalition_game_win_rate,coalition_game_win_rate,5,0.04337280253799609,crossplay
multigen_none_n9_r8_k3_matrix,C3|D3,True,"[0, 1, 2, 3, 4]",multigen_none_n9_r8_k3,"[0, 1, 2, 3, 4]",0.4344,false_ejection_rate,terminal-meeting false ejection,5,0.0652594820696579,crossplay
multigen_none_n9_r8_k3_matrix,C3|D3,True,"[0, 1, 2, 3, 4]",multigen_none_n9_r8_k3,"[0, 1, 2, 3, 4]",2.0536000000000003,mean_false_ejections,mean_false_ejections,5,0.14161497095999417,crossplay
Loop_descriptors_multigen_none_n9_r8_k3,c_stage_mean,True,"[0, 1, 2, 3, 4]",multigen_none_n9_r8_k3,"[0, 1, 2, 3, 4]",0.9436666666666668,any_false_ejection_rate,any_false_ejection_rate,5,0.008637772346566569,loop_h3
Loop_descriptors_multigen_none_n9_r8_k3,c_stage_mean,True,"[0, 1, 2, 3, 4]",multigen_none_n9_r8_k3,"[0, 1, 2, 3, 4]",0.7515333333333334,coalition_game_win_rate,coalition_game_win_rate,5,0.04845822943525696,loop_h3
Loop_descriptors_multigen_none_n9_r8_k3,c_stage_mean,True,"[0, 1, 2, 3, 4]",multigen_none_n9_r8_k3,"[0, 1, 2, 3, 4]",0.4693333333333333,false_ejection_rate,terminal-meeting false ejection,5,0.034713109915419565,loop_h3
Loop_descriptors_multigen_none_n9_r8_k3,c_stage_mean,True,"[0, 1, 2, 3, 4]",multigen_none_n9_r8_k3,"[0, 1, 2, 3, 4]",2.041,mean_false_ejections,mean_false_ejections,5,0.03839704849768184,loop_h3
Loop_descriptors_multigen_none_n9_r8_k3,d_stage_mean,True,"[0, 1, 2, 3, 4]",multigen_none_n9_r8_k3,"[0, 1, 2, 3, 4]",0.9114000000000001,any_false_ejection_rate,any_false_ejection_rate,5,0.005584701324949155,loop_h3
Loop_descriptors_multigen_none_n9_r8_k3,d_stage_mean,True,"[0, 1, 2, 3, 4]",multigen_none_n9_r8_k3,"[0, 1, 2, 3, 4]",0.3304,coalition_game_win_rate,coalition_game_win_rate,5,0.043522918611283934,loop_h3
Loop_descriptors_multigen_none_n9_r8_k3,d_stage_mean,True,"[0, 1, 2, 3, 4]",multigen_none_n9_r8_k3,"[0, 1, 2, 3, 4]",0.2516,false_ejection_rate,terminal-meeting false ejection,5,0.031671403154545856,loop_h3
Loop_descriptors_multigen_none_n9_r8_k3,d_stage_mean,True,"[0, 1, 2, 3, 4]",multigen_none_n9_r8_k3,"[0, 1, 2, 3, 4]",2.153533333333333,mean_false_ejections,mean_false_ejections,5,0.07099514850404294,loop_h3
Loop_descriptors_multigen_none_n9_r8_k3,late_minus_early,True,"[0, 1, 2, 3, 4]",multigen_none_n9_r8_k3,"[0, 1, 2, 3, 4]",0.0008000000000000229,any_false_ejection_rate,any_false_ejection_rate,5,0.01495660389259539,loop_h3
Loop_descriptors_multigen_none_n9_r8_k3,late_minus_early,True,"[0, 1, 2, 3, 4]",multigen_none_n9_r8_k3,"[0, 1, 2, 3, 4]",-0.07019999999999997,coalition_game_win_rate,coalition_game_win_rate,5,0.030326556019436183,loop_h3
Loop_descriptors_multigen_none_n9_r8_k3,late_minus_early,True,"[0, 1, 2, 3, 4]",multigen_none_n9_r8_k3,"[0, 1, 2, 3, 4]",-0.1048,false_ejection_rate,terminal-meeting false ejection,5,0.049931953697006475,loop_h3
Loop_descriptors_multigen_none_n9_r8_k3,late_minus_early,True,"[0, 1, 2, 3, 4]",multigen_none_n9_r8_k3,"[0, 1, 2, 3, 4]",0.07799999999999999,mean_false_ejections,mean_false_ejections,5,0.16523468158955004,loop_h3
Loop_descriptors_multigen_none_n9_r8_k3,matrix_adaptation_gain,True,"[0, 1, 2, 3, 4]",multigen_none_n9_r8_k3,"[0, 1, 2, 3, 4]",0.0324,any_false_ejection_rate,any_false_ejection_rate,5,0.018412556102350958,loop_h3
Loop_descriptors_multigen_none_n9_r8_k3,matrix_adaptation_gain,True,"[0, 1, 2, 3, 4]",multigen_none_n9_r8_k3,"[0, 1, 2, 3, 4]",0.41773333333333335,coalition_game_win_rate,coalition_game_win_rate,5,0.08811810256695272,loop_h3
Loop_descriptors_multigen_none_n9_r8_k3,matrix_adaptation_gain,True,"[0, 1, 2, 3, 4]",multigen_none_n9_r8_k3,"[0, 1, 2, 3, 4]",0.21346666666666664,false_ejection_rate,terminal-meeting false ejection,5,0.0662661301118452,loop_h3
Loop_descriptors_multigen_none_n9_r8_k3,matrix_adaptation_gain,True,"[0, 1, 2, 3, 4]",multigen_none_n9_r8_k3,"[0, 1, 2, 3, 4]",-0.122,mean_false_ejections,mean_false_ejections,5,0.11086428139346273,loop_h3
Finite_observed-policy_response_gaps_multigen_none_n9_r8_k3,0,True,"[0, 1, 2, 3, 4]",multigen_none_n9_r8_k3,"[0, 1, 2, 3, 4]",0.05039999999999998,any_false_ejection_rate,any_false_ejection_rate,5,0.020947553556441824,restricted_pool_gap
Finite_observed-policy_response_gaps_multigen_none_n9_r8_k3,0,True,"[0, 1, 2, 3, 4]",multigen_none_n9_r8_k3,"[0, 1, 2, 3, 4]",0.7979999999999999,coalition_game_win_rate,coalition_game_win_rate,5,0.07948584779695064,restricted_pool_gap
Finite_observed-policy_response_gaps_multigen_none_n9_r8_k3,1,True,"[0, 1, 2, 3, 4]",multigen_none_n9_r8_k3,"[0, 1, 2, 3, 4]",0.5416,any_false_ejection_rate,any_false_ejection_rate,5,0.05555897767237983,restricted_pool_gap
Finite_observed-policy_response_gaps_multigen_none_n9_r8_k3,1,True,"[0, 1, 2, 3, 4]",multigen_none_n9_r8_k3,"[0, 1, 2, 3, 4]",0.744,coalition_game_win_rate,coalition_game_win_rate,5,0.0307245829914744,restricted_pool_gap
Finite_observed-policy_response_gaps_multigen_none_n9_r8_k3,2,True,"[0, 1, 2, 3, 4]",multigen_none_n9_r8_k3,"[0, 1, 2, 3, 4]",0.6168,any_false_ejection_rate,any_false_ejection_rate,5,0.06662732172314899,restricted_pool_gap
Finite_observed-policy_response_gaps_multigen_none_n9_r8_k3,2,True,"[0, 1, 2, 3, 4]",multigen_none_n9_r8_k3,"[0, 1, 2, 3, 4]",0.6644,coalition_game_win_rate,coalition_game_win_rate,5,0.100860299424501,restricted_pool_gap
Finite_observed-policy_response_gaps_multigen_none_n9_r8_k3,3,True,"[0, 1, 2, 3, 4]",multigen_none_n9_r8_k3,"[0, 1, 2, 3, 4]",0.4952,any_false_ejection_rate,any_false_ejection_rate,5,0.09248351204403958,restricted_pool_gap
Finite_observed-policy_response_gaps_multigen_none_n9_r8_k3,3,True,"[0, 1, 2, 3, 4]",multigen_none_n9_r8_k3,"[0, 1, 2, 3, 4]",0.6699999999999999,coalition_game_win_rate,coalition_game_win_rate,5,0.03258834147360064,restricted_pool_gap
Generation_stages_multigen_rwbal_n7_r1_k4,C0,True,"[0, 1, 2, 3, 4]",multigen_rwbal_n7_r1_k4,"[0, 1, 2, 3, 4]",0.23379999999999995,coalition_favorable_rate,coalition_favorable_rate,5,0.07811977982559859,stages
Generation_stages_multigen_rwbal_n7_r1_k4,C0,True,"[0, 1, 2, 3, 4]",multigen_rwbal_n7_r1_k4,"[0, 1, 2, 3, 4]",0.1854,false_ejection_rate,false_ejection_rate,5,0.07069158365746236,stages
Generation_stages_multigen_rwbal_n7_r1_k4,C1,True,"[0, 1, 2, 3, 4]",multigen_rwbal_n7_r1_k4,"[0, 1, 2, 3, 4]",0.7134,coalition_favorable_rate,coalition_favorable_rate,5,0.02869320477046785,stages
Generation_stages_multigen_rwbal_n7_r1_k4,C1,True,"[0, 1, 2, 3, 4]",multigen_rwbal_n7_r1_k4,"[0, 1, 2, 3, 4]",0.5264,false_ejection_rate,false_ejection_rate,5,0.04868572686116537,stages
Generation_stages_multigen_rwbal_n7_r1_k4,C2,True,"[0, 1, 2, 3, 4]",multigen_rwbal_n7_r1_k4,"[0, 1, 2, 3, 4]",0.798,coalition_favorable_rate,coalition_favorable_rate,5,0.03524911346402913,stages
Generation_stages_multigen_rwbal_n7_r1_k4,C2,True,"[0, 1, 2, 3, 4]",multigen_rwbal_n7_r1_k4,"[0, 1, 2, 3, 4]",0.6043999999999999,false_ejection_rate,false_ejection_rate,5,0.06150447138216864,stages
Generation_stages_multigen_rwbal_n7_r1_k4,C3,True,"[0, 1, 2, 3, 4]",multigen_rwbal_n7_r1_k4,"[0, 1, 2, 3, 4]",0.731,coalition_favorable_rate,coalition_favorable_rate,5,0.061534543144481035,stages
Generation_stages_multigen_rwbal_n7_r1_k4,C3,True,"[0, 1, 2, 3, 4]",multigen_rwbal_n7_r1_k4,"[0, 1, 2, 3, 4]",0.5574,false_ejection_rate,false_ejection_rate,5,0.07320040983491828,stages
Generation_stages_multigen_rwbal_n7_r1_k4,C4,True,"[0, 1, 2, 3, 4]",multigen_rwbal_n7_r1_k4,"[0, 1, 2, 3, 4]",0.736,coalition_favorable_rate,coalition_favorable_rate,5,0.06034484236453022,stages
Generation_stages_multigen_rwbal_n7_r1_k4,C4,True,"[0, 1, 2, 3, 4]",multigen_rwbal_n7_r1_k4,"[0, 1, 2, 3, 4]",0.504,false_ejection_rate,false_ejection_rate,5,0.08802272433866154,stages
Generation_stages_multigen_rwbal_n7_r1_k4,D1,True,"[0, 1, 2, 3, 4]",multigen_rwbal_n7_r1_k4,"[0, 1, 2, 3, 4]",0.6908000000000001,coalition_favorable_rate,coalition_favorable_rate,5,0.06536589324716675,stages
Generation_stages_multigen_rwbal_n7_r1_k4,D1,True,"[0, 1, 2, 3, 4]",multigen_rwbal_n7_r1_k4,"[0, 1, 2, 3, 4]",0.3952,false_ejection_rate,false_ejection_rate,5,0.04465646649702595,stages
Generation_stages_multigen_rwbal_n7_r1_k4,D2,True,"[0, 1, 2, 3, 4]",multigen_rwbal_n7_r1_k4,"[0, 1, 2, 3, 4]",0.7334,coalition_favorable_rate,coalition_favorable_rate,5,0.06753369529353477,stages
Generation_stages_multigen_rwbal_n7_r1_k4,D2,True,"[0, 1, 2, 3, 4]",multigen_rwbal_n7_r1_k4,"[0, 1, 2, 3, 4]",0.3934,false_ejection_rate,false_ejection_rate,5,0.04636054356885822,stages
Generation_stages_multigen_rwbal_n7_r1_k4,D3,True,"[0, 1, 2, 3, 4]",multigen_rwbal_n7_r1_k4,"[0, 1, 2, 3, 4]",0.6759999999999999,coalition_favorable_rate,coalition_favorable_rate,5,0.14554037240573492,stages
Generation_stages_multigen_rwbal_n7_r1_k4,D3,True,"[0, 1, 2, 3, 4]",multigen_rwbal_n7_r1_k4,"[0, 1, 2, 3, 4]",0.3586,false_ejection_rate,false_ejection_rate,5,0.08231221051581594,stages
Generation_stages_multigen_rwbal_n7_r1_k4,D4,True,"[0, 1, 2, 3, 4]",multigen_rwbal_n7_r1_k4,"[0, 1, 2, 3, 4]",0.6788000000000001,coalition_favorable_rate,coalition_favorable_rate,5,0.11266410253492459,stages
Generation_stages_multigen_rwbal_n7_r1_k4,D4,True,"[0, 1, 2, 3, 4]",multigen_rwbal_n7_r1_k4,"[0, 1, 2, 3, 4]",0.3708,false_ejection_rate,false_ejection_rate,5,0.10073579304298944,stages
multigen_rwbal_n7_r1_k4_matrix,C0|D0,True,"[0, 1, 2, 3, 4]",multigen_rwbal_n7_r1_k4,"[0, 1, 2, 3, 4]",0.23600000000000004,coalition_favorable_rate,coalition_favorable_rate,5,0.07939773296511682,crossplay
multigen_rwbal_n7_r1_k4_matrix,C0|D0,True,"[0, 1, 2, 3, 4]",multigen_rwbal_n7_r1_k4,"[0, 1, 2, 3, 4]",0.18519999999999998,false_ejection_rate,false_ejection_rate,5,0.06911729161360418,crossplay
multigen_rwbal_n7_r1_k4_matrix,C0|D1,True,"[0, 1, 2, 3, 4]",multigen_rwbal_n7_r1_k4,"[0, 1, 2, 3, 4]",0.6752,coalition_favorable_rate,coalition_favorable_rate,5,0.0796944163665184,crossplay
multigen_rwbal_n7_r1_k4_matrix,C0|D1,True,"[0, 1, 2, 3, 4]",multigen_rwbal_n7_r1_k4,"[0, 1, 2, 3, 4]",0.3856,false_ejection_rate,false_ejection_rate,5,0.052180456111459966,crossplay
multigen_rwbal_n7_r1_k4_matrix,C0|D2,True,"[0, 1, 2, 3, 4]",multigen_rwbal_n7_r1_k4,"[0, 1, 2, 3, 4]",0.7504,coalition_favorable_rate,coalition_favorable_rate,5,0.03260061349115998,crossplay
multigen_rwbal_n7_r1_k4_matrix,C0|D2,True,"[0, 1, 2, 3, 4]",multigen_rwbal_n7_r1_k4,"[0, 1, 2, 3, 4]",0.43879999999999997,false_ejection_rate,false_ejection_rate,5,0.020620378270051226,crossplay
multigen_rwbal_n7_r1_k4_matrix,C0|D3,True,"[0, 1, 2, 3, 4]",multigen_rwbal_n7_r1_k4,"[0, 1, 2, 3, 4]",0.6971999999999999,coalition_favorable_rate,coalition_favorable_rate,5,0.06527786761223134,crossplay
multigen_rwbal_n7_r1_k4_matrix,C0|D3,True,"[0, 1, 2, 3, 4]",multigen_rwbal_n7_r1_k4,"[0, 1, 2, 3, 4]",0.4507999999999999,false_ejection_rate,false_ejection_rate,5,0.041124202119919614,crossplay
multigen_rwbal_n7_r1_k4_matrix,C0|D4,True,"[0, 1, 2, 3, 4]",multigen_rwbal_n7_r1_k4,"[0, 1, 2, 3, 4]",0.6976000000000001,coalition_favorable_rate,coalition_favorable_rate,5,0.08160147057498414,crossplay
multigen_rwbal_n7_r1_k4_matrix,C0|D4,True,"[0, 1, 2, 3, 4]",multigen_rwbal_n7_r1_k4,"[0, 1, 2, 3, 4]",0.4104,false_ejection_rate,false_ejection_rate,5,0.09106481208458074,crossplay
multigen_rwbal_n7_r1_k4_matrix,C1|D0,True,"[0, 1, 2, 3, 4]",multigen_rwbal_n7_r1_k4,"[0, 1, 2, 3, 4]",0.11080000000000001,coalition_favorable_rate,coalition_favorable_rate,5,0.006099180272790763,crossplay
multigen_rwbal_n7_r1_k4_matrix,C1|D0,True,"[0, 1, 2, 3, 4]",multigen_rwbal_n7_r1_k4,"[0, 1, 2, 3, 4]",0.078,false_ejection_rate,false_ejection_rate,5,0.004690415759823427,crossplay
multigen_rwbal_n7_r1_k4_matrix,C1|D1,True,"[0, 1, 2, 3, 4]",multigen_rwbal_n7_r1_k4,"[0, 1, 2, 3, 4]",0.7016,coalition_favorable_rate,coalition_favorable_rate,5,0.03750733261643646,crossplay
multigen_rwbal_n7_r1_k4_matrix,C1|D1,True,"[0, 1, 2, 3, 4]",multigen_rwbal_n7_r1_k4,"[0, 1, 2, 3, 4]",0.5236000000000001,false_ejection_rate,false_ejection_rate,5,0.05537869626489958,crossplay
multigen_rwbal_n7_r1_k4_matrix,C1|D2,True,"[0, 1, 2, 3, 4]",multigen_rwbal_n7_r1_k4,"[0, 1, 2, 3, 4]",0.7308,coalition_favorable_rate,coalition_favorable_rate,5,0.0708604261912106,crossplay
multigen_rwbal_n7_r1_k4_matrix,C1|D2,True,"[0, 1, 2, 3, 4]",multigen_rwbal_n7_r1_k4,"[0, 1, 2, 3, 4]",0.4024,false_ejection_rate,false_ejection_rate,5,0.054797810175225066,crossplay
multigen_rwbal_n7_r1_k4_matrix,C1|D3,True,"[0, 1, 2, 3, 4]",multigen_rwbal_n7_r1_k4,"[0, 1, 2, 3, 4]",0.6788000000000001,coalition_favorable_rate,coalition_favorable_rate,5,0.09613116040077743,crossplay
multigen_rwbal_n7_r1_k4_matrix,C1|D3,True,"[0, 1, 2, 3, 4]",multigen_rwbal_n7_r1_k4,"[0, 1, 2, 3, 4]",0.4556,false_ejection_rate,false_ejection_rate,5,0.08177285613209313,crossplay
multigen_rwbal_n7_r1_k4_matrix,C1|D4,True,"[0, 1, 2, 3, 4]",multigen_rwbal_n7_r1_k4,"[0, 1, 2, 3, 4]",0.73,coalition_favorable_rate,coalition_favorable_rate,5,0.07368853370776214,crossplay
multigen_rwbal_n7_r1_k4_matrix,C1|D4,True,"[0, 1, 2, 3, 4]",multigen_rwbal_n7_r1_k4,"[0, 1, 2, 3, 4]",0.4396000000000001,false_ejection_rate,false_ejection_rate,5,0.10618286114058142,crossplay
multigen_rwbal_n7_r1_k4_matrix,C2|D0,True,"[0, 1, 2, 3, 4]",multigen_rwbal_n7_r1_k4,"[0, 1, 2, 3, 4]",0.076,coalition_favorable_rate,coalition_favorable_rate,5,0.015811388300841896,crossplay
multigen_rwbal_n7_r1_k4_matrix,C2|D0,True,"[0, 1, 2, 3, 4]",multigen_rwbal_n7_r1_k4,"[0, 1, 2, 3, 4]",0.0524,false_ejection_rate,false_ejection_rate,5,0.013221195104830727,crossplay
multigen_rwbal_n7_r1_k4_matrix,C2|D1,True,"[0, 1, 2, 3, 4]",multigen_rwbal_n7_r1_k4,"[0, 1, 2, 3, 4]",0.7007999999999999,coalition_favorable_rate,coalition_favorable_rate,5,0.053546241698180834,crossplay
multigen_rwbal_n7_r1_k4_matrix,C2|D1,True,"[0, 1, 2, 3, 4]",multigen_rwbal_n7_r1_k4,"[0, 1, 2, 3, 4]",0.39559999999999995,false_ejection_rate,false_ejection_rate,5,0.039354796403996306,crossplay
multigen_rwbal_n7_r1_k4_matrix,C2|D2,True,"[0, 1, 2, 3, 4]",multigen_rwbal_n7_r1_k4,"[0, 1, 2, 3, 4]",0.796,coalition_favorable_rate,coalition_favorable_rate,5,0.031048349392520037,crossplay
multigen_rwbal_n7_r1_k4_matrix,C2|D2,True,"[0, 1, 2, 3, 4]",multigen_rwbal_n7_r1_k4,"[0, 1, 2, 3, 4]",0.5980000000000001,false_ejection_rate,false_ejection_rate,5,0.06889121859859934,crossplay
multigen_rwbal_n7_r1_k4_matrix,C2|D3,True,"[0, 1, 2, 3, 4]",multigen_rwbal_n7_r1_k4,"[0, 1, 2, 3, 4]",0.6759999999999999,coalition_favorable_rate,coalition_favorable_rate,5,0.1526892268629323,crossplay
multigen_rwbal_n7_r1_k4_matrix,C2|D3,True,"[0, 1, 2, 3, 4]",multigen_rwbal_n7_r1_k4,"[0, 1, 2, 3, 4]",0.3548,false_ejection_rate,false_ejection_rate,5,0.0831095662363846,crossplay
multigen_rwbal_n7_r1_k4_matrix,C2|D4,True,"[0, 1, 2, 3, 4]",multigen_rwbal_n7_r1_k4,"[0, 1, 2, 3, 4]",0.6895999999999999,coalition_favorable_rate,coalition_favorable_rate,5,0.08920089685647786,crossplay
multigen_rwbal_n7_r1_k4_matrix,C2|D4,True,"[0, 1, 2, 3, 4]",multigen_rwbal_n7_r1_k4,"[0, 1, 2, 3, 4]",0.406,false_ejection_rate,false_ejection_rate,5,0.09694328238717731,crossplay
multigen_rwbal_n7_r1_k4_matrix,C3|D0,True,"[0, 1, 2, 3, 4]",multigen_rwbal_n7_r1_k4,"[0, 1, 2, 3, 4]",0.0924,coalition_favorable_rate,coalition_favorable_rate,5,0.01352035502492446,crossplay
multigen_rwbal_n7_r1_k4_matrix,C3|D0,True,"[0, 1, 2, 3, 4]",multigen_rwbal_n7_r1_k4,"[0, 1, 2, 3, 4]",0.0668,false_ejection_rate,false_ejection_rate,5,0.012049896265113656,crossplay
multigen_rwbal_n7_r1_k4_matrix,C3|D1,True,"[0, 1, 2, 3, 4]",multigen_rwbal_n7_r1_k4,"[0, 1, 2, 3, 4]",0.7091999999999999,coalition_favorable_rate,coalition_favorable_rate,5,0.06090320188627197,crossplay
multigen_rwbal_n7_r1_k4_matrix,C3|D1,True,"[0, 1, 2, 3, 4]",multigen_rwbal_n7_r1_k4,"[0, 1, 2, 3, 4]",0.4428000000000001,false_ejection_rate,false_ejection_rate,5,0.06796469671822276,crossplay
multigen_rwbal_n7_r1_k4_matrix,C3|D2,True,"[0, 1, 2, 3, 4]",multigen_rwbal_n7_r1_k4,"[0, 1, 2, 3, 4]",0.7624000000000001,coalition_favorable_rate,coalition_favorable_rate,5,0.030932183886689956,crossplay
multigen_rwbal_n7_r1_k4_matrix,C3|D2,True,"[0, 1, 2, 3, 4]",multigen_rwbal_n7_r1_k4,"[0, 1, 2, 3, 4]",0.45120000000000005,false_ejection_rate,false_ejection_rate,5,0.03485971887436844,crossplay
multigen_rwbal_n7_r1_k4_matrix,C3|D3,True,"[0, 1, 2, 3, 4]",multigen_rwbal_n7_r1_k4,"[0, 1, 2, 3, 4]",0.7219999999999999,coalition_favorable_rate,coalition_favorable_rate,5,0.06613622305514583,crossplay
multigen_rwbal_n7_r1_k4_matrix,C3|D3,True,"[0, 1, 2, 3, 4]",multigen_rwbal_n7_r1_k4,"[0, 1, 2, 3, 4]",0.5464,false_ejection_rate,false_ejection_rate,5,0.07951603611850883,crossplay
multigen_rwbal_n7_r1_k4_matrix,C3|D4,True,"[0, 1, 2, 3, 4]",multigen_rwbal_n7_r1_k4,"[0, 1, 2, 3, 4]",0.6844000000000001,coalition_favorable_rate,coalition_favorable_rate,5,0.1255340591234108,crossplay
multigen_rwbal_n7_r1_k4_matrix,C3|D4,True,"[0, 1, 2, 3, 4]",multigen_rwbal_n7_r1_k4,"[0, 1, 2, 3, 4]",0.37720000000000004,false_ejection_rate,false_ejection_rate,5,0.12202130961434567,crossplay
multigen_rwbal_n7_r1_k4_matrix,C4|D0,True,"[0, 1, 2, 3, 4]",multigen_rwbal_n7_r1_k4,"[0, 1, 2, 3, 4]",0.0848,coalition_favorable_rate,coalition_favorable_rate,5,0.03015294347157504,crossplay
multigen_rwbal_n7_r1_k4_matrix,C4|D0,True,"[0, 1, 2, 3, 4]",multigen_rwbal_n7_r1_k4,"[0, 1, 2, 3, 4]",0.06359999999999999,false_ejection_rate,false_ejection_rate,5,0.023681216184985095,crossplay
multigen_rwbal_n7_r1_k4_matrix,C4|D1,True,"[0, 1, 2, 3, 4]",multigen_rwbal_n7_r1_k4,"[0, 1, 2, 3, 4]",0.7228000000000001,coalition_favorable_rate,coalition_favorable_rate,5,0.051099902152548185,crossplay
multigen_rwbal_n7_r1_k4_matrix,C4|D1,True,"[0, 1, 2, 3, 4]",multigen_rwbal_n7_r1_k4,"[0, 1, 2, 3, 4]",0.4448,false_ejection_rate,false_ejection_rate,5,0.052926363940856556,crossplay
multigen_rwbal_n7_r1_k4_matrix,C4|D2,True,"[0, 1, 2, 3, 4]",multigen_rwbal_n7_r1_k4,"[0, 1, 2, 3, 4]",0.7192000000000001,coalition_favorable_rate,coalition_favorable_rate,5,0.04767808720995423,crossplay
multigen_rwbal_n7_r1_k4_matrix,C4|D2,True,"[0, 1, 2, 3, 4]",multigen_rwbal_n7_r1_k4,"[0, 1, 2, 3, 4]",0.41479999999999995,false_ejection_rate,false_ejection_rate,5,0.02179908254950193,crossplay
multigen_rwbal_n7_r1_k4_matrix,C4|D3,True,"[0, 1, 2, 3, 4]",multigen_rwbal_n7_r1_k4,"[0, 1, 2, 3, 4]",0.6908,coalition_favorable_rate,coalition_favorable_rate,5,0.09609994797084959,crossplay
multigen_rwbal_n7_r1_k4_matrix,C4|D3,True,"[0, 1, 2, 3, 4]",multigen_rwbal_n7_r1_k4,"[0, 1, 2, 3, 4]",0.4196000000000001,false_ejection_rate,false_ejection_rate,5,0.05673446924048907,crossplay
multigen_rwbal_n7_r1_k4_matrix,C4|D4,True,"[0, 1, 2, 3, 4]",multigen_rwbal_n7_r1_k4,"[0, 1, 2, 3, 4]",0.7392000000000001,coalition_favorable_rate,coalition_favorable_rate,5,0.06969361520254204,crossplay
multigen_rwbal_n7_r1_k4_matrix,C4|D4,True,"[0, 1, 2, 3, 4]",multigen_rwbal_n7_r1_k4,"[0, 1, 2, 3, 4]",0.5088000000000001,false_ejection_rate,false_ejection_rate,5,0.10446626249655916,crossplay
Loop_descriptors_multigen_rwbal_n7_r1_k4,c_stage_mean,True,"[0, 1, 2, 3, 4]",multigen_rwbal_n7_r1_k4,"[0, 1, 2, 3, 4]",0.7445999999999999,coalition_favorable_rate,coalition_favorable_rate,5,0.020931883575063183,loop_h4
Loop_descriptors_multigen_rwbal_n7_r1_k4,c_stage_mean,True,"[0, 1, 2, 3, 4]",multigen_rwbal_n7_r1_k4,"[0, 1, 2, 3, 4]",0.54805,false_ejection_rate,false_ejection_rate,5,0.01484650632303779,loop_h4
Loop_descriptors_multigen_rwbal_n7_r1_k4,d_stage_mean,True,"[0, 1, 2, 3, 4]",multigen_rwbal_n7_r1_k4,"[0, 1, 2, 3, 4]",0.69475,coalition_favorable_rate,coalition_favorable_rate,5,0.028334497525101813,loop_h4
Loop_descriptors_multigen_rwbal_n7_r1_k4,d_stage_mean,True,"[0, 1, 2, 3, 4]",multigen_rwbal_n7_r1_k4,"[0, 1, 2, 3, 4]",0.37950000000000006,false_ejection_rate,false_ejection_rate,5,0.0184966213130939,loop_h4
Loop_descriptors_multigen_rwbal_n7_r1_k4,late_minus_early,True,"[0, 1, 2, 3, 4]",multigen_rwbal_n7_r1_k4,"[0, 1, 2, 3, 4]",-0.022199999999999998,coalition_favorable_rate,coalition_favorable_rate,5,0.03446121007741892,loop_h4
Loop_descriptors_multigen_rwbal_n7_r1_k4,late_minus_early,True,"[0, 1, 2, 3, 4]",multigen_rwbal_n7_r1_k4,"[0, 1, 2, 3, 4]",-0.03470000000000003,false_ejection_rate,false_ejection_rate,5,0.059408122340299574,loop_h4
Loop_descriptors_multigen_rwbal_n7_r1_k4,matrix_adaptation_gain,True,"[0, 1, 2, 3, 4]",multigen_rwbal_n7_r1_k4,"[0, 1, 2, 3, 4]",0.04809999999999999,coalition_favorable_rate,coalition_favorable_rate,5,0.023109521847065533,loop_h4
Loop_descriptors_multigen_rwbal_n7_r1_k4,matrix_adaptation_gain,True,"[0, 1, 2, 3, 4]",multigen_rwbal_n7_r1_k4,"[0, 1, 2, 3, 4]",0.16420000000000004,false_ejection_rate,false_ejection_rate,5,0.039698236736661244,loop_h4
Loop_descriptors_multigen_rwbal_n7_r1_k4,parity_gap,True,"[0, 1, 2, 3, 4]",multigen_rwbal_n7_r1_k4,"[0, 1, 2, 3, 4]",-0.027200000000000047,coalition_favorable_rate,coalition_favorable_rate,5,0.04334253107514603,loop_h4
Loop_descriptors_multigen_rwbal_n7_r1_k4,parity_gap,True,"[0, 1, 2, 3, 4]",multigen_rwbal_n7_r1_k4,"[0, 1, 2, 3, 4]",-0.0124,false_ejection_rate,false_ejection_rate,5,0.05885511872386289,loop_h4
Finite_observed-policy_response_gaps_multigen_rwbal_n7_r1_k4,0,True,"[0, 1, 2, 3, 4]",multigen_rwbal_n7_r1_k4,"[0, 1, 2, 3, 4]",0.0,false_ejection_rate,false_ejection_rate,5,0.0,restricted_pool_gap
Finite_observed-policy_response_gaps_multigen_rwbal_n7_r1_k4,1,True,"[0, 1, 2, 3, 4]",multigen_rwbal_n7_r1_k4,"[0, 1, 2, 3, 4]",0.44560000000000005,false_ejection_rate,false_ejection_rate,5,0.05523404747074039,restricted_pool_gap
Finite_observed-policy_response_gaps_multigen_rwbal_n7_r1_k4,2,True,"[0, 1, 2, 3, 4]",multigen_rwbal_n7_r1_k4,"[0, 1, 2, 3, 4]",0.5456000000000001,false_ejection_rate,false_ejection_rate,5,0.06684908376335462,restricted_pool_gap
Finite_observed-policy_response_gaps_multigen_rwbal_n7_r1_k4,3,True,"[0, 1, 2, 3, 4]",multigen_rwbal_n7_r1_k4,"[0, 1, 2, 3, 4]",0.4795999999999999,false_ejection_rate,false_ejection_rate,5,0.07824832266572875,restricted_pool_gap
Finite_observed-policy_response_gaps_multigen_rwbal_n7_r1_k4,4,True,"[0, 1, 2, 3, 4]",multigen_rwbal_n7_r1_k4,"[0, 1, 2, 3, 4]",0.4708,false_ejection_rate,false_ejection_rate,5,0.10475304291522991,restricted_pool_gap
Generation_stages_multigen_rwfe_n7_r8_k2,C0,True,"[0, 1, 2, 3, 4]",multigen_rwfe_n7_r8_k2,"[0, 1, 2, 3, 4]",0.8518000000000001,any_false_ejection_rate,any_false_ejection_rate,5,0.019524343778985268,stages
Generation_stages_multigen_rwfe_n7_r8_k2,C0,True,"[0, 1, 2, 3, 4]",multigen_rwfe_n7_r8_k2,"[0, 1, 2, 3, 4]",0.47240000000000004,coalition_game_win_rate,coalition_game_win_rate,5,0.06973019432068146,stages
Generation_stages_multigen_rwfe_n7_r8_k2,C0,True,"[0, 1, 2, 3, 4]",multigen_rwfe_n7_r8_k2,"[0, 1, 2, 3, 4]",0.32839999999999997,false_ejection_rate,terminal-meeting false ejection,5,0.04541255333054947,stages
Generation_stages_multigen_rwfe_n7_r8_k2,C0,True,"[0, 1, 2, 3, 4]",multigen_rwfe_n7_r8_k2,"[0, 1, 2, 3, 4]",1.4638,mean_false_ejections,mean_false_ejections,5,0.08772513892835965,stages
Generation_stages_multigen_rwfe_n7_r8_k2,C1,True,"[0, 1, 2, 3, 4]",multigen_rwfe_n7_r8_k2,"[0, 1, 2, 3, 4]",0.901,any_false_ejection_rate,any_false_ejection_rate,5,0.013435028842544414,stages
Generation_stages_multigen_rwfe_n7_r8_k2,C1,True,"[0, 1, 2, 3, 4]",multigen_rwfe_n7_r8_k2,"[0, 1, 2, 3, 4]",0.8952,coalition_game_win_rate,coalition_game_win_rate,5,0.015562776101968455,stages
Generation_stages_multigen_rwfe_n7_r8_k2,C1,True,"[0, 1, 2, 3, 4]",multigen_rwfe_n7_r8_k2,"[0, 1, 2, 3, 4]",0.5376000000000001,false_ejection_rate,terminal-meeting false ejection,5,0.04063619076635998,stages
Generation_stages_multigen_rwfe_n7_r8_k2,C1,True,"[0, 1, 2, 3, 4]",multigen_rwfe_n7_r8_k2,"[0, 1, 2, 3, 4]",1.283,mean_false_ejections,mean_false_ejections,5,0.057004385796182375,stages
Generation_stages_multigen_rwfe_n7_r8_k2,C2,True,"[0, 1, 2, 3, 4]",multigen_rwfe_n7_r8_k2,"[0, 1, 2, 3, 4]",0.8754,any_false_ejection_rate,any_false_ejection_rate,5,0.030656157619636575,stages
Generation_stages_multigen_rwfe_n7_r8_k2,C2,True,"[0, 1, 2, 3, 4]",multigen_rwfe_n7_r8_k2,"[0, 1, 2, 3, 4]",0.8712,coalition_game_win_rate,coalition_game_win_rate,5,0.015498387012847512,stages
Generation_stages_multigen_rwfe_n7_r8_k2,C2,True,"[0, 1, 2, 3, 4]",multigen_rwfe_n7_r8_k2,"[0, 1, 2, 3, 4]",0.48419999999999996,false_ejection_rate,terminal-meeting false ejection,5,0.03910498689425686,stages
Generation_stages_multigen_rwfe_n7_r8_k2,C2,True,"[0, 1, 2, 3, 4]",multigen_rwfe_n7_r8_k2,"[0, 1, 2, 3, 4]",1.1851999999999998,mean_false_ejections,mean_false_ejections,5,0.08751399888017913,stages
Generation_stages_multigen_rwfe_n7_r8_k2,D1,True,"[0, 1, 2, 3, 4]",multigen_rwfe_n7_r8_k2,"[0, 1, 2, 3, 4]",0.9335999999999999,any_false_ejection_rate,any_false_ejection_rate,5,0.016241921068642064,stages
Generation_stages_multigen_rwfe_n7_r8_k2,D1,True,"[0, 1, 2, 3, 4]",multigen_rwfe_n7_r8_k2,"[0, 1, 2, 3, 4]",0.4888,coalition_game_win_rate,coalition_game_win_rate,5,0.08412906750939297,stages
Generation_stages_multigen_rwfe_n7_r8_k2,D1,True,"[0, 1, 2, 3, 4]",multigen_rwfe_n7_r8_k2,"[0, 1, 2, 3, 4]",0.4364,false_ejection_rate,terminal-meeting false ejection,5,0.07842703615463226,stages
Generation_stages_multigen_rwfe_n7_r8_k2,D1,True,"[0, 1, 2, 3, 4]",multigen_rwfe_n7_r8_k2,"[0, 1, 2, 3, 4]",2.2020000000000004,mean_false_ejections,mean_false_ejections,5,0.1756530671522703,stages
Generation_stages_multigen_rwfe_n7_r8_k2,D2,True,"[0, 1, 2, 3, 4]",multigen_rwfe_n7_r8_k2,"[0, 1, 2, 3, 4]",0.6672,any_false_ejection_rate,any_false_ejection_rate,5,0.06866367307390422,stages
Generation_stages_multigen_rwfe_n7_r8_k2,D2,True,"[0, 1, 2, 3, 4]",multigen_rwfe_n7_r8_k2,"[0, 1, 2, 3, 4]",0.619,coalition_game_win_rate,coalition_game_win_rate,5,0.09620810776644553,stages
Generation_stages_multigen_rwfe_n7_r8_k2,D2,True,"[0, 1, 2, 3, 4]",multigen_rwfe_n7_r8_k2,"[0, 1, 2, 3, 4]",0.24480000000000005,false_ejection_rate,terminal-meeting false ejection,5,0.053895268809052245,stages
Generation_stages_multigen_rwfe_n7_r8_k2,D2,True,"[0, 1, 2, 3, 4]",multigen_rwfe_n7_r8_k2,"[0, 1, 2, 3, 4]",0.8371999999999999,mean_false_ejections,mean_false_ejections,5,0.15160705788320014,stages
multigen_rwfe_n7_r8_k2_matrix,C0|D0,True,"[0, 1, 2, 3, 4]",multigen_rwfe_n7_r8_k2,"[0, 1, 2, 3, 4]",0.8548,any_false_ejection_rate,any_false_ejection_rate,5,0.02368966019173768,crossplay
multigen_rwfe_n7_r8_k2_matrix,C0|D0,True,"[0, 1, 2, 3, 4]",multigen_rwfe_n7_r8_k2,"[0, 1, 2, 3, 4]",0.48039999999999994,coalition_game_win_rate,coalition_game_win_rate,5,0.07788966555326836,crossplay
multigen_rwfe_n7_r8_k2_matrix,C0|D0,True,"[0, 1, 2, 3, 4]",multigen_rwfe_n7_r8_k2,"[0, 1, 2, 3, 4]",0.3372,false_ejection_rate,terminal-meeting false ejection,5,0.04755207671595428,crossplay
multigen_rwfe_n7_r8_k2_matrix,C0|D0,True,"[0, 1, 2, 3, 4]",multigen_rwfe_n7_r8_k2,"[0, 1, 2, 3, 4]",1.4744,mean_false_ejections,mean_false_ejections,5,0.08128222437901175,crossplay
multigen_rwfe_n7_r8_k2_matrix,C0|D1,True,"[0, 1, 2, 3, 4]",multigen_rwfe_n7_r8_k2,"[0, 1, 2, 3, 4]",0.9331999999999999,any_false_ejection_rate,any_false_ejection_rate,5,0.01559487095169431,crossplay
multigen_rwfe_n7_r8_k2_matrix,C0|D1,True,"[0, 1, 2, 3, 4]",multigen_rwfe_n7_r8_k2,"[0, 1, 2, 3, 4]",0.4835999999999999,coalition_game_win_rate,coalition_game_win_rate,5,0.08414748956445463,crossplay
multigen_rwfe_n7_r8_k2_matrix,C0|D1,True,"[0, 1, 2, 3, 4]",multigen_rwfe_n7_r8_k2,"[0, 1, 2, 3, 4]",0.4272,false_ejection_rate,terminal-meeting false ejection,5,0.0821535148365546,crossplay
multigen_rwfe_n7_r8_k2_matrix,C0|D1,True,"[0, 1, 2, 3, 4]",multigen_rwfe_n7_r8_k2,"[0, 1, 2, 3, 4]",2.1924,mean_false_ejections,mean_false_ejections,5,0.17266962674425407,crossplay
multigen_rwfe_n7_r8_k2_matrix,C0|D2,True,"[0, 1, 2, 3, 4]",multigen_rwfe_n7_r8_k2,"[0, 1, 2, 3, 4]",0.8924,any_false_ejection_rate,any_false_ejection_rate,5,0.03764040382355109,crossplay
multigen_rwfe_n7_r8_k2_matrix,C0|D2,True,"[0, 1, 2, 3, 4]",multigen_rwfe_n7_r8_k2,"[0, 1, 2, 3, 4]",0.4516,coalition_game_win_rate,coalition_game_win_rate,5,0.08088757630192663,crossplay
multigen_rwfe_n7_r8_k2_matrix,C0|D2,True,"[0, 1, 2, 3, 4]",multigen_rwfe_n7_r8_k2,"[0, 1, 2, 3, 4]",0.3476,false_ejection_rate,terminal-meeting false ejection,5,0.09772819449882414,crossplay
multigen_rwfe_n7_r8_k2_matrix,C0|D2,True,"[0, 1, 2, 3, 4]",multigen_rwfe_n7_r8_k2,"[0, 1, 2, 3, 4]",1.686,mean_false_ejections,mean_false_ejections,5,0.20853776636379318,crossplay
multigen_rwfe_n7_r8_k2_matrix,C1|D0,True,"[0, 1, 2, 3, 4]",multigen_rwfe_n7_r8_k2,"[0, 1, 2, 3, 4]",0.1856,any_false_ejection_rate,any_false_ejection_rate,5,0.01740114938732496,crossplay
multigen_rwfe_n7_r8_k2_matrix,C1|D0,True,"[0, 1, 2, 3, 4]",multigen_rwfe_n7_r8_k2,"[0, 1, 2, 3, 4]",0.144,coalition_game_win_rate,coalition_game_win_rate,5,0.02509980079602227,crossplay
multigen_rwfe_n7_r8_k2_matrix,C1|D0,True,"[0, 1, 2, 3, 4]",multigen_rwfe_n7_r8_k2,"[0, 1, 2, 3, 4]",0.016800000000000002,false_ejection_rate,terminal-meeting false ejection,5,0.0036331804249169894,crossplay
multigen_rwfe_n7_r8_k2_matrix,C1|D0,True,"[0, 1, 2, 3, 4]",multigen_rwfe_n7_r8_k2,"[0, 1, 2, 3, 4]",0.2012,mean_false_ejections,mean_false_ejections,5,0.020129580224137814,crossplay
multigen_rwfe_n7_r8_k2_matrix,C1|D1,True,"[0, 1, 2, 3, 4]",multigen_rwfe_n7_r8_k2,"[0, 1, 2, 3, 4]",0.8960000000000001,any_false_ejection_rate,any_false_ejection_rate,5,0.015748015748023637,crossplay
multigen_rwfe_n7_r8_k2_matrix,C1|D1,True,"[0, 1, 2, 3, 4]",multigen_rwfe_n7_r8_k2,"[0, 1, 2, 3, 4]",0.8859999999999999,coalition_game_win_rate,coalition_game_win_rate,5,0.015033296378372921,crossplay
multigen_rwfe_n7_r8_k2_matrix,C1|D1,True,"[0, 1, 2, 3, 4]",multigen_rwfe_n7_r8_k2,"[0, 1, 2, 3, 4]",0.5292,false_ejection_rate,terminal-meeting false ejection,5,0.04346492839060014,crossplay
multigen_rwfe_n7_r8_k2_matrix,C1|D1,True,"[0, 1, 2, 3, 4]",multigen_rwfe_n7_r8_k2,"[0, 1, 2, 3, 4]",1.2816,mean_false_ejections,mean_false_ejections,5,0.04889580759124451,crossplay
multigen_rwfe_n7_r8_k2_matrix,C1|D2,True,"[0, 1, 2, 3, 4]",multigen_rwfe_n7_r8_k2,"[0, 1, 2, 3, 4]",0.6664,any_false_ejection_rate,any_false_ejection_rate,5,0.06909992764106197,crossplay
multigen_rwfe_n7_r8_k2_matrix,C1|D2,True,"[0, 1, 2, 3, 4]",multigen_rwfe_n7_r8_k2,"[0, 1, 2, 3, 4]",0.6176,coalition_game_win_rate,coalition_game_win_rate,5,0.10845644286993743,crossplay
multigen_rwfe_n7_r8_k2_matrix,C1|D2,True,"[0, 1, 2, 3, 4]",multigen_rwfe_n7_r8_k2,"[0, 1, 2, 3, 4]",0.244,false_ejection_rate,terminal-meeting false ejection,5,0.06154673021371648,crossplay
multigen_rwfe_n7_r8_k2_matrix,C1|D2,True,"[0, 1, 2, 3, 4]",multigen_rwfe_n7_r8_k2,"[0, 1, 2, 3, 4]",0.8308,mean_false_ejections,mean_false_ejections,5,0.1573124279896538,crossplay
multigen_rwfe_n7_r8_k2_matrix,C2|D0,True,"[0, 1, 2, 3, 4]",multigen_rwfe_n7_r8_k2,"[0, 1, 2, 3, 4]",0.22359999999999997,any_false_ejection_rate,any_false_ejection_rate,5,0.028892905703649815,crossplay
multigen_rwfe_n7_r8_k2_matrix,C2|D0,True,"[0, 1, 2, 3, 4]",multigen_rwfe_n7_r8_k2,"[0, 1, 2, 3, 4]",0.1972,coalition_game_win_rate,coalition_game_win_rate,5,0.023177575369309016,crossplay
multigen_rwfe_n7_r8_k2_matrix,C2|D0,True,"[0, 1, 2, 3, 4]",multigen_rwfe_n7_r8_k2,"[0, 1, 2, 3, 4]",0.0304,false_ejection_rate,terminal-meeting false ejection,5,0.011436782764396638,crossplay
multigen_rwfe_n7_r8_k2_matrix,C2|D0,True,"[0, 1, 2, 3, 4]",multigen_rwfe_n7_r8_k2,"[0, 1, 2, 3, 4]",0.2468,mean_false_ejections,mean_false_ejections,5,0.035569649984221095,crossplay
multigen_rwfe_n7_r8_k2_matrix,C2|D1,True,"[0, 1, 2, 3, 4]",multigen_rwfe_n7_r8_k2,"[0, 1, 2, 3, 4]",0.8240000000000001,any_false_ejection_rate,any_false_ejection_rate,5,0.030133038346638705,crossplay
multigen_rwfe_n7_r8_k2_matrix,C2|D1,True,"[0, 1, 2, 3, 4]",multigen_rwfe_n7_r8_k2,"[0, 1, 2, 3, 4]",0.8728,coalition_game_win_rate,coalition_game_win_rate,5,0.019829271292712718,crossplay
multigen_rwfe_n7_r8_k2_matrix,C2|D1,True,"[0, 1, 2, 3, 4]",multigen_rwfe_n7_r8_k2,"[0, 1, 2, 3, 4]",0.48719999999999997,false_ejection_rate,terminal-meeting false ejection,5,0.0400649472731464,crossplay
multigen_rwfe_n7_r8_k2_matrix,C2|D1,True,"[0, 1, 2, 3, 4]",multigen_rwfe_n7_r8_k2,"[0, 1, 2, 3, 4]",1.1276,mean_false_ejections,mean_false_ejections,5,0.0700771003966345,crossplay
multigen_rwfe_n7_r8_k2_matrix,C2|D2,True,"[0, 1, 2, 3, 4]",multigen_rwfe_n7_r8_k2,"[0, 1, 2, 3, 4]",0.8836,any_false_ejection_rate,any_false_ejection_rate,5,0.03229241396984749,crossplay
multigen_rwfe_n7_r8_k2_matrix,C2|D2,True,"[0, 1, 2, 3, 4]",multigen_rwfe_n7_r8_k2,"[0, 1, 2, 3, 4]",0.8804000000000001,coalition_game_win_rate,coalition_game_win_rate,5,0.01966723163030325,crossplay
multigen_rwfe_n7_r8_k2_matrix,C2|D2,True,"[0, 1, 2, 3, 4]",multigen_rwfe_n7_r8_k2,"[0, 1, 2, 3, 4]",0.496,false_ejection_rate,terminal-meeting false ejection,5,0.04909175083453429,crossplay
multigen_rwfe_n7_r8_k2_matrix,C2|D2,True,"[0, 1, 2, 3, 4]",multigen_rwfe_n7_r8_k2,"[0, 1, 2, 3, 4]",1.1984,mean_false_ejections,mean_false_ejections,5,0.09319227435791025,crossplay
Loop_descriptors_multigen_rwfe_n7_r8_k2,c_stage_mean,True,"[0, 1, 2, 3, 4]",multigen_rwfe_n7_r8_k2,"[0, 1, 2, 3, 4]",0.8882000000000001,any_false_ejection_rate,any_false_ejection_rate,5,0.020067386476569415,loop_h2
Loop_descriptors_multigen_rwfe_n7_r8_k2,c_stage_mean,True,"[0, 1, 2, 3, 4]",multigen_rwfe_n7_r8_k2,"[0, 1, 2, 3, 4]",0.8831999999999999,coalition_game_win_rate,coalition_game_win_rate,5,0.013917614738165458,loop_h2
Loop_descriptors_multigen_rwfe_n7_r8_k2,c_stage_mean,True,"[0, 1, 2, 3, 4]",multigen_rwfe_n7_r8_k2,"[0, 1, 2, 3, 4]",0.5109,false_ejection_rate,terminal-meeting false ejection,5,0.03788700304853898,loop_h2
Loop_descriptors_multigen_rwfe_n7_r8_k2,c_stage_mean,True,"[0, 1, 2, 3, 4]",multigen_rwfe_n7_r8_k2,"[0, 1, 2, 3, 4]",1.2341,mean_false_ejections,mean_false_ejections,5,0.06781721757783932,loop_h2
Loop_descriptors_multigen_rwfe_n7_r8_k2,d_stage_mean,True,"[0, 1, 2, 3, 4]",multigen_rwfe_n7_r8_k2,"[0, 1, 2, 3, 4]",0.8004,any_false_ejection_rate,any_false_ejection_rate,5,0.028710625210886624,loop_h2
Loop_descriptors_multigen_rwfe_n7_r8_k2,d_stage_mean,True,"[0, 1, 2, 3, 4]",multigen_rwfe_n7_r8_k2,"[0, 1, 2, 3, 4]",0.5539,coalition_game_win_rate,coalition_game_win_rate,5,0.050773270526921946,loop_h2
Loop_descriptors_multigen_rwfe_n7_r8_k2,d_stage_mean,True,"[0, 1, 2, 3, 4]",multigen_rwfe_n7_r8_k2,"[0, 1, 2, 3, 4]",0.3406,false_ejection_rate,terminal-meeting false ejection,5,0.03602499132546738,loop_h2
Loop_descriptors_multigen_rwfe_n7_r8_k2,d_stage_mean,True,"[0, 1, 2, 3, 4]",multigen_rwfe_n7_r8_k2,"[0, 1, 2, 3, 4]",1.5196,mean_false_ejections,mean_false_ejections,5,0.03858659093519406,loop_h2
Loop_descriptors_multigen_rwfe_n7_r8_k2,late_minus_early,True,"[0, 1, 2, 3, 4]",multigen_rwfe_n7_r8_k2,"[0, 1, 2, 3, 4]",-0.025600000000000022,any_false_ejection_rate,any_false_ejection_rate,5,0.025095816384409594,loop_h2
Loop_descriptors_multigen_rwfe_n7_r8_k2,late_minus_early,True,"[0, 1, 2, 3, 4]",multigen_rwfe_n7_r8_k2,"[0, 1, 2, 3, 4]",-0.02400000000000002,coalition_game_win_rate,coalition_game_win_rate,5,0.013784048752090236,loop_h2
Loop_descriptors_multigen_rwfe_n7_r8_k2,late_minus_early,True,"[0, 1, 2, 3, 4]",multigen_rwfe_n7_r8_k2,"[0, 1, 2, 3, 4]",-0.0534,false_ejection_rate,terminal-meeting false ejection,5,0.02488573888796555,loop_h2
Loop_descriptors_multigen_rwfe_n7_r8_k2,late_minus_early,True,"[0, 1, 2, 3, 4]",multigen_rwfe_n7_r8_k2,"[0, 1, 2, 3, 4]",-0.09780000000000003,mean_false_ejections,mean_false_ejections,5,0.05847820106672224,loop_h2
Loop_descriptors_multigen_rwfe_n7_r8_k2,matrix_adaptation_gain,True,"[0, 1, 2, 3, 4]",multigen_rwfe_n7_r8_k2,"[0, 1, 2, 3, 4]",0.09000000000000001,any_false_ejection_rate,any_false_ejection_rate,5,0.03249615361854386,loop_h2
Loop_descriptors_multigen_rwfe_n7_r8_k2,matrix_adaptation_gain,True,"[0, 1, 2, 3, 4]",multigen_rwfe_n7_r8_k2,"[0, 1, 2, 3, 4]",0.3326,coalition_game_win_rate,coalition_game_win_rate,5,0.05955081863417161,loop_h2
Loop_descriptors_multigen_rwfe_n7_r8_k2,matrix_adaptation_gain,True,"[0, 1, 2, 3, 4]",multigen_rwfe_n7_r8_k2,"[0, 1, 2, 3, 4]",0.177,false_ejection_rate,terminal-meeting false ejection,5,0.05926212956011617,loop_h2
Loop_descriptors_multigen_rwfe_n7_r8_k2,matrix_adaptation_gain,True,"[0, 1, 2, 3, 4]",multigen_rwfe_n7_r8_k2,"[0, 1, 2, 3, 4]",-0.2716,mean_false_ejections,mean_false_ejections,5,0.09664522750762197,loop_h2
Finite_observed-policy_response_gaps_multigen_rwfe_n7_r8_k2,0,True,"[0, 1, 2, 3, 4]",multigen_rwfe_n7_r8_k2,"[0, 1, 2, 3, 4]",0.0036000000000000034,any_false_ejection_rate,any_false_ejection_rate,5,0.008049844718999251,restricted_pool_gap
Finite_observed-policy_response_gaps_multigen_rwfe_n7_r8_k2,0,True,"[0, 1, 2, 3, 4]",multigen_rwfe_n7_r8_k2,"[0, 1, 2, 3, 4]",0.07239999999999999,coalition_game_win_rate,coalition_game_win_rate,5,0.08839004468830185,restricted_pool_gap
Finite_observed-policy_response_gaps_multigen_rwfe_n7_r8_k2,1,True,"[0, 1, 2, 3, 4]",multigen_rwfe_n7_r8_k2,"[0, 1, 2, 3, 4]",0.7476,any_false_ejection_rate,any_false_ejection_rate,5,0.03269250678672403,restricted_pool_gap
Finite_observed-policy_response_gaps_multigen_rwfe_n7_r8_k2,1,True,"[0, 1, 2, 3, 4]",multigen_rwfe_n7_r8_k2,"[0, 1, 2, 3, 4]",0.7484,coalition_game_win_rate,coalition_game_win_rate,5,0.029577018105278997,restricted_pool_gap
Finite_observed-policy_response_gaps_multigen_rwfe_n7_r8_k2,2,True,"[0, 1, 2, 3, 4]",multigen_rwfe_n7_r8_k2,"[0, 1, 2, 3, 4]",0.6739999999999999,any_false_ejection_rate,any_false_ejection_rate,5,0.028982753492378863,restricted_pool_gap
Finite_observed-policy_response_gaps_multigen_rwfe_n7_r8_k2,2,True,"[0, 1, 2, 3, 4]",multigen_rwfe_n7_r8_k2,"[0, 1, 2, 3, 4]",0.6832,coalition_game_win_rate,coalition_game_win_rate,5,0.029482198018465286,restricted_pool_gap
Generation_stages_multigen_rwmeet_n7_r1_k4,C0,True,"[0, 1, 2, 3, 4]",multigen_rwmeet_n7_r1_k4,"[0, 1, 2, 3, 4]",0.9404,coalition_favorable_rate,coalition_favorable_rate,5,0.014741099009232615,stages
Generation_stages_multigen_rwmeet_n7_r1_k4,C0,True,"[0, 1, 2, 3, 4]",multigen_rwmeet_n7_r1_k4,"[0, 1, 2, 3, 4]",0.4756,false_ejection_rate,false_ejection_rate,5,0.06017308368365378,stages
Generation_stages_multigen_rwmeet_n7_r1_k4,C1,True,"[0, 1, 2, 3, 4]",multigen_rwmeet_n7_r1_k4,"[0, 1, 2, 3, 4]",0.7978000000000001,coalition_favorable_rate,coalition_favorable_rate,5,0.023509572518444474,stages
Generation_stages_multigen_rwmeet_n7_r1_k4,C1,True,"[0, 1, 2, 3, 4]",multigen_rwmeet_n7_r1_k4,"[0, 1, 2, 3, 4]",0.5384,false_ejection_rate,false_ejection_rate,5,0.0400412287523747,stages
Generation_stages_multigen_rwmeet_n7_r1_k4,C2,True,"[0, 1, 2, 3, 4]",multigen_rwmeet_n7_r1_k4,"[0, 1, 2, 3, 4]",0.7528,coalition_favorable_rate,coalition_favorable_rate,5,0.0683973683704278,stages
Generation_stages_multigen_rwmeet_n7_r1_k4,C2,True,"[0, 1, 2, 3, 4]",multigen_rwmeet_n7_r1_k4,"[0, 1, 2, 3, 4]",0.5842,false_ejection_rate,false_ejection_rate,5,0.10443754114302005,stages
Generation_stages_multigen_rwmeet_n7_r1_k4,C3,True,"[0, 1, 2, 3, 4]",multigen_rwmeet_n7_r1_k4,"[0, 1, 2, 3, 4]",0.7634000000000001,coalition_favorable_rate,coalition_favorable_rate,5,0.057596006806027805,stages
Generation_stages_multigen_rwmeet_n7_r1_k4,C3,True,"[0, 1, 2, 3, 4]",multigen_rwmeet_n7_r1_k4,"[0, 1, 2, 3, 4]",0.5882,false_ejection_rate,false_ejection_rate,5,0.07174747382312492,stages
Generation_stages_multigen_rwmeet_n7_r1_k4,C4,True,"[0, 1, 2, 3, 4]",multigen_rwmeet_n7_r1_k4,"[0, 1, 2, 3, 4]",0.7748000000000002,coalition_favorable_rate,coalition_favorable_rate,5,0.03434676112823449,stages
Generation_stages_multigen_rwmeet_n7_r1_k4,C4,True,"[0, 1, 2, 3, 4]",multigen_rwmeet_n7_r1_k4,"[0, 1, 2, 3, 4]",0.5704,false_ejection_rate,false_ejection_rate,5,0.03031996042213773,stages
Generation_stages_multigen_rwmeet_n7_r1_k4,D1,True,"[0, 1, 2, 3, 4]",multigen_rwmeet_n7_r1_k4,"[0, 1, 2, 3, 4]",0.7806,coalition_favorable_rate,coalition_favorable_rate,5,0.007436396977031289,stages
Generation_stages_multigen_rwmeet_n7_r1_k4,D1,True,"[0, 1, 2, 3, 4]",multigen_rwmeet_n7_r1_k4,"[0, 1, 2, 3, 4]",0.49640000000000006,false_ejection_rate,false_ejection_rate,5,0.03822041339389205,stages
Generation_stages_multigen_rwmeet_n7_r1_k4,D2,True,"[0, 1, 2, 3, 4]",multigen_rwmeet_n7_r1_k4,"[0, 1, 2, 3, 4]",0.557,coalition_favorable_rate,coalition_favorable_rate,5,0.04887228253314961,stages
Generation_stages_multigen_rwmeet_n7_r1_k4,D2,True,"[0, 1, 2, 3, 4]",multigen_rwmeet_n7_r1_k4,"[0, 1, 2, 3, 4]",0.30179999999999996,false_ejection_rate,false_ejection_rate,5,0.03707694701563224,stages
Generation_stages_multigen_rwmeet_n7_r1_k4,D3,True,"[0, 1, 2, 3, 4]",multigen_rwmeet_n7_r1_k4,"[0, 1, 2, 3, 4]",0.5576000000000001,coalition_favorable_rate,coalition_favorable_rate,5,0.04684335598566781,stages
Generation_stages_multigen_rwmeet_n7_r1_k4,D3,True,"[0, 1, 2, 3, 4]",multigen_rwmeet_n7_r1_k4,"[0, 1, 2, 3, 4]",0.2892,false_ejection_rate,false_ejection_rate,5,0.036887667315784536,stages
Generation_stages_multigen_rwmeet_n7_r1_k4,D4,True,"[0, 1, 2, 3, 4]",multigen_rwmeet_n7_r1_k4,"[0, 1, 2, 3, 4]",0.591,coalition_favorable_rate,coalition_favorable_rate,5,0.056572961739686206,stages
Generation_stages_multigen_rwmeet_n7_r1_k4,D4,True,"[0, 1, 2, 3, 4]",multigen_rwmeet_n7_r1_k4,"[0, 1, 2, 3, 4]",0.302,false_ejection_rate,false_ejection_rate,5,0.036,stages
multigen_rwmeet_n7_r1_k4_matrix,C0|D0,True,"[0, 1, 2, 3, 4]",multigen_rwmeet_n7_r1_k4,"[0, 1, 2, 3, 4]",0.9359999999999999,coalition_favorable_rate,coalition_favorable_rate,5,0.016431676725154953,crossplay
multigen_rwmeet_n7_r1_k4_matrix,C0|D0,True,"[0, 1, 2, 3, 4]",multigen_rwmeet_n7_r1_k4,"[0, 1, 2, 3, 4]",0.47240000000000004,false_ejection_rate,false_ejection_rate,5,0.05204613338183733,crossplay
multigen_rwmeet_n7_r1_k4_matrix,C0|D1,True,"[0, 1, 2, 3, 4]",multigen_rwmeet_n7_r1_k4,"[0, 1, 2, 3, 4]",0.7796000000000001,coalition_favorable_rate,coalition_favorable_rate,5,0.015126136320951243,crossplay
multigen_rwmeet_n7_r1_k4_matrix,C0|D1,True,"[0, 1, 2, 3, 4]",multigen_rwmeet_n7_r1_k4,"[0, 1, 2, 3, 4]",0.4992000000000001,false_ejection_rate,false_ejection_rate,5,0.04993195369700647,crossplay
multigen_rwmeet_n7_r1_k4_matrix,C0|D2,True,"[0, 1, 2, 3, 4]",multigen_rwmeet_n7_r1_k4,"[0, 1, 2, 3, 4]",0.7,coalition_favorable_rate,coalition_favorable_rate,5,0.03435112807463531,crossplay
multigen_rwmeet_n7_r1_k4_matrix,C0|D2,True,"[0, 1, 2, 3, 4]",multigen_rwmeet_n7_r1_k4,"[0, 1, 2, 3, 4]",0.5152000000000001,false_ejection_rate,false_ejection_rate,5,0.0536395376564713,crossplay
multigen_rwmeet_n7_r1_k4_matrix,C0|D3,True,"[0, 1, 2, 3, 4]",multigen_rwmeet_n7_r1_k4,"[0, 1, 2, 3, 4]",0.7144,coalition_favorable_rate,coalition_favorable_rate,5,0.07859262051872302,crossplay
multigen_rwmeet_n7_r1_k4_matrix,C0|D3,True,"[0, 1, 2, 3, 4]",multigen_rwmeet_n7_r1_k4,"[0, 1, 2, 3, 4]",0.4596,false_ejection_rate,false_ejection_rate,5,0.01862256695517564,crossplay
multigen_rwmeet_n7_r1_k4_matrix,C0|D4,True,"[0, 1, 2, 3, 4]",multigen_rwmeet_n7_r1_k4,"[0, 1, 2, 3, 4]",0.7376,coalition_favorable_rate,coalition_favorable_rate,5,0.02535350074447316,crossplay
multigen_rwmeet_n7_r1_k4_matrix,C0|D4,True,"[0, 1, 2, 3, 4]",multigen_rwmeet_n7_r1_k4,"[0, 1, 2, 3, 4]",0.4779999999999999,false_ejection_rate,false_ejection_rate,5,0.06128621378417826,crossplay
multigen_rwmeet_n7_r1_k4_matrix,C1|D0,True,"[0, 1, 2, 3, 4]",multigen_rwmeet_n7_r1_k4,"[0, 1, 2, 3, 4]",0.10640000000000001,coalition_favorable_rate,coalition_favorable_rate,5,0.03750733261643648,crossplay
multigen_rwmeet_n7_r1_k4_matrix,C1|D0,True,"[0, 1, 2, 3, 4]",multigen_rwmeet_n7_r1_k4,"[0, 1, 2, 3, 4]",0.0772,false_ejection_rate,false_ejection_rate,5,0.02995329698046611,crossplay
multigen_rwmeet_n7_r1_k4_matrix,C1|D1,True,"[0, 1, 2, 3, 4]",multigen_rwmeet_n7_r1_k4,"[0, 1, 2, 3, 4]",0.806,coalition_favorable_rate,coalition_favorable_rate,5,0.03310589071449368,crossplay
multigen_rwmeet_n7_r1_k4_matrix,C1|D1,True,"[0, 1, 2, 3, 4]",multigen_rwmeet_n7_r1_k4,"[0, 1, 2, 3, 4]",0.5464,false_ejection_rate,false_ejection_rate,5,0.05018764788272109,crossplay
multigen_rwmeet_n7_r1_k4_matrix,C1|D2,True,"[0, 1, 2, 3, 4]",multigen_rwmeet_n7_r1_k4,"[0, 1, 2, 3, 4]",0.5544,coalition_favorable_rate,coalition_favorable_rate,5,0.0484850492420086,crossplay
multigen_rwmeet_n7_r1_k4_matrix,C1|D2,True,"[0, 1, 2, 3, 4]",multigen_rwmeet_n7_r1_k4,"[0, 1, 2, 3, 4]",0.2912,false_ejection_rate,false_ejection_rate,5,0.03366303610787357,crossplay
multigen_rwmeet_n7_r1_k4_matrix,C1|D3,True,"[0, 1, 2, 3, 4]",multigen_rwmeet_n7_r1_k4,"[0, 1, 2, 3, 4]",0.662,coalition_favorable_rate,coalition_favorable_rate,5,0.07769169839822015,crossplay
multigen_rwmeet_n7_r1_k4_matrix,C1|D3,True,"[0, 1, 2, 3, 4]",multigen_rwmeet_n7_r1_k4,"[0, 1, 2, 3, 4]",0.4488,false_ejection_rate,false_ejection_rate,5,0.06827298147876656,crossplay
multigen_rwmeet_n7_r1_k4_matrix,C1|D4,True,"[0, 1, 2, 3, 4]",multigen_rwmeet_n7_r1_k4,"[0, 1, 2, 3, 4]",0.6159999999999999,coalition_favorable_rate,coalition_favorable_rate,5,0.04326661530556791,crossplay
multigen_rwmeet_n7_r1_k4_matrix,C1|D4,True,"[0, 1, 2, 3, 4]",multigen_rwmeet_n7_r1_k4,"[0, 1, 2, 3, 4]",0.35439999999999994,false_ejection_rate,false_ejection_rate,5,0.049140614566771545,crossplay
multigen_rwmeet_n7_r1_k4_matrix,C2|D0,True,"[0, 1, 2, 3, 4]",multigen_rwmeet_n7_r1_k4,"[0, 1, 2, 3, 4]",0.2736,coalition_favorable_rate,coalition_favorable_rate,5,0.11593446424596958,crossplay
multigen_rwmeet_n7_r1_k4_matrix,C2|D0,True,"[0, 1, 2, 3, 4]",multigen_rwmeet_n7_r1_k4,"[0, 1, 2, 3, 4]",0.16160000000000002,false_ejection_rate,false_ejection_rate,5,0.06872263091587806,crossplay
multigen_rwmeet_n7_r1_k4_matrix,C2|D1,True,"[0, 1, 2, 3, 4]",multigen_rwmeet_n7_r1_k4,"[0, 1, 2, 3, 4]",0.7968,coalition_favorable_rate,coalition_favorable_rate,5,0.02917533204609674,crossplay
multigen_rwmeet_n7_r1_k4_matrix,C2|D1,True,"[0, 1, 2, 3, 4]",multigen_rwmeet_n7_r1_k4,"[0, 1, 2, 3, 4]",0.4848,false_ejection_rate,false_ejection_rate,5,0.05661448577881815,crossplay
multigen_rwmeet_n7_r1_k4_matrix,C2|D2,True,"[0, 1, 2, 3, 4]",multigen_rwmeet_n7_r1_k4,"[0, 1, 2, 3, 4]",0.7364,coalition_favorable_rate,coalition_favorable_rate,5,0.06618761213399377,crossplay
multigen_rwmeet_n7_r1_k4_matrix,C2|D2,True,"[0, 1, 2, 3, 4]",multigen_rwmeet_n7_r1_k4,"[0, 1, 2, 3, 4]",0.5684,false_ejection_rate,false_ejection_rate,5,0.10124623449788148,crossplay
multigen_rwmeet_n7_r1_k4_matrix,C2|D3,True,"[0, 1, 2, 3, 4]",multigen_rwmeet_n7_r1_k4,"[0, 1, 2, 3, 4]",0.5776000000000001,coalition_favorable_rate,coalition_favorable_rate,5,0.04978754864421424,crossplay
multigen_rwmeet_n7_r1_k4_matrix,C2|D3,True,"[0, 1, 2, 3, 4]",multigen_rwmeet_n7_r1_k4,"[0, 1, 2, 3, 4]",0.3016,false_ejection_rate,false_ejection_rate,5,0.04526367196770496,crossplay
multigen_rwmeet_n7_r1_k4_matrix,C2|D4,True,"[0, 1, 2, 3, 4]",multigen_rwmeet_n7_r1_k4,"[0, 1, 2, 3, 4]",0.7644,coalition_favorable_rate,coalition_favorable_rate,5,0.05206534355979994,crossplay
multigen_rwmeet_n7_r1_k4_matrix,C2|D4,True,"[0, 1, 2, 3, 4]",multigen_rwmeet_n7_r1_k4,"[0, 1, 2, 3, 4]",0.5036,false_ejection_rate,false_ejection_rate,5,0.09070170891444106,crossplay
multigen_rwmeet_n7_r1_k4_matrix,C3|D0,True,"[0, 1, 2, 3, 4]",multigen_rwmeet_n7_r1_k4,"[0, 1, 2, 3, 4]",0.22080000000000002,coalition_favorable_rate,coalition_favorable_rate,5,0.0719527622819305,crossplay
multigen_rwmeet_n7_r1_k4_matrix,C3|D0,True,"[0, 1, 2, 3, 4]",multigen_rwmeet_n7_r1_k4,"[0, 1, 2, 3, 4]",0.1416,false_ejection_rate,false_ejection_rate,5,0.024551985663078247,crossplay
multigen_rwmeet_n7_r1_k4_matrix,C3|D1,True,"[0, 1, 2, 3, 4]",multigen_rwmeet_n7_r1_k4,"[0, 1, 2, 3, 4]",0.8155999999999999,coalition_favorable_rate,coalition_favorable_rate,5,0.01740114938732492,crossplay
multigen_rwmeet_n7_r1_k4_matrix,C3|D1,True,"[0, 1, 2, 3, 4]",multigen_rwmeet_n7_r1_k4,"[0, 1, 2, 3, 4]",0.5087999999999999,false_ejection_rate,false_ejection_rate,5,0.028761084819596106,crossplay
multigen_rwmeet_n7_r1_k4_matrix,C3|D2,True,"[0, 1, 2, 3, 4]",multigen_rwmeet_n7_r1_k4,"[0, 1, 2, 3, 4]",0.5896,coalition_favorable_rate,coalition_favorable_rate,5,0.06878081127756491,crossplay
multigen_rwmeet_n7_r1_k4_matrix,C3|D2,True,"[0, 1, 2, 3, 4]",multigen_rwmeet_n7_r1_k4,"[0, 1, 2, 3, 4]",0.33999999999999997,false_ejection_rate,false_ejection_rate,5,0.03429285639896449,crossplay
multigen_rwmeet_n7_r1_k4_matrix,C3|D3,True,"[0, 1, 2, 3, 4]",multigen_rwmeet_n7_r1_k4,"[0, 1, 2, 3, 4]",0.7711999999999999,coalition_favorable_rate,coalition_favorable_rate,5,0.05119765619635335,crossplay
multigen_rwmeet_n7_r1_k4_matrix,C3|D3,True,"[0, 1, 2, 3, 4]",multigen_rwmeet_n7_r1_k4,"[0, 1, 2, 3, 4]",0.5955999999999999,false_ejection_rate,false_ejection_rate,5,0.07992996934817376,crossplay
multigen_rwmeet_n7_r1_k4_matrix,C3|D4,True,"[0, 1, 2, 3, 4]",multigen_rwmeet_n7_r1_k4,"[0, 1, 2, 3, 4]",0.5912,coalition_favorable_rate,coalition_favorable_rate,5,0.06244357452933009,crossplay
multigen_rwmeet_n7_r1_k4_matrix,C3|D4,True,"[0, 1, 2, 3, 4]",multigen_rwmeet_n7_r1_k4,"[0, 1, 2, 3, 4]",0.29359999999999997,false_ejection_rate,false_ejection_rate,5,0.04486423965699184,crossplay
multigen_rwmeet_n7_r1_k4_matrix,C4|D0,True,"[0, 1, 2, 3, 4]",multigen_rwmeet_n7_r1_k4,"[0, 1, 2, 3, 4]",0.1396,coalition_favorable_rate,coalition_favorable_rate,5,0.04070380817564863,crossplay
multigen_rwmeet_n7_r1_k4_matrix,C4|D0,True,"[0, 1, 2, 3, 4]",multigen_rwmeet_n7_r1_k4,"[0, 1, 2, 3, 4]",0.1032,false_ejection_rate,false_ejection_rate,5,0.028305476501906828,crossplay
multigen_rwmeet_n7_r1_k4_matrix,C4|D1,True,"[0, 1, 2, 3, 4]",multigen_rwmeet_n7_r1_k4,"[0, 1, 2, 3, 4]",0.7856000000000001,coalition_favorable_rate,coalition_favorable_rate,5,0.019718012070185996,crossplay
multigen_rwmeet_n7_r1_k4_matrix,C4|D1,True,"[0, 1, 2, 3, 4]",multigen_rwmeet_n7_r1_k4,"[0, 1, 2, 3, 4]",0.44560000000000005,false_ejection_rate,false_ejection_rate,5,0.015126136320951243,crossplay
multigen_rwmeet_n7_r1_k4_matrix,C4|D2,True,"[0, 1, 2, 3, 4]",multigen_rwmeet_n7_r1_k4,"[0, 1, 2, 3, 4]",0.6588,coalition_favorable_rate,coalition_favorable_rate,5,0.04695955706775778,crossplay
multigen_rwmeet_n7_r1_k4_matrix,C4|D2,True,"[0, 1, 2, 3, 4]",multigen_rwmeet_n7_r1_k4,"[0, 1, 2, 3, 4]",0.43279999999999996,false_ejection_rate,false_ejection_rate,5,0.03245304300061858,crossplay
multigen_rwmeet_n7_r1_k4_matrix,C4|D3,True,"[0, 1, 2, 3, 4]",multigen_rwmeet_n7_r1_k4,"[0, 1, 2, 3, 4]",0.5956,coalition_favorable_rate,coalition_favorable_rate,5,0.0457689851318554,crossplay
multigen_rwmeet_n7_r1_k4_matrix,C4|D3,True,"[0, 1, 2, 3, 4]",multigen_rwmeet_n7_r1_k4,"[0, 1, 2, 3, 4]",0.34319999999999995,false_ejection_rate,false_ejection_rate,5,0.05478320910644063,crossplay
multigen_rwmeet_n7_r1_k4_matrix,C4|D4,True,"[0, 1, 2, 3, 4]",multigen_rwmeet_n7_r1_k4,"[0, 1, 2, 3, 4]",0.7616,coalition_favorable_rate,coalition_favorable_rate,5,0.037320235797754536,crossplay
multigen_rwmeet_n7_r1_k4_matrix,C4|D4,True,"[0, 1, 2, 3, 4]",multigen_rwmeet_n7_r1_k4,"[0, 1, 2, 3, 4]",0.5548,false_ejection_rate,false_ejection_rate,5,0.048777043780860674,crossplay
Loop_descriptors_multigen_rwmeet_n7_r1_k4,c_stage_mean,True,"[0, 1, 2, 3, 4]",multigen_rwmeet_n7_r1_k4,"[0, 1, 2, 3, 4]",0.7722,coalition_favorable_rate,coalition_favorable_rate,5,0.03811266193799643,loop_h4
Loop_descriptors_multigen_rwmeet_n7_r1_k4,c_stage_mean,True,"[0, 1, 2, 3, 4]",multigen_rwmeet_n7_r1_k4,"[0, 1, 2, 3, 4]",0.5702999999999999,false_ejection_rate,false_ejection_rate,5,0.051053403412505215,loop_h4
Loop_descriptors_multigen_rwmeet_n7_r1_k4,d_stage_mean,True,"[0, 1, 2, 3, 4]",multigen_rwmeet_n7_r1_k4,"[0, 1, 2, 3, 4]",0.62155,coalition_favorable_rate,coalition_favorable_rate,5,0.02855116022160918,loop_h4
Loop_descriptors_multigen_rwmeet_n7_r1_k4,d_stage_mean,True,"[0, 1, 2, 3, 4]",multigen_rwmeet_n7_r1_k4,"[0, 1, 2, 3, 4]",0.34735,false_ejection_rate,false_ejection_rate,5,0.006236485388421922,loop_h4
Loop_descriptors_multigen_rwmeet_n7_r1_k4,late_minus_early,True,"[0, 1, 2, 3, 4]",multigen_rwmeet_n7_r1_k4,"[0, 1, 2, 3, 4]",-0.006200000000000006,coalition_favorable_rate,coalition_favorable_rate,5,0.022066943603498805,loop_h4
Loop_descriptors_multigen_rwmeet_n7_r1_k4,late_minus_early,True,"[0, 1, 2, 3, 4]",multigen_rwmeet_n7_r1_k4,"[0, 1, 2, 3, 4]",0.018000000000000016,false_ejection_rate,false_ejection_rate,5,0.0425029410747068,loop_h4
Loop_descriptors_multigen_rwmeet_n7_r1_k4,matrix_adaptation_gain,True,"[0, 1, 2, 3, 4]",multigen_rwmeet_n7_r1_k4,"[0, 1, 2, 3, 4]",0.14309999999999998,coalition_favorable_rate,coalition_favorable_rate,5,0.03847141796191038,loop_h4
Loop_descriptors_multigen_rwmeet_n7_r1_k4,matrix_adaptation_gain,True,"[0, 1, 2, 3, 4]",multigen_rwmeet_n7_r1_k4,"[0, 1, 2, 3, 4]",0.21989999999999998,false_ejection_rate,false_ejection_rate,5,0.04920543669148764,loop_h4
Loop_descriptors_multigen_rwmeet_n7_r1_k4,parity_gap,True,"[0, 1, 2, 3, 4]",multigen_rwmeet_n7_r1_k4,"[0, 1, 2, 3, 4]",0.024399999999999998,coalition_favorable_rate,coalition_favorable_rate,5,0.04577035066503211,loop_h4
Loop_descriptors_multigen_rwmeet_n7_r1_k4,parity_gap,True,"[0, 1, 2, 3, 4]",multigen_rwmeet_n7_r1_k4,"[0, 1, 2, 3, 4]",0.0735,false_ejection_rate,false_ejection_rate,5,0.05701315637640141,loop_h4
Finite_observed-policy_response_gaps_multigen_rwmeet_n7_r1_k4,0,True,"[0, 1, 2, 3, 4]",multigen_rwmeet_n7_r1_k4,"[0, 1, 2, 3, 4]",0.04800000000000001,false_ejection_rate,false_ejection_rate,5,0.06586349520030045,restricted_pool_gap
Finite_observed-policy_response_gaps_multigen_rwmeet_n7_r1_k4,1,True,"[0, 1, 2, 3, 4]",multigen_rwmeet_n7_r1_k4,"[0, 1, 2, 3, 4]",0.4772,false_ejection_rate,false_ejection_rate,5,0.06975098565611813,restricted_pool_gap
Finite_observed-policy_response_gaps_multigen_rwmeet_n7_r1_k4,2,True,"[0, 1, 2, 3, 4]",multigen_rwmeet_n7_r1_k4,"[0, 1, 2, 3, 4]",0.4396,false_ejection_rate,false_ejection_rate,5,0.02442949037536394,restricted_pool_gap
Finite_observed-policy_response_gaps_multigen_rwmeet_n7_r1_k4,3,True,"[0, 1, 2, 3, 4]",multigen_rwmeet_n7_r1_k4,"[0, 1, 2, 3, 4]",0.454,false_ejection_rate,false_ejection_rate,5,0.092660671268883,restricted_pool_gap
Finite_observed-policy_response_gaps_multigen_rwmeet_n7_r1_k4,4,True,"[0, 1, 2, 3, 4]",multigen_rwmeet_n7_r1_k4,"[0, 1, 2, 3, 4]",0.4532,false_ejection_rate,false_ejection_rate,5,0.06150772309230768,restricted_pool_gap
Coordination_controls_ablation_n7_r1,default,True,"[0, 1, 2, 3, 4]",ablation_n7_r1,"[0, 1, 2, 3, 4]",0.3738,coalition_false_claim_rate,coalition_false_claim_rate,5,0.1156987467520716,ablation
Coordination_controls_ablation_n7_r1,default,True,"[0, 1, 2, 3, 4]",ablation_n7_r1,"[0, 1, 2, 3, 4]",0.40099999999999997,creator_survival,creator_survival,5,0.0507543101617981,ablation
Coordination_controls_ablation_n7_r1,default,True,"[0, 1, 2, 3, 4]",ablation_n7_r1,"[0, 1, 2, 3, 4]",0.1854,false_ejection_rate,false_ejection_rate,5,0.07069158365746236,ablation
Coordination_controls_ablation_n7_r1,default,True,"[0, 1, 2, 3, 4]",ablation_n7_r1,"[0, 1, 2, 3, 4]",0.2404,same_target_vote_rate,same_target_vote_rate,5,0.09639657670270246,ablation
Coordination_controls_ablation_n7_r1,no_channel,True,"[0, 1, 2, 3, 4]",ablation_n7_r1,"[0, 1, 2, 3, 4]",0.33899999999999997,coalition_false_claim_rate,coalition_false_claim_rate,5,0.09933340324382328,ablation
Coordination_controls_ablation_n7_r1,no_channel,True,"[0, 1, 2, 3, 4]",ablation_n7_r1,"[0, 1, 2, 3, 4]",0.4328,creator_survival,creator_survival,5,0.04460044842823893,ablation
Coordination_controls_ablation_n7_r1,no_channel,True,"[0, 1, 2, 3, 4]",ablation_n7_r1,"[0, 1, 2, 3, 4]",0.21839999999999998,false_ejection_rate,false_ejection_rate,5,0.07127622324450139,ablation
Coordination_controls_ablation_n7_r1,no_channel,True,"[0, 1, 2, 3, 4]",ablation_n7_r1,"[0, 1, 2, 3, 4]",0.33940000000000003,same_target_vote_rate,same_target_vote_rate,5,0.12009079898143737,ablation
Coordination_controls_ablation_n7_r1,no_channel_no_partner,True,"[0, 1, 2, 3, 4]",ablation_n7_r1,"[0, 1, 2, 3, 4]",0.3278,coalition_false_claim_rate,coalition_false_claim_rate,5,0.06509281834426899,ablation
Coordination_controls_ablation_n7_r1,no_channel_no_partner,True,"[0, 1, 2, 3, 4]",ablation_n7_r1,"[0, 1, 2, 3, 4]",0.38780000000000003,creator_survival,creator_survival,5,0.03948670662387534,ablation
Coordination_controls_ablation_n7_r1,no_channel_no_partner,True,"[0, 1, 2, 3, 4]",ablation_n7_r1,"[0, 1, 2, 3, 4]",0.25179999999999997,false_ejection_rate,false_ejection_rate,5,0.03775182114812477,ablation
Coordination_controls_ablation_n7_r1,no_channel_no_partner,True,"[0, 1, 2, 3, 4]",ablation_n7_r1,"[0, 1, 2, 3, 4]",0.263,same_target_vote_rate,same_target_vote_rate,5,0.06787488489861328,ablation
Coordination_controls_ablation_n7_r1,no_partner,True,"[0, 1, 2, 3, 4]",ablation_n7_r1,"[0, 1, 2, 3, 4]",0.371,coalition_false_claim_rate,coalition_false_claim_rate,5,0.08781728189826873,ablation
Coordination_controls_ablation_n7_r1,no_partner,True,"[0, 1, 2, 3, 4]",ablation_n7_r1,"[0, 1, 2, 3, 4]",0.3736,creator_survival,creator_survival,5,0.02591910492281707,ablation
Coordination_controls_ablation_n7_r1,no_partner,True,"[0, 1, 2, 3, 4]",ablation_n7_r1,"[0, 1, 2, 3, 4]",0.20800000000000002,false_ejection_rate,false_ejection_rate,5,0.05856193302820527,ablation
Coordination_controls_ablation_n7_r1,no_partner,True,"[0, 1, 2, 3, 4]",ablation_n7_r1,"[0, 1, 2, 3, 4]",0.2096,same_target_vote_rate,same_target_vote_rate,5,0.04625797228586657,ablation
Coordination_controls_ablation_n7_r8,default,True,"[0, 1, 2, 3, 4]",ablation_n7_r8,"[0, 1, 2, 3, 4]",0.9725999999999999,any_false_ejection_rate,any_false_ejection_rate,5,0.011148990985734998,ablation
Coordination_controls_ablation_n7_r8,default,True,"[0, 1, 2, 3, 4]",ablation_n7_r8,"[0, 1, 2, 3, 4]",0.4978093893818302,coalition_false_claim_rate,coalition_false_claim_rate,5,0.08426203041615025,ablation
Coordination_controls_ablation_n7_r8,default,True,"[0, 1, 2, 3, 4]",ablation_n7_r8,"[0, 1, 2, 3, 4]",0.967,coalition_game_win_rate,coalition_game_win_rate,5,0.010319883720275156,ablation
Coordination_controls_ablation_n7_r8,default,True,"[0, 1, 2, 3, 4]",ablation_n7_r8,"[0, 1, 2, 3, 4]",0.004,creator_survival,creator_survival,5,0.0027386127875258306,ablation
Coordination_controls_ablation_n7_r8,default,True,"[0, 1, 2, 3, 4]",ablation_n7_r8,"[0, 1, 2, 3, 4]",0.9656,false_ejection_rate,terminal-meeting false ejection,5,0.011545561917897294,ablation
Coordination_controls_ablation_n7_r8,default,True,"[0, 1, 2, 3, 4]",ablation_n7_r8,"[0, 1, 2, 3, 4]",2.8958000000000004,mean_false_ejections,mean_false_ejections,5,0.04921077117867587,ablation
Coordination_controls_ablation_n7_r8,default,True,"[0, 1, 2, 3, 4]",ablation_n7_r8,"[0, 1, 2, 3, 4]",0.7354171833878077,same_target_vote_rate,same_target_vote_rate,5,0.10566567958529868,ablation
Coordination_controls_ablation_n7_r8,no_channel,True,"[0, 1, 2, 3, 4]",ablation_n7_r8,"[0, 1, 2, 3, 4]",0.9832000000000001,any_false_ejection_rate,any_false_ejection_rate,5,0.003271085446759228,ablation
Coordination_controls_ablation_n7_r8,no_channel,True,"[0, 1, 2, 3, 4]",ablation_n7_r8,"[0, 1, 2, 3, 4]",0.4838770785887787,coalition_false_claim_rate,coalition_false_claim_rate,5,0.09542990615996483,ablation
Coordination_controls_ablation_n7_r8,no_channel,True,"[0, 1, 2, 3, 4]",ablation_n7_r8,"[0, 1, 2, 3, 4]",0.9773999999999999,coalition_game_win_rate,coalition_game_win_rate,5,0.0038470768123342724,ablation
Coordination_controls_ablation_n7_r8,no_channel,True,"[0, 1, 2, 3, 4]",ablation_n7_r8,"[0, 1, 2, 3, 4]",0.0034000000000000002,creator_survival,creator_survival,5,0.0043358966777357595,ablation
Coordination_controls_ablation_n7_r8,no_channel,True,"[0, 1, 2, 3, 4]",ablation_n7_r8,"[0, 1, 2, 3, 4]",0.9772000000000001,false_ejection_rate,terminal-meeting false ejection,5,0.0014832396974191339,ablation
Coordination_controls_ablation_n7_r8,no_channel,True,"[0, 1, 2, 3, 4]",ablation_n7_r8,"[0, 1, 2, 3, 4]",2.9482000000000004,mean_false_ejections,mean_false_ejections,5,0.024324884377936864,ablation
Coordination_controls_ablation_n7_r8,no_channel,True,"[0, 1, 2, 3, 4]",ablation_n7_r8,"[0, 1, 2, 3, 4]",0.6258814638714407,same_target_vote_rate,same_target_vote_rate,5,0.11868140899706298,ablation
Coordination_controls_ablation_n7_r8,no_channel_no_partner,True,"[0, 1, 2, 3, 4]",ablation_n7_r8,"[0, 1, 2, 3, 4]",0.9702,any_false_ejection_rate,any_false_ejection_rate,5,0.01398928161129085,ablation
Coordination_controls_ablation_n7_r8,no_channel_no_partner,True,"[0, 1, 2, 3, 4]",ablation_n7_r8,"[0, 1, 2, 3, 4]",0.4467652555935236,coalition_false_claim_rate,coalition_false_claim_rate,5,0.10739595352547099,ablation
Coordination_controls_ablation_n7_r8,no_channel_no_partner,True,"[0, 1, 2, 3, 4]",ablation_n7_r8,"[0, 1, 2, 3, 4]",0.9629999999999999,coalition_game_win_rate,coalition_game_win_rate,5,0.013656500283747677,ablation
Coordination_controls_ablation_n7_r8,no_channel_no_partner,True,"[0, 1, 2, 3, 4]",ablation_n7_r8,"[0, 1, 2, 3, 4]",0.0068000000000000005,creator_survival,creator_survival,5,0.005540758070878027,ablation
Coordination_controls_ablation_n7_r8,no_channel_no_partner,True,"[0, 1, 2, 3, 4]",ablation_n7_r8,"[0, 1, 2, 3, 4]",0.9617999999999999,false_ejection_rate,terminal-meeting false ejection,5,0.013827508813954895,ablation
Coordination_controls_ablation_n7_r8,no_channel_no_partner,True,"[0, 1, 2, 3, 4]",ablation_n7_r8,"[0, 1, 2, 3, 4]",2.9078,mean_false_ejections,mean_false_ejections,5,0.09422154742944953,ablation
Coordination_controls_ablation_n7_r8,no_channel_no_partner,True,"[0, 1, 2, 3, 4]",ablation_n7_r8,"[0, 1, 2, 3, 4]",0.580410215552822,same_target_vote_rate,same_target_vote_rate,5,0.12694668200848466,ablation
Coordination_controls_ablation_n7_r8,no_partner,True,"[0, 1, 2, 3, 4]",ablation_n7_r8,"[0, 1, 2, 3, 4]",0.9732,any_false_ejection_rate,any_false_ejection_rate,5,0.0070498226928058325,ablation
Coordination_controls_ablation_n7_r8,no_partner,True,"[0, 1, 2, 3, 4]",ablation_n7_r8,"[0, 1, 2, 3, 4]",0.5542854657046903,coalition_false_claim_rate,coalition_false_claim_rate,5,0.1389387079696433,ablation
Coordination_controls_ablation_n7_r8,no_partner,True,"[0, 1, 2, 3, 4]",ablation_n7_r8,"[0, 1, 2, 3, 4]",0.9621999999999999,coalition_game_win_rate,coalition_game_win_rate,5,0.008467585252006627,ablation
Coordination_controls_ablation_n7_r8,no_partner,True,"[0, 1, 2, 3, 4]",ablation_n7_r8,"[0, 1, 2, 3, 4]",0.0084,creator_survival,creator_survival,5,0.00971081870904817,ablation
Coordination_controls_ablation_n7_r8,no_partner,True,"[0, 1, 2, 3, 4]",ablation_n7_r8,"[0, 1, 2, 3, 4]",0.9608000000000001,false_ejection_rate,terminal-meeting false ejection,5,0.012214745187681987,ablation
Coordination_controls_ablation_n7_r8,no_partner,True,"[0, 1, 2, 3, 4]",ablation_n7_r8,"[0, 1, 2, 3, 4]",2.8600000000000003,mean_false_ejections,mean_false_ejections,5,0.0635609943282827,ablation
Coordination_controls_ablation_n7_r8,no_partner,True,"[0, 1, 2, 3, 4]",ablation_n7_r8,"[0, 1, 2, 3, 4]",0.6904563547701354,same_target_vote_rate,same_target_vote_rate,5,0.1335336724713822,ablation
Defender_budgets_r_1_matched_five-seed_cohort,coalition0_vs_learned_crew1,True,"[0, 1, 2, 3, 4]",f3_budget_d1600_crew5,"[0, 1, 2, 3, 4]",0.382,false_ejection_rate,,5,0.05454814387309617,crossplay
Defender_budgets_r_1_matched_five-seed_cohort,coalition0_vs_learned_crew1,True,"[0, 1, 2, 3, 4]",f3_tenseed_crew5,"[0, 1, 2, 3, 4]",0.38739999999999997,false_ejection_rate,,5,0.03952594084901712,crossplay
Defender_budgets_r_1_matched_five-seed_cohort,coalition1_vs_learned_crew1,True,"[0, 1, 2, 3, 4]",f3_budget_d1600_crew5,"[0, 1, 2, 3, 4]",0.516,false_ejection_rate,,5,0.03905124837953327,crossplay
Defender_budgets_r_1_matched_five-seed_cohort,coalition1_vs_learned_crew1,True,"[0, 1, 2, 3, 4]",f3_tenseed_crew5,"[0, 1, 2, 3, 4]",0.5252000000000001,false_ejection_rate,,5,0.04809573785690369,crossplay
Defender_budgets_r_1_matched_five-seed_cohort,coalition0_vs_learned_crew1,True,"[0, 1, 2, 3, 4]",f3_budget_d800_crew5,"[0, 1, 2, 3, 4]",0.4394,false_ejection_rate,,5,0.06917947672539887,crossplay
Defender_budgets_r_1_matched_five-seed_cohort,coalition1_vs_learned_crew1,True,"[0, 1, 2, 3, 4]",f3_budget_d800_crew5,"[0, 1, 2, 3, 4]",0.5671999999999999,false_ejection_rate,,5,0.054819704486616855,crossplay
Reward_objectives_r_1_horizon_4_matched_five-seed_cohort,c_stage_mean,True,"[0, 1, 2, 3, 4]",multigen_rwbal_n7_r1_k4,"[0, 1, 2, 3, 4]",0.54805,false_ejection_rate,,5,0.01484650632303779,loop_h4
Reward_objectives_r_1_horizon_4_matched_five-seed_cohort,c_stage_mean,True,"[0, 1, 2, 3, 4]",multigen_none_n7_r1_k10,"[0, 1, 2, 3, 4]",0.5506000000000001,false_ejection_rate,,5,0.04040327956985671,loop_h4
Reward_objectives_r_1_horizon_4_matched_five-seed_cohort,d_stage_mean,True,"[0, 1, 2, 3, 4]",multigen_rwbal_n7_r1_k4,"[0, 1, 2, 3, 4]",0.37950000000000006,false_ejection_rate,,5,0.0184966213130939,loop_h4
Reward_objectives_r_1_horizon_4_matched_five-seed_cohort,d_stage_mean,True,"[0, 1, 2, 3, 4]",multigen_none_n7_r1_k10,"[0, 1, 2, 3, 4]",0.26655,false_ejection_rate,,5,0.04891778817567287,loop_h4
Reward_objectives_r_1_horizon_4_matched_five-seed_cohort,matrix_adaptation_gain,True,"[0, 1, 2, 3, 4]",multigen_rwbal_n7_r1_k4,"[0, 1, 2, 3, 4]",0.16420000000000004,false_ejection_rate,,5,0.039698236736661244,loop_h4
Reward_objectives_r_1_horizon_4_matched_five-seed_cohort,matrix_adaptation_gain,True,"[0, 1, 2, 3, 4]",multigen_none_n7_r1_k10,"[0, 1, 2, 3, 4]",0.28650000000000003,false_ejection_rate,,5,0.07461316907892332,loop_h4
Reward_objectives_r_1_horizon_4_matched_five-seed_cohort,c_stage_mean,True,"[0, 1, 2, 3, 4]",multigen_rwbal_n7_r1_k4,"[0, 1, 2, 3, 4]",0.7445999999999999,coalition_favorable_rate,,5,0.020931883575063183,loop_h4
Reward_objectives_r_1_horizon_4_matched_five-seed_cohort,c_stage_mean,True,"[0, 1, 2, 3, 4]",multigen_none_n7_r1_k10,"[0, 1, 2, 3, 4]",0.7431499999999999,coalition_favorable_rate,,5,0.018187048963479543,loop_h4
Reward_objectives_r_1_horizon_4_matched_five-seed_cohort,d_stage_mean,True,"[0, 1, 2, 3, 4]",multigen_rwbal_n7_r1_k4,"[0, 1, 2, 3, 4]",0.69475,coalition_favorable_rate,,5,0.028334497525101813,loop_h4
Reward_objectives_r_1_horizon_4_matched_five-seed_cohort,d_stage_mean,True,"[0, 1, 2, 3, 4]",multigen_none_n7_r1_k10,"[0, 1, 2, 3, 4]",0.5138,coalition_favorable_rate,,5,0.05763446234675914,loop_h4
Reward_objectives_r_1_horizon_4_matched_five-seed_cohort,matrix_adaptation_gain,True,"[0, 1, 2, 3, 4]",multigen_rwbal_n7_r1_k4,"[0, 1, 2, 3, 4]",0.04809999999999999,coalition_favorable_rate,,5,0.023109521847065533,loop_h4
Reward_objectives_r_1_horizon_4_matched_five-seed_cohort,matrix_adaptation_gain,True,"[0, 1, 2, 3, 4]",multigen_none_n7_r1_k10,"[0, 1, 2, 3, 4]",0.23390000000000005,coalition_favorable_rate,,5,0.07353264581123138,loop_h4
Reward_objectives_r_1_horizon_4_matched_five-seed_cohort,c_stage_mean,True,"[0, 1, 2, 3, 4]",multigen_rwmeet_n7_r1_k4,"[0, 1, 2, 3, 4]",0.5702999999999999,false_ejection_rate,,5,0.051053403412505215,loop_h4
Reward_objectives_r_1_horizon_4_matched_five-seed_cohort,d_stage_mean,True,"[0, 1, 2, 3, 4]",multigen_rwmeet_n7_r1_k4,"[0, 1, 2, 3, 4]",0.34735,false_ejection_rate,,5,0.006236485388421922,loop_h4
Reward_objectives_r_1_horizon_4_matched_five-seed_cohort,matrix_adaptation_gain,True,"[0, 1, 2, 3, 4]",multigen_rwmeet_n7_r1_k4,"[0, 1, 2, 3, 4]",0.21989999999999998,false_ejection_rate,,5,0.04920543669148764,loop_h4
Reward_objectives_r_1_horizon_4_matched_five-seed_cohort,c_stage_mean,True,"[0, 1, 2, 3, 4]",multigen_rwmeet_n7_r1_k4,"[0, 1, 2, 3, 4]",0.7722,coalition_favorable_rate,,5,0.03811266193799643,loop_h4
Reward_objectives_r_1_horizon_4_matched_five-seed_cohort,d_stage_mean,True,"[0, 1, 2, 3, 4]",multigen_rwmeet_n7_r1_k4,"[0, 1, 2, 3, 4]",0.62155,coalition_favorable_rate,,5,0.02855116022160918,loop_h4
Reward_objectives_r_1_horizon_4_matched_five-seed_cohort,matrix_adaptation_gain,True,"[0, 1, 2, 3, 4]",multigen_rwmeet_n7_r1_k4,"[0, 1, 2, 3, 4]",0.14309999999999998,coalition_favorable_rate,,5,0.03847141796191038,loop_h4
Defender_budgets_r_8_matched_five-seed_cohort,coalition0_vs_learned_crew1,True,"[0, 1, 2, 3, 4]",f4_budget_d800_crew5,"[0, 1, 2, 3, 4]",0.7452000000000001,any_false_ejection_rate,,5,0.04830320900312939,crossplay
Defender_budgets_r_8_matched_five-seed_cohort,coalition0_vs_learned_crew1,True,"[0, 1, 2, 3, 4]",f4_tenseed_crew5,"[0, 1, 2, 3, 4]",0.8400000000000001,any_false_ejection_rate,,5,0.05043808085167395,crossplay
Defender_budgets_r_8_matched_five-seed_cohort,coalition1_vs_learned_crew1,True,"[0, 1, 2, 3, 4]",f4_budget_d800_crew5,"[0, 1, 2, 3, 4]",0.852,any_false_ejection_rate,,5,0.033526109228480414,crossplay
Defender_budgets_r_8_matched_five-seed_cohort,coalition1_vs_learned_crew1,True,"[0, 1, 2, 3, 4]",f4_tenseed_crew5,"[0, 1, 2, 3, 4]",0.8462,any_false_ejection_rate,,5,0.012153188881935485,crossplay
Defender_budgets_r_8_matched_five-seed_cohort,coalition0_vs_learned_crew1,True,"[0, 1, 2, 3, 4]",f4_budget_d800_crew5,"[0, 1, 2, 3, 4]",0.1648,coalition_game_win_rate,,5,0.07774123744834525,crossplay
Defender_budgets_r_8_matched_five-seed_cohort,coalition0_vs_learned_crew1,True,"[0, 1, 2, 3, 4]",f4_tenseed_crew5,"[0, 1, 2, 3, 4]",0.354,coalition_game_win_rate,,5,0.11465600725648875,crossplay
Defender_budgets_r_8_matched_five-seed_cohort,coalition1_vs_learned_crew1,True,"[0, 1, 2, 3, 4]",f4_budget_d800_crew5,"[0, 1, 2, 3, 4]",0.8482,coalition_game_win_rate,,5,0.029456747953567432,crossplay
Defender_budgets_r_8_matched_five-seed_cohort,coalition1_vs_learned_crew1,True,"[0, 1, 2, 3, 4]",f4_tenseed_crew5,"[0, 1, 2, 3, 4]",0.8542,coalition_game_win_rate,,5,0.029380265485526143,crossplay
Reward_objectives_r_8_horizon_2_matched_five-seed_cohort,c_stage_mean,True,"[0, 1, 2, 3, 4]",multigen_rwfe_n7_r8_k2,"[0, 1, 2, 3, 4]",0.8882000000000001,any_false_ejection_rate,,5,0.020067386476569415,loop_h2
Reward_objectives_r_8_horizon_2_matched_five-seed_cohort,c_stage_mean,True,"[0, 1, 2, 3, 4]",multigen_none_n7_r8_k10,"[0, 1, 2, 3, 4]",0.8537000000000001,any_false_ejection_rate,,5,0.019591452217740255,loop_h2
Reward_objectives_r_8_horizon_2_matched_five-seed_cohort,d_stage_mean,True,"[0, 1, 2, 3, 4]",multigen_rwfe_n7_r8_k2,"[0, 1, 2, 3, 4]",0.8004,any_false_ejection_rate,,5,0.028710625210886624,loop_h2
Reward_objectives_r_8_horizon_2_matched_five-seed_cohort,d_stage_mean,True,"[0, 1, 2, 3, 4]",multigen_none_n7_r8_k10,"[0, 1, 2, 3, 4]",0.7567999999999999,any_false_ejection_rate,,5,0.0603112758943135,loop_h2
Reward_objectives_r_8_horizon_2_matched_five-seed_cohort,matrix_adaptation_gain,True,"[0, 1, 2, 3, 4]",multigen_rwfe_n7_r8_k2,"[0, 1, 2, 3, 4]",0.09000000000000001,any_false_ejection_rate,,5,0.03249615361854386,loop_h2
Reward_objectives_r_8_horizon_2_matched_five-seed_cohort,matrix_adaptation_gain,True,"[0, 1, 2, 3, 4]",multigen_none_n7_r8_k10,"[0, 1, 2, 3, 4]",0.10059999999999998,any_false_ejection_rate,,5,0.05522952109153221,loop_h2
Reward_objectives_r_8_horizon_2_matched_five-seed_cohort,c_stage_mean,True,"[0, 1, 2, 3, 4]",multigen_rwfe_n7_r8_k2,"[0, 1, 2, 3, 4]",0.8831999999999999,coalition_game_win_rate,,5,0.013917614738165458,loop_h2
Reward_objectives_r_8_horizon_2_matched_five-seed_cohort,c_stage_mean,True,"[0, 1, 2, 3, 4]",multigen_none_n7_r8_k10,"[0, 1, 2, 3, 4]",0.8099999999999999,coalition_game_win_rate,,5,0.042973829245251144,loop_h2
Reward_objectives_r_8_horizon_2_matched_five-seed_cohort,d_stage_mean,True,"[0, 1, 2, 3, 4]",multigen_rwfe_n7_r8_k2,"[0, 1, 2, 3, 4]",0.5539,coalition_game_win_rate,,5,0.050773270526921946,loop_h2
Reward_objectives_r_8_horizon_2_matched_five-seed_cohort,d_stage_mean,True,"[0, 1, 2, 3, 4]",multigen_none_n7_r8_k10,"[0, 1, 2, 3, 4]",0.3736,coalition_game_win_rate,,5,0.07577631556099836,loop_h2
Reward_objectives_r_8_horizon_2_matched_five-seed_cohort,matrix_adaptation_gain,True,"[0, 1, 2, 3, 4]",multigen_rwfe_n7_r8_k2,"[0, 1, 2, 3, 4]",0.3326,coalition_game_win_rate,,5,0.05955081863417161,loop_h2
Reward_objectives_r_8_horizon_2_matched_five-seed_cohort,matrix_adaptation_gain,True,"[0, 1, 2, 3, 4]",multigen_none_n7_r8_k10,"[0, 1, 2, 3, 4]",0.4404,coalition_game_win_rate,,5,0.09490943051140913,loop_h2
Dependence-aware_loop_matched_ten-seed_cohort_horizon_4,c_stage_mean,True,"[0, 1, 2, 3, 4, 5, 6, 7, 8, 9]",multigen_dependence_n7_r8_k4,"[0, 1, 2, 3, 4, 5, 6, 7, 8, 9]",0.8896749999999999,any_false_ejection_rate,,10,0.006979185323358139,loop_h4
Dependence-aware_loop_matched_ten-seed_cohort_horizon_4,c_stage_mean,True,"[0, 1, 2, 3, 4, 5, 6, 7, 8, 9]",multigen_none_n7_r8_k10,"[0, 1, 2, 3, 4, 5, 6, 7, 8, 9]",0.8472500000000001,any_false_ejection_rate,,10,0.008617649847196665,loop_h4
Dependence-aware_loop_matched_ten-seed_cohort_horizon_4,d_stage_mean,True,"[0, 1, 2, 3, 4, 5, 6, 7, 8, 9]",multigen_dependence_n7_r8_k4,"[0, 1, 2, 3, 4, 5, 6, 7, 8, 9]",0.762625,any_false_ejection_rate,,10,0.04741824104006107,loop_h4
Dependence-aware_loop_matched_ten-seed_cohort_horizon_4,d_stage_mean,True,"[0, 1, 2, 3, 4, 5, 6, 7, 8, 9]",multigen_none_n7_r8_k10,"[0, 1, 2, 3, 4, 5, 6, 7, 8, 9]",0.65825,any_false_ejection_rate,,10,0.05138566055925632,loop_h4
Dependence-aware_loop_matched_ten-seed_cohort_horizon_4,matrix_adaptation_gain,True,"[0, 1, 2, 3, 4, 5, 6, 7, 8, 9]",multigen_dependence_n7_r8_k4,"[0, 1, 2, 3, 4, 5, 6, 7, 8, 9]",0.12900000000000003,any_false_ejection_rate,,10,0.046163959006037494,loop_h4
Dependence-aware_loop_matched_ten-seed_cohort_horizon_4,matrix_adaptation_gain,True,"[0, 1, 2, 3, 4, 5, 6, 7, 8, 9]",multigen_none_n7_r8_k10,"[0, 1, 2, 3, 4, 5, 6, 7, 8, 9]",0.19134999999999996,any_false_ejection_rate,,10,0.05057944795621594,loop_h4
Dependence-aware_loop_matched_ten-seed_cohort_horizon_4,c_stage_mean,True,"[0, 1, 2, 3, 4, 5, 6, 7, 8, 9]",multigen_dependence_n7_r8_k4,"[0, 1, 2, 3, 4, 5, 6, 7, 8, 9]",0.78865,coalition_game_win_rate,,10,0.0259155144438402,loop_h4
Dependence-aware_loop_matched_ten-seed_cohort_horizon_4,c_stage_mean,True,"[0, 1, 2, 3, 4, 5, 6, 7, 8, 9]",multigen_none_n7_r8_k10,"[0, 1, 2, 3, 4, 5, 6, 7, 8, 9]",0.8174249999999998,coalition_game_win_rate,,10,0.02452579424469949,loop_h4
Dependence-aware_loop_matched_ten-seed_cohort_horizon_4,d_stage_mean,True,"[0, 1, 2, 3, 4, 5, 6, 7, 8, 9]",multigen_dependence_n7_r8_k4,"[0, 1, 2, 3, 4, 5, 6, 7, 8, 9]",0.34805,coalition_game_win_rate,,10,0.05421290334310541,loop_h4
Dependence-aware_loop_matched_ten-seed_cohort_horizon_4,d_stage_mean,True,"[0, 1, 2, 3, 4, 5, 6, 7, 8, 9]",multigen_none_n7_r8_k10,"[0, 1, 2, 3, 4, 5, 6, 7, 8, 9]",0.308525,coalition_game_win_rate,,10,0.0653435844423749,loop_h4
Dependence-aware_loop_matched_ten-seed_cohort_horizon_4,matrix_adaptation_gain,True,"[0, 1, 2, 3, 4, 5, 6, 7, 8, 9]",multigen_dependence_n7_r8_k4,"[0, 1, 2, 3, 4, 5, 6, 7, 8, 9]",0.44530000000000003,coalition_game_win_rate,,10,0.06969664426801497,loop_h4
Dependence-aware_loop_matched_ten-seed_cohort_horizon_4,matrix_adaptation_gain,True,"[0, 1, 2, 3, 4, 5, 6, 7, 8, 9]",multigen_none_n7_r8_k10,"[0, 1, 2, 3, 4, 5, 6, 7, 8, 9]",0.509,coalition_game_win_rate,,10,0.08637900979597608,loop_h4
